2026-08-11 15:45:03 INFO  [background-preinit] o.h.validator.internal.util.Version - HV000001: Hibernate Validator 8.0.2.Final
2026-08-11 15:45:03 INFO  [main] c.t.e.EmployeeApiApplication - Starting EmployeeApiApplication using Java 21.0.11 with PID 8708 (C:\Users\s.samantray\Desktop\Eclipse_Workspace\EmployeeBankRestApiPostman_Collection\target\classes started by s.samantray in C:\Users\s.samantray\Desktop\Eclipse_Workspace\EmployeeBankRestApiPostman_Collection)
2026-08-11 15:45:03 DEBUG [main] c.t.e.EmployeeApiApplication - Running with Spring Boot v3.5.4, Spring v6.2.9
2026-08-11 15:45:03 INFO  [main] c.t.e.EmployeeApiApplication - No active profile set, falling back to 1 default profile: "default"
2026-08-11 15:45:10 INFO  [main] o.s.d.r.c.RepositoryConfigurationDelegate - Multiple Spring Data modules found, entering strict repository configuration mode
2026-08-11 15:45:11 INFO  [main] o.s.d.r.c.RepositoryConfigurationDelegate - Bootstrapping Spring Data JPA repositories in DEFAULT mode.
2026-08-11 15:45:11 INFO  [main] o.s.d.r.c.RepositoryConfigurationDelegate - Finished Spring Data repository scanning in 585 ms. Found 2 JPA repository interfaces.
2026-08-11 15:45:11 INFO  [main] o.s.d.r.c.RepositoryConfigurationDelegate - Multiple Spring Data modules found, entering strict repository configuration mode
2026-08-11 15:45:11 INFO  [main] o.s.d.r.c.RepositoryConfigurationDelegate - Bootstrapping Spring Data Redis repositories in DEFAULT mode.
2026-08-11 15:45:11 INFO  [main] o.s.d.r.c.RepositoryConfigurationExtensionSupport - Spring Data Redis - Could not safely identify store assignment for repository candidate interface com.tns.employeeapi.repository.AccountRepository; If you want this repository to be a Redis repository, consider annotating your entities with one of these annotations: org.springframework.data.redis.core.RedisHash (preferred), or consider extending one of the following types with your repository: org.springframework.data.keyvalue.repository.KeyValueRepository
2026-08-11 15:45:11 INFO  [main] o.s.d.r.c.RepositoryConfigurationExtensionSupport - Spring Data Redis - Could not safely identify store assignment for repository candidate interface com.tns.employeeapi.repository.EmployeeRepository; If you want this repository to be a Redis repository, consider annotating your entities with one of these annotations: org.springframework.data.redis.core.RedisHash (preferred), or consider extending one of the following types with your repository: org.springframework.data.keyvalue.repository.KeyValueRepository
2026-08-11 15:45:11 INFO  [main] o.s.d.r.c.RepositoryConfigurationDelegate - Finished Spring Data repository scanning in 18 ms. Found 0 Redis repository interfaces.
2026-08-11 15:45:14 INFO  [main] o.s.b.w.e.tomcat.TomcatWebServer - Tomcat initialized with port 8091 (http)
2026-08-11 15:45:14 INFO  [main] o.a.coyote.http11.Http11NioProtocol - Initializing ProtocolHandler ["http-nio-8091"]
2026-08-11 15:45:15 INFO  [main] o.a.catalina.core.StandardService - Starting service [Tomcat]
2026-08-11 15:45:15 INFO  [main] o.a.catalina.core.StandardEngine - Starting Servlet engine: [Apache Tomcat/10.1.43]
2026-08-11 15:45:15 INFO  [main] o.a.c.c.C.[Tomcat].[localhost].[/] - Initializing Spring embedded WebApplicationContext
2026-08-11 15:45:15 INFO  [main] o.s.b.w.s.c.ServletWebServerApplicationContext - Root WebApplicationContext: initialization completed in 11437 ms
2026-08-11 15:45:16 DEBUG [main] com.zaxxer.hikari.HikariConfig - Class com.microsoft.sqlserver.jdbc.SQLServerDriver found in Thread context class loader jdk.internal.loader.ClassLoaders$AppClassLoader@5c647e05
2026-08-11 15:45:16 INFO  [main] o.h.jpa.internal.util.LogHelper - HHH000204: Processing PersistenceUnitInfo [name: default]
2026-08-11 15:45:17 INFO  [main] org.hibernate.Version - HHH000412: Hibernate ORM core version 6.6.22.Final
2026-08-11 15:45:17 INFO  [main] o.h.c.i.RegionFactoryInitiator - HHH000026: Second-level cache disabled
2026-08-11 15:45:18 INFO  [main] o.s.o.j.p.SpringPersistenceUnitInfo - No LoadTimeWeaver setup: ignoring JPA class transformer
2026-08-11 15:45:18 DEBUG [main] com.zaxxer.hikari.HikariConfig - EmployeeBankingHikariPool - configuration:
2026-08-11 15:45:18 DEBUG [main] com.zaxxer.hikari.HikariConfig - allowPoolSuspension.............false
2026-08-11 15:45:18 DEBUG [main] com.zaxxer.hikari.HikariConfig - autoCommit......................true
2026-08-11 15:45:18 DEBUG [main] com.zaxxer.hikari.HikariConfig - catalog.........................none
2026-08-11 15:45:18 DEBUG [main] com.zaxxer.hikari.HikariConfig - connectionInitSql...............none
2026-08-11 15:45:18 DEBUG [main] com.zaxxer.hikari.HikariConfig - connectionTestQuery.............none
2026-08-11 15:45:18 DEBUG [main] com.zaxxer.hikari.HikariConfig - connectionTimeout...............30000
2026-08-11 15:45:18 DEBUG [main] com.zaxxer.hikari.HikariConfig - credentials.....................com.zaxxer.hikari.util.Credentials@1cca3e8c
2026-08-11 15:45:18 DEBUG [main] com.zaxxer.hikari.HikariConfig - dataSource......................none
2026-08-11 15:45:18 DEBUG [main] com.zaxxer.hikari.HikariConfig - dataSourceClassName.............none
2026-08-11 15:45:18 DEBUG [main] com.zaxxer.hikari.HikariConfig - dataSourceJNDI..................none
2026-08-11 15:45:18 DEBUG [main] com.zaxxer.hikari.HikariConfig - dataSourceProperties............{password=<masked>}
2026-08-11 15:45:18 DEBUG [main] com.zaxxer.hikari.HikariConfig - driverClassName................."com.microsoft.sqlserver.jdbc.SQLServerDriver"
2026-08-11 15:45:18 DEBUG [main] com.zaxxer.hikari.HikariConfig - exceptionOverride...............none
2026-08-11 15:45:18 DEBUG [main] com.zaxxer.hikari.HikariConfig - exceptionOverrideClassName......none
2026-08-11 15:45:18 DEBUG [main] com.zaxxer.hikari.HikariConfig - healthCheckProperties...........{}
2026-08-11 15:45:18 DEBUG [main] com.zaxxer.hikari.HikariConfig - healthCheckRegistry.............none
2026-08-11 15:45:18 DEBUG [main] com.zaxxer.hikari.HikariConfig - idleTimeout.....................600000
2026-08-11 15:45:18 DEBUG [main] com.zaxxer.hikari.HikariConfig - initializationFailTimeout.......1
2026-08-11 15:45:18 DEBUG [main] com.zaxxer.hikari.HikariConfig - isolateInternalQueries..........false
2026-08-11 15:45:18 DEBUG [main] com.zaxxer.hikari.HikariConfig - jdbcUrl.........................jdbc:sqlserver://TNS-IT-DESKTOP\SQLEXPRESS;databaseName=SpringBootRestApi;integratedSecurity=true;encrypt=true;trustServerCertificate=true
2026-08-11 15:45:18 DEBUG [main] com.zaxxer.hikari.HikariConfig - keepaliveTime...................120000
2026-08-11 15:45:18 DEBUG [main] com.zaxxer.hikari.HikariConfig - leakDetectionThreshold..........2000
2026-08-11 15:45:18 DEBUG [main] com.zaxxer.hikari.HikariConfig - maxLifetime.....................1800000
2026-08-11 15:45:18 DEBUG [main] com.zaxxer.hikari.HikariConfig - maximumPoolSize.................10
2026-08-11 15:45:18 DEBUG [main] com.zaxxer.hikari.HikariConfig - metricRegistry..................none
2026-08-11 15:45:18 DEBUG [main] com.zaxxer.hikari.HikariConfig - metricsTrackerFactory...........none
2026-08-11 15:45:18 DEBUG [main] com.zaxxer.hikari.HikariConfig - minimumIdle.....................5
2026-08-11 15:45:18 DEBUG [main] com.zaxxer.hikari.HikariConfig - password........................<masked>
2026-08-11 15:45:18 DEBUG [main] com.zaxxer.hikari.HikariConfig - poolName........................"EmployeeBankingHikariPool"
2026-08-11 15:45:18 DEBUG [main] com.zaxxer.hikari.HikariConfig - readOnly........................false
2026-08-11 15:45:18 DEBUG [main] com.zaxxer.hikari.HikariConfig - registerMbeans..................false
2026-08-11 15:45:18 DEBUG [main] com.zaxxer.hikari.HikariConfig - scheduledExecutor...............none
2026-08-11 15:45:18 DEBUG [main] com.zaxxer.hikari.HikariConfig - schema..........................none
2026-08-11 15:45:18 DEBUG [main] com.zaxxer.hikari.HikariConfig - threadFactory...................internal
2026-08-11 15:45:18 DEBUG [main] com.zaxxer.hikari.HikariConfig - transactionIsolation............default
2026-08-11 15:45:18 DEBUG [main] com.zaxxer.hikari.HikariConfig - username........................none
2026-08-11 15:45:18 DEBUG [main] com.zaxxer.hikari.HikariConfig - validationTimeout...............5000
2026-08-11 15:45:18 INFO  [main] com.zaxxer.hikari.HikariDataSource - EmployeeBankingHikariPool - Starting...
2026-08-11 15:45:18 DEBUG [main] com.zaxxer.hikari.pool.PoolBase - EmployeeBankingHikariPool - Attempting to create/setup new connection (c18b1f6a-244c-4893-b4ca-aa0a5b00a617)
2026-08-11 15:45:20 DEBUG [main] com.zaxxer.hikari.pool.PoolBase - EmployeeBankingHikariPool - Established new connection (c18b1f6a-244c-4893-b4ca-aa0a5b00a617)
2026-08-11 15:45:20 INFO  [main] com.zaxxer.hikari.pool.HikariPool - EmployeeBankingHikariPool - Added connection ConnectionID:1 ClientConnectionId: 33bfd1e5-1c34-4b62-bf97-c1b64c0b2141
2026-08-11 15:45:20 INFO  [main] com.zaxxer.hikari.HikariDataSource - EmployeeBankingHikariPool - Start completed.
2026-08-11 15:45:20 DEBUG [EmployeeBankingHikariPool:housekeeper] com.zaxxer.hikari.pool.HikariPool - EmployeeBankingHikariPool - Before cleanup stats (total=1/10, idle=0/5, active=1, waiting=0)
2026-08-11 15:45:20 DEBUG [EmployeeBankingHikariPool:housekeeper] com.zaxxer.hikari.pool.HikariPool - EmployeeBankingHikariPool - After  cleanup stats (total=1/10, idle=0/5, active=1, waiting=0)
2026-08-11 15:45:20 DEBUG [EmployeeBankingHikariPool:connection-adder] com.zaxxer.hikari.pool.PoolBase - EmployeeBankingHikariPool - Attempting to create/setup new connection (aca12b97-8057-49a0-ab2c-16b4d39710e8)
2026-08-11 15:45:21 DEBUG [EmployeeBankingHikariPool:connection-adder] com.zaxxer.hikari.pool.PoolBase - EmployeeBankingHikariPool - Established new connection (aca12b97-8057-49a0-ab2c-16b4d39710e8)
2026-08-11 15:45:21 DEBUG [EmployeeBankingHikariPool:connection-adder] com.zaxxer.hikari.pool.HikariPool - EmployeeBankingHikariPool - Added connection ConnectionID:2 ClientConnectionId: fadf95b6-a5ce-47a1-aa8e-2e775fcf0f54
2026-08-11 15:45:21 DEBUG [EmployeeBankingHikariPool:connection-adder] com.zaxxer.hikari.pool.HikariPool - EmployeeBankingHikariPool - After adding stats (total=2/10, idle=1/5, active=1, waiting=0)
2026-08-11 15:45:21 DEBUG [EmployeeBankingHikariPool:connection-adder] com.zaxxer.hikari.pool.PoolBase - EmployeeBankingHikariPool - Attempting to create/setup new connection (2d2ae542-da3e-4755-95de-34fe04b56fd0)
2026-08-11 15:45:21 INFO  [main] o.hibernate.orm.connections.pooling - HHH10001005: Database info:
	Database JDBC URL [Connecting through datasource 'HikariDataSource (EmployeeBankingHikariPool)']
	Database driver: undefined/unknown
	Database version: 15.0
	Autocommit mode: undefined/unknown
	Isolation level: undefined/unknown
	Minimum pool size: undefined/unknown
	Maximum pool size: undefined/unknown
2026-08-11 15:45:21 DEBUG [EmployeeBankingHikariPool:connection-adder] com.zaxxer.hikari.pool.PoolBase - EmployeeBankingHikariPool - Established new connection (2d2ae542-da3e-4755-95de-34fe04b56fd0)
2026-08-11 15:45:21 DEBUG [EmployeeBankingHikariPool:connection-adder] com.zaxxer.hikari.pool.HikariPool - EmployeeBankingHikariPool - Added connection ConnectionID:3 ClientConnectionId: 94d8b400-f322-4783-ae1b-25c6f492d331
2026-08-11 15:45:21 DEBUG [EmployeeBankingHikariPool:connection-adder] com.zaxxer.hikari.pool.HikariPool - EmployeeBankingHikariPool - After adding stats (total=3/10, idle=3/5, active=0, waiting=0)
2026-08-11 15:45:21 DEBUG [EmployeeBankingHikariPool:connection-adder] com.zaxxer.hikari.pool.PoolBase - EmployeeBankingHikariPool - Attempting to create/setup new connection (80edc5f3-57aa-4c7f-86fc-3e937b894565)
2026-08-11 15:45:22 DEBUG [EmployeeBankingHikariPool:connection-adder] com.zaxxer.hikari.pool.PoolBase - EmployeeBankingHikariPool - Established new connection (80edc5f3-57aa-4c7f-86fc-3e937b894565)
2026-08-11 15:45:22 DEBUG [EmployeeBankingHikariPool:connection-adder] com.zaxxer.hikari.pool.HikariPool - EmployeeBankingHikariPool - Added connection ConnectionID:4 ClientConnectionId: bf4bb38a-f993-4059-a21d-b3c976d09e8d
2026-08-11 15:45:22 DEBUG [EmployeeBankingHikariPool:connection-adder] com.zaxxer.hikari.pool.HikariPool - EmployeeBankingHikariPool - After adding stats (total=4/10, idle=4/5, active=0, waiting=0)
2026-08-11 15:45:22 DEBUG [EmployeeBankingHikariPool:connection-adder] com.zaxxer.hikari.pool.PoolBase - EmployeeBankingHikariPool - Attempting to create/setup new connection (54d01fe4-0d61-4edf-91cb-f14c63655cfa)
2026-08-11 15:45:22 DEBUG [EmployeeBankingHikariPool:connection-adder] com.zaxxer.hikari.pool.PoolBase - EmployeeBankingHikariPool - Established new connection (54d01fe4-0d61-4edf-91cb-f14c63655cfa)
2026-08-11 15:45:22 DEBUG [EmployeeBankingHikariPool:connection-adder] com.zaxxer.hikari.pool.HikariPool - EmployeeBankingHikariPool - Added connection ConnectionID:5 ClientConnectionId: bbd0e1a3-800d-4379-b4ae-4960d77ab5ee
2026-08-11 15:45:22 DEBUG [EmployeeBankingHikariPool:connection-adder] com.zaxxer.hikari.pool.HikariPool - EmployeeBankingHikariPool - After adding stats (total=5/10, idle=5/5, active=0, waiting=0)
2026-08-11 15:45:22 DEBUG [EmployeeBankingHikariPool:connection-adder] com.zaxxer.hikari.pool.HikariPool - EmployeeBankingHikariPool - Connection not added, stats (total=5/10, idle=5/5, active=0, waiting=0)
2026-08-11 15:45:23 INFO  [main] o.h.e.t.j.p.i.JtaPlatformInitiator - HHH000489: No JTA platform available (set 'hibernate.transaction.jta.platform' to enable JTA platform integration)
2026-08-11 15:45:24 INFO  [main] o.s.o.j.LocalContainerEntityManagerFactoryBean - Initialized JPA EntityManagerFactory for persistence unit 'default'
2026-08-11 15:45:30 INFO  [main] o.s.b.a.e.web.EndpointLinksResolver - Exposing 5 endpoints beneath base path '/actuator'
2026-08-11 15:45:31 INFO  [main] o.a.coyote.http11.Http11NioProtocol - Starting ProtocolHandler ["http-nio-8091"]
2026-08-11 15:45:31 INFO  [main] o.s.b.w.e.tomcat.TomcatWebServer - Tomcat started on port 8091 (http) with context path '/'
2026-08-11 15:45:31 INFO  [main] c.t.e.EmployeeApiApplication - Started EmployeeApiApplication in 30.281 seconds (process running for 32.272)
2026-08-11 15:45:50 DEBUG [EmployeeBankingHikariPool:housekeeper] com.zaxxer.hikari.pool.HikariPool - EmployeeBankingHikariPool - Before cleanup stats (total=5/10, idle=5/5, active=0, waiting=0)
2026-08-11 15:45:50 DEBUG [EmployeeBankingHikariPool:housekeeper] com.zaxxer.hikari.pool.HikariPool - EmployeeBankingHikariPool - After  cleanup stats (total=5/10, idle=5/5, active=0, waiting=0)
2026-08-11 15:45:50 DEBUG [EmployeeBankingHikariPool:housekeeper] com.zaxxer.hikari.pool.HikariPool - EmployeeBankingHikariPool - Fill pool skipped, pool has sufficient level or currently being filled.
2026-08-11 15:46:20 DEBUG [EmployeeBankingHikariPool:housekeeper] com.zaxxer.hikari.pool.HikariPool - EmployeeBankingHikariPool - Before cleanup stats (total=5/10, idle=5/5, active=0, waiting=0)
2026-08-11 15:46:20 DEBUG [EmployeeBankingHikariPool:housekeeper] com.zaxxer.hikari.pool.HikariPool - EmployeeBankingHikariPool - After  cleanup stats (total=5/10, idle=5/5, active=0, waiting=0)
2026-08-11 15:46:20 DEBUG [EmployeeBankingHikariPool:housekeeper] com.zaxxer.hikari.pool.HikariPool - EmployeeBankingHikariPool - Fill pool skipped, pool has sufficient level or currently being filled.
2026-08-11 15:46:50 DEBUG [EmployeeBankingHikariPool:housekeeper] com.zaxxer.hikari.pool.HikariPool - EmployeeBankingHikariPool - Before cleanup stats (total=5/10, idle=5/5, active=0, waiting=0)
2026-08-11 15:46:50 DEBUG [EmployeeBankingHikariPool:housekeeper] com.zaxxer.hikari.pool.HikariPool - EmployeeBankingHikariPool - After  cleanup stats (total=5/10, idle=5/5, active=0, waiting=0)
2026-08-11 15:46:51 DEBUG [EmployeeBankingHikariPool:housekeeper] com.zaxxer.hikari.pool.HikariPool - EmployeeBankingHikariPool - Fill pool skipped, pool has sufficient level or currently being filled.
2026-08-11 15:47:09 DEBUG [EmployeeBankingHikariPool:housekeeper] com.zaxxer.hikari.pool.HikariPool - EmployeeBankingHikariPool - keepalive: connection ConnectionID:2 ClientConnectionId: fadf95b6-a5ce-47a1-aa8e-2e775fcf0f54 is alive
2026-08-11 15:47:11 DEBUG [EmployeeBankingHikariPool:housekeeper] com.zaxxer.hikari.pool.HikariPool - EmployeeBankingHikariPool - keepalive: connection ConnectionID:5 ClientConnectionId: bbd0e1a3-800d-4379-b4ae-4960d77ab5ee is alive
2026-08-11 15:47:13 DEBUG [EmployeeBankingHikariPool:housekeeper] com.zaxxer.hikari.pool.HikariPool - EmployeeBankingHikariPool - keepalive: connection ConnectionID:4 ClientConnectionId: bf4bb38a-f993-4059-a21d-b3c976d09e8d is alive
2026-08-11 15:47:15 DEBUG [EmployeeBankingHikariPool:housekeeper] com.zaxxer.hikari.pool.HikariPool - EmployeeBankingHikariPool - keepalive: connection ConnectionID:1 ClientConnectionId: 33bfd1e5-1c34-4b62-bf97-c1b64c0b2141 is alive
2026-08-11 15:47:15 DEBUG [EmployeeBankingHikariPool:housekeeper] com.zaxxer.hikari.pool.HikariPool - EmployeeBankingHikariPool - keepalive: connection ConnectionID:3 ClientConnectionId: 94d8b400-f322-4783-ae1b-25c6f492d331 is alive
2026-08-11 15:47:21 DEBUG [EmployeeBankingHikariPool:housekeeper] com.zaxxer.hikari.pool.HikariPool - EmployeeBankingHikariPool - Before cleanup stats (total=5/10, idle=5/5, active=0, waiting=0)
2026-08-11 15:47:21 DEBUG [EmployeeBankingHikariPool:housekeeper] com.zaxxer.hikari.pool.HikariPool - EmployeeBankingHikariPool - After  cleanup stats (total=5/10, idle=5/5, active=0, waiting=0)
2026-08-11 15:47:21 DEBUG [EmployeeBankingHikariPool:housekeeper] com.zaxxer.hikari.pool.HikariPool - EmployeeBankingHikariPool - Fill pool skipped, pool has sufficient level or currently being filled.
2026-08-11 15:47:51 DEBUG [EmployeeBankingHikariPool:housekeeper] com.zaxxer.hikari.pool.HikariPool - EmployeeBankingHikariPool - Before cleanup stats (total=5/10, idle=5/5, active=0, waiting=0)
2026-08-11 15:47:51 DEBUG [EmployeeBankingHikariPool:housekeeper] com.zaxxer.hikari.pool.HikariPool - EmployeeBankingHikariPool - After  cleanup stats (total=5/10, idle=5/5, active=0, waiting=0)
2026-08-11 15:47:51 DEBUG [EmployeeBankingHikariPool:housekeeper] com.zaxxer.hikari.pool.HikariPool - EmployeeBankingHikariPool - Fill pool skipped, pool has sufficient level or currently being filled.
2026-08-11 15:48:21 DEBUG [EmployeeBankingHikariPool:housekeeper] com.zaxxer.hikari.pool.HikariPool - EmployeeBankingHikariPool - Before cleanup stats (total=5/10, idle=5/5, active=0, waiting=0)
2026-08-11 15:48:21 DEBUG [EmployeeBankingHikariPool:housekeeper] com.zaxxer.hikari.pool.HikariPool - EmployeeBankingHikariPool - After  cleanup stats (total=5/10, idle=5/5, active=0, waiting=0)
2026-08-11 15:48:21 DEBUG [EmployeeBankingHikariPool:housekeeper] com.zaxxer.hikari.pool.HikariPool - EmployeeBankingHikariPool - Fill pool skipped, pool has sufficient level or currently being filled.
2026-08-11 15:48:51 DEBUG [EmployeeBankingHikariPool:housekeeper] com.zaxxer.hikari.pool.HikariPool - EmployeeBankingHikariPool - Before cleanup stats (total=5/10, idle=5/5, active=0, waiting=0)
2026-08-11 15:48:51 DEBUG [EmployeeBankingHikariPool:housekeeper] com.zaxxer.hikari.pool.HikariPool - EmployeeBankingHikariPool - After  cleanup stats (total=5/10, idle=5/5, active=0, waiting=0)
2026-08-11 15:48:51 DEBUG [EmployeeBankingHikariPool:housekeeper] com.zaxxer.hikari.pool.HikariPool - EmployeeBankingHikariPool - Fill pool skipped, pool has sufficient level or currently being filled.
2026-08-11 15:48:56 DEBUG [EmployeeBankingHikariPool:housekeeper] com.zaxxer.hikari.pool.HikariPool - EmployeeBankingHikariPool - keepalive: connection ConnectionID:2 ClientConnectionId: fadf95b6-a5ce-47a1-aa8e-2e775fcf0f54 is alive
2026-08-11 15:49:01 DEBUG [EmployeeBankingHikariPool:housekeeper] com.zaxxer.hikari.pool.HikariPool - EmployeeBankingHikariPool - keepalive: connection ConnectionID:5 ClientConnectionId: bbd0e1a3-800d-4379-b4ae-4960d77ab5ee is alive
2026-08-11 15:49:03 DEBUG [EmployeeBankingHikariPool:housekeeper] com.zaxxer.hikari.pool.HikariPool - EmployeeBankingHikariPool - keepalive: connection ConnectionID:4 ClientConnectionId: bf4bb38a-f993-4059-a21d-b3c976d09e8d is alive
2026-08-11 15:49:09 DEBUG [EmployeeBankingHikariPool:housekeeper] com.zaxxer.hikari.pool.HikariPool - EmployeeBankingHikariPool - keepalive: connection ConnectionID:1 ClientConnectionId: 33bfd1e5-1c34-4b62-bf97-c1b64c0b2141 is alive
2026-08-11 15:49:09 DEBUG [EmployeeBankingHikariPool:housekeeper] com.zaxxer.hikari.pool.HikariPool - EmployeeBankingHikariPool - keepalive: connection ConnectionID:3 ClientConnectionId: 94d8b400-f322-4783-ae1b-25c6f492d331 is alive
2026-08-11 15:49:17 INFO  [http-nio-8091-exec-2] o.a.c.c.C.[Tomcat].[localhost].[/] - Initializing Spring DispatcherServlet 'dispatcherServlet'
2026-08-11 15:49:17 INFO  [http-nio-8091-exec-2] o.s.web.servlet.DispatcherServlet - Initializing Servlet 'dispatcherServlet'
2026-08-11 15:49:18 INFO  [http-nio-8091-exec-2] o.s.web.servlet.DispatcherServlet - Completed initialization in 5 ms
2026-08-11 15:49:18 INFO  [http-nio-8091-exec-2] c.t.e.controller.EmployeeController - Received request to fetch all employees.
2026-08-11 15:49:18 DEBUG [http-nio-8091-exec-2] org.hibernate.SQL - 
    select
        e1_0.id,
        e1_0.department,
        e1_0.email,
        e1_0.name,
        e1_0.salary 
    from
        employee_details5 e1_0 
    order by
        (select
            0) 
    offset
        ? rows 
    fetch
        first ? rows only
2026-08-11 15:49:18 TRACE [http-nio-8091-exec-2] org.hibernate.orm.jdbc.bind - binding parameter (1:INTEGER) <- [0]
2026-08-11 15:49:18 TRACE [http-nio-8091-exec-2] org.hibernate.orm.jdbc.bind - binding parameter (2:INTEGER) <- [20]
2026-08-11 15:49:18 WARN  [http-nio-8091-exec-2] o.s.d.w.c.SpringDataJacksonConfiguration$PageModule$WarningLoggingModifier - Serializing PageImpl instances as-is is not supported, meaning that there is no guarantee about the stability of the resulting JSON structure!
	For a stable JSON structure, please use Spring Data's PagedModel (globally via @EnableSpringDataWebSupport(pageSerializationMode = VIA_DTO))
	or Spring HATEOAS and Spring Data's PagedResourcesAssembler as documented in https://docs.spring.io/spring-data/commons/reference/repositories/core-extensions.html#core.web.pageables.

2026-08-11 15:49:21 DEBUG [EmployeeBankingHikariPool:housekeeper] com.zaxxer.hikari.pool.HikariPool - EmployeeBankingHikariPool - Before cleanup stats (total=5/10, idle=5/5, active=0, waiting=0)
2026-08-11 15:49:21 DEBUG [EmployeeBankingHikariPool:housekeeper] com.zaxxer.hikari.pool.HikariPool - EmployeeBankingHikariPool - After  cleanup stats (total=5/10, idle=5/5, active=0, waiting=0)
2026-08-11 15:49:21 DEBUG [EmployeeBankingHikariPool:housekeeper] com.zaxxer.hikari.pool.HikariPool - EmployeeBankingHikariPool - Fill pool skipped, pool has sufficient level or currently being filled.
2026-08-11 15:49:28 ERROR [http-nio-8091-exec-3] c.t.e.e.GlobalExceptionHandler - Unexpected exception
org.springframework.web.method.annotation.MethodArgumentTypeMismatchException: Method parameter 'id': Failed to convert value of type 'java.lang.String' to required type 'java.lang.Integer'; For input string: "null"
	at org.springframework.web.method.annotation.AbstractNamedValueMethodArgumentResolver.convertIfNecessary(AbstractNamedValueMethodArgumentResolver.java:301)
	at org.springframework.web.method.annotation.AbstractNamedValueMethodArgumentResolver.resolveArgument(AbstractNamedValueMethodArgumentResolver.java:136)
	at org.springframework.web.method.support.HandlerMethodArgumentResolverComposite.resolveArgument(HandlerMethodArgumentResolverComposite.java:122)
	at org.springframework.web.method.support.InvocableHandlerMethod.getMethodArgumentValues(InvocableHandlerMethod.java:227)
	at org.springframework.web.method.support.InvocableHandlerMethod.invokeForRequest(InvocableHandlerMethod.java:181)
	at org.springframework.web.servlet.mvc.method.annotation.ServletInvocableHandlerMethod.invokeAndHandle(ServletInvocableHandlerMethod.java:118)
	at org.springframework.web.servlet.mvc.method.annotation.RequestMappingHandlerAdapter.invokeHandlerMethod(RequestMappingHandlerAdapter.java:991)
	at org.springframework.web.servlet.mvc.method.annotation.RequestMappingHandlerAdapter.handleInternal(RequestMappingHandlerAdapter.java:896)
	at org.springframework.web.servlet.mvc.method.AbstractHandlerMethodAdapter.handle(AbstractHandlerMethodAdapter.java:87)
	at org.springframework.web.servlet.DispatcherServlet.doDispatch(DispatcherServlet.java:1089)
	at org.springframework.web.servlet.DispatcherServlet.doService(DispatcherServlet.java:979)
	at org.springframework.web.servlet.FrameworkServlet.processRequest(FrameworkServlet.java:1014)
	at org.springframework.web.servlet.FrameworkServlet.doGet(FrameworkServlet.java:903)
	at jakarta.servlet.http.HttpServlet.service(HttpServlet.java:564)
	at org.springframework.web.servlet.FrameworkServlet.service(FrameworkServlet.java:885)
	at jakarta.servlet.http.HttpServlet.service(HttpServlet.java:658)
	at org.apache.catalina.core.ApplicationFilterChain.internalDoFilter(ApplicationFilterChain.java:195)
	at org.apache.catalina.core.ApplicationFilterChain.doFilter(ApplicationFilterChain.java:140)
	at org.apache.tomcat.websocket.server.WsFilter.doFilter(WsFilter.java:51)
	at org.apache.catalina.core.ApplicationFilterChain.internalDoFilter(ApplicationFilterChain.java:164)
	at org.apache.catalina.core.ApplicationFilterChain.doFilter(ApplicationFilterChain.java:140)
	at org.springframework.web.filter.RequestContextFilter.doFilterInternal(RequestContextFilter.java:100)
	at org.springframework.web.filter.OncePerRequestFilter.doFilter(OncePerRequestFilter.java:116)
	at org.apache.catalina.core.ApplicationFilterChain.internalDoFilter(ApplicationFilterChain.java:164)
	at org.apache.catalina.core.ApplicationFilterChain.doFilter(ApplicationFilterChain.java:140)
	at org.springframework.web.filter.FormContentFilter.doFilterInternal(FormContentFilter.java:93)
	at org.springframework.web.filter.OncePerRequestFilter.doFilter(OncePerRequestFilter.java:116)
	at org.apache.catalina.core.ApplicationFilterChain.internalDoFilter(ApplicationFilterChain.java:164)
	at org.apache.catalina.core.ApplicationFilterChain.doFilter(ApplicationFilterChain.java:140)
	at org.springframework.web.filter.ServerHttpObservationFilter.doFilterInternal(ServerHttpObservationFilter.java:110)
	at org.springframework.web.filter.OncePerRequestFilter.doFilter(OncePerRequestFilter.java:116)
	at org.apache.catalina.core.ApplicationFilterChain.internalDoFilter(ApplicationFilterChain.java:164)
	at org.apache.catalina.core.ApplicationFilterChain.doFilter(ApplicationFilterChain.java:140)
	at org.springframework.web.filter.CharacterEncodingFilter.doFilterInternal(CharacterEncodingFilter.java:201)
	at org.springframework.web.filter.OncePerRequestFilter.doFilter(OncePerRequestFilter.java:116)
	at org.apache.catalina.core.ApplicationFilterChain.internalDoFilter(ApplicationFilterChain.java:164)
	at org.apache.catalina.core.ApplicationFilterChain.doFilter(ApplicationFilterChain.java:140)
	at org.apache.catalina.core.StandardWrapperValve.invoke(StandardWrapperValve.java:167)
	at org.apache.catalina.core.StandardContextValve.invoke(StandardContextValve.java:90)
	at org.apache.catalina.authenticator.AuthenticatorBase.invoke(AuthenticatorBase.java:483)
	at org.apache.catalina.core.StandardHostValve.invoke(StandardHostValve.java:116)
	at org.apache.catalina.valves.ErrorReportValve.invoke(ErrorReportValve.java:93)
	at org.apache.catalina.core.StandardEngineValve.invoke(StandardEngineValve.java:74)
	at org.apache.catalina.connector.CoyoteAdapter.service(CoyoteAdapter.java:344)
	at org.apache.coyote.http11.Http11Processor.service(Http11Processor.java:398)
	at org.apache.coyote.AbstractProcessorLight.process(AbstractProcessorLight.java:63)
	at org.apache.coyote.AbstractProtocol$ConnectionHandler.process(AbstractProtocol.java:903)
	at org.apache.tomcat.util.net.NioEndpoint$SocketProcessor.doRun(NioEndpoint.java:1769)
	at org.apache.tomcat.util.net.SocketProcessorBase.run(SocketProcessorBase.java:52)
	at org.apache.tomcat.util.threads.ThreadPoolExecutor.runWorker(ThreadPoolExecutor.java:1189)
	at org.apache.tomcat.util.threads.ThreadPoolExecutor$Worker.run(ThreadPoolExecutor.java:658)
	at org.apache.tomcat.util.threads.TaskThread$WrappingRunnable.run(TaskThread.java:63)
	at java.base/java.lang.Thread.run(Thread.java:1583)
Caused by: java.lang.NumberFormatException: For input string: "null"
	at java.base/java.lang.NumberFormatException.forInputString(NumberFormatException.java:67)
	at java.base/java.lang.Integer.parseInt(Integer.java:662)
	at java.base/java.lang.Integer.valueOf(Integer.java:989)
	at org.springframework.util.NumberUtils.parseNumber(NumberUtils.java:201)
	at org.springframework.beans.propertyeditors.CustomNumberEditor.setAsText(CustomNumberEditor.java:115)
	at org.springframework.beans.TypeConverterDelegate.doConvertTextValue(TypeConverterDelegate.java:439)
	at org.springframework.beans.TypeConverterDelegate.doConvertValue(TypeConverterDelegate.java:412)
	at org.springframework.beans.TypeConverterDelegate.convertIfNecessary(TypeConverterDelegate.java:161)
	at org.springframework.beans.TypeConverterSupport.convertIfNecessary(TypeConverterSupport.java:80)
	at org.springframework.beans.TypeConverterSupport.convertIfNecessary(TypeConverterSupport.java:53)
	at org.springframework.validation.DataBinder.convertIfNecessary(DataBinder.java:867)
	at org.springframework.web.method.annotation.AbstractNamedValueMethodArgumentResolver.convertIfNecessary(AbstractNamedValueMethodArgumentResolver.java:293)
	... 52 common frames omitted
2026-08-11 15:49:50 WARN  [http-nio-8091-exec-6] c.t.e.e.GlobalExceptionHandler - Validation failed: {email=Invalid email format}
2026-08-11 15:49:51 DEBUG [EmployeeBankingHikariPool:housekeeper] com.zaxxer.hikari.pool.HikariPool - EmployeeBankingHikariPool - Before cleanup stats (total=5/10, idle=5/5, active=0, waiting=0)
2026-08-11 15:49:51 DEBUG [EmployeeBankingHikariPool:housekeeper] com.zaxxer.hikari.pool.HikariPool - EmployeeBankingHikariPool - After  cleanup stats (total=5/10, idle=5/5, active=0, waiting=0)
2026-08-11 15:49:51 DEBUG [EmployeeBankingHikariPool:housekeeper] com.zaxxer.hikari.pool.HikariPool - EmployeeBankingHikariPool - Fill pool skipped, pool has sufficient level or currently being filled.
2026-08-11 15:50:21 DEBUG [EmployeeBankingHikariPool:housekeeper] com.zaxxer.hikari.pool.HikariPool - EmployeeBankingHikariPool - Before cleanup stats (total=5/10, idle=5/5, active=0, waiting=0)
2026-08-11 15:50:21 DEBUG [EmployeeBankingHikariPool:housekeeper] com.zaxxer.hikari.pool.HikariPool - EmployeeBankingHikariPool - After  cleanup stats (total=5/10, idle=5/5, active=0, waiting=0)
2026-08-11 15:50:21 DEBUG [EmployeeBankingHikariPool:housekeeper] com.zaxxer.hikari.pool.HikariPool - EmployeeBankingHikariPool - Fill pool skipped, pool has sufficient level or currently being filled.
2026-08-11 15:50:44 DEBUG [EmployeeBankingHikariPool:housekeeper] com.zaxxer.hikari.pool.HikariPool - EmployeeBankingHikariPool - keepalive: connection ConnectionID:2 ClientConnectionId: fadf95b6-a5ce-47a1-aa8e-2e775fcf0f54 is alive
2026-08-11 15:50:51 DEBUG [EmployeeBankingHikariPool:housekeeper] com.zaxxer.hikari.pool.HikariPool - EmployeeBankingHikariPool - keepalive: connection ConnectionID:5 ClientConnectionId: bbd0e1a3-800d-4379-b4ae-4960d77ab5ee is alive
2026-08-11 15:50:51 DEBUG [EmployeeBankingHikariPool:housekeeper] com.zaxxer.hikari.pool.HikariPool - EmployeeBankingHikariPool - Before cleanup stats (total=5/10, idle=5/5, active=0, waiting=0)
2026-08-11 15:50:51 DEBUG [EmployeeBankingHikariPool:housekeeper] com.zaxxer.hikari.pool.HikariPool - EmployeeBankingHikariPool - After  cleanup stats (total=5/10, idle=5/5, active=0, waiting=0)
2026-08-11 15:50:51 DEBUG [EmployeeBankingHikariPool:housekeeper] com.zaxxer.hikari.pool.HikariPool - EmployeeBankingHikariPool - Fill pool skipped, pool has sufficient level or currently being filled.
2026-08-11 15:50:54 DEBUG [EmployeeBankingHikariPool:housekeeper] com.zaxxer.hikari.pool.HikariPool - EmployeeBankingHikariPool - keepalive: connection ConnectionID:4 ClientConnectionId: bf4bb38a-f993-4059-a21d-b3c976d09e8d is alive
2026-08-11 15:51:03 DEBUG [EmployeeBankingHikariPool:housekeeper] com.zaxxer.hikari.pool.HikariPool - EmployeeBankingHikariPool - keepalive: connection ConnectionID:3 ClientConnectionId: 94d8b400-f322-4783-ae1b-25c6f492d331 is alive
2026-08-11 15:51:03 DEBUG [EmployeeBankingHikariPool:housekeeper] com.zaxxer.hikari.pool.HikariPool - EmployeeBankingHikariPool - keepalive: connection ConnectionID:1 ClientConnectionId: 33bfd1e5-1c34-4b62-bf97-c1b64c0b2141 is alive
2026-08-11 15:51:21 DEBUG [EmployeeBankingHikariPool:housekeeper] com.zaxxer.hikari.pool.HikariPool - EmployeeBankingHikariPool - Before cleanup stats (total=5/10, idle=5/5, active=0, waiting=0)
2026-08-11 15:51:21 DEBUG [EmployeeBankingHikariPool:housekeeper] com.zaxxer.hikari.pool.HikariPool - EmployeeBankingHikariPool - After  cleanup stats (total=5/10, idle=5/5, active=0, waiting=0)
2026-08-11 15:51:21 DEBUG [EmployeeBankingHikariPool:housekeeper] com.zaxxer.hikari.pool.HikariPool - EmployeeBankingHikariPool - Fill pool skipped, pool has sufficient level or currently being filled.
2026-08-11 15:51:51 DEBUG [EmployeeBankingHikariPool:housekeeper] com.zaxxer.hikari.pool.HikariPool - EmployeeBankingHikariPool - Before cleanup stats (total=5/10, idle=5/5, active=0, waiting=0)
2026-08-11 15:51:51 DEBUG [EmployeeBankingHikariPool:housekeeper] com.zaxxer.hikari.pool.HikariPool - EmployeeBankingHikariPool - After  cleanup stats (total=5/10, idle=5/5, active=0, waiting=0)
2026-08-11 15:51:51 DEBUG [EmployeeBankingHikariPool:housekeeper] com.zaxxer.hikari.pool.HikariPool - EmployeeBankingHikariPool - Fill pool skipped, pool has sufficient level or currently being filled.
2026-08-11 15:52:21 DEBUG [EmployeeBankingHikariPool:housekeeper] com.zaxxer.hikari.pool.HikariPool - EmployeeBankingHikariPool - Before cleanup stats (total=5/10, idle=5/5, active=0, waiting=0)
2026-08-11 15:52:21 DEBUG [EmployeeBankingHikariPool:housekeeper] com.zaxxer.hikari.pool.HikariPool - EmployeeBankingHikariPool - After  cleanup stats (total=5/10, idle=5/5, active=0, waiting=0)
2026-08-11 15:52:21 DEBUG [EmployeeBankingHikariPool:housekeeper] com.zaxxer.hikari.pool.HikariPool - EmployeeBankingHikariPool - Fill pool skipped, pool has sufficient level or currently being filled.
2026-08-11 15:52:32 DEBUG [EmployeeBankingHikariPool:housekeeper] com.zaxxer.hikari.pool.HikariPool - EmployeeBankingHikariPool - keepalive: connection ConnectionID:2 ClientConnectionId: fadf95b6-a5ce-47a1-aa8e-2e775fcf0f54 is alive
2026-08-11 15:52:40 DEBUG [EmployeeBankingHikariPool:housekeeper] com.zaxxer.hikari.pool.HikariPool - EmployeeBankingHikariPool - keepalive: connection ConnectionID:5 ClientConnectionId: bbd0e1a3-800d-4379-b4ae-4960d77ab5ee is alive
2026-08-11 15:52:45 DEBUG [EmployeeBankingHikariPool:housekeeper] com.zaxxer.hikari.pool.HikariPool - EmployeeBankingHikariPool - keepalive: connection ConnectionID:4 ClientConnectionId: bf4bb38a-f993-4059-a21d-b3c976d09e8d is alive
2026-08-11 15:52:51 DEBUG [EmployeeBankingHikariPool:housekeeper] com.zaxxer.hikari.pool.HikariPool - EmployeeBankingHikariPool - Before cleanup stats (total=5/10, idle=5/5, active=0, waiting=0)
2026-08-11 15:52:51 DEBUG [EmployeeBankingHikariPool:housekeeper] com.zaxxer.hikari.pool.HikariPool - EmployeeBankingHikariPool - After  cleanup stats (total=5/10, idle=5/5, active=0, waiting=0)
2026-08-11 15:52:51 DEBUG [EmployeeBankingHikariPool:housekeeper] com.zaxxer.hikari.pool.HikariPool - EmployeeBankingHikariPool - Fill pool skipped, pool has sufficient level or currently being filled.
2026-08-11 15:52:57 DEBUG [EmployeeBankingHikariPool:housekeeper] com.zaxxer.hikari.pool.HikariPool - EmployeeBankingHikariPool - keepalive: connection ConnectionID:3 ClientConnectionId: 94d8b400-f322-4783-ae1b-25c6f492d331 is alive
2026-08-11 15:52:58 DEBUG [EmployeeBankingHikariPool:housekeeper] com.zaxxer.hikari.pool.HikariPool - EmployeeBankingHikariPool - keepalive: connection ConnectionID:1 ClientConnectionId: 33bfd1e5-1c34-4b62-bf97-c1b64c0b2141 is alive
2026-08-11 15:53:21 DEBUG [EmployeeBankingHikariPool:housekeeper] com.zaxxer.hikari.pool.HikariPool - EmployeeBankingHikariPool - Before cleanup stats (total=5/10, idle=5/5, active=0, waiting=0)
2026-08-11 15:53:21 DEBUG [EmployeeBankingHikariPool:housekeeper] com.zaxxer.hikari.pool.HikariPool - EmployeeBankingHikariPool - After  cleanup stats (total=5/10, idle=5/5, active=0, waiting=0)
2026-08-11 15:53:21 DEBUG [EmployeeBankingHikariPool:housekeeper] com.zaxxer.hikari.pool.HikariPool - EmployeeBankingHikariPool - Fill pool skipped, pool has sufficient level or currently being filled.
2026-08-11 15:53:51 DEBUG [EmployeeBankingHikariPool:housekeeper] com.zaxxer.hikari.pool.HikariPool - EmployeeBankingHikariPool - Before cleanup stats (total=5/10, idle=5/5, active=0, waiting=0)
2026-08-11 15:53:51 DEBUG [EmployeeBankingHikariPool:housekeeper] com.zaxxer.hikari.pool.HikariPool - EmployeeBankingHikariPool - After  cleanup stats (total=5/10, idle=5/5, active=0, waiting=0)
2026-08-11 15:53:51 DEBUG [EmployeeBankingHikariPool:housekeeper] com.zaxxer.hikari.pool.HikariPool - EmployeeBankingHikariPool - Fill pool skipped, pool has sufficient level or currently being filled.
2026-08-11 15:54:19 DEBUG [EmployeeBankingHikariPool:housekeeper] com.zaxxer.hikari.pool.HikariPool - EmployeeBankingHikariPool - keepalive: connection ConnectionID:2 ClientConnectionId: fadf95b6-a5ce-47a1-aa8e-2e775fcf0f54 is alive
2026-08-11 15:54:21 DEBUG [EmployeeBankingHikariPool:housekeeper] com.zaxxer.hikari.pool.HikariPool - EmployeeBankingHikariPool - Before cleanup stats (total=5/10, idle=5/5, active=0, waiting=0)
2026-08-11 15:54:21 DEBUG [EmployeeBankingHikariPool:housekeeper] com.zaxxer.hikari.pool.HikariPool - EmployeeBankingHikariPool - After  cleanup stats (total=5/10, idle=5/5, active=0, waiting=0)
2026-08-11 15:54:21 DEBUG [EmployeeBankingHikariPool:housekeeper] com.zaxxer.hikari.pool.HikariPool - EmployeeBankingHikariPool - Fill pool skipped, pool has sufficient level or currently being filled.
2026-08-11 15:54:30 DEBUG [EmployeeBankingHikariPool:housekeeper] com.zaxxer.hikari.pool.HikariPool - EmployeeBankingHikariPool - keepalive: connection ConnectionID:5 ClientConnectionId: bbd0e1a3-800d-4379-b4ae-4960d77ab5ee is alive
2026-08-11 15:54:36 DEBUG [EmployeeBankingHikariPool:housekeeper] com.zaxxer.hikari.pool.HikariPool - EmployeeBankingHikariPool - keepalive: connection ConnectionID:4 ClientConnectionId: bf4bb38a-f993-4059-a21d-b3c976d09e8d is alive
2026-08-11 15:54:51 DEBUG [EmployeeBankingHikariPool:housekeeper] com.zaxxer.hikari.pool.HikariPool - EmployeeBankingHikariPool - Before cleanup stats (total=5/10, idle=5/5, active=0, waiting=0)
2026-08-11 15:54:51 DEBUG [EmployeeBankingHikariPool:housekeeper] com.zaxxer.hikari.pool.HikariPool - EmployeeBankingHikariPool - After  cleanup stats (total=5/10, idle=5/5, active=0, waiting=0)
2026-08-11 15:54:51 DEBUG [EmployeeBankingHikariPool:housekeeper] com.zaxxer.hikari.pool.HikariPool - EmployeeBankingHikariPool - Fill pool skipped, pool has sufficient level or currently being filled.
2026-08-11 15:54:51 DEBUG [EmployeeBankingHikariPool:housekeeper] com.zaxxer.hikari.pool.HikariPool - EmployeeBankingHikariPool - keepalive: connection ConnectionID:3 ClientConnectionId: 94d8b400-f322-4783-ae1b-25c6f492d331 is alive
2026-08-11 15:54:52 DEBUG [EmployeeBankingHikariPool:housekeeper] com.zaxxer.hikari.pool.HikariPool - EmployeeBankingHikariPool - keepalive: connection ConnectionID:1 ClientConnectionId: 33bfd1e5-1c34-4b62-bf97-c1b64c0b2141 is alive
2026-08-11 15:55:21 DEBUG [EmployeeBankingHikariPool:housekeeper] com.zaxxer.hikari.pool.HikariPool - EmployeeBankingHikariPool - Before cleanup stats (total=5/10, idle=5/5, active=0, waiting=0)
2026-08-11 15:55:21 DEBUG [EmployeeBankingHikariPool:housekeeper] com.zaxxer.hikari.pool.HikariPool - EmployeeBankingHikariPool - After  cleanup stats (total=5/10, idle=5/5, active=0, waiting=0)
2026-08-11 15:55:21 DEBUG [EmployeeBankingHikariPool:housekeeper] com.zaxxer.hikari.pool.HikariPool - EmployeeBankingHikariPool - Fill pool skipped, pool has sufficient level or currently being filled.
2026-08-11 15:55:51 DEBUG [EmployeeBankingHikariPool:housekeeper] com.zaxxer.hikari.pool.HikariPool - EmployeeBankingHikariPool - Before cleanup stats (total=5/10, idle=5/5, active=0, waiting=0)
2026-08-11 15:55:51 DEBUG [EmployeeBankingHikariPool:housekeeper] com.zaxxer.hikari.pool.HikariPool - EmployeeBankingHikariPool - After  cleanup stats (total=5/10, idle=5/5, active=0, waiting=0)
2026-08-11 15:55:51 DEBUG [EmployeeBankingHikariPool:housekeeper] com.zaxxer.hikari.pool.HikariPool - EmployeeBankingHikariPool - Fill pool skipped, pool has sufficient level or currently being filled.
2026-08-11 15:56:07 DEBUG [EmployeeBankingHikariPool:housekeeper] com.zaxxer.hikari.pool.HikariPool - EmployeeBankingHikariPool - keepalive: connection ConnectionID:2 ClientConnectionId: fadf95b6-a5ce-47a1-aa8e-2e775fcf0f54 is alive
2026-08-11 15:56:19 DEBUG [EmployeeBankingHikariPool:housekeeper] com.zaxxer.hikari.pool.HikariPool - EmployeeBankingHikariPool - keepalive: connection ConnectionID:5 ClientConnectionId: bbd0e1a3-800d-4379-b4ae-4960d77ab5ee is alive
2026-08-11 15:56:21 DEBUG [EmployeeBankingHikariPool:housekeeper] com.zaxxer.hikari.pool.HikariPool - EmployeeBankingHikariPool - Before cleanup stats (total=5/10, idle=5/5, active=0, waiting=0)
2026-08-11 15:56:21 DEBUG [EmployeeBankingHikariPool:housekeeper] com.zaxxer.hikari.pool.HikariPool - EmployeeBankingHikariPool - After  cleanup stats (total=5/10, idle=5/5, active=0, waiting=0)
2026-08-11 15:56:21 DEBUG [EmployeeBankingHikariPool:housekeeper] com.zaxxer.hikari.pool.HikariPool - EmployeeBankingHikariPool - Fill pool skipped, pool has sufficient level or currently being filled.
2026-08-11 15:56:27 DEBUG [EmployeeBankingHikariPool:housekeeper] com.zaxxer.hikari.pool.HikariPool - EmployeeBankingHikariPool - keepalive: connection ConnectionID:4 ClientConnectionId: bf4bb38a-f993-4059-a21d-b3c976d09e8d is alive
2026-08-11 15:56:45 DEBUG [EmployeeBankingHikariPool:housekeeper] com.zaxxer.hikari.pool.HikariPool - EmployeeBankingHikariPool - keepalive: connection ConnectionID:3 ClientConnectionId: 94d8b400-f322-4783-ae1b-25c6f492d331 is alive
2026-08-11 15:56:47 DEBUG [EmployeeBankingHikariPool:housekeeper] com.zaxxer.hikari.pool.HikariPool - EmployeeBankingHikariPool - keepalive: connection ConnectionID:1 ClientConnectionId: 33bfd1e5-1c34-4b62-bf97-c1b64c0b2141 is alive
2026-08-11 15:56:51 DEBUG [EmployeeBankingHikariPool:housekeeper] com.zaxxer.hikari.pool.HikariPool - EmployeeBankingHikariPool - Before cleanup stats (total=5/10, idle=5/5, active=0, waiting=0)
2026-08-11 15:56:51 DEBUG [EmployeeBankingHikariPool:housekeeper] com.zaxxer.hikari.pool.HikariPool - EmployeeBankingHikariPool - After  cleanup stats (total=5/10, idle=5/5, active=0, waiting=0)
2026-08-11 15:56:51 DEBUG [EmployeeBankingHikariPool:housekeeper] com.zaxxer.hikari.pool.HikariPool - EmployeeBankingHikariPool - Fill pool skipped, pool has sufficient level or currently being filled.
2026-08-11 15:57:21 DEBUG [EmployeeBankingHikariPool:housekeeper] com.zaxxer.hikari.pool.HikariPool - EmployeeBankingHikariPool - Before cleanup stats (total=5/10, idle=5/5, active=0, waiting=0)
2026-08-11 15:57:21 DEBUG [EmployeeBankingHikariPool:housekeeper] com.zaxxer.hikari.pool.HikariPool - EmployeeBankingHikariPool - After  cleanup stats (total=5/10, idle=5/5, active=0, waiting=0)
2026-08-11 15:57:21 DEBUG [EmployeeBankingHikariPool:housekeeper] com.zaxxer.hikari.pool.HikariPool - EmployeeBankingHikariPool - Fill pool skipped, pool has sufficient level or currently being filled.
2026-08-11 15:57:51 DEBUG [EmployeeBankingHikariPool:housekeeper] com.zaxxer.hikari.pool.HikariPool - EmployeeBankingHikariPool - Before cleanup stats (total=5/10, idle=5/5, active=0, waiting=0)
2026-08-11 15:57:51 DEBUG [EmployeeBankingHikariPool:housekeeper] com.zaxxer.hikari.pool.HikariPool - EmployeeBankingHikariPool - After  cleanup stats (total=5/10, idle=5/5, active=0, waiting=0)
2026-08-11 15:57:51 DEBUG [EmployeeBankingHikariPool:housekeeper] com.zaxxer.hikari.pool.HikariPool - EmployeeBankingHikariPool - Fill pool skipped, pool has sufficient level or currently being filled.
2026-08-11 15:57:53 INFO  [background-preinit] o.h.validator.internal.util.Version - HV000001: Hibernate Validator 8.0.2.Final
2026-08-11 15:57:54 INFO  [main] c.t.e.EmployeeApiApplication - Starting EmployeeApiApplication using Java 21.0.11 with PID 6396 (C:\Users\s.samantray\Desktop\Eclipse_Workspace\EmployeeBankRestApiPostman_Collection\target\classes started by s.samantray in C:\Users\s.samantray\Desktop\Eclipse_Workspace\EmployeeBankRestApiPostman_Collection)
2026-08-11 15:57:54 DEBUG [main] c.t.e.EmployeeApiApplication - Running with Spring Boot v3.5.4, Spring v6.2.9
2026-08-11 15:57:54 INFO  [main] c.t.e.EmployeeApiApplication - No active profile set, falling back to 1 default profile: "default"
2026-08-11 15:57:55 DEBUG [EmployeeBankingHikariPool:housekeeper] com.zaxxer.hikari.pool.HikariPool - EmployeeBankingHikariPool - keepalive: connection ConnectionID:2 ClientConnectionId: fadf95b6-a5ce-47a1-aa8e-2e775fcf0f54 is alive
2026-08-11 15:57:59 INFO  [main] o.s.d.r.c.RepositoryConfigurationDelegate - Multiple Spring Data modules found, entering strict repository configuration mode
2026-08-11 15:57:59 INFO  [main] o.s.d.r.c.RepositoryConfigurationDelegate - Bootstrapping Spring Data JPA repositories in DEFAULT mode.
2026-08-11 15:58:00 INFO  [main] o.s.d.r.c.RepositoryConfigurationDelegate - Finished Spring Data repository scanning in 786 ms. Found 2 JPA repository interfaces.
2026-08-11 15:58:00 INFO  [main] o.s.d.r.c.RepositoryConfigurationDelegate - Multiple Spring Data modules found, entering strict repository configuration mode
2026-08-11 15:58:00 INFO  [main] o.s.d.r.c.RepositoryConfigurationDelegate - Bootstrapping Spring Data Redis repositories in DEFAULT mode.
2026-08-11 15:58:00 INFO  [main] o.s.d.r.c.RepositoryConfigurationExtensionSupport - Spring Data Redis - Could not safely identify store assignment for repository candidate interface com.tns.employeeapi.repository.AccountRepository; If you want this repository to be a Redis repository, consider annotating your entities with one of these annotations: org.springframework.data.redis.core.RedisHash (preferred), or consider extending one of the following types with your repository: org.springframework.data.keyvalue.repository.KeyValueRepository
2026-08-11 15:58:00 INFO  [main] o.s.d.r.c.RepositoryConfigurationExtensionSupport - Spring Data Redis - Could not safely identify store assignment for repository candidate interface com.tns.employeeapi.repository.EmployeeRepository; If you want this repository to be a Redis repository, consider annotating your entities with one of these annotations: org.springframework.data.redis.core.RedisHash (preferred), or consider extending one of the following types with your repository: org.springframework.data.keyvalue.repository.KeyValueRepository
2026-08-11 15:58:00 INFO  [main] o.s.d.r.c.RepositoryConfigurationDelegate - Finished Spring Data repository scanning in 54 ms. Found 0 Redis repository interfaces.
2026-08-11 15:58:06 INFO  [main] o.s.b.w.e.tomcat.TomcatWebServer - Tomcat initialized with port 8091 (http)
2026-08-11 15:58:06 INFO  [main] o.a.coyote.http11.Http11NioProtocol - Initializing ProtocolHandler ["http-nio-8091"]
2026-08-11 15:58:06 INFO  [main] o.a.catalina.core.StandardService - Starting service [Tomcat]
2026-08-11 15:58:06 INFO  [main] o.a.catalina.core.StandardEngine - Starting Servlet engine: [Apache Tomcat/10.1.43]
2026-08-11 15:58:07 INFO  [main] o.a.c.c.C.[Tomcat].[localhost].[/] - Initializing Spring embedded WebApplicationContext
2026-08-11 15:58:07 INFO  [main] o.s.b.w.s.c.ServletWebServerApplicationContext - Root WebApplicationContext: initialization completed in 12627 ms
2026-08-11 15:58:08 DEBUG [main] com.zaxxer.hikari.HikariConfig - Class com.microsoft.sqlserver.jdbc.SQLServerDriver found in Thread context class loader jdk.internal.loader.ClassLoaders$AppClassLoader@5c647e05
2026-08-11 15:58:09 DEBUG [EmployeeBankingHikariPool:housekeeper] com.zaxxer.hikari.pool.HikariPool - EmployeeBankingHikariPool - keepalive: connection ConnectionID:5 ClientConnectionId: bbd0e1a3-800d-4379-b4ae-4960d77ab5ee is alive
2026-08-11 15:58:09 INFO  [main] o.h.jpa.internal.util.LogHelper - HHH000204: Processing PersistenceUnitInfo [name: default]
2026-08-11 15:58:10 INFO  [main] org.hibernate.Version - HHH000412: Hibernate ORM core version 6.6.22.Final
2026-08-11 15:58:10 INFO  [main] o.h.c.i.RegionFactoryInitiator - HHH000026: Second-level cache disabled
2026-08-11 15:58:12 INFO  [main] o.s.o.j.p.SpringPersistenceUnitInfo - No LoadTimeWeaver setup: ignoring JPA class transformer
2026-08-11 15:58:12 DEBUG [main] com.zaxxer.hikari.HikariConfig - EmployeeBankingHikariPool - configuration:
2026-08-11 15:58:12 DEBUG [main] com.zaxxer.hikari.HikariConfig - allowPoolSuspension.............false
2026-08-11 15:58:12 DEBUG [main] com.zaxxer.hikari.HikariConfig - autoCommit......................true
2026-08-11 15:58:12 DEBUG [main] com.zaxxer.hikari.HikariConfig - catalog.........................none
2026-08-11 15:58:12 DEBUG [main] com.zaxxer.hikari.HikariConfig - connectionInitSql...............none
2026-08-11 15:58:12 DEBUG [main] com.zaxxer.hikari.HikariConfig - connectionTestQuery.............none
2026-08-11 15:58:12 DEBUG [main] com.zaxxer.hikari.HikariConfig - connectionTimeout...............30000
2026-08-11 15:58:12 DEBUG [main] com.zaxxer.hikari.HikariConfig - credentials.....................com.zaxxer.hikari.util.Credentials@59d0fac9
2026-08-11 15:58:12 DEBUG [main] com.zaxxer.hikari.HikariConfig - dataSource......................none
2026-08-11 15:58:12 DEBUG [main] com.zaxxer.hikari.HikariConfig - dataSourceClassName.............none
2026-08-11 15:58:12 DEBUG [main] com.zaxxer.hikari.HikariConfig - dataSourceJNDI..................none
2026-08-11 15:58:12 DEBUG [main] com.zaxxer.hikari.HikariConfig - dataSourceProperties............{password=<masked>}
2026-08-11 15:58:12 DEBUG [main] com.zaxxer.hikari.HikariConfig - driverClassName................."com.microsoft.sqlserver.jdbc.SQLServerDriver"
2026-08-11 15:58:12 DEBUG [main] com.zaxxer.hikari.HikariConfig - exceptionOverride...............none
2026-08-11 15:58:12 DEBUG [main] com.zaxxer.hikari.HikariConfig - exceptionOverrideClassName......none
2026-08-11 15:58:12 DEBUG [main] com.zaxxer.hikari.HikariConfig - healthCheckProperties...........{}
2026-08-11 15:58:12 DEBUG [main] com.zaxxer.hikari.HikariConfig - healthCheckRegistry.............none
2026-08-11 15:58:12 DEBUG [main] com.zaxxer.hikari.HikariConfig - idleTimeout.....................600000
2026-08-11 15:58:12 DEBUG [main] com.zaxxer.hikari.HikariConfig - initializationFailTimeout.......1
2026-08-11 15:58:12 DEBUG [main] com.zaxxer.hikari.HikariConfig - isolateInternalQueries..........false
2026-08-11 15:58:12 DEBUG [main] com.zaxxer.hikari.HikariConfig - jdbcUrl.........................jdbc:sqlserver://TNS-IT-DESKTOP\SQLEXPRESS;databaseName=SpringBootRestApi;integratedSecurity=true;encrypt=true;trustServerCertificate=true
2026-08-11 15:58:12 DEBUG [main] com.zaxxer.hikari.HikariConfig - keepaliveTime...................120000
2026-08-11 15:58:12 DEBUG [main] com.zaxxer.hikari.HikariConfig - leakDetectionThreshold..........2000
2026-08-11 15:58:12 DEBUG [main] com.zaxxer.hikari.HikariConfig - maxLifetime.....................1800000
2026-08-11 15:58:12 DEBUG [main] com.zaxxer.hikari.HikariConfig - maximumPoolSize.................10
2026-08-11 15:58:12 DEBUG [main] com.zaxxer.hikari.HikariConfig - metricRegistry..................none
2026-08-11 15:58:12 DEBUG [main] com.zaxxer.hikari.HikariConfig - metricsTrackerFactory...........none
2026-08-11 15:58:12 DEBUG [main] com.zaxxer.hikari.HikariConfig - minimumIdle.....................5
2026-08-11 15:58:12 DEBUG [main] com.zaxxer.hikari.HikariConfig - password........................<masked>
2026-08-11 15:58:12 DEBUG [main] com.zaxxer.hikari.HikariConfig - poolName........................"EmployeeBankingHikariPool"
2026-08-11 15:58:12 DEBUG [main] com.zaxxer.hikari.HikariConfig - readOnly........................false
2026-08-11 15:58:12 DEBUG [main] com.zaxxer.hikari.HikariConfig - registerMbeans..................false
2026-08-11 15:58:12 DEBUG [main] com.zaxxer.hikari.HikariConfig - scheduledExecutor...............none
2026-08-11 15:58:12 DEBUG [main] com.zaxxer.hikari.HikariConfig - schema..........................none
2026-08-11 15:58:12 DEBUG [main] com.zaxxer.hikari.HikariConfig - threadFactory...................internal
2026-08-11 15:58:12 DEBUG [main] com.zaxxer.hikari.HikariConfig - transactionIsolation............default
2026-08-11 15:58:12 DEBUG [main] com.zaxxer.hikari.HikariConfig - username........................none
2026-08-11 15:58:12 DEBUG [main] com.zaxxer.hikari.HikariConfig - validationTimeout...............5000
2026-08-11 15:58:12 INFO  [main] com.zaxxer.hikari.HikariDataSource - EmployeeBankingHikariPool - Starting...
2026-08-11 15:58:12 DEBUG [main] com.zaxxer.hikari.pool.PoolBase - EmployeeBankingHikariPool - Attempting to create/setup new connection (f81c8527-f55e-495f-9eb7-9ead9d3f709d)
2026-08-11 15:58:14 DEBUG [main] com.zaxxer.hikari.pool.PoolBase - EmployeeBankingHikariPool - Established new connection (f81c8527-f55e-495f-9eb7-9ead9d3f709d)
2026-08-11 15:58:14 INFO  [main] com.zaxxer.hikari.pool.HikariPool - EmployeeBankingHikariPool - Added connection ConnectionID:1 ClientConnectionId: 43d5e35d-8d67-47c9-8e99-abc5f546d8ee
2026-08-11 15:58:14 INFO  [main] com.zaxxer.hikari.HikariDataSource - EmployeeBankingHikariPool - Start completed.
2026-08-11 15:58:14 DEBUG [EmployeeBankingHikariPool:housekeeper] com.zaxxer.hikari.pool.HikariPool - EmployeeBankingHikariPool - Before cleanup stats (total=1/10, idle=0/5, active=1, waiting=0)
2026-08-11 15:58:14 DEBUG [EmployeeBankingHikariPool:housekeeper] com.zaxxer.hikari.pool.HikariPool - EmployeeBankingHikariPool - After  cleanup stats (total=1/10, idle=0/5, active=1, waiting=0)
2026-08-11 15:58:14 DEBUG [EmployeeBankingHikariPool:connection-adder] com.zaxxer.hikari.pool.PoolBase - EmployeeBankingHikariPool - Attempting to create/setup new connection (c08d99a5-3cd3-43b8-8646-4e7549611673)
2026-08-11 15:58:15 INFO  [main] o.hibernate.orm.connections.pooling - HHH10001005: Database info:
	Database JDBC URL [Connecting through datasource 'HikariDataSource (EmployeeBankingHikariPool)']
	Database driver: undefined/unknown
	Database version: 15.0
	Autocommit mode: undefined/unknown
	Isolation level: undefined/unknown
	Minimum pool size: undefined/unknown
	Maximum pool size: undefined/unknown
2026-08-11 15:58:15 DEBUG [EmployeeBankingHikariPool:connection-adder] com.zaxxer.hikari.pool.PoolBase - EmployeeBankingHikariPool - Established new connection (c08d99a5-3cd3-43b8-8646-4e7549611673)
2026-08-11 15:58:15 DEBUG [EmployeeBankingHikariPool:connection-adder] com.zaxxer.hikari.pool.HikariPool - EmployeeBankingHikariPool - Added connection ConnectionID:2 ClientConnectionId: 01fe8b11-b341-4672-96f3-8d58ad824e34
2026-08-11 15:58:15 DEBUG [EmployeeBankingHikariPool:connection-adder] com.zaxxer.hikari.pool.HikariPool - EmployeeBankingHikariPool - After adding stats (total=2/10, idle=2/5, active=0, waiting=0)
2026-08-11 15:58:15 DEBUG [EmployeeBankingHikariPool:connection-adder] com.zaxxer.hikari.pool.PoolBase - EmployeeBankingHikariPool - Attempting to create/setup new connection (387bf8a3-d979-4b3a-b1db-97ae1807b854)
2026-08-11 15:58:15 DEBUG [EmployeeBankingHikariPool:connection-adder] com.zaxxer.hikari.pool.PoolBase - EmployeeBankingHikariPool - Established new connection (387bf8a3-d979-4b3a-b1db-97ae1807b854)
2026-08-11 15:58:15 DEBUG [EmployeeBankingHikariPool:connection-adder] com.zaxxer.hikari.pool.HikariPool - EmployeeBankingHikariPool - Added connection ConnectionID:3 ClientConnectionId: a9f9b882-a01b-402c-bebc-494bed592692
2026-08-11 15:58:15 DEBUG [EmployeeBankingHikariPool:connection-adder] com.zaxxer.hikari.pool.HikariPool - EmployeeBankingHikariPool - After adding stats (total=3/10, idle=3/5, active=0, waiting=0)
2026-08-11 15:58:15 DEBUG [EmployeeBankingHikariPool:connection-adder] com.zaxxer.hikari.pool.PoolBase - EmployeeBankingHikariPool - Attempting to create/setup new connection (b618a407-9ef2-4a91-a520-1b8b157dbd96)
2026-08-11 15:58:16 DEBUG [EmployeeBankingHikariPool:connection-adder] com.zaxxer.hikari.pool.PoolBase - EmployeeBankingHikariPool - Established new connection (b618a407-9ef2-4a91-a520-1b8b157dbd96)
2026-08-11 15:58:16 DEBUG [EmployeeBankingHikariPool:connection-adder] com.zaxxer.hikari.pool.HikariPool - EmployeeBankingHikariPool - Added connection ConnectionID:4 ClientConnectionId: 48d3fd73-e858-46a9-a5be-18f0b2d3a3f7
2026-08-11 15:58:16 DEBUG [EmployeeBankingHikariPool:connection-adder] com.zaxxer.hikari.pool.HikariPool - EmployeeBankingHikariPool - After adding stats (total=4/10, idle=4/5, active=0, waiting=0)
2026-08-11 15:58:16 DEBUG [EmployeeBankingHikariPool:connection-adder] com.zaxxer.hikari.pool.PoolBase - EmployeeBankingHikariPool - Attempting to create/setup new connection (85ee8ed1-6395-4fed-b3a9-c3422821c535)
2026-08-11 15:58:16 DEBUG [EmployeeBankingHikariPool:connection-adder] com.zaxxer.hikari.pool.PoolBase - EmployeeBankingHikariPool - Established new connection (85ee8ed1-6395-4fed-b3a9-c3422821c535)
2026-08-11 15:58:16 DEBUG [EmployeeBankingHikariPool:connection-adder] com.zaxxer.hikari.pool.HikariPool - EmployeeBankingHikariPool - Added connection ConnectionID:5 ClientConnectionId: b6eb1808-0ad4-4c66-993e-0fe5d1f6eae9
2026-08-11 15:58:16 DEBUG [EmployeeBankingHikariPool:connection-adder] com.zaxxer.hikari.pool.HikariPool - EmployeeBankingHikariPool - After adding stats (total=5/10, idle=5/5, active=0, waiting=0)
2026-08-11 15:58:16 DEBUG [EmployeeBankingHikariPool:connection-adder] com.zaxxer.hikari.pool.HikariPool - EmployeeBankingHikariPool - Connection not added, stats (total=5/10, idle=5/5, active=0, waiting=0)
2026-08-11 15:58:17 INFO  [main] o.h.e.t.j.p.i.JtaPlatformInitiator - HHH000489: No JTA platform available (set 'hibernate.transaction.jta.platform' to enable JTA platform integration)
2026-08-11 15:58:18 INFO  [main] o.s.o.j.LocalContainerEntityManagerFactoryBean - Initialized JPA EntityManagerFactory for persistence unit 'default'
2026-08-11 15:58:18 DEBUG [EmployeeBankingHikariPool:housekeeper] com.zaxxer.hikari.pool.HikariPool - EmployeeBankingHikariPool - keepalive: connection ConnectionID:4 ClientConnectionId: bf4bb38a-f993-4059-a21d-b3c976d09e8d is alive
2026-08-11 15:58:21 DEBUG [EmployeeBankingHikariPool:housekeeper] com.zaxxer.hikari.pool.HikariPool - EmployeeBankingHikariPool - Before cleanup stats (total=5/10, idle=5/5, active=0, waiting=0)
2026-08-11 15:58:21 DEBUG [EmployeeBankingHikariPool:housekeeper] com.zaxxer.hikari.pool.HikariPool - EmployeeBankingHikariPool - After  cleanup stats (total=5/10, idle=5/5, active=0, waiting=0)
2026-08-11 15:58:21 DEBUG [EmployeeBankingHikariPool:housekeeper] com.zaxxer.hikari.pool.HikariPool - EmployeeBankingHikariPool - Fill pool skipped, pool has sufficient level or currently being filled.
2026-08-11 15:58:24 INFO  [main] o.s.b.a.e.web.EndpointLinksResolver - Exposing 5 endpoints beneath base path '/actuator'
2026-08-11 15:58:25 INFO  [main] o.a.coyote.http11.Http11NioProtocol - Starting ProtocolHandler ["http-nio-8091"]
2026-08-11 15:58:25 WARN  [main] o.s.b.w.s.c.AnnotationConfigServletWebServerApplicationContext - Exception encountered during context initialization - cancelling refresh attempt: org.springframework.context.ApplicationContextException: Failed to start bean 'webServerStartStop'
2026-08-11 15:58:25 INFO  [main] o.s.o.j.LocalContainerEntityManagerFactoryBean - Closing JPA EntityManagerFactory for persistence unit 'default'
2026-08-11 15:58:25 INFO  [main] com.zaxxer.hikari.HikariDataSource - EmployeeBankingHikariPool - Shutdown initiated...
2026-08-11 15:58:25 DEBUG [main] com.zaxxer.hikari.pool.HikariPool - EmployeeBankingHikariPool - Before shutdown stats (total=5/10, idle=5/5, active=0, waiting=0)
2026-08-11 15:58:25 DEBUG [EmployeeBankingHikariPool:connection-closer] com.zaxxer.hikari.pool.PoolBase - EmployeeBankingHikariPool - Closing connection ConnectionID:1 ClientConnectionId: 43d5e35d-8d67-47c9-8e99-abc5f546d8ee: (connection evicted)
2026-08-11 15:58:25 DEBUG [EmployeeBankingHikariPool:connection-closer] com.zaxxer.hikari.pool.PoolBase - EmployeeBankingHikariPool - Closing connection ConnectionID:2 ClientConnectionId: 01fe8b11-b341-4672-96f3-8d58ad824e34: (connection evicted)
2026-08-11 15:58:25 DEBUG [EmployeeBankingHikariPool:connection-closer] com.zaxxer.hikari.pool.PoolBase - EmployeeBankingHikariPool - Closing connection ConnectionID:3 ClientConnectionId: a9f9b882-a01b-402c-bebc-494bed592692: (connection evicted)
2026-08-11 15:58:25 DEBUG [EmployeeBankingHikariPool:connection-closer] com.zaxxer.hikari.pool.PoolBase - EmployeeBankingHikariPool - Closing connection ConnectionID:4 ClientConnectionId: 48d3fd73-e858-46a9-a5be-18f0b2d3a3f7: (connection evicted)
2026-08-11 15:58:25 DEBUG [EmployeeBankingHikariPool:connection-closer] com.zaxxer.hikari.pool.PoolBase - EmployeeBankingHikariPool - Closing connection ConnectionID:5 ClientConnectionId: b6eb1808-0ad4-4c66-993e-0fe5d1f6eae9: (connection evicted)
2026-08-11 15:58:25 DEBUG [main] com.zaxxer.hikari.pool.HikariPool - EmployeeBankingHikariPool - After  shutdown stats (total=0/10, idle=0/5, active=0, waiting=0)
2026-08-11 15:58:25 INFO  [main] com.zaxxer.hikari.HikariDataSource - EmployeeBankingHikariPool - Shutdown completed.
2026-08-11 15:58:25 INFO  [main] o.s.b.a.l.ConditionEvaluationReportLogger - 

Error starting ApplicationContext. To display the condition evaluation report re-run your application with 'debug' enabled.
2026-08-11 15:58:25 ERROR [main] o.s.b.d.LoggingFailureAnalysisReporter - 

***************************
APPLICATION FAILED TO START
***************************

Description:

Web server failed to start. Port 8091 was already in use.

Action:

Identify and stop the process that's listening on port 8091 or configure this application to listen on another port.

2026-08-11 15:58:39 DEBUG [EmployeeBankingHikariPool:housekeeper] com.zaxxer.hikari.pool.HikariPool - EmployeeBankingHikariPool - keepalive: connection ConnectionID:3 ClientConnectionId: 94d8b400-f322-4783-ae1b-25c6f492d331 is alive
2026-08-11 15:58:41 DEBUG [EmployeeBankingHikariPool:housekeeper] com.zaxxer.hikari.pool.HikariPool - EmployeeBankingHikariPool - keepalive: connection ConnectionID:1 ClientConnectionId: 33bfd1e5-1c34-4b62-bf97-c1b64c0b2141 is alive
2026-08-11 15:58:51 DEBUG [EmployeeBankingHikariPool:housekeeper] com.zaxxer.hikari.pool.HikariPool - EmployeeBankingHikariPool - Before cleanup stats (total=5/10, idle=5/5, active=0, waiting=0)
2026-08-11 15:58:51 DEBUG [EmployeeBankingHikariPool:housekeeper] com.zaxxer.hikari.pool.HikariPool - EmployeeBankingHikariPool - After  cleanup stats (total=5/10, idle=5/5, active=0, waiting=0)
2026-08-11 15:58:51 DEBUG [EmployeeBankingHikariPool:housekeeper] com.zaxxer.hikari.pool.HikariPool - EmployeeBankingHikariPool - Fill pool skipped, pool has sufficient level or currently being filled.
2026-08-11 15:59:09 INFO  [http-nio-8091-exec-7] c.t.e.controller.EmployeeController - Received request to fetch all employees.
2026-08-11 15:59:09 DEBUG [http-nio-8091-exec-7] org.hibernate.SQL - 
    select
        e1_0.id,
        e1_0.department,
        e1_0.email,
        e1_0.name,
        e1_0.salary 
    from
        employee_details5 e1_0 
    order by
        (select
            0) 
    offset
        ? rows 
    fetch
        first ? rows only
2026-08-11 15:59:09 TRACE [http-nio-8091-exec-7] org.hibernate.orm.jdbc.bind - binding parameter (1:INTEGER) <- [0]
2026-08-11 15:59:09 TRACE [http-nio-8091-exec-7] org.hibernate.orm.jdbc.bind - binding parameter (2:INTEGER) <- [20]
2026-08-11 15:59:21 DEBUG [EmployeeBankingHikariPool:housekeeper] com.zaxxer.hikari.pool.HikariPool - EmployeeBankingHikariPool - Before cleanup stats (total=5/10, idle=5/5, active=0, waiting=0)
2026-08-11 15:59:21 DEBUG [EmployeeBankingHikariPool:housekeeper] com.zaxxer.hikari.pool.HikariPool - EmployeeBankingHikariPool - After  cleanup stats (total=5/10, idle=5/5, active=0, waiting=0)
2026-08-11 15:59:21 DEBUG [EmployeeBankingHikariPool:housekeeper] com.zaxxer.hikari.pool.HikariPool - EmployeeBankingHikariPool - Fill pool skipped, pool has sufficient level or currently being filled.
2026-08-11 15:59:21 ERROR [http-nio-8091-exec-8] c.t.e.e.GlobalExceptionHandler - Unexpected exception
org.springframework.web.method.annotation.MethodArgumentTypeMismatchException: Method parameter 'id': Failed to convert value of type 'java.lang.String' to required type 'java.lang.Integer'; For input string: "null"
	at org.springframework.web.method.annotation.AbstractNamedValueMethodArgumentResolver.convertIfNecessary(AbstractNamedValueMethodArgumentResolver.java:301)
	at org.springframework.web.method.annotation.AbstractNamedValueMethodArgumentResolver.resolveArgument(AbstractNamedValueMethodArgumentResolver.java:136)
	at org.springframework.web.method.support.HandlerMethodArgumentResolverComposite.resolveArgument(HandlerMethodArgumentResolverComposite.java:122)
	at org.springframework.web.method.support.InvocableHandlerMethod.getMethodArgumentValues(InvocableHandlerMethod.java:227)
	at org.springframework.web.method.support.InvocableHandlerMethod.invokeForRequest(InvocableHandlerMethod.java:181)
	at org.springframework.web.servlet.mvc.method.annotation.ServletInvocableHandlerMethod.invokeAndHandle(ServletInvocableHandlerMethod.java:118)
	at org.springframework.web.servlet.mvc.method.annotation.RequestMappingHandlerAdapter.invokeHandlerMethod(RequestMappingHandlerAdapter.java:991)
	at org.springframework.web.servlet.mvc.method.annotation.RequestMappingHandlerAdapter.handleInternal(RequestMappingHandlerAdapter.java:896)
	at org.springframework.web.servlet.mvc.method.AbstractHandlerMethodAdapter.handle(AbstractHandlerMethodAdapter.java:87)
	at org.springframework.web.servlet.DispatcherServlet.doDispatch(DispatcherServlet.java:1089)
	at org.springframework.web.servlet.DispatcherServlet.doService(DispatcherServlet.java:979)
	at org.springframework.web.servlet.FrameworkServlet.processRequest(FrameworkServlet.java:1014)
	at org.springframework.web.servlet.FrameworkServlet.doGet(FrameworkServlet.java:903)
	at jakarta.servlet.http.HttpServlet.service(HttpServlet.java:564)
	at org.springframework.web.servlet.FrameworkServlet.service(FrameworkServlet.java:885)
	at jakarta.servlet.http.HttpServlet.service(HttpServlet.java:658)
	at org.apache.catalina.core.ApplicationFilterChain.internalDoFilter(ApplicationFilterChain.java:195)
	at org.apache.catalina.core.ApplicationFilterChain.doFilter(ApplicationFilterChain.java:140)
	at org.apache.tomcat.websocket.server.WsFilter.doFilter(WsFilter.java:51)
	at org.apache.catalina.core.ApplicationFilterChain.internalDoFilter(ApplicationFilterChain.java:164)
	at org.apache.catalina.core.ApplicationFilterChain.doFilter(ApplicationFilterChain.java:140)
	at org.springframework.web.filter.RequestContextFilter.doFilterInternal(RequestContextFilter.java:100)
	at org.springframework.web.filter.OncePerRequestFilter.doFilter(OncePerRequestFilter.java:116)
	at org.apache.catalina.core.ApplicationFilterChain.internalDoFilter(ApplicationFilterChain.java:164)
	at org.apache.catalina.core.ApplicationFilterChain.doFilter(ApplicationFilterChain.java:140)
	at org.springframework.web.filter.FormContentFilter.doFilterInternal(FormContentFilter.java:93)
	at org.springframework.web.filter.OncePerRequestFilter.doFilter(OncePerRequestFilter.java:116)
	at org.apache.catalina.core.ApplicationFilterChain.internalDoFilter(ApplicationFilterChain.java:164)
	at org.apache.catalina.core.ApplicationFilterChain.doFilter(ApplicationFilterChain.java:140)
	at org.springframework.web.filter.ServerHttpObservationFilter.doFilterInternal(ServerHttpObservationFilter.java:110)
	at org.springframework.web.filter.OncePerRequestFilter.doFilter(OncePerRequestFilter.java:116)
	at org.apache.catalina.core.ApplicationFilterChain.internalDoFilter(ApplicationFilterChain.java:164)
	at org.apache.catalina.core.ApplicationFilterChain.doFilter(ApplicationFilterChain.java:140)
	at org.springframework.web.filter.CharacterEncodingFilter.doFilterInternal(CharacterEncodingFilter.java:201)
	at org.springframework.web.filter.OncePerRequestFilter.doFilter(OncePerRequestFilter.java:116)
	at org.apache.catalina.core.ApplicationFilterChain.internalDoFilter(ApplicationFilterChain.java:164)
	at org.apache.catalina.core.ApplicationFilterChain.doFilter(ApplicationFilterChain.java:140)
	at org.apache.catalina.core.StandardWrapperValve.invoke(StandardWrapperValve.java:167)
	at org.apache.catalina.core.StandardContextValve.invoke(StandardContextValve.java:90)
	at org.apache.catalina.authenticator.AuthenticatorBase.invoke(AuthenticatorBase.java:483)
	at org.apache.catalina.core.StandardHostValve.invoke(StandardHostValve.java:116)
	at org.apache.catalina.valves.ErrorReportValve.invoke(ErrorReportValve.java:93)
	at org.apache.catalina.core.StandardEngineValve.invoke(StandardEngineValve.java:74)
	at org.apache.catalina.connector.CoyoteAdapter.service(CoyoteAdapter.java:344)
	at org.apache.coyote.http11.Http11Processor.service(Http11Processor.java:398)
	at org.apache.coyote.AbstractProcessorLight.process(AbstractProcessorLight.java:63)
	at org.apache.coyote.AbstractProtocol$ConnectionHandler.process(AbstractProtocol.java:903)
	at org.apache.tomcat.util.net.NioEndpoint$SocketProcessor.doRun(NioEndpoint.java:1769)
	at org.apache.tomcat.util.net.SocketProcessorBase.run(SocketProcessorBase.java:52)
	at org.apache.tomcat.util.threads.ThreadPoolExecutor.runWorker(ThreadPoolExecutor.java:1189)
	at org.apache.tomcat.util.threads.ThreadPoolExecutor$Worker.run(ThreadPoolExecutor.java:658)
	at org.apache.tomcat.util.threads.TaskThread$WrappingRunnable.run(TaskThread.java:63)
	at java.base/java.lang.Thread.run(Thread.java:1583)
Caused by: java.lang.NumberFormatException: For input string: "null"
	at java.base/java.lang.NumberFormatException.forInputString(NumberFormatException.java:67)
	at java.base/java.lang.Integer.parseInt(Integer.java:662)
	at java.base/java.lang.Integer.valueOf(Integer.java:989)
	at org.springframework.util.NumberUtils.parseNumber(NumberUtils.java:201)
	at org.springframework.beans.propertyeditors.CustomNumberEditor.setAsText(CustomNumberEditor.java:115)
	at org.springframework.beans.TypeConverterDelegate.doConvertTextValue(TypeConverterDelegate.java:439)
	at org.springframework.beans.TypeConverterDelegate.doConvertValue(TypeConverterDelegate.java:412)
	at org.springframework.beans.TypeConverterDelegate.convertIfNecessary(TypeConverterDelegate.java:161)
	at org.springframework.beans.TypeConverterSupport.convertIfNecessary(TypeConverterSupport.java:80)
	at org.springframework.beans.TypeConverterSupport.convertIfNecessary(TypeConverterSupport.java:53)
	at org.springframework.validation.DataBinder.convertIfNecessary(DataBinder.java:867)
	at org.springframework.web.method.annotation.AbstractNamedValueMethodArgumentResolver.convertIfNecessary(AbstractNamedValueMethodArgumentResolver.java:293)
	... 52 common frames omitted
2026-08-11 15:59:39 INFO  [http-nio-8091-exec-10] c.t.e.controller.EmployeeController - Received request to fetch employee with id: 4
2026-08-11 15:59:41 INFO  [http-nio-8091-exec-10] c.t.e.service.EmployeeService - Fetching employee with id: 4 from Database
2026-08-11 15:59:41 DEBUG [http-nio-8091-exec-10] org.hibernate.SQL - 
    select
        e1_0.id,
        e1_0.department,
        e1_0.email,
        e1_0.name,
        e1_0.salary 
    from
        employee_details5 e1_0 
    where
        e1_0.id=?
2026-08-11 15:59:41 TRACE [http-nio-8091-exec-10] org.hibernate.orm.jdbc.bind - binding parameter (1:INTEGER) <- [4]
2026-08-11 15:59:41 WARN  [http-nio-8091-exec-10] c.t.e.e.GlobalExceptionHandler - Resource not found: Employee not found.
2026-08-11 15:59:42 DEBUG [EmployeeBankingHikariPool:housekeeper] com.zaxxer.hikari.pool.HikariPool - EmployeeBankingHikariPool - keepalive: connection ConnectionID:2 ClientConnectionId: fadf95b6-a5ce-47a1-aa8e-2e775fcf0f54 is alive
2026-08-11 15:59:51 DEBUG [EmployeeBankingHikariPool:housekeeper] com.zaxxer.hikari.pool.HikariPool - EmployeeBankingHikariPool - Before cleanup stats (total=5/10, idle=5/5, active=0, waiting=0)
2026-08-11 15:59:51 DEBUG [EmployeeBankingHikariPool:housekeeper] com.zaxxer.hikari.pool.HikariPool - EmployeeBankingHikariPool - After  cleanup stats (total=5/10, idle=5/5, active=0, waiting=0)
2026-08-11 15:59:51 DEBUG [EmployeeBankingHikariPool:housekeeper] com.zaxxer.hikari.pool.HikariPool - EmployeeBankingHikariPool - Fill pool skipped, pool has sufficient level or currently being filled.
2026-08-11 15:59:58 DEBUG [EmployeeBankingHikariPool:housekeeper] com.zaxxer.hikari.pool.HikariPool - EmployeeBankingHikariPool - keepalive: connection ConnectionID:5 ClientConnectionId: bbd0e1a3-800d-4379-b4ae-4960d77ab5ee is alive
2026-08-11 16:00:03 INFO  [http-nio-8091-exec-1] c.t.e.controller.EmployeeController - Received request to fetch employee with id: 1
2026-08-11 16:00:03 INFO  [http-nio-8091-exec-1] c.t.e.service.EmployeeService - Fetching employee with id: 1 from Database
2026-08-11 16:00:03 DEBUG [http-nio-8091-exec-1] org.hibernate.SQL - 
    select
        e1_0.id,
        e1_0.department,
        e1_0.email,
        e1_0.name,
        e1_0.salary 
    from
        employee_details5 e1_0 
    where
        e1_0.id=?
2026-08-11 16:00:03 TRACE [http-nio-8091-exec-1] org.hibernate.orm.jdbc.bind - binding parameter (1:INTEGER) <- [1]
2026-08-11 16:00:09 DEBUG [EmployeeBankingHikariPool:housekeeper] com.zaxxer.hikari.pool.HikariPool - EmployeeBankingHikariPool - keepalive: connection ConnectionID:4 ClientConnectionId: bf4bb38a-f993-4059-a21d-b3c976d09e8d is alive
2026-08-11 16:00:21 DEBUG [EmployeeBankingHikariPool:housekeeper] com.zaxxer.hikari.pool.HikariPool - EmployeeBankingHikariPool - Before cleanup stats (total=5/10, idle=5/5, active=0, waiting=0)
2026-08-11 16:00:21 DEBUG [EmployeeBankingHikariPool:housekeeper] com.zaxxer.hikari.pool.HikariPool - EmployeeBankingHikariPool - After  cleanup stats (total=5/10, idle=5/5, active=0, waiting=0)
2026-08-11 16:00:21 DEBUG [EmployeeBankingHikariPool:housekeeper] com.zaxxer.hikari.pool.HikariPool - EmployeeBankingHikariPool - Fill pool skipped, pool has sufficient level or currently being filled.
2026-08-11 16:00:22 INFO  [http-nio-8091-exec-2] c.t.e.controller.EmployeeController - Received request to create employee.
2026-08-11 16:00:22 INFO  [http-nio-8091-exec-2] c.t.e.service.EmployeeService - Creating employee with email: biranchikumar@example.com
2026-08-11 16:00:22 DEBUG [http-nio-8091-exec-2] org.hibernate.SQL - 
    select
        top (?) e1_0.id 
    from
        employee_details5 e1_0 
    where
        e1_0.email=?
2026-08-11 16:00:22 TRACE [http-nio-8091-exec-2] org.hibernate.orm.jdbc.bind - binding parameter (1:INTEGER) <- [1]
2026-08-11 16:00:22 TRACE [http-nio-8091-exec-2] org.hibernate.orm.jdbc.bind - binding parameter (2:VARCHAR) <- [biranchikumar@example.com]
2026-08-11 16:00:22 DEBUG [http-nio-8091-exec-2] org.hibernate.SQL - 
    insert 
    into
        employee_details5
        (department, email, name, salary) 
    values
        (?, ?, ?, ?)
2026-08-11 16:00:22 TRACE [http-nio-8091-exec-2] org.hibernate.orm.jdbc.bind - binding parameter (1:VARCHAR) <- [HR]
2026-08-11 16:00:22 TRACE [http-nio-8091-exec-2] org.hibernate.orm.jdbc.bind - binding parameter (2:VARCHAR) <- [biranchikumar@example.com]
2026-08-11 16:00:22 TRACE [http-nio-8091-exec-2] org.hibernate.orm.jdbc.bind - binding parameter (3:VARCHAR) <- [Biranchikumar das]
2026-08-11 16:00:22 TRACE [http-nio-8091-exec-2] org.hibernate.orm.jdbc.bind - binding parameter (4:DOUBLE) <- [95000.0]
2026-08-11 16:00:33 DEBUG [EmployeeBankingHikariPool:housekeeper] com.zaxxer.hikari.pool.HikariPool - EmployeeBankingHikariPool - keepalive: connection ConnectionID:3 ClientConnectionId: 94d8b400-f322-4783-ae1b-25c6f492d331 is alive
2026-08-11 16:00:35 DEBUG [EmployeeBankingHikariPool:housekeeper] com.zaxxer.hikari.pool.HikariPool - EmployeeBankingHikariPool - keepalive: connection ConnectionID:1 ClientConnectionId: 33bfd1e5-1c34-4b62-bf97-c1b64c0b2141 is alive
2026-08-11 16:00:44 INFO  [http-nio-8091-exec-3] c.t.e.controller.EmployeeController - Received request to fetch employee with id: 13
2026-08-11 16:00:44 INFO  [http-nio-8091-exec-3] c.t.e.service.EmployeeService - Fetching employee with id: 13 from Database
2026-08-11 16:00:44 DEBUG [http-nio-8091-exec-3] org.hibernate.SQL - 
    select
        e1_0.id,
        e1_0.department,
        e1_0.email,
        e1_0.name,
        e1_0.salary 
    from
        employee_details5 e1_0 
    where
        e1_0.id=?
2026-08-11 16:00:44 TRACE [http-nio-8091-exec-3] org.hibernate.orm.jdbc.bind - binding parameter (1:INTEGER) <- [13]
2026-08-11 16:00:51 DEBUG [EmployeeBankingHikariPool:housekeeper] com.zaxxer.hikari.pool.HikariPool - EmployeeBankingHikariPool - Before cleanup stats (total=5/10, idle=5/5, active=0, waiting=0)
2026-08-11 16:00:51 DEBUG [EmployeeBankingHikariPool:housekeeper] com.zaxxer.hikari.pool.HikariPool - EmployeeBankingHikariPool - After  cleanup stats (total=5/10, idle=5/5, active=0, waiting=0)
2026-08-11 16:00:51 DEBUG [EmployeeBankingHikariPool:housekeeper] com.zaxxer.hikari.pool.HikariPool - EmployeeBankingHikariPool - Fill pool skipped, pool has sufficient level or currently being filled.
2026-08-11 16:01:21 DEBUG [EmployeeBankingHikariPool:housekeeper] com.zaxxer.hikari.pool.HikariPool - EmployeeBankingHikariPool - Before cleanup stats (total=5/10, idle=5/5, active=0, waiting=0)
2026-08-11 16:01:21 DEBUG [EmployeeBankingHikariPool:housekeeper] com.zaxxer.hikari.pool.HikariPool - EmployeeBankingHikariPool - After  cleanup stats (total=5/10, idle=5/5, active=0, waiting=0)
2026-08-11 16:01:21 DEBUG [EmployeeBankingHikariPool:housekeeper] com.zaxxer.hikari.pool.HikariPool - EmployeeBankingHikariPool - Fill pool skipped, pool has sufficient level or currently being filled.
2026-08-11 16:01:30 DEBUG [EmployeeBankingHikariPool:housekeeper] com.zaxxer.hikari.pool.HikariPool - EmployeeBankingHikariPool - keepalive: connection ConnectionID:2 ClientConnectionId: fadf95b6-a5ce-47a1-aa8e-2e775fcf0f54 is alive
2026-08-11 16:01:36 INFO  [http-nio-8091-exec-4] c.t.e.controller.EmployeeController - Received request to delete employee with id: 13
2026-08-11 16:01:36 INFO  [http-nio-8091-exec-4] c.t.e.service.EmployeeService - Deleting employee with id: 13 from Database and Cache
2026-08-11 16:01:36 DEBUG [http-nio-8091-exec-4] org.hibernate.SQL - 
    select
        e1_0.id,
        e1_0.department,
        e1_0.email,
        e1_0.name,
        e1_0.salary 
    from
        employee_details5 e1_0 
    where
        e1_0.id=?
2026-08-11 16:01:36 TRACE [http-nio-8091-exec-4] org.hibernate.orm.jdbc.bind - binding parameter (1:INTEGER) <- [13]
2026-08-11 16:01:36 DEBUG [http-nio-8091-exec-4] org.hibernate.SQL - 
    delete 
    from
        employee_details5 
    where
        id=?
2026-08-11 16:01:36 TRACE [http-nio-8091-exec-4] org.hibernate.orm.jdbc.bind - binding parameter (1:INTEGER) <- [13]
2026-08-11 16:01:46 INFO  [http-nio-8091-exec-6] c.t.e.controller.EmployeeController - Received request to fetch all employees.
2026-08-11 16:01:46 DEBUG [http-nio-8091-exec-6] org.hibernate.SQL - 
    select
        e1_0.id,
        e1_0.department,
        e1_0.email,
        e1_0.name,
        e1_0.salary 
    from
        employee_details5 e1_0 
    order by
        (select
            0) 
    offset
        ? rows 
    fetch
        first ? rows only
2026-08-11 16:01:46 TRACE [http-nio-8091-exec-6] org.hibernate.orm.jdbc.bind - binding parameter (1:INTEGER) <- [0]
2026-08-11 16:01:46 TRACE [http-nio-8091-exec-6] org.hibernate.orm.jdbc.bind - binding parameter (2:INTEGER) <- [20]
2026-08-11 16:01:48 DEBUG [EmployeeBankingHikariPool:housekeeper] com.zaxxer.hikari.pool.HikariPool - EmployeeBankingHikariPool - keepalive: connection ConnectionID:5 ClientConnectionId: bbd0e1a3-800d-4379-b4ae-4960d77ab5ee is alive
2026-08-11 16:01:51 DEBUG [EmployeeBankingHikariPool:housekeeper] com.zaxxer.hikari.pool.HikariPool - EmployeeBankingHikariPool - Before cleanup stats (total=5/10, idle=5/5, active=0, waiting=0)
2026-08-11 16:01:51 DEBUG [EmployeeBankingHikariPool:housekeeper] com.zaxxer.hikari.pool.HikariPool - EmployeeBankingHikariPool - After  cleanup stats (total=5/10, idle=5/5, active=0, waiting=0)
2026-08-11 16:01:51 DEBUG [EmployeeBankingHikariPool:housekeeper] com.zaxxer.hikari.pool.HikariPool - EmployeeBankingHikariPool - Fill pool skipped, pool has sufficient level or currently being filled.
2026-08-11 16:01:52 INFO  [http-nio-8091-exec-5] c.t.e.controller.EmployeeController - Received request to fetch employee with id: 13
2026-08-11 16:01:52 INFO  [http-nio-8091-exec-5] c.t.e.service.EmployeeService - Fetching employee with id: 13 from Database
2026-08-11 16:01:52 DEBUG [http-nio-8091-exec-5] org.hibernate.SQL - 
    select
        e1_0.id,
        e1_0.department,
        e1_0.email,
        e1_0.name,
        e1_0.salary 
    from
        employee_details5 e1_0 
    where
        e1_0.id=?
2026-08-11 16:01:52 TRACE [http-nio-8091-exec-5] org.hibernate.orm.jdbc.bind - binding parameter (1:INTEGER) <- [13]
2026-08-11 16:01:52 WARN  [http-nio-8091-exec-5] c.t.e.e.GlobalExceptionHandler - Resource not found: Employee not found.
2026-08-11 16:02:00 DEBUG [EmployeeBankingHikariPool:housekeeper] com.zaxxer.hikari.pool.HikariPool - EmployeeBankingHikariPool - keepalive: connection ConnectionID:4 ClientConnectionId: bf4bb38a-f993-4059-a21d-b3c976d09e8d is alive
2026-08-11 16:02:07 INFO  [http-nio-8091-exec-7] c.t.e.controller.EmployeeController - Received request to create employee.
2026-08-11 16:02:07 INFO  [http-nio-8091-exec-7] c.t.e.service.EmployeeService - Creating employee with email: biranchikumar@example.com
2026-08-11 16:02:07 DEBUG [http-nio-8091-exec-7] org.hibernate.SQL - 
    select
        top (?) e1_0.id 
    from
        employee_details5 e1_0 
    where
        e1_0.email=?
2026-08-11 16:02:07 TRACE [http-nio-8091-exec-7] org.hibernate.orm.jdbc.bind - binding parameter (1:INTEGER) <- [1]
2026-08-11 16:02:07 TRACE [http-nio-8091-exec-7] org.hibernate.orm.jdbc.bind - binding parameter (2:VARCHAR) <- [biranchikumar@example.com]
2026-08-11 16:02:08 DEBUG [http-nio-8091-exec-7] org.hibernate.SQL - 
    insert 
    into
        employee_details5
        (department, email, name, salary) 
    values
        (?, ?, ?, ?)
2026-08-11 16:02:08 TRACE [http-nio-8091-exec-7] org.hibernate.orm.jdbc.bind - binding parameter (1:VARCHAR) <- [HR]
2026-08-11 16:02:08 TRACE [http-nio-8091-exec-7] org.hibernate.orm.jdbc.bind - binding parameter (2:VARCHAR) <- [biranchikumar@example.com]
2026-08-11 16:02:08 TRACE [http-nio-8091-exec-7] org.hibernate.orm.jdbc.bind - binding parameter (3:VARCHAR) <- [Biranchikumar das]
2026-08-11 16:02:08 TRACE [http-nio-8091-exec-7] org.hibernate.orm.jdbc.bind - binding parameter (4:DOUBLE) <- [95000.0]
2026-08-11 16:02:15 INFO  [http-nio-8091-exec-8] c.t.e.controller.EmployeeController - Received request to fetch employee with id: 14
2026-08-11 16:02:15 INFO  [http-nio-8091-exec-8] c.t.e.service.EmployeeService - Fetching employee with id: 14 from Database
2026-08-11 16:02:15 DEBUG [http-nio-8091-exec-8] org.hibernate.SQL - 
    select
        e1_0.id,
        e1_0.department,
        e1_0.email,
        e1_0.name,
        e1_0.salary 
    from
        employee_details5 e1_0 
    where
        e1_0.id=?
2026-08-11 16:02:15 TRACE [http-nio-8091-exec-8] org.hibernate.orm.jdbc.bind - binding parameter (1:INTEGER) <- [14]
2026-08-11 16:02:21 DEBUG [EmployeeBankingHikariPool:housekeeper] com.zaxxer.hikari.pool.HikariPool - EmployeeBankingHikariPool - Before cleanup stats (total=5/10, idle=5/5, active=0, waiting=0)
2026-08-11 16:02:21 DEBUG [EmployeeBankingHikariPool:housekeeper] com.zaxxer.hikari.pool.HikariPool - EmployeeBankingHikariPool - After  cleanup stats (total=5/10, idle=5/5, active=0, waiting=0)
2026-08-11 16:02:21 DEBUG [EmployeeBankingHikariPool:housekeeper] com.zaxxer.hikari.pool.HikariPool - EmployeeBankingHikariPool - Fill pool skipped, pool has sufficient level or currently being filled.
2026-08-11 16:02:27 DEBUG [EmployeeBankingHikariPool:housekeeper] com.zaxxer.hikari.pool.HikariPool - EmployeeBankingHikariPool - keepalive: connection ConnectionID:3 ClientConnectionId: 94d8b400-f322-4783-ae1b-25c6f492d331 is alive
2026-08-11 16:02:30 DEBUG [EmployeeBankingHikariPool:housekeeper] com.zaxxer.hikari.pool.HikariPool - EmployeeBankingHikariPool - keepalive: connection ConnectionID:1 ClientConnectionId: 33bfd1e5-1c34-4b62-bf97-c1b64c0b2141 is alive
2026-08-11 16:02:30 INFO  [http-nio-8091-exec-9] c.t.e.controller.AccountController - Received deposit request for account id: 1
2026-08-11 16:02:30 INFO  [http-nio-8091-exec-9] c.t.e.service.AccountService - Depositing 1000.0 into account id: 1
2026-08-11 16:02:30 DEBUG [http-nio-8091-exec-9] org.hibernate.SQL - 
    select
        a1_0.id,
        a1_0.account_holder_name,
        a1_0.account_number,
        a1_0.balance 
    from
        account_details5 a1_0 
    where
        a1_0.id=?
2026-08-11 16:02:30 TRACE [http-nio-8091-exec-9] org.hibernate.orm.jdbc.bind - binding parameter (1:INTEGER) <- [1]
2026-08-11 16:02:30 DEBUG [http-nio-8091-exec-9] org.hibernate.SQL - 
    update
        account_details5 
    set
        account_holder_name=?,
        account_number=?,
        balance=? 
    where
        id=?
2026-08-11 16:02:30 TRACE [http-nio-8091-exec-9] org.hibernate.orm.jdbc.bind - binding parameter (1:VARCHAR) <- [Satya Prakash]
2026-08-11 16:02:30 TRACE [http-nio-8091-exec-9] org.hibernate.orm.jdbc.bind - binding parameter (2:VARCHAR) <- [ACC123456]
2026-08-11 16:02:30 TRACE [http-nio-8091-exec-9] org.hibernate.orm.jdbc.bind - binding parameter (3:DOUBLE) <- [25000.0]
2026-08-11 16:02:30 TRACE [http-nio-8091-exec-9] org.hibernate.orm.jdbc.bind - binding parameter (4:INTEGER) <- [1]
2026-08-11 16:02:40 INFO  [http-nio-8091-exec-10] c.t.e.controller.AccountController - Received balance request for account id: 1
2026-08-11 16:02:50 INFO  [http-nio-8091-exec-1] c.t.e.controller.AccountController - Received withdraw request for account id: 1
2026-08-11 16:02:50 INFO  [http-nio-8091-exec-1] c.t.e.service.AccountService - Withdrawing 1000.0 from account id: 1
2026-08-11 16:02:50 DEBUG [http-nio-8091-exec-1] org.hibernate.SQL - 
    select
        a1_0.id,
        a1_0.account_holder_name,
        a1_0.account_number,
        a1_0.balance 
    from
        account_details5 a1_0 
    where
        a1_0.id=?
2026-08-11 16:02:50 TRACE [http-nio-8091-exec-1] org.hibernate.orm.jdbc.bind - binding parameter (1:INTEGER) <- [1]
2026-08-11 16:02:50 DEBUG [http-nio-8091-exec-1] org.hibernate.SQL - 
    update
        account_details5 
    set
        account_holder_name=?,
        account_number=?,
        balance=? 
    where
        id=?
2026-08-11 16:02:50 TRACE [http-nio-8091-exec-1] org.hibernate.orm.jdbc.bind - binding parameter (1:VARCHAR) <- [Satya Prakash]
2026-08-11 16:02:50 TRACE [http-nio-8091-exec-1] org.hibernate.orm.jdbc.bind - binding parameter (2:VARCHAR) <- [ACC123456]
2026-08-11 16:02:50 TRACE [http-nio-8091-exec-1] org.hibernate.orm.jdbc.bind - binding parameter (3:DOUBLE) <- [24000.0]
2026-08-11 16:02:50 TRACE [http-nio-8091-exec-1] org.hibernate.orm.jdbc.bind - binding parameter (4:INTEGER) <- [1]
2026-08-11 16:02:51 DEBUG [EmployeeBankingHikariPool:housekeeper] com.zaxxer.hikari.pool.HikariPool - EmployeeBankingHikariPool - Before cleanup stats (total=5/10, idle=5/5, active=0, waiting=0)
2026-08-11 16:02:51 DEBUG [EmployeeBankingHikariPool:housekeeper] com.zaxxer.hikari.pool.HikariPool - EmployeeBankingHikariPool - After  cleanup stats (total=5/10, idle=5/5, active=0, waiting=0)
2026-08-11 16:02:51 DEBUG [EmployeeBankingHikariPool:housekeeper] com.zaxxer.hikari.pool.HikariPool - EmployeeBankingHikariPool - Fill pool skipped, pool has sufficient level or currently being filled.
2026-08-11 16:03:18 DEBUG [EmployeeBankingHikariPool:housekeeper] com.zaxxer.hikari.pool.HikariPool - EmployeeBankingHikariPool - keepalive: connection ConnectionID:2 ClientConnectionId: fadf95b6-a5ce-47a1-aa8e-2e775fcf0f54 is alive
2026-08-11 16:03:21 DEBUG [EmployeeBankingHikariPool:housekeeper] com.zaxxer.hikari.pool.HikariPool - EmployeeBankingHikariPool - Before cleanup stats (total=5/10, idle=5/5, active=0, waiting=0)
2026-08-11 16:03:21 DEBUG [EmployeeBankingHikariPool:housekeeper] com.zaxxer.hikari.pool.HikariPool - EmployeeBankingHikariPool - After  cleanup stats (total=5/10, idle=5/5, active=0, waiting=0)
2026-08-11 16:03:21 DEBUG [EmployeeBankingHikariPool:housekeeper] com.zaxxer.hikari.pool.HikariPool - EmployeeBankingHikariPool - Fill pool skipped, pool has sufficient level or currently being filled.
2026-08-11 16:03:37 DEBUG [EmployeeBankingHikariPool:housekeeper] com.zaxxer.hikari.pool.HikariPool - EmployeeBankingHikariPool - keepalive: connection ConnectionID:5 ClientConnectionId: bbd0e1a3-800d-4379-b4ae-4960d77ab5ee is alive
2026-08-11 16:03:51 DEBUG [EmployeeBankingHikariPool:housekeeper] com.zaxxer.hikari.pool.HikariPool - EmployeeBankingHikariPool - keepalive: connection ConnectionID:4 ClientConnectionId: bf4bb38a-f993-4059-a21d-b3c976d09e8d is alive
2026-08-11 16:03:51 DEBUG [EmployeeBankingHikariPool:housekeeper] com.zaxxer.hikari.pool.HikariPool - EmployeeBankingHikariPool - Before cleanup stats (total=5/10, idle=5/5, active=0, waiting=0)
2026-08-11 16:03:51 DEBUG [EmployeeBankingHikariPool:housekeeper] com.zaxxer.hikari.pool.HikariPool - EmployeeBankingHikariPool - After  cleanup stats (total=5/10, idle=5/5, active=0, waiting=0)
2026-08-11 16:03:51 DEBUG [EmployeeBankingHikariPool:housekeeper] com.zaxxer.hikari.pool.HikariPool - EmployeeBankingHikariPool - Fill pool skipped, pool has sufficient level or currently being filled.
2026-08-11 16:04:21 DEBUG [EmployeeBankingHikariPool:housekeeper] com.zaxxer.hikari.pool.HikariPool - EmployeeBankingHikariPool - keepalive: connection ConnectionID:3 ClientConnectionId: 94d8b400-f322-4783-ae1b-25c6f492d331 is alive
2026-08-11 16:04:21 DEBUG [EmployeeBankingHikariPool:housekeeper] com.zaxxer.hikari.pool.HikariPool - EmployeeBankingHikariPool - Before cleanup stats (total=5/10, idle=5/5, active=0, waiting=0)
2026-08-11 16:04:21 DEBUG [EmployeeBankingHikariPool:housekeeper] com.zaxxer.hikari.pool.HikariPool - EmployeeBankingHikariPool - After  cleanup stats (total=5/10, idle=5/5, active=0, waiting=0)
2026-08-11 16:04:21 DEBUG [EmployeeBankingHikariPool:housekeeper] com.zaxxer.hikari.pool.HikariPool - EmployeeBankingHikariPool - Fill pool skipped, pool has sufficient level or currently being filled.
2026-08-11 16:04:24 DEBUG [EmployeeBankingHikariPool:housekeeper] com.zaxxer.hikari.pool.HikariPool - EmployeeBankingHikariPool - keepalive: connection ConnectionID:1 ClientConnectionId: 33bfd1e5-1c34-4b62-bf97-c1b64c0b2141 is alive
2026-08-11 16:04:51 DEBUG [EmployeeBankingHikariPool:housekeeper] com.zaxxer.hikari.pool.HikariPool - EmployeeBankingHikariPool - Before cleanup stats (total=5/10, idle=5/5, active=0, waiting=0)
2026-08-11 16:04:51 DEBUG [EmployeeBankingHikariPool:housekeeper] com.zaxxer.hikari.pool.HikariPool - EmployeeBankingHikariPool - After  cleanup stats (total=5/10, idle=5/5, active=0, waiting=0)
2026-08-11 16:04:51 DEBUG [EmployeeBankingHikariPool:housekeeper] com.zaxxer.hikari.pool.HikariPool - EmployeeBankingHikariPool - Fill pool skipped, pool has sufficient level or currently being filled.
2026-08-11 16:05:06 DEBUG [EmployeeBankingHikariPool:housekeeper] com.zaxxer.hikari.pool.HikariPool - EmployeeBankingHikariPool - keepalive: connection ConnectionID:2 ClientConnectionId: fadf95b6-a5ce-47a1-aa8e-2e775fcf0f54 is alive
2026-08-11 16:05:21 DEBUG [EmployeeBankingHikariPool:housekeeper] com.zaxxer.hikari.pool.HikariPool - EmployeeBankingHikariPool - Before cleanup stats (total=5/10, idle=5/5, active=0, waiting=0)
2026-08-11 16:05:21 DEBUG [EmployeeBankingHikariPool:housekeeper] com.zaxxer.hikari.pool.HikariPool - EmployeeBankingHikariPool - After  cleanup stats (total=5/10, idle=5/5, active=0, waiting=0)
2026-08-11 16:05:21 DEBUG [EmployeeBankingHikariPool:housekeeper] com.zaxxer.hikari.pool.HikariPool - EmployeeBankingHikariPool - Fill pool skipped, pool has sufficient level or currently being filled.
2026-08-11 16:05:27 DEBUG [EmployeeBankingHikariPool:housekeeper] com.zaxxer.hikari.pool.HikariPool - EmployeeBankingHikariPool - keepalive: connection ConnectionID:5 ClientConnectionId: bbd0e1a3-800d-4379-b4ae-4960d77ab5ee is alive
2026-08-11 16:05:42 DEBUG [EmployeeBankingHikariPool:housekeeper] com.zaxxer.hikari.pool.HikariPool - EmployeeBankingHikariPool - keepalive: connection ConnectionID:4 ClientConnectionId: bf4bb38a-f993-4059-a21d-b3c976d09e8d is alive
2026-08-11 16:05:51 DEBUG [EmployeeBankingHikariPool:housekeeper] com.zaxxer.hikari.pool.HikariPool - EmployeeBankingHikariPool - Before cleanup stats (total=5/10, idle=5/5, active=0, waiting=0)
2026-08-11 16:05:51 DEBUG [EmployeeBankingHikariPool:housekeeper] com.zaxxer.hikari.pool.HikariPool - EmployeeBankingHikariPool - After  cleanup stats (total=5/10, idle=5/5, active=0, waiting=0)
2026-08-11 16:05:51 DEBUG [EmployeeBankingHikariPool:housekeeper] com.zaxxer.hikari.pool.HikariPool - EmployeeBankingHikariPool - Fill pool skipped, pool has sufficient level or currently being filled.
2026-08-11 16:06:15 DEBUG [EmployeeBankingHikariPool:housekeeper] com.zaxxer.hikari.pool.HikariPool - EmployeeBankingHikariPool - keepalive: connection ConnectionID:3 ClientConnectionId: 94d8b400-f322-4783-ae1b-25c6f492d331 is alive
2026-08-11 16:06:19 DEBUG [EmployeeBankingHikariPool:housekeeper] com.zaxxer.hikari.pool.HikariPool - EmployeeBankingHikariPool - keepalive: connection ConnectionID:1 ClientConnectionId: 33bfd1e5-1c34-4b62-bf97-c1b64c0b2141 is alive
2026-08-11 16:06:21 DEBUG [EmployeeBankingHikariPool:housekeeper] com.zaxxer.hikari.pool.HikariPool - EmployeeBankingHikariPool - Before cleanup stats (total=5/10, idle=5/5, active=0, waiting=0)
2026-08-11 16:06:21 DEBUG [EmployeeBankingHikariPool:housekeeper] com.zaxxer.hikari.pool.HikariPool - EmployeeBankingHikariPool - After  cleanup stats (total=5/10, idle=5/5, active=0, waiting=0)
2026-08-11 16:06:21 DEBUG [EmployeeBankingHikariPool:housekeeper] com.zaxxer.hikari.pool.HikariPool - EmployeeBankingHikariPool - Fill pool skipped, pool has sufficient level or currently being filled.
2026-08-11 16:06:45 INFO  [background-preinit] o.h.validator.internal.util.Version - HV000001: Hibernate Validator 8.0.2.Final
2026-08-11 16:06:45 INFO  [main] c.t.e.EmployeeApiApplication - Starting EmployeeApiApplication using Java 21.0.11 with PID 2108 (C:\Users\s.samantray\Desktop\Eclipse_Workspace\EmployeeBankRestApiPostman_Collection\target\classes started by s.samantray in C:\Users\s.samantray\Desktop\Eclipse_Workspace\EmployeeBankRestApiPostman_Collection)
2026-08-11 16:06:45 DEBUG [main] c.t.e.EmployeeApiApplication - Running with Spring Boot v3.5.4, Spring v6.2.9
2026-08-11 16:06:45 INFO  [main] c.t.e.EmployeeApiApplication - No active profile set, falling back to 1 default profile: "default"
2026-08-11 16:06:48 INFO  [main] o.s.d.r.c.RepositoryConfigurationDelegate - Multiple Spring Data modules found, entering strict repository configuration mode
2026-08-11 16:06:48 INFO  [main] o.s.d.r.c.RepositoryConfigurationDelegate - Bootstrapping Spring Data JPA repositories in DEFAULT mode.
2026-08-11 16:06:49 INFO  [main] o.s.d.r.c.RepositoryConfigurationDelegate - Finished Spring Data repository scanning in 438 ms. Found 2 JPA repository interfaces.
2026-08-11 16:06:49 INFO  [main] o.s.d.r.c.RepositoryConfigurationDelegate - Multiple Spring Data modules found, entering strict repository configuration mode
2026-08-11 16:06:49 INFO  [main] o.s.d.r.c.RepositoryConfigurationDelegate - Bootstrapping Spring Data Redis repositories in DEFAULT mode.
2026-08-11 16:06:49 INFO  [main] o.s.d.r.c.RepositoryConfigurationExtensionSupport - Spring Data Redis - Could not safely identify store assignment for repository candidate interface com.tns.employeeapi.repository.AccountRepository; If you want this repository to be a Redis repository, consider annotating your entities with one of these annotations: org.springframework.data.redis.core.RedisHash (preferred), or consider extending one of the following types with your repository: org.springframework.data.keyvalue.repository.KeyValueRepository
2026-08-11 16:06:49 INFO  [main] o.s.d.r.c.RepositoryConfigurationExtensionSupport - Spring Data Redis - Could not safely identify store assignment for repository candidate interface com.tns.employeeapi.repository.EmployeeRepository; If you want this repository to be a Redis repository, consider annotating your entities with one of these annotations: org.springframework.data.redis.core.RedisHash (preferred), or consider extending one of the following types with your repository: org.springframework.data.keyvalue.repository.KeyValueRepository
2026-08-11 16:06:49 INFO  [main] o.s.d.r.c.RepositoryConfigurationDelegate - Finished Spring Data repository scanning in 33 ms. Found 0 Redis repository interfaces.
2026-08-11 16:06:51 INFO  [main] o.s.b.w.e.tomcat.TomcatWebServer - Tomcat initialized with port 8091 (http)
2026-08-11 16:06:51 INFO  [main] o.a.coyote.http11.Http11NioProtocol - Initializing ProtocolHandler ["http-nio-8091"]
2026-08-11 16:06:51 INFO  [main] o.a.catalina.core.StandardService - Starting service [Tomcat]
2026-08-11 16:06:51 INFO  [main] o.a.catalina.core.StandardEngine - Starting Servlet engine: [Apache Tomcat/10.1.43]
2026-08-11 16:06:51 DEBUG [EmployeeBankingHikariPool:housekeeper] com.zaxxer.hikari.pool.HikariPool - EmployeeBankingHikariPool - Before cleanup stats (total=5/10, idle=5/5, active=0, waiting=0)
2026-08-11 16:06:51 DEBUG [EmployeeBankingHikariPool:housekeeper] com.zaxxer.hikari.pool.HikariPool - EmployeeBankingHikariPool - After  cleanup stats (total=5/10, idle=5/5, active=0, waiting=0)
2026-08-11 16:06:51 DEBUG [EmployeeBankingHikariPool:housekeeper] com.zaxxer.hikari.pool.HikariPool - EmployeeBankingHikariPool - Fill pool skipped, pool has sufficient level or currently being filled.
2026-08-11 16:06:51 INFO  [main] o.a.c.c.C.[Tomcat].[localhost].[/] - Initializing Spring embedded WebApplicationContext
2026-08-11 16:06:51 INFO  [main] o.s.b.w.s.c.ServletWebServerApplicationContext - Root WebApplicationContext: initialization completed in 6215 ms
2026-08-11 16:06:52 DEBUG [main] com.zaxxer.hikari.HikariConfig - Class com.microsoft.sqlserver.jdbc.SQLServerDriver found in Thread context class loader jdk.internal.loader.ClassLoaders$AppClassLoader@5c647e05
2026-08-11 16:06:53 INFO  [main] o.h.jpa.internal.util.LogHelper - HHH000204: Processing PersistenceUnitInfo [name: default]
2026-08-11 16:06:53 INFO  [main] org.hibernate.Version - HHH000412: Hibernate ORM core version 6.6.22.Final
2026-08-11 16:06:53 INFO  [main] o.h.c.i.RegionFactoryInitiator - HHH000026: Second-level cache disabled
2026-08-11 16:06:53 DEBUG [EmployeeBankingHikariPool:housekeeper] com.zaxxer.hikari.pool.HikariPool - EmployeeBankingHikariPool - keepalive: connection ConnectionID:2 ClientConnectionId: fadf95b6-a5ce-47a1-aa8e-2e775fcf0f54 is alive
2026-08-11 16:06:54 INFO  [main] o.s.o.j.p.SpringPersistenceUnitInfo - No LoadTimeWeaver setup: ignoring JPA class transformer
2026-08-11 16:06:54 DEBUG [main] com.zaxxer.hikari.HikariConfig - EmployeeBankingHikariPool - configuration:
2026-08-11 16:06:54 DEBUG [main] com.zaxxer.hikari.HikariConfig - allowPoolSuspension.............false
2026-08-11 16:06:54 DEBUG [main] com.zaxxer.hikari.HikariConfig - autoCommit......................true
2026-08-11 16:06:54 DEBUG [main] com.zaxxer.hikari.HikariConfig - catalog.........................none
2026-08-11 16:06:54 DEBUG [main] com.zaxxer.hikari.HikariConfig - connectionInitSql...............none
2026-08-11 16:06:54 DEBUG [main] com.zaxxer.hikari.HikariConfig - connectionTestQuery.............none
2026-08-11 16:06:54 DEBUG [main] com.zaxxer.hikari.HikariConfig - connectionTimeout...............30000
2026-08-11 16:06:54 DEBUG [main] com.zaxxer.hikari.HikariConfig - credentials.....................com.zaxxer.hikari.util.Credentials@541897c6
2026-08-11 16:06:54 DEBUG [main] com.zaxxer.hikari.HikariConfig - dataSource......................none
2026-08-11 16:06:54 DEBUG [main] com.zaxxer.hikari.HikariConfig - dataSourceClassName.............none
2026-08-11 16:06:54 DEBUG [main] com.zaxxer.hikari.HikariConfig - dataSourceJNDI..................none
2026-08-11 16:06:54 DEBUG [main] com.zaxxer.hikari.HikariConfig - dataSourceProperties............{password=<masked>}
2026-08-11 16:06:54 DEBUG [main] com.zaxxer.hikari.HikariConfig - driverClassName................."com.microsoft.sqlserver.jdbc.SQLServerDriver"
2026-08-11 16:06:54 DEBUG [main] com.zaxxer.hikari.HikariConfig - exceptionOverride...............none
2026-08-11 16:06:54 DEBUG [main] com.zaxxer.hikari.HikariConfig - exceptionOverrideClassName......none
2026-08-11 16:06:54 DEBUG [main] com.zaxxer.hikari.HikariConfig - healthCheckProperties...........{}
2026-08-11 16:06:54 DEBUG [main] com.zaxxer.hikari.HikariConfig - healthCheckRegistry.............none
2026-08-11 16:06:54 DEBUG [main] com.zaxxer.hikari.HikariConfig - idleTimeout.....................600000
2026-08-11 16:06:54 DEBUG [main] com.zaxxer.hikari.HikariConfig - initializationFailTimeout.......1
2026-08-11 16:06:54 DEBUG [main] com.zaxxer.hikari.HikariConfig - isolateInternalQueries..........false
2026-08-11 16:06:54 DEBUG [main] com.zaxxer.hikari.HikariConfig - jdbcUrl.........................jdbc:sqlserver://TNS-IT-DESKTOP\SQLEXPRESS;databaseName=SpringBootRestApi;integratedSecurity=true;encrypt=true;trustServerCertificate=true
2026-08-11 16:06:54 DEBUG [main] com.zaxxer.hikari.HikariConfig - keepaliveTime...................120000
2026-08-11 16:06:54 DEBUG [main] com.zaxxer.hikari.HikariConfig - leakDetectionThreshold..........2000
2026-08-11 16:06:54 DEBUG [main] com.zaxxer.hikari.HikariConfig - maxLifetime.....................1800000
2026-08-11 16:06:54 DEBUG [main] com.zaxxer.hikari.HikariConfig - maximumPoolSize.................10
2026-08-11 16:06:54 DEBUG [main] com.zaxxer.hikari.HikariConfig - metricRegistry..................none
2026-08-11 16:06:54 DEBUG [main] com.zaxxer.hikari.HikariConfig - metricsTrackerFactory...........none
2026-08-11 16:06:54 DEBUG [main] com.zaxxer.hikari.HikariConfig - minimumIdle.....................5
2026-08-11 16:06:54 DEBUG [main] com.zaxxer.hikari.HikariConfig - password........................<masked>
2026-08-11 16:06:54 DEBUG [main] com.zaxxer.hikari.HikariConfig - poolName........................"EmployeeBankingHikariPool"
2026-08-11 16:06:54 DEBUG [main] com.zaxxer.hikari.HikariConfig - readOnly........................false
2026-08-11 16:06:54 DEBUG [main] com.zaxxer.hikari.HikariConfig - registerMbeans..................false
2026-08-11 16:06:54 DEBUG [main] com.zaxxer.hikari.HikariConfig - scheduledExecutor...............none
2026-08-11 16:06:54 DEBUG [main] com.zaxxer.hikari.HikariConfig - schema..........................none
2026-08-11 16:06:54 DEBUG [main] com.zaxxer.hikari.HikariConfig - threadFactory...................internal
2026-08-11 16:06:54 DEBUG [main] com.zaxxer.hikari.HikariConfig - transactionIsolation............default
2026-08-11 16:06:54 DEBUG [main] com.zaxxer.hikari.HikariConfig - username........................none
2026-08-11 16:06:54 DEBUG [main] com.zaxxer.hikari.HikariConfig - validationTimeout...............5000
2026-08-11 16:06:54 INFO  [main] com.zaxxer.hikari.HikariDataSource - EmployeeBankingHikariPool - Starting...
2026-08-11 16:06:54 DEBUG [main] com.zaxxer.hikari.pool.PoolBase - EmployeeBankingHikariPool - Attempting to create/setup new connection (c357b354-1999-4266-881d-e0ac119757e1)
2026-08-11 16:06:56 DEBUG [main] com.zaxxer.hikari.pool.PoolBase - EmployeeBankingHikariPool - Established new connection (c357b354-1999-4266-881d-e0ac119757e1)
2026-08-11 16:06:56 INFO  [main] com.zaxxer.hikari.pool.HikariPool - EmployeeBankingHikariPool - Added connection ConnectionID:1 ClientConnectionId: 1f1b64d0-51b4-4fe0-95c4-57a88961bfdf
2026-08-11 16:06:56 INFO  [main] com.zaxxer.hikari.HikariDataSource - EmployeeBankingHikariPool - Start completed.
2026-08-11 16:06:56 DEBUG [EmployeeBankingHikariPool:housekeeper] com.zaxxer.hikari.pool.HikariPool - EmployeeBankingHikariPool - Before cleanup stats (total=1/10, idle=0/5, active=1, waiting=0)
2026-08-11 16:06:56 DEBUG [EmployeeBankingHikariPool:housekeeper] com.zaxxer.hikari.pool.HikariPool - EmployeeBankingHikariPool - After  cleanup stats (total=1/10, idle=0/5, active=1, waiting=0)
2026-08-11 16:06:56 DEBUG [EmployeeBankingHikariPool:connection-adder] com.zaxxer.hikari.pool.PoolBase - EmployeeBankingHikariPool - Attempting to create/setup new connection (af2b0811-0e48-41da-aa05-d96303009a39)
2026-08-11 16:06:56 INFO  [main] o.hibernate.orm.connections.pooling - HHH10001005: Database info:
	Database JDBC URL [Connecting through datasource 'HikariDataSource (EmployeeBankingHikariPool)']
	Database driver: undefined/unknown
	Database version: 15.0
	Autocommit mode: undefined/unknown
	Isolation level: undefined/unknown
	Minimum pool size: undefined/unknown
	Maximum pool size: undefined/unknown
2026-08-11 16:06:56 DEBUG [EmployeeBankingHikariPool:connection-adder] com.zaxxer.hikari.pool.PoolBase - EmployeeBankingHikariPool - Established new connection (af2b0811-0e48-41da-aa05-d96303009a39)
2026-08-11 16:06:56 DEBUG [EmployeeBankingHikariPool:connection-adder] com.zaxxer.hikari.pool.HikariPool - EmployeeBankingHikariPool - Added connection ConnectionID:2 ClientConnectionId: f288c618-2800-4094-9dbd-1bf5b0516966
2026-08-11 16:06:56 DEBUG [EmployeeBankingHikariPool:connection-adder] com.zaxxer.hikari.pool.HikariPool - EmployeeBankingHikariPool - After adding stats (total=2/10, idle=2/5, active=0, waiting=0)
2026-08-11 16:06:56 DEBUG [EmployeeBankingHikariPool:connection-adder] com.zaxxer.hikari.pool.PoolBase - EmployeeBankingHikariPool - Attempting to create/setup new connection (311c8350-2adc-4a36-8407-346c55a7c6cb)
2026-08-11 16:06:57 DEBUG [EmployeeBankingHikariPool:connection-adder] com.zaxxer.hikari.pool.PoolBase - EmployeeBankingHikariPool - Established new connection (311c8350-2adc-4a36-8407-346c55a7c6cb)
2026-08-11 16:06:57 DEBUG [EmployeeBankingHikariPool:connection-adder] com.zaxxer.hikari.pool.HikariPool - EmployeeBankingHikariPool - Added connection ConnectionID:3 ClientConnectionId: 7df49810-67c1-4e09-8ce0-25d86767cdbe
2026-08-11 16:06:57 DEBUG [EmployeeBankingHikariPool:connection-adder] com.zaxxer.hikari.pool.HikariPool - EmployeeBankingHikariPool - After adding stats (total=3/10, idle=3/5, active=0, waiting=0)
2026-08-11 16:06:57 DEBUG [EmployeeBankingHikariPool:connection-adder] com.zaxxer.hikari.pool.PoolBase - EmployeeBankingHikariPool - Attempting to create/setup new connection (0a4d0eaa-72cb-4310-ba91-7b38e9f1ea34)
2026-08-11 16:06:57 DEBUG [EmployeeBankingHikariPool:connection-adder] com.zaxxer.hikari.pool.PoolBase - EmployeeBankingHikariPool - Established new connection (0a4d0eaa-72cb-4310-ba91-7b38e9f1ea34)
2026-08-11 16:06:57 DEBUG [EmployeeBankingHikariPool:connection-adder] com.zaxxer.hikari.pool.HikariPool - EmployeeBankingHikariPool - Added connection ConnectionID:4 ClientConnectionId: 87bf1f33-d968-4bbe-9ad2-7b58637bedb9
2026-08-11 16:06:57 DEBUG [EmployeeBankingHikariPool:connection-adder] com.zaxxer.hikari.pool.HikariPool - EmployeeBankingHikariPool - After adding stats (total=4/10, idle=4/5, active=0, waiting=0)
2026-08-11 16:06:57 DEBUG [EmployeeBankingHikariPool:connection-adder] com.zaxxer.hikari.pool.PoolBase - EmployeeBankingHikariPool - Attempting to create/setup new connection (170851db-a54e-4c1d-a0f9-8d5a81f97c23)
2026-08-11 16:06:57 DEBUG [EmployeeBankingHikariPool:connection-adder] com.zaxxer.hikari.pool.PoolBase - EmployeeBankingHikariPool - Established new connection (170851db-a54e-4c1d-a0f9-8d5a81f97c23)
2026-08-11 16:06:57 DEBUG [EmployeeBankingHikariPool:connection-adder] com.zaxxer.hikari.pool.HikariPool - EmployeeBankingHikariPool - Added connection ConnectionID:5 ClientConnectionId: 700eef18-b406-4056-aac9-a129b6b19006
2026-08-11 16:06:58 DEBUG [EmployeeBankingHikariPool:connection-adder] com.zaxxer.hikari.pool.HikariPool - EmployeeBankingHikariPool - After adding stats (total=5/10, idle=5/5, active=0, waiting=0)
2026-08-11 16:06:58 DEBUG [EmployeeBankingHikariPool:connection-adder] com.zaxxer.hikari.pool.HikariPool - EmployeeBankingHikariPool - Connection not added, stats (total=5/10, idle=5/5, active=0, waiting=0)
2026-08-11 16:06:58 INFO  [main] o.h.e.t.j.p.i.JtaPlatformInitiator - HHH000489: No JTA platform available (set 'hibernate.transaction.jta.platform' to enable JTA platform integration)
2026-08-11 16:06:59 INFO  [main] o.s.o.j.LocalContainerEntityManagerFactoryBean - Initialized JPA EntityManagerFactory for persistence unit 'default'
2026-08-11 16:07:04 INFO  [main] o.s.b.a.e.web.EndpointLinksResolver - Exposing 5 endpoints beneath base path '/actuator'
2026-08-11 16:07:04 INFO  [main] o.a.coyote.http11.Http11NioProtocol - Starting ProtocolHandler ["http-nio-8091"]
2026-08-11 16:07:04 WARN  [main] o.s.b.w.s.c.AnnotationConfigServletWebServerApplicationContext - Exception encountered during context initialization - cancelling refresh attempt: org.springframework.context.ApplicationContextException: Failed to start bean 'webServerStartStop'
2026-08-11 16:07:04 INFO  [main] o.s.o.j.LocalContainerEntityManagerFactoryBean - Closing JPA EntityManagerFactory for persistence unit 'default'
2026-08-11 16:07:04 INFO  [main] com.zaxxer.hikari.HikariDataSource - EmployeeBankingHikariPool - Shutdown initiated...
2026-08-11 16:07:04 DEBUG [main] com.zaxxer.hikari.pool.HikariPool - EmployeeBankingHikariPool - Before shutdown stats (total=5/10, idle=5/5, active=0, waiting=0)
2026-08-11 16:07:04 DEBUG [EmployeeBankingHikariPool:connection-closer] com.zaxxer.hikari.pool.PoolBase - EmployeeBankingHikariPool - Closing connection ConnectionID:1 ClientConnectionId: 1f1b64d0-51b4-4fe0-95c4-57a88961bfdf: (connection evicted)
2026-08-11 16:07:04 DEBUG [EmployeeBankingHikariPool:connection-closer] com.zaxxer.hikari.pool.PoolBase - EmployeeBankingHikariPool - Closing connection ConnectionID:2 ClientConnectionId: f288c618-2800-4094-9dbd-1bf5b0516966: (connection evicted)
2026-08-11 16:07:04 DEBUG [EmployeeBankingHikariPool:connection-closer] com.zaxxer.hikari.pool.PoolBase - EmployeeBankingHikariPool - Closing connection ConnectionID:3 ClientConnectionId: 7df49810-67c1-4e09-8ce0-25d86767cdbe: (connection evicted)
2026-08-11 16:07:04 DEBUG [EmployeeBankingHikariPool:connection-closer] com.zaxxer.hikari.pool.PoolBase - EmployeeBankingHikariPool - Closing connection ConnectionID:4 ClientConnectionId: 87bf1f33-d968-4bbe-9ad2-7b58637bedb9: (connection evicted)
2026-08-11 16:07:04 DEBUG [EmployeeBankingHikariPool:connection-closer] com.zaxxer.hikari.pool.PoolBase - EmployeeBankingHikariPool - Closing connection ConnectionID:5 ClientConnectionId: 700eef18-b406-4056-aac9-a129b6b19006: (connection evicted)
2026-08-11 16:07:04 DEBUG [main] com.zaxxer.hikari.pool.HikariPool - EmployeeBankingHikariPool - After  shutdown stats (total=0/10, idle=0/5, active=0, waiting=0)
2026-08-11 16:07:04 INFO  [main] com.zaxxer.hikari.HikariDataSource - EmployeeBankingHikariPool - Shutdown completed.
2026-08-11 16:07:04 INFO  [main] o.s.b.a.l.ConditionEvaluationReportLogger - 

Error starting ApplicationContext. To display the condition evaluation report re-run your application with 'debug' enabled.
2026-08-11 16:07:04 ERROR [main] o.s.b.d.LoggingFailureAnalysisReporter - 

***************************
APPLICATION FAILED TO START
***************************

Description:

Web server failed to start. Port 8091 was already in use.

Action:

Identify and stop the process that's listening on port 8091 or configure this application to listen on another port.

2026-08-11 16:07:07 INFO  [http-nio-8091-exec-4] c.t.e.controller.AccountController - Received withdraw request for account id: 1
2026-08-11 16:07:07 INFO  [http-nio-8091-exec-4] c.t.e.service.AccountService - Withdrawing 1000.0 from account id: 1
2026-08-11 16:07:07 DEBUG [http-nio-8091-exec-4] org.hibernate.SQL - 
    select
        a1_0.id,
        a1_0.account_holder_name,
        a1_0.account_number,
        a1_0.balance 
    from
        account_details5 a1_0 
    where
        a1_0.id=?
2026-08-11 16:07:07 TRACE [http-nio-8091-exec-4] org.hibernate.orm.jdbc.bind - binding parameter (1:INTEGER) <- [1]
2026-08-11 16:07:07 DEBUG [http-nio-8091-exec-4] org.hibernate.SQL - 
    update
        account_details5 
    set
        account_holder_name=?,
        account_number=?,
        balance=? 
    where
        id=?
2026-08-11 16:07:07 TRACE [http-nio-8091-exec-4] org.hibernate.orm.jdbc.bind - binding parameter (1:VARCHAR) <- [Satya Prakash]
2026-08-11 16:07:07 TRACE [http-nio-8091-exec-4] org.hibernate.orm.jdbc.bind - binding parameter (2:VARCHAR) <- [ACC123456]
2026-08-11 16:07:07 TRACE [http-nio-8091-exec-4] org.hibernate.orm.jdbc.bind - binding parameter (3:DOUBLE) <- [23000.0]
2026-08-11 16:07:07 TRACE [http-nio-8091-exec-4] org.hibernate.orm.jdbc.bind - binding parameter (4:INTEGER) <- [1]
2026-08-11 16:07:16 DEBUG [EmployeeBankingHikariPool:housekeeper] com.zaxxer.hikari.pool.HikariPool - EmployeeBankingHikariPool - keepalive: connection ConnectionID:5 ClientConnectionId: bbd0e1a3-800d-4379-b4ae-4960d77ab5ee is alive
2026-08-11 16:07:20 INFO  [http-nio-8091-exec-6] c.t.e.controller.AccountController - Received balance request for account id: 1
2026-08-11 16:07:21 DEBUG [EmployeeBankingHikariPool:housekeeper] com.zaxxer.hikari.pool.HikariPool - EmployeeBankingHikariPool - Before cleanup stats (total=5/10, idle=5/5, active=0, waiting=0)
2026-08-11 16:07:21 DEBUG [EmployeeBankingHikariPool:housekeeper] com.zaxxer.hikari.pool.HikariPool - EmployeeBankingHikariPool - After  cleanup stats (total=5/10, idle=5/5, active=0, waiting=0)
2026-08-11 16:07:21 DEBUG [EmployeeBankingHikariPool:housekeeper] com.zaxxer.hikari.pool.HikariPool - EmployeeBankingHikariPool - Fill pool skipped, pool has sufficient level or currently being filled.
2026-08-11 16:07:33 DEBUG [EmployeeBankingHikariPool:housekeeper] com.zaxxer.hikari.pool.HikariPool - EmployeeBankingHikariPool - keepalive: connection ConnectionID:4 ClientConnectionId: bf4bb38a-f993-4059-a21d-b3c976d09e8d is alive
2026-08-11 16:07:33 INFO  [http-nio-8091-exec-5] c.t.e.controller.AccountController - Received balance request for account id: 1
2026-08-11 16:07:51 DEBUG [EmployeeBankingHikariPool:housekeeper] com.zaxxer.hikari.pool.HikariPool - EmployeeBankingHikariPool - Before cleanup stats (total=5/10, idle=5/5, active=0, waiting=0)
2026-08-11 16:07:51 DEBUG [EmployeeBankingHikariPool:housekeeper] com.zaxxer.hikari.pool.HikariPool - EmployeeBankingHikariPool - After  cleanup stats (total=5/10, idle=5/5, active=0, waiting=0)
2026-08-11 16:07:51 DEBUG [EmployeeBankingHikariPool:housekeeper] com.zaxxer.hikari.pool.HikariPool - EmployeeBankingHikariPool - Fill pool skipped, pool has sufficient level or currently being filled.
2026-08-11 16:07:55 DEBUG [EmployeeBankingHikariPool:connection-closer] com.zaxxer.hikari.pool.PoolBase - EmployeeBankingHikariPool - Closing connection ConnectionID:1 ClientConnectionId: 33bfd1e5-1c34-4b62-bf97-c1b64c0b2141: (connection has passed maxLifetime)
2026-08-11 16:07:55 DEBUG [EmployeeBankingHikariPool:connection-adder] com.zaxxer.hikari.pool.PoolBase - EmployeeBankingHikariPool - Attempting to create/setup new connection (f5323ed4-bb28-41c9-91a0-a273cd0c61ee)
2026-08-11 16:07:55 DEBUG [EmployeeBankingHikariPool:connection-adder] com.zaxxer.hikari.pool.PoolBase - EmployeeBankingHikariPool - Established new connection (f5323ed4-bb28-41c9-91a0-a273cd0c61ee)
2026-08-11 16:07:55 DEBUG [EmployeeBankingHikariPool:connection-adder] com.zaxxer.hikari.pool.HikariPool - EmployeeBankingHikariPool - Added connection ConnectionID:6 ClientConnectionId: f198801c-5c85-4846-a475-a64da48ba613
2026-08-11 16:08:09 DEBUG [EmployeeBankingHikariPool:housekeeper] com.zaxxer.hikari.pool.HikariPool - EmployeeBankingHikariPool - keepalive: connection ConnectionID:3 ClientConnectionId: 94d8b400-f322-4783-ae1b-25c6f492d331 is alive
2026-08-11 16:08:21 DEBUG [EmployeeBankingHikariPool:housekeeper] com.zaxxer.hikari.pool.HikariPool - EmployeeBankingHikariPool - Before cleanup stats (total=5/10, idle=5/5, active=0, waiting=0)
2026-08-11 16:08:21 DEBUG [EmployeeBankingHikariPool:housekeeper] com.zaxxer.hikari.pool.HikariPool - EmployeeBankingHikariPool - After  cleanup stats (total=5/10, idle=5/5, active=0, waiting=0)
2026-08-11 16:08:21 DEBUG [EmployeeBankingHikariPool:housekeeper] com.zaxxer.hikari.pool.HikariPool - EmployeeBankingHikariPool - Fill pool skipped, pool has sufficient level or currently being filled.
2026-08-11 16:08:40 DEBUG [EmployeeBankingHikariPool:connection-closer] com.zaxxer.hikari.pool.PoolBase - EmployeeBankingHikariPool - Closing connection ConnectionID:5 ClientConnectionId: bbd0e1a3-800d-4379-b4ae-4960d77ab5ee: (connection has passed maxLifetime)
2026-08-11 16:08:40 DEBUG [EmployeeBankingHikariPool:connection-adder] com.zaxxer.hikari.pool.PoolBase - EmployeeBankingHikariPool - Attempting to create/setup new connection (b18b1b32-3c6b-4e84-a727-36a4c1d8e5c0)
2026-08-11 16:08:40 DEBUG [EmployeeBankingHikariPool:connection-adder] com.zaxxer.hikari.pool.PoolBase - EmployeeBankingHikariPool - Established new connection (b18b1b32-3c6b-4e84-a727-36a4c1d8e5c0)
2026-08-11 16:08:40 DEBUG [EmployeeBankingHikariPool:connection-adder] com.zaxxer.hikari.pool.HikariPool - EmployeeBankingHikariPool - Added connection ConnectionID:7 ClientConnectionId: 696db897-379c-4868-9bee-ef48e530c0aa
2026-08-11 16:08:41 DEBUG [EmployeeBankingHikariPool:housekeeper] com.zaxxer.hikari.pool.HikariPool - EmployeeBankingHikariPool - keepalive: connection ConnectionID:2 ClientConnectionId: fadf95b6-a5ce-47a1-aa8e-2e775fcf0f54 is alive
2026-08-11 16:08:42 INFO  [http-nio-8091-exec-8] c.t.e.controller.AccountController - Received balance request for account id: 1
2026-08-11 16:08:51 DEBUG [EmployeeBankingHikariPool:housekeeper] com.zaxxer.hikari.pool.HikariPool - EmployeeBankingHikariPool - Before cleanup stats (total=5/10, idle=5/5, active=0, waiting=0)
2026-08-11 16:08:51 DEBUG [EmployeeBankingHikariPool:housekeeper] com.zaxxer.hikari.pool.HikariPool - EmployeeBankingHikariPool - After  cleanup stats (total=5/10, idle=5/5, active=0, waiting=0)
2026-08-11 16:08:51 DEBUG [EmployeeBankingHikariPool:housekeeper] com.zaxxer.hikari.pool.HikariPool - EmployeeBankingHikariPool - Fill pool skipped, pool has sufficient level or currently being filled.
2026-08-11 16:09:21 DEBUG [EmployeeBankingHikariPool:housekeeper] com.zaxxer.hikari.pool.HikariPool - EmployeeBankingHikariPool - Before cleanup stats (total=5/10, idle=5/5, active=0, waiting=0)
2026-08-11 16:09:21 DEBUG [EmployeeBankingHikariPool:housekeeper] com.zaxxer.hikari.pool.HikariPool - EmployeeBankingHikariPool - After  cleanup stats (total=5/10, idle=5/5, active=0, waiting=0)
2026-08-11 16:09:21 DEBUG [EmployeeBankingHikariPool:housekeeper] com.zaxxer.hikari.pool.HikariPool - EmployeeBankingHikariPool - Fill pool skipped, pool has sufficient level or currently being filled.
2026-08-11 16:09:24 DEBUG [EmployeeBankingHikariPool:housekeeper] com.zaxxer.hikari.pool.HikariPool - EmployeeBankingHikariPool - keepalive: connection ConnectionID:4 ClientConnectionId: bf4bb38a-f993-4059-a21d-b3c976d09e8d is alive
2026-08-11 16:09:45 DEBUG [EmployeeBankingHikariPool:housekeeper] com.zaxxer.hikari.pool.HikariPool - EmployeeBankingHikariPool - keepalive: connection ConnectionID:6 ClientConnectionId: f198801c-5c85-4846-a475-a64da48ba613 is alive
2026-08-11 16:09:51 DEBUG [EmployeeBankingHikariPool:housekeeper] com.zaxxer.hikari.pool.HikariPool - EmployeeBankingHikariPool - Before cleanup stats (total=5/10, idle=5/5, active=0, waiting=0)
2026-08-11 16:09:51 DEBUG [EmployeeBankingHikariPool:housekeeper] com.zaxxer.hikari.pool.HikariPool - EmployeeBankingHikariPool - After  cleanup stats (total=5/10, idle=5/5, active=0, waiting=0)
2026-08-11 16:09:51 DEBUG [EmployeeBankingHikariPool:housekeeper] com.zaxxer.hikari.pool.HikariPool - EmployeeBankingHikariPool - Fill pool skipped, pool has sufficient level or currently being filled.
2026-08-11 16:10:03 DEBUG [EmployeeBankingHikariPool:housekeeper] com.zaxxer.hikari.pool.HikariPool - EmployeeBankingHikariPool - keepalive: connection ConnectionID:3 ClientConnectionId: 94d8b400-f322-4783-ae1b-25c6f492d331 is alive
2026-08-11 16:10:18 DEBUG [EmployeeBankingHikariPool:housekeeper] com.zaxxer.hikari.pool.HikariPool - EmployeeBankingHikariPool - keepalive: connection ConnectionID:7 ClientConnectionId: 696db897-379c-4868-9bee-ef48e530c0aa is alive
2026-08-11 16:10:21 DEBUG [EmployeeBankingHikariPool:housekeeper] com.zaxxer.hikari.pool.HikariPool - EmployeeBankingHikariPool - Before cleanup stats (total=5/10, idle=5/5, active=0, waiting=0)
2026-08-11 16:10:21 DEBUG [EmployeeBankingHikariPool:housekeeper] com.zaxxer.hikari.pool.HikariPool - EmployeeBankingHikariPool - After  cleanup stats (total=5/10, idle=5/5, active=0, waiting=0)
2026-08-11 16:10:21 DEBUG [EmployeeBankingHikariPool:housekeeper] com.zaxxer.hikari.pool.HikariPool - EmployeeBankingHikariPool - Fill pool skipped, pool has sufficient level or currently being filled.
2026-08-11 16:10:29 DEBUG [EmployeeBankingHikariPool:housekeeper] com.zaxxer.hikari.pool.HikariPool - EmployeeBankingHikariPool - keepalive: connection ConnectionID:2 ClientConnectionId: fadf95b6-a5ce-47a1-aa8e-2e775fcf0f54 is alive
2026-08-11 16:10:51 DEBUG [EmployeeBankingHikariPool:housekeeper] com.zaxxer.hikari.pool.HikariPool - EmployeeBankingHikariPool - Before cleanup stats (total=5/10, idle=5/5, active=0, waiting=0)
2026-08-11 16:10:51 DEBUG [EmployeeBankingHikariPool:housekeeper] com.zaxxer.hikari.pool.HikariPool - EmployeeBankingHikariPool - After  cleanup stats (total=5/10, idle=5/5, active=0, waiting=0)
2026-08-11 16:10:51 DEBUG [EmployeeBankingHikariPool:housekeeper] com.zaxxer.hikari.pool.HikariPool - EmployeeBankingHikariPool - Fill pool skipped, pool has sufficient level or currently being filled.
2026-08-11 16:11:09 DEBUG [EmployeeBankingHikariPool:connection-closer] com.zaxxer.hikari.pool.PoolBase - EmployeeBankingHikariPool - Closing connection ConnectionID:4 ClientConnectionId: bf4bb38a-f993-4059-a21d-b3c976d09e8d: (connection has passed maxLifetime)
2026-08-11 16:11:09 DEBUG [EmployeeBankingHikariPool:connection-adder] com.zaxxer.hikari.pool.PoolBase - EmployeeBankingHikariPool - Attempting to create/setup new connection (7ae8efc3-d4c9-4afc-901f-b8a641210791)
2026-08-11 16:11:09 DEBUG [EmployeeBankingHikariPool:connection-adder] com.zaxxer.hikari.pool.PoolBase - EmployeeBankingHikariPool - Established new connection (7ae8efc3-d4c9-4afc-901f-b8a641210791)
2026-08-11 16:11:09 DEBUG [EmployeeBankingHikariPool:connection-adder] com.zaxxer.hikari.pool.HikariPool - EmployeeBankingHikariPool - Added connection ConnectionID:8 ClientConnectionId: 2153637a-57a4-453a-885b-0454c428c20a
2026-08-11 16:11:21 DEBUG [EmployeeBankingHikariPool:housekeeper] com.zaxxer.hikari.pool.HikariPool - EmployeeBankingHikariPool - Before cleanup stats (total=5/10, idle=5/5, active=0, waiting=0)
2026-08-11 16:11:21 DEBUG [EmployeeBankingHikariPool:housekeeper] com.zaxxer.hikari.pool.HikariPool - EmployeeBankingHikariPool - After  cleanup stats (total=5/10, idle=5/5, active=0, waiting=0)
2026-08-11 16:11:21 DEBUG [EmployeeBankingHikariPool:housekeeper] com.zaxxer.hikari.pool.HikariPool - EmployeeBankingHikariPool - Fill pool skipped, pool has sufficient level or currently being filled.
2026-08-11 16:11:36 DEBUG [EmployeeBankingHikariPool:housekeeper] com.zaxxer.hikari.pool.HikariPool - EmployeeBankingHikariPool - keepalive: connection ConnectionID:6 ClientConnectionId: f198801c-5c85-4846-a475-a64da48ba613 is alive
2026-08-11 16:11:51 DEBUG [EmployeeBankingHikariPool:housekeeper] com.zaxxer.hikari.pool.HikariPool - EmployeeBankingHikariPool - Before cleanup stats (total=5/10, idle=5/5, active=0, waiting=0)
2026-08-11 16:11:51 DEBUG [EmployeeBankingHikariPool:housekeeper] com.zaxxer.hikari.pool.HikariPool - EmployeeBankingHikariPool - After  cleanup stats (total=5/10, idle=5/5, active=0, waiting=0)
2026-08-11 16:11:51 DEBUG [EmployeeBankingHikariPool:housekeeper] com.zaxxer.hikari.pool.HikariPool - EmployeeBankingHikariPool - Fill pool skipped, pool has sufficient level or currently being filled.
2026-08-11 16:11:55 DEBUG [EmployeeBankingHikariPool:housekeeper] com.zaxxer.hikari.pool.HikariPool - EmployeeBankingHikariPool - keepalive: connection ConnectionID:7 ClientConnectionId: 696db897-379c-4868-9bee-ef48e530c0aa is alive
2026-08-11 16:11:57 DEBUG [EmployeeBankingHikariPool:housekeeper] com.zaxxer.hikari.pool.HikariPool - EmployeeBankingHikariPool - keepalive: connection ConnectionID:3 ClientConnectionId: 94d8b400-f322-4783-ae1b-25c6f492d331 is alive
2026-08-11 16:12:16 DEBUG [EmployeeBankingHikariPool:housekeeper] com.zaxxer.hikari.pool.HikariPool - EmployeeBankingHikariPool - keepalive: connection ConnectionID:2 ClientConnectionId: fadf95b6-a5ce-47a1-aa8e-2e775fcf0f54 is alive
2026-08-11 16:12:21 DEBUG [EmployeeBankingHikariPool:housekeeper] com.zaxxer.hikari.pool.HikariPool - EmployeeBankingHikariPool - Before cleanup stats (total=5/10, idle=5/5, active=0, waiting=0)
2026-08-11 16:12:21 DEBUG [EmployeeBankingHikariPool:housekeeper] com.zaxxer.hikari.pool.HikariPool - EmployeeBankingHikariPool - After  cleanup stats (total=5/10, idle=5/5, active=0, waiting=0)
2026-08-11 16:12:21 DEBUG [EmployeeBankingHikariPool:housekeeper] com.zaxxer.hikari.pool.HikariPool - EmployeeBankingHikariPool - Fill pool skipped, pool has sufficient level or currently being filled.
2026-08-11 16:12:51 DEBUG [EmployeeBankingHikariPool:housekeeper] com.zaxxer.hikari.pool.HikariPool - EmployeeBankingHikariPool - Before cleanup stats (total=5/10, idle=5/5, active=0, waiting=0)
2026-08-11 16:12:51 DEBUG [EmployeeBankingHikariPool:housekeeper] com.zaxxer.hikari.pool.HikariPool - EmployeeBankingHikariPool - After  cleanup stats (total=5/10, idle=5/5, active=0, waiting=0)
2026-08-11 16:12:51 DEBUG [EmployeeBankingHikariPool:housekeeper] com.zaxxer.hikari.pool.HikariPool - EmployeeBankingHikariPool - Fill pool skipped, pool has sufficient level or currently being filled.
2026-08-11 16:12:54 DEBUG [EmployeeBankingHikariPool:housekeeper] com.zaxxer.hikari.pool.HikariPool - EmployeeBankingHikariPool - keepalive: connection ConnectionID:8 ClientConnectionId: 2153637a-57a4-453a-885b-0454c428c20a is alive
2026-08-11 16:13:21 DEBUG [EmployeeBankingHikariPool:housekeeper] com.zaxxer.hikari.pool.HikariPool - EmployeeBankingHikariPool - Before cleanup stats (total=5/10, idle=5/5, active=0, waiting=0)
2026-08-11 16:13:21 DEBUG [EmployeeBankingHikariPool:housekeeper] com.zaxxer.hikari.pool.HikariPool - EmployeeBankingHikariPool - After  cleanup stats (total=5/10, idle=5/5, active=0, waiting=0)
2026-08-11 16:13:21 DEBUG [EmployeeBankingHikariPool:housekeeper] com.zaxxer.hikari.pool.HikariPool - EmployeeBankingHikariPool - Fill pool skipped, pool has sufficient level or currently being filled.
2026-08-11 16:13:26 DEBUG [EmployeeBankingHikariPool:housekeeper] com.zaxxer.hikari.pool.HikariPool - EmployeeBankingHikariPool - keepalive: connection ConnectionID:6 ClientConnectionId: f198801c-5c85-4846-a475-a64da48ba613 is alive
2026-08-11 16:13:32 DEBUG [EmployeeBankingHikariPool:housekeeper] com.zaxxer.hikari.pool.HikariPool - EmployeeBankingHikariPool - keepalive: connection ConnectionID:7 ClientConnectionId: 696db897-379c-4868-9bee-ef48e530c0aa is alive
2026-08-11 16:13:38 DEBUG [EmployeeBankingHikariPool:connection-closer] com.zaxxer.hikari.pool.PoolBase - EmployeeBankingHikariPool - Closing connection ConnectionID:2 ClientConnectionId: fadf95b6-a5ce-47a1-aa8e-2e775fcf0f54: (connection has passed maxLifetime)
2026-08-11 16:13:38 DEBUG [EmployeeBankingHikariPool:connection-adder] com.zaxxer.hikari.pool.PoolBase - EmployeeBankingHikariPool - Attempting to create/setup new connection (ea94ceb9-93dd-4d8b-96be-7399faba2453)
2026-08-11 16:13:38 DEBUG [EmployeeBankingHikariPool:connection-adder] com.zaxxer.hikari.pool.PoolBase - EmployeeBankingHikariPool - Established new connection (ea94ceb9-93dd-4d8b-96be-7399faba2453)
2026-08-11 16:13:38 DEBUG [EmployeeBankingHikariPool:connection-adder] com.zaxxer.hikari.pool.HikariPool - EmployeeBankingHikariPool - Added connection ConnectionID:9 ClientConnectionId: 531d89b8-aaf1-44a3-bb89-ec5679981edb
2026-08-11 16:13:51 DEBUG [EmployeeBankingHikariPool:housekeeper] com.zaxxer.hikari.pool.HikariPool - EmployeeBankingHikariPool - keepalive: connection ConnectionID:3 ClientConnectionId: 94d8b400-f322-4783-ae1b-25c6f492d331 is alive
2026-08-11 16:13:51 DEBUG [EmployeeBankingHikariPool:housekeeper] com.zaxxer.hikari.pool.HikariPool - EmployeeBankingHikariPool - Before cleanup stats (total=5/10, idle=5/5, active=0, waiting=0)
2026-08-11 16:13:51 DEBUG [EmployeeBankingHikariPool:housekeeper] com.zaxxer.hikari.pool.HikariPool - EmployeeBankingHikariPool - After  cleanup stats (total=5/10, idle=5/5, active=0, waiting=0)
2026-08-11 16:13:51 DEBUG [EmployeeBankingHikariPool:housekeeper] com.zaxxer.hikari.pool.HikariPool - EmployeeBankingHikariPool - Fill pool skipped, pool has sufficient level or currently being filled.
2026-08-11 16:14:10 DEBUG [EmployeeBankingHikariPool:connection-closer] com.zaxxer.hikari.pool.PoolBase - EmployeeBankingHikariPool - Closing connection ConnectionID:3 ClientConnectionId: 94d8b400-f322-4783-ae1b-25c6f492d331: (connection has passed maxLifetime)
2026-08-11 16:14:10 DEBUG [EmployeeBankingHikariPool:connection-adder] com.zaxxer.hikari.pool.PoolBase - EmployeeBankingHikariPool - Attempting to create/setup new connection (291d85f6-ab9b-414e-b443-fcc7540f431a)
2026-08-11 16:14:10 DEBUG [EmployeeBankingHikariPool:connection-adder] com.zaxxer.hikari.pool.PoolBase - EmployeeBankingHikariPool - Established new connection (291d85f6-ab9b-414e-b443-fcc7540f431a)
2026-08-11 16:14:10 DEBUG [EmployeeBankingHikariPool:connection-adder] com.zaxxer.hikari.pool.HikariPool - EmployeeBankingHikariPool - Added connection ConnectionID:10 ClientConnectionId: ee61e894-a415-4a03-a954-f54565bfc314
2026-08-11 16:14:21 DEBUG [EmployeeBankingHikariPool:housekeeper] com.zaxxer.hikari.pool.HikariPool - EmployeeBankingHikariPool - Before cleanup stats (total=5/10, idle=5/5, active=0, waiting=0)
2026-08-11 16:14:21 DEBUG [EmployeeBankingHikariPool:housekeeper] com.zaxxer.hikari.pool.HikariPool - EmployeeBankingHikariPool - After  cleanup stats (total=5/10, idle=5/5, active=0, waiting=0)
2026-08-11 16:14:21 DEBUG [EmployeeBankingHikariPool:housekeeper] com.zaxxer.hikari.pool.HikariPool - EmployeeBankingHikariPool - Fill pool skipped, pool has sufficient level or currently being filled.
2026-08-11 16:14:39 DEBUG [EmployeeBankingHikariPool:housekeeper] com.zaxxer.hikari.pool.HikariPool - EmployeeBankingHikariPool - keepalive: connection ConnectionID:8 ClientConnectionId: 2153637a-57a4-453a-885b-0454c428c20a is alive
2026-08-11 16:14:51 DEBUG [EmployeeBankingHikariPool:housekeeper] com.zaxxer.hikari.pool.HikariPool - EmployeeBankingHikariPool - Before cleanup stats (total=5/10, idle=5/5, active=0, waiting=0)
2026-08-11 16:14:51 DEBUG [EmployeeBankingHikariPool:housekeeper] com.zaxxer.hikari.pool.HikariPool - EmployeeBankingHikariPool - After  cleanup stats (total=5/10, idle=5/5, active=0, waiting=0)
2026-08-11 16:14:51 DEBUG [EmployeeBankingHikariPool:housekeeper] com.zaxxer.hikari.pool.HikariPool - EmployeeBankingHikariPool - Fill pool skipped, pool has sufficient level or currently being filled.
2026-08-11 16:15:10 DEBUG [EmployeeBankingHikariPool:housekeeper] com.zaxxer.hikari.pool.HikariPool - EmployeeBankingHikariPool - keepalive: connection ConnectionID:7 ClientConnectionId: 696db897-379c-4868-9bee-ef48e530c0aa is alive
2026-08-11 16:15:16 DEBUG [EmployeeBankingHikariPool:housekeeper] com.zaxxer.hikari.pool.HikariPool - EmployeeBankingHikariPool - keepalive: connection ConnectionID:6 ClientConnectionId: f198801c-5c85-4846-a475-a64da48ba613 is alive
2026-08-11 16:15:21 DEBUG [EmployeeBankingHikariPool:housekeeper] com.zaxxer.hikari.pool.HikariPool - EmployeeBankingHikariPool - Before cleanup stats (total=5/10, idle=5/5, active=0, waiting=0)
2026-08-11 16:15:21 DEBUG [EmployeeBankingHikariPool:housekeeper] com.zaxxer.hikari.pool.HikariPool - EmployeeBankingHikariPool - After  cleanup stats (total=5/10, idle=5/5, active=0, waiting=0)
2026-08-11 16:15:21 DEBUG [EmployeeBankingHikariPool:housekeeper] com.zaxxer.hikari.pool.HikariPool - EmployeeBankingHikariPool - Fill pool skipped, pool has sufficient level or currently being filled.
2026-08-11 16:15:23 DEBUG [EmployeeBankingHikariPool:housekeeper] com.zaxxer.hikari.pool.HikariPool - EmployeeBankingHikariPool - keepalive: connection ConnectionID:9 ClientConnectionId: 531d89b8-aaf1-44a3-bb89-ec5679981edb is alive
2026-08-11 16:15:51 DEBUG [EmployeeBankingHikariPool:housekeeper] com.zaxxer.hikari.pool.HikariPool - EmployeeBankingHikariPool - Before cleanup stats (total=5/10, idle=5/5, active=0, waiting=0)
2026-08-11 16:15:51 DEBUG [EmployeeBankingHikariPool:housekeeper] com.zaxxer.hikari.pool.HikariPool - EmployeeBankingHikariPool - After  cleanup stats (total=5/10, idle=5/5, active=0, waiting=0)
2026-08-11 16:15:51 DEBUG [EmployeeBankingHikariPool:housekeeper] com.zaxxer.hikari.pool.HikariPool - EmployeeBankingHikariPool - Fill pool skipped, pool has sufficient level or currently being filled.
2026-08-11 16:15:56 DEBUG [EmployeeBankingHikariPool:housekeeper] com.zaxxer.hikari.pool.HikariPool - EmployeeBankingHikariPool - keepalive: connection ConnectionID:10 ClientConnectionId: ee61e894-a415-4a03-a954-f54565bfc314 is alive
2026-08-11 16:16:21 DEBUG [EmployeeBankingHikariPool:housekeeper] com.zaxxer.hikari.pool.HikariPool - EmployeeBankingHikariPool - Before cleanup stats (total=5/10, idle=5/5, active=0, waiting=0)
2026-08-11 16:16:21 DEBUG [EmployeeBankingHikariPool:housekeeper] com.zaxxer.hikari.pool.HikariPool - EmployeeBankingHikariPool - After  cleanup stats (total=5/10, idle=5/5, active=0, waiting=0)
2026-08-11 16:16:21 DEBUG [EmployeeBankingHikariPool:housekeeper] com.zaxxer.hikari.pool.HikariPool - EmployeeBankingHikariPool - Fill pool skipped, pool has sufficient level or currently being filled.
2026-08-11 16:16:24 DEBUG [EmployeeBankingHikariPool:housekeeper] com.zaxxer.hikari.pool.HikariPool - EmployeeBankingHikariPool - keepalive: connection ConnectionID:8 ClientConnectionId: 2153637a-57a4-453a-885b-0454c428c20a is alive
2026-08-11 16:16:47 DEBUG [EmployeeBankingHikariPool:housekeeper] com.zaxxer.hikari.pool.HikariPool - EmployeeBankingHikariPool - keepalive: connection ConnectionID:7 ClientConnectionId: 696db897-379c-4868-9bee-ef48e530c0aa is alive
2026-08-11 16:16:51 DEBUG [EmployeeBankingHikariPool:housekeeper] com.zaxxer.hikari.pool.HikariPool - EmployeeBankingHikariPool - Before cleanup stats (total=5/10, idle=5/5, active=0, waiting=0)
2026-08-11 16:16:51 DEBUG [EmployeeBankingHikariPool:housekeeper] com.zaxxer.hikari.pool.HikariPool - EmployeeBankingHikariPool - After  cleanup stats (total=5/10, idle=5/5, active=0, waiting=0)
2026-08-11 16:16:51 DEBUG [EmployeeBankingHikariPool:housekeeper] com.zaxxer.hikari.pool.HikariPool - EmployeeBankingHikariPool - Fill pool skipped, pool has sufficient level or currently being filled.
2026-08-11 16:17:06 DEBUG [EmployeeBankingHikariPool:housekeeper] com.zaxxer.hikari.pool.HikariPool - EmployeeBankingHikariPool - keepalive: connection ConnectionID:6 ClientConnectionId: f198801c-5c85-4846-a475-a64da48ba613 is alive
2026-08-11 16:17:07 DEBUG [EmployeeBankingHikariPool:housekeeper] com.zaxxer.hikari.pool.HikariPool - EmployeeBankingHikariPool - keepalive: connection ConnectionID:9 ClientConnectionId: 531d89b8-aaf1-44a3-bb89-ec5679981edb is alive
2026-08-11 16:17:21 DEBUG [EmployeeBankingHikariPool:housekeeper] com.zaxxer.hikari.pool.HikariPool - EmployeeBankingHikariPool - Before cleanup stats (total=5/10, idle=5/5, active=0, waiting=0)
2026-08-11 16:17:21 DEBUG [EmployeeBankingHikariPool:housekeeper] com.zaxxer.hikari.pool.HikariPool - EmployeeBankingHikariPool - After  cleanup stats (total=5/10, idle=5/5, active=0, waiting=0)
2026-08-11 16:17:21 DEBUG [EmployeeBankingHikariPool:housekeeper] com.zaxxer.hikari.pool.HikariPool - EmployeeBankingHikariPool - Fill pool skipped, pool has sufficient level or currently being filled.
2026-08-11 16:17:42 DEBUG [EmployeeBankingHikariPool:housekeeper] com.zaxxer.hikari.pool.HikariPool - EmployeeBankingHikariPool - keepalive: connection ConnectionID:10 ClientConnectionId: ee61e894-a415-4a03-a954-f54565bfc314 is alive
2026-08-11 16:17:51 DEBUG [EmployeeBankingHikariPool:housekeeper] com.zaxxer.hikari.pool.HikariPool - EmployeeBankingHikariPool - Before cleanup stats (total=5/10, idle=5/5, active=0, waiting=0)
2026-08-11 16:17:51 DEBUG [EmployeeBankingHikariPool:housekeeper] com.zaxxer.hikari.pool.HikariPool - EmployeeBankingHikariPool - After  cleanup stats (total=5/10, idle=5/5, active=0, waiting=0)
2026-08-11 16:17:51 DEBUG [EmployeeBankingHikariPool:housekeeper] com.zaxxer.hikari.pool.HikariPool - EmployeeBankingHikariPool - Fill pool skipped, pool has sufficient level or currently being filled.
2026-08-11 16:18:09 DEBUG [EmployeeBankingHikariPool:housekeeper] com.zaxxer.hikari.pool.HikariPool - EmployeeBankingHikariPool - keepalive: connection ConnectionID:8 ClientConnectionId: 2153637a-57a4-453a-885b-0454c428c20a is alive
2026-08-11 16:18:21 DEBUG [EmployeeBankingHikariPool:housekeeper] com.zaxxer.hikari.pool.HikariPool - EmployeeBankingHikariPool - Before cleanup stats (total=5/10, idle=5/5, active=0, waiting=0)
2026-08-11 16:18:21 DEBUG [EmployeeBankingHikariPool:housekeeper] com.zaxxer.hikari.pool.HikariPool - EmployeeBankingHikariPool - After  cleanup stats (total=5/10, idle=5/5, active=0, waiting=0)
2026-08-11 16:18:21 DEBUG [EmployeeBankingHikariPool:housekeeper] com.zaxxer.hikari.pool.HikariPool - EmployeeBankingHikariPool - Fill pool skipped, pool has sufficient level or currently being filled.
2026-08-11 16:18:24 DEBUG [EmployeeBankingHikariPool:housekeeper] com.zaxxer.hikari.pool.HikariPool - EmployeeBankingHikariPool - keepalive: connection ConnectionID:7 ClientConnectionId: 696db897-379c-4868-9bee-ef48e530c0aa is alive
2026-08-11 16:18:51 DEBUG [EmployeeBankingHikariPool:housekeeper] com.zaxxer.hikari.pool.HikariPool - EmployeeBankingHikariPool - Before cleanup stats (total=5/10, idle=5/5, active=0, waiting=0)
2026-08-11 16:18:51 DEBUG [EmployeeBankingHikariPool:housekeeper] com.zaxxer.hikari.pool.HikariPool - EmployeeBankingHikariPool - After  cleanup stats (total=5/10, idle=5/5, active=0, waiting=0)
2026-08-11 16:18:51 DEBUG [EmployeeBankingHikariPool:housekeeper] com.zaxxer.hikari.pool.HikariPool - EmployeeBankingHikariPool - Fill pool skipped, pool has sufficient level or currently being filled.
2026-08-11 16:18:52 DEBUG [EmployeeBankingHikariPool:housekeeper] com.zaxxer.hikari.pool.HikariPool - EmployeeBankingHikariPool - keepalive: connection ConnectionID:9 ClientConnectionId: 531d89b8-aaf1-44a3-bb89-ec5679981edb is alive
2026-08-11 16:18:57 DEBUG [EmployeeBankingHikariPool:housekeeper] com.zaxxer.hikari.pool.HikariPool - EmployeeBankingHikariPool - keepalive: connection ConnectionID:6 ClientConnectionId: f198801c-5c85-4846-a475-a64da48ba613 is alive
2026-08-11 16:19:21 DEBUG [EmployeeBankingHikariPool:housekeeper] com.zaxxer.hikari.pool.HikariPool - EmployeeBankingHikariPool - Before cleanup stats (total=5/10, idle=5/5, active=0, waiting=0)
2026-08-11 16:19:21 DEBUG [EmployeeBankingHikariPool:housekeeper] com.zaxxer.hikari.pool.HikariPool - EmployeeBankingHikariPool - After  cleanup stats (total=5/10, idle=5/5, active=0, waiting=0)
2026-08-11 16:19:21 DEBUG [EmployeeBankingHikariPool:housekeeper] com.zaxxer.hikari.pool.HikariPool - EmployeeBankingHikariPool - Fill pool skipped, pool has sufficient level or currently being filled.
2026-08-11 16:19:28 DEBUG [EmployeeBankingHikariPool:housekeeper] com.zaxxer.hikari.pool.HikariPool - EmployeeBankingHikariPool - keepalive: connection ConnectionID:10 ClientConnectionId: ee61e894-a415-4a03-a954-f54565bfc314 is alive
2026-08-11 16:19:51 DEBUG [EmployeeBankingHikariPool:housekeeper] com.zaxxer.hikari.pool.HikariPool - EmployeeBankingHikariPool - Before cleanup stats (total=5/10, idle=5/5, active=0, waiting=0)
2026-08-11 16:19:51 DEBUG [EmployeeBankingHikariPool:housekeeper] com.zaxxer.hikari.pool.HikariPool - EmployeeBankingHikariPool - After  cleanup stats (total=5/10, idle=5/5, active=0, waiting=0)
2026-08-11 16:19:51 DEBUG [EmployeeBankingHikariPool:housekeeper] com.zaxxer.hikari.pool.HikariPool - EmployeeBankingHikariPool - Fill pool skipped, pool has sufficient level or currently being filled.
2026-08-11 16:19:53 DEBUG [EmployeeBankingHikariPool:housekeeper] com.zaxxer.hikari.pool.HikariPool - EmployeeBankingHikariPool - keepalive: connection ConnectionID:8 ClientConnectionId: 2153637a-57a4-453a-885b-0454c428c20a is alive
2026-08-11 16:20:02 DEBUG [EmployeeBankingHikariPool:housekeeper] com.zaxxer.hikari.pool.HikariPool - EmployeeBankingHikariPool - keepalive: connection ConnectionID:7 ClientConnectionId: 696db897-379c-4868-9bee-ef48e530c0aa is alive
2026-08-11 16:20:21 DEBUG [EmployeeBankingHikariPool:housekeeper] com.zaxxer.hikari.pool.HikariPool - EmployeeBankingHikariPool - Before cleanup stats (total=5/10, idle=5/5, active=0, waiting=0)
2026-08-11 16:20:21 DEBUG [EmployeeBankingHikariPool:housekeeper] com.zaxxer.hikari.pool.HikariPool - EmployeeBankingHikariPool - After  cleanup stats (total=5/10, idle=5/5, active=0, waiting=0)
2026-08-11 16:20:21 DEBUG [EmployeeBankingHikariPool:housekeeper] com.zaxxer.hikari.pool.HikariPool - EmployeeBankingHikariPool - Fill pool skipped, pool has sufficient level or currently being filled.
2026-08-11 16:20:36 DEBUG [EmployeeBankingHikariPool:housekeeper] com.zaxxer.hikari.pool.HikariPool - EmployeeBankingHikariPool - keepalive: connection ConnectionID:9 ClientConnectionId: 531d89b8-aaf1-44a3-bb89-ec5679981edb is alive
2026-08-11 16:20:47 DEBUG [EmployeeBankingHikariPool:housekeeper] com.zaxxer.hikari.pool.HikariPool - EmployeeBankingHikariPool - keepalive: connection ConnectionID:6 ClientConnectionId: f198801c-5c85-4846-a475-a64da48ba613 is alive
2026-08-11 16:20:51 DEBUG [EmployeeBankingHikariPool:housekeeper] com.zaxxer.hikari.pool.HikariPool - EmployeeBankingHikariPool - Before cleanup stats (total=5/10, idle=5/5, active=0, waiting=0)
2026-08-11 16:20:51 DEBUG [EmployeeBankingHikariPool:housekeeper] com.zaxxer.hikari.pool.HikariPool - EmployeeBankingHikariPool - After  cleanup stats (total=5/10, idle=5/5, active=0, waiting=0)
2026-08-11 16:20:51 DEBUG [EmployeeBankingHikariPool:housekeeper] com.zaxxer.hikari.pool.HikariPool - EmployeeBankingHikariPool - Fill pool skipped, pool has sufficient level or currently being filled.
2026-08-11 16:21:14 DEBUG [EmployeeBankingHikariPool:housekeeper] com.zaxxer.hikari.pool.HikariPool - EmployeeBankingHikariPool - keepalive: connection ConnectionID:10 ClientConnectionId: ee61e894-a415-4a03-a954-f54565bfc314 is alive
2026-08-11 16:21:21 DEBUG [EmployeeBankingHikariPool:housekeeper] com.zaxxer.hikari.pool.HikariPool - EmployeeBankingHikariPool - Before cleanup stats (total=5/10, idle=5/5, active=0, waiting=0)
2026-08-11 16:21:21 DEBUG [EmployeeBankingHikariPool:housekeeper] com.zaxxer.hikari.pool.HikariPool - EmployeeBankingHikariPool - After  cleanup stats (total=5/10, idle=5/5, active=0, waiting=0)
2026-08-11 16:21:21 DEBUG [EmployeeBankingHikariPool:housekeeper] com.zaxxer.hikari.pool.HikariPool - EmployeeBankingHikariPool - Fill pool skipped, pool has sufficient level or currently being filled.
2026-08-11 16:21:38 DEBUG [EmployeeBankingHikariPool:housekeeper] com.zaxxer.hikari.pool.HikariPool - EmployeeBankingHikariPool - keepalive: connection ConnectionID:8 ClientConnectionId: 2153637a-57a4-453a-885b-0454c428c20a is alive
2026-08-11 16:21:39 DEBUG [EmployeeBankingHikariPool:housekeeper] com.zaxxer.hikari.pool.HikariPool - EmployeeBankingHikariPool - keepalive: connection ConnectionID:7 ClientConnectionId: 696db897-379c-4868-9bee-ef48e530c0aa is alive
2026-08-11 16:21:51 DEBUG [EmployeeBankingHikariPool:housekeeper] com.zaxxer.hikari.pool.HikariPool - EmployeeBankingHikariPool - Before cleanup stats (total=5/10, idle=5/5, active=0, waiting=0)
2026-08-11 16:21:51 DEBUG [EmployeeBankingHikariPool:housekeeper] com.zaxxer.hikari.pool.HikariPool - EmployeeBankingHikariPool - After  cleanup stats (total=5/10, idle=5/5, active=0, waiting=0)
2026-08-11 16:21:51 DEBUG [EmployeeBankingHikariPool:housekeeper] com.zaxxer.hikari.pool.HikariPool - EmployeeBankingHikariPool - Fill pool skipped, pool has sufficient level or currently being filled.
2026-08-11 16:22:21 DEBUG [EmployeeBankingHikariPool:housekeeper] com.zaxxer.hikari.pool.HikariPool - EmployeeBankingHikariPool - keepalive: connection ConnectionID:9 ClientConnectionId: 531d89b8-aaf1-44a3-bb89-ec5679981edb is alive
2026-08-11 16:22:21 DEBUG [EmployeeBankingHikariPool:housekeeper] com.zaxxer.hikari.pool.HikariPool - EmployeeBankingHikariPool - Before cleanup stats (total=5/10, idle=5/5, active=0, waiting=0)
2026-08-11 16:22:21 DEBUG [EmployeeBankingHikariPool:housekeeper] com.zaxxer.hikari.pool.HikariPool - EmployeeBankingHikariPool - After  cleanup stats (total=5/10, idle=5/5, active=0, waiting=0)
2026-08-11 16:22:21 DEBUG [EmployeeBankingHikariPool:housekeeper] com.zaxxer.hikari.pool.HikariPool - EmployeeBankingHikariPool - Fill pool skipped, pool has sufficient level or currently being filled.
2026-08-11 16:22:37 DEBUG [EmployeeBankingHikariPool:housekeeper] com.zaxxer.hikari.pool.HikariPool - EmployeeBankingHikariPool - keepalive: connection ConnectionID:6 ClientConnectionId: f198801c-5c85-4846-a475-a64da48ba613 is alive
2026-08-11 16:22:51 DEBUG [EmployeeBankingHikariPool:housekeeper] com.zaxxer.hikari.pool.HikariPool - EmployeeBankingHikariPool - Before cleanup stats (total=5/10, idle=5/5, active=0, waiting=0)
2026-08-11 16:22:51 DEBUG [EmployeeBankingHikariPool:housekeeper] com.zaxxer.hikari.pool.HikariPool - EmployeeBankingHikariPool - After  cleanup stats (total=5/10, idle=5/5, active=0, waiting=0)
2026-08-11 16:22:51 DEBUG [EmployeeBankingHikariPool:housekeeper] com.zaxxer.hikari.pool.HikariPool - EmployeeBankingHikariPool - Fill pool skipped, pool has sufficient level or currently being filled.
2026-08-11 16:23:00 DEBUG [EmployeeBankingHikariPool:housekeeper] com.zaxxer.hikari.pool.HikariPool - EmployeeBankingHikariPool - keepalive: connection ConnectionID:10 ClientConnectionId: ee61e894-a415-4a03-a954-f54565bfc314 is alive
2026-08-11 16:23:17 DEBUG [EmployeeBankingHikariPool:housekeeper] com.zaxxer.hikari.pool.HikariPool - EmployeeBankingHikariPool - keepalive: connection ConnectionID:7 ClientConnectionId: 696db897-379c-4868-9bee-ef48e530c0aa is alive
2026-08-11 16:23:22 DEBUG [EmployeeBankingHikariPool:housekeeper] com.zaxxer.hikari.pool.HikariPool - EmployeeBankingHikariPool - Before cleanup stats (total=5/10, idle=5/5, active=0, waiting=0)
2026-08-11 16:23:22 DEBUG [EmployeeBankingHikariPool:housekeeper] com.zaxxer.hikari.pool.HikariPool - EmployeeBankingHikariPool - After  cleanup stats (total=5/10, idle=5/5, active=0, waiting=0)
2026-08-11 16:23:22 DEBUG [EmployeeBankingHikariPool:housekeeper] com.zaxxer.hikari.pool.HikariPool - EmployeeBankingHikariPool - Fill pool skipped, pool has sufficient level or currently being filled.
2026-08-11 16:23:23 DEBUG [EmployeeBankingHikariPool:housekeeper] com.zaxxer.hikari.pool.HikariPool - EmployeeBankingHikariPool - keepalive: connection ConnectionID:8 ClientConnectionId: 2153637a-57a4-453a-885b-0454c428c20a is alive
2026-08-11 16:23:52 DEBUG [EmployeeBankingHikariPool:housekeeper] com.zaxxer.hikari.pool.HikariPool - EmployeeBankingHikariPool - Before cleanup stats (total=5/10, idle=5/5, active=0, waiting=0)
2026-08-11 16:23:52 DEBUG [EmployeeBankingHikariPool:housekeeper] com.zaxxer.hikari.pool.HikariPool - EmployeeBankingHikariPool - After  cleanup stats (total=5/10, idle=5/5, active=0, waiting=0)
2026-08-11 16:23:52 DEBUG [EmployeeBankingHikariPool:housekeeper] com.zaxxer.hikari.pool.HikariPool - EmployeeBankingHikariPool - Fill pool skipped, pool has sufficient level or currently being filled.
2026-08-11 16:24:05 DEBUG [EmployeeBankingHikariPool:housekeeper] com.zaxxer.hikari.pool.HikariPool - EmployeeBankingHikariPool - keepalive: connection ConnectionID:9 ClientConnectionId: 531d89b8-aaf1-44a3-bb89-ec5679981edb is alive
2026-08-11 16:24:22 DEBUG [EmployeeBankingHikariPool:housekeeper] com.zaxxer.hikari.pool.HikariPool - EmployeeBankingHikariPool - Before cleanup stats (total=5/10, idle=5/5, active=0, waiting=0)
2026-08-11 16:24:22 DEBUG [EmployeeBankingHikariPool:housekeeper] com.zaxxer.hikari.pool.HikariPool - EmployeeBankingHikariPool - After  cleanup stats (total=5/10, idle=5/5, active=0, waiting=0)
2026-08-11 16:24:22 DEBUG [EmployeeBankingHikariPool:housekeeper] com.zaxxer.hikari.pool.HikariPool - EmployeeBankingHikariPool - Fill pool skipped, pool has sufficient level or currently being filled.
2026-08-11 16:24:27 DEBUG [EmployeeBankingHikariPool:housekeeper] com.zaxxer.hikari.pool.HikariPool - EmployeeBankingHikariPool - keepalive: connection ConnectionID:6 ClientConnectionId: f198801c-5c85-4846-a475-a64da48ba613 is alive
2026-08-11 16:24:47 DEBUG [EmployeeBankingHikariPool:housekeeper] com.zaxxer.hikari.pool.HikariPool - EmployeeBankingHikariPool - keepalive: connection ConnectionID:10 ClientConnectionId: ee61e894-a415-4a03-a954-f54565bfc314 is alive
2026-08-11 16:24:52 DEBUG [EmployeeBankingHikariPool:housekeeper] com.zaxxer.hikari.pool.HikariPool - EmployeeBankingHikariPool - Before cleanup stats (total=5/10, idle=5/5, active=0, waiting=0)
2026-08-11 16:24:52 DEBUG [EmployeeBankingHikariPool:housekeeper] com.zaxxer.hikari.pool.HikariPool - EmployeeBankingHikariPool - After  cleanup stats (total=5/10, idle=5/5, active=0, waiting=0)
2026-08-11 16:24:52 DEBUG [EmployeeBankingHikariPool:housekeeper] com.zaxxer.hikari.pool.HikariPool - EmployeeBankingHikariPool - Fill pool skipped, pool has sufficient level or currently being filled.
2026-08-11 16:24:54 DEBUG [EmployeeBankingHikariPool:housekeeper] com.zaxxer.hikari.pool.HikariPool - EmployeeBankingHikariPool - keepalive: connection ConnectionID:7 ClientConnectionId: 696db897-379c-4868-9bee-ef48e530c0aa is alive
2026-08-11 16:25:08 DEBUG [EmployeeBankingHikariPool:housekeeper] com.zaxxer.hikari.pool.HikariPool - EmployeeBankingHikariPool - keepalive: connection ConnectionID:8 ClientConnectionId: 2153637a-57a4-453a-885b-0454c428c20a is alive
2026-08-11 16:25:22 DEBUG [EmployeeBankingHikariPool:housekeeper] com.zaxxer.hikari.pool.HikariPool - EmployeeBankingHikariPool - Before cleanup stats (total=5/10, idle=5/5, active=0, waiting=0)
2026-08-11 16:25:22 DEBUG [EmployeeBankingHikariPool:housekeeper] com.zaxxer.hikari.pool.HikariPool - EmployeeBankingHikariPool - After  cleanup stats (total=5/10, idle=5/5, active=0, waiting=0)
2026-08-11 16:25:22 DEBUG [EmployeeBankingHikariPool:housekeeper] com.zaxxer.hikari.pool.HikariPool - EmployeeBankingHikariPool - Fill pool skipped, pool has sufficient level or currently being filled.
2026-08-11 16:25:50 DEBUG [EmployeeBankingHikariPool:housekeeper] com.zaxxer.hikari.pool.HikariPool - EmployeeBankingHikariPool - keepalive: connection ConnectionID:9 ClientConnectionId: 531d89b8-aaf1-44a3-bb89-ec5679981edb is alive
2026-08-11 16:25:52 DEBUG [EmployeeBankingHikariPool:housekeeper] com.zaxxer.hikari.pool.HikariPool - EmployeeBankingHikariPool - Before cleanup stats (total=5/10, idle=5/5, active=0, waiting=0)
2026-08-11 16:25:52 DEBUG [EmployeeBankingHikariPool:housekeeper] com.zaxxer.hikari.pool.HikariPool - EmployeeBankingHikariPool - After  cleanup stats (total=5/10, idle=5/5, active=0, waiting=0)
2026-08-11 16:25:52 DEBUG [EmployeeBankingHikariPool:housekeeper] com.zaxxer.hikari.pool.HikariPool - EmployeeBankingHikariPool - Fill pool skipped, pool has sufficient level or currently being filled.
2026-08-11 16:26:18 DEBUG [EmployeeBankingHikariPool:housekeeper] com.zaxxer.hikari.pool.HikariPool - EmployeeBankingHikariPool - keepalive: connection ConnectionID:6 ClientConnectionId: f198801c-5c85-4846-a475-a64da48ba613 is alive
2026-08-11 16:26:22 DEBUG [EmployeeBankingHikariPool:housekeeper] com.zaxxer.hikari.pool.HikariPool - EmployeeBankingHikariPool - Before cleanup stats (total=5/10, idle=5/5, active=0, waiting=0)
2026-08-11 16:26:22 DEBUG [EmployeeBankingHikariPool:housekeeper] com.zaxxer.hikari.pool.HikariPool - EmployeeBankingHikariPool - After  cleanup stats (total=5/10, idle=5/5, active=0, waiting=0)
2026-08-11 16:26:22 DEBUG [EmployeeBankingHikariPool:housekeeper] com.zaxxer.hikari.pool.HikariPool - EmployeeBankingHikariPool - Fill pool skipped, pool has sufficient level or currently being filled.
2026-08-11 16:26:31 DEBUG [EmployeeBankingHikariPool:housekeeper] com.zaxxer.hikari.pool.HikariPool - EmployeeBankingHikariPool - keepalive: connection ConnectionID:7 ClientConnectionId: 696db897-379c-4868-9bee-ef48e530c0aa is alive
2026-08-11 16:26:33 DEBUG [EmployeeBankingHikariPool:housekeeper] com.zaxxer.hikari.pool.HikariPool - EmployeeBankingHikariPool - keepalive: connection ConnectionID:10 ClientConnectionId: ee61e894-a415-4a03-a954-f54565bfc314 is alive
2026-08-11 16:26:52 DEBUG [EmployeeBankingHikariPool:housekeeper] com.zaxxer.hikari.pool.HikariPool - EmployeeBankingHikariPool - Before cleanup stats (total=5/10, idle=5/5, active=0, waiting=0)
2026-08-11 16:26:52 DEBUG [EmployeeBankingHikariPool:housekeeper] com.zaxxer.hikari.pool.HikariPool - EmployeeBankingHikariPool - After  cleanup stats (total=5/10, idle=5/5, active=0, waiting=0)
2026-08-11 16:26:52 DEBUG [EmployeeBankingHikariPool:housekeeper] com.zaxxer.hikari.pool.HikariPool - EmployeeBankingHikariPool - Fill pool skipped, pool has sufficient level or currently being filled.
2026-08-11 16:26:53 DEBUG [EmployeeBankingHikariPool:housekeeper] com.zaxxer.hikari.pool.HikariPool - EmployeeBankingHikariPool - keepalive: connection ConnectionID:8 ClientConnectionId: 2153637a-57a4-453a-885b-0454c428c20a is alive
2026-08-11 16:27:22 DEBUG [EmployeeBankingHikariPool:housekeeper] com.zaxxer.hikari.pool.HikariPool - EmployeeBankingHikariPool - Before cleanup stats (total=5/10, idle=5/5, active=0, waiting=0)
2026-08-11 16:27:22 DEBUG [EmployeeBankingHikariPool:housekeeper] com.zaxxer.hikari.pool.HikariPool - EmployeeBankingHikariPool - After  cleanup stats (total=5/10, idle=5/5, active=0, waiting=0)
2026-08-11 16:27:22 DEBUG [EmployeeBankingHikariPool:housekeeper] com.zaxxer.hikari.pool.HikariPool - EmployeeBankingHikariPool - Fill pool skipped, pool has sufficient level or currently being filled.
2026-08-11 16:27:34 DEBUG [EmployeeBankingHikariPool:housekeeper] com.zaxxer.hikari.pool.HikariPool - EmployeeBankingHikariPool - keepalive: connection ConnectionID:9 ClientConnectionId: 531d89b8-aaf1-44a3-bb89-ec5679981edb is alive
2026-08-11 16:27:52 DEBUG [EmployeeBankingHikariPool:housekeeper] com.zaxxer.hikari.pool.HikariPool - EmployeeBankingHikariPool - Before cleanup stats (total=5/10, idle=5/5, active=0, waiting=0)
2026-08-11 16:27:52 DEBUG [EmployeeBankingHikariPool:housekeeper] com.zaxxer.hikari.pool.HikariPool - EmployeeBankingHikariPool - After  cleanup stats (total=5/10, idle=5/5, active=0, waiting=0)
2026-08-11 16:27:52 DEBUG [EmployeeBankingHikariPool:housekeeper] com.zaxxer.hikari.pool.HikariPool - EmployeeBankingHikariPool - Fill pool skipped, pool has sufficient level or currently being filled.
2026-08-11 16:28:08 DEBUG [EmployeeBankingHikariPool:housekeeper] com.zaxxer.hikari.pool.HikariPool - EmployeeBankingHikariPool - keepalive: connection ConnectionID:6 ClientConnectionId: f198801c-5c85-4846-a475-a64da48ba613 is alive
2026-08-11 16:28:09 DEBUG [EmployeeBankingHikariPool:housekeeper] com.zaxxer.hikari.pool.HikariPool - EmployeeBankingHikariPool - keepalive: connection ConnectionID:7 ClientConnectionId: 696db897-379c-4868-9bee-ef48e530c0aa is alive
2026-08-11 16:28:19 DEBUG [EmployeeBankingHikariPool:housekeeper] com.zaxxer.hikari.pool.HikariPool - EmployeeBankingHikariPool - keepalive: connection ConnectionID:10 ClientConnectionId: ee61e894-a415-4a03-a954-f54565bfc314 is alive
2026-08-11 16:28:22 DEBUG [EmployeeBankingHikariPool:housekeeper] com.zaxxer.hikari.pool.HikariPool - EmployeeBankingHikariPool - Before cleanup stats (total=5/10, idle=5/5, active=0, waiting=0)
2026-08-11 16:28:22 DEBUG [EmployeeBankingHikariPool:housekeeper] com.zaxxer.hikari.pool.HikariPool - EmployeeBankingHikariPool - After  cleanup stats (total=5/10, idle=5/5, active=0, waiting=0)
2026-08-11 16:28:22 DEBUG [EmployeeBankingHikariPool:housekeeper] com.zaxxer.hikari.pool.HikariPool - EmployeeBankingHikariPool - Fill pool skipped, pool has sufficient level or currently being filled.
2026-08-11 16:28:38 DEBUG [EmployeeBankingHikariPool:housekeeper] com.zaxxer.hikari.pool.HikariPool - EmployeeBankingHikariPool - keepalive: connection ConnectionID:8 ClientConnectionId: 2153637a-57a4-453a-885b-0454c428c20a is alive
2026-08-11 16:28:52 DEBUG [EmployeeBankingHikariPool:housekeeper] com.zaxxer.hikari.pool.HikariPool - EmployeeBankingHikariPool - Before cleanup stats (total=5/10, idle=5/5, active=0, waiting=0)
2026-08-11 16:28:52 DEBUG [EmployeeBankingHikariPool:housekeeper] com.zaxxer.hikari.pool.HikariPool - EmployeeBankingHikariPool - After  cleanup stats (total=5/10, idle=5/5, active=0, waiting=0)
2026-08-11 16:28:52 DEBUG [EmployeeBankingHikariPool:housekeeper] com.zaxxer.hikari.pool.HikariPool - EmployeeBankingHikariPool - Fill pool skipped, pool has sufficient level or currently being filled.
2026-08-11 16:29:19 DEBUG [EmployeeBankingHikariPool:housekeeper] com.zaxxer.hikari.pool.HikariPool - EmployeeBankingHikariPool - keepalive: connection ConnectionID:9 ClientConnectionId: 531d89b8-aaf1-44a3-bb89-ec5679981edb is alive
2026-08-11 16:29:22 DEBUG [EmployeeBankingHikariPool:housekeeper] com.zaxxer.hikari.pool.HikariPool - EmployeeBankingHikariPool - Before cleanup stats (total=5/10, idle=5/5, active=0, waiting=0)
2026-08-11 16:29:22 DEBUG [EmployeeBankingHikariPool:housekeeper] com.zaxxer.hikari.pool.HikariPool - EmployeeBankingHikariPool - After  cleanup stats (total=5/10, idle=5/5, active=0, waiting=0)
2026-08-11 16:29:22 DEBUG [EmployeeBankingHikariPool:housekeeper] com.zaxxer.hikari.pool.HikariPool - EmployeeBankingHikariPool - Fill pool skipped, pool has sufficient level or currently being filled.
2026-08-11 16:29:46 DEBUG [EmployeeBankingHikariPool:housekeeper] com.zaxxer.hikari.pool.HikariPool - EmployeeBankingHikariPool - keepalive: connection ConnectionID:7 ClientConnectionId: 696db897-379c-4868-9bee-ef48e530c0aa is alive
2026-08-11 16:29:52 DEBUG [EmployeeBankingHikariPool:housekeeper] com.zaxxer.hikari.pool.HikariPool - EmployeeBankingHikariPool - Before cleanup stats (total=5/10, idle=5/5, active=0, waiting=0)
2026-08-11 16:29:52 DEBUG [EmployeeBankingHikariPool:housekeeper] com.zaxxer.hikari.pool.HikariPool - EmployeeBankingHikariPool - After  cleanup stats (total=5/10, idle=5/5, active=0, waiting=0)
2026-08-11 16:29:52 DEBUG [EmployeeBankingHikariPool:housekeeper] com.zaxxer.hikari.pool.HikariPool - EmployeeBankingHikariPool - Fill pool skipped, pool has sufficient level or currently being filled.
2026-08-11 16:29:58 DEBUG [EmployeeBankingHikariPool:housekeeper] com.zaxxer.hikari.pool.HikariPool - EmployeeBankingHikariPool - keepalive: connection ConnectionID:6 ClientConnectionId: f198801c-5c85-4846-a475-a64da48ba613 is alive
2026-08-11 16:30:05 DEBUG [EmployeeBankingHikariPool:housekeeper] com.zaxxer.hikari.pool.HikariPool - EmployeeBankingHikariPool - keepalive: connection ConnectionID:10 ClientConnectionId: ee61e894-a415-4a03-a954-f54565bfc314 is alive
2026-08-11 16:30:22 DEBUG [EmployeeBankingHikariPool:housekeeper] com.zaxxer.hikari.pool.HikariPool - EmployeeBankingHikariPool - Before cleanup stats (total=5/10, idle=5/5, active=0, waiting=0)
2026-08-11 16:30:22 DEBUG [EmployeeBankingHikariPool:housekeeper] com.zaxxer.hikari.pool.HikariPool - EmployeeBankingHikariPool - After  cleanup stats (total=5/10, idle=5/5, active=0, waiting=0)
2026-08-11 16:30:22 DEBUG [EmployeeBankingHikariPool:housekeeper] com.zaxxer.hikari.pool.HikariPool - EmployeeBankingHikariPool - Fill pool skipped, pool has sufficient level or currently being filled.
2026-08-11 16:30:23 DEBUG [EmployeeBankingHikariPool:housekeeper] com.zaxxer.hikari.pool.HikariPool - EmployeeBankingHikariPool - keepalive: connection ConnectionID:8 ClientConnectionId: 2153637a-57a4-453a-885b-0454c428c20a is alive
2026-08-11 16:30:52 DEBUG [EmployeeBankingHikariPool:housekeeper] com.zaxxer.hikari.pool.HikariPool - EmployeeBankingHikariPool - Before cleanup stats (total=5/10, idle=5/5, active=0, waiting=0)
2026-08-11 16:30:52 DEBUG [EmployeeBankingHikariPool:housekeeper] com.zaxxer.hikari.pool.HikariPool - EmployeeBankingHikariPool - After  cleanup stats (total=5/10, idle=5/5, active=0, waiting=0)
2026-08-11 16:30:52 DEBUG [EmployeeBankingHikariPool:housekeeper] com.zaxxer.hikari.pool.HikariPool - EmployeeBankingHikariPool - Fill pool skipped, pool has sufficient level or currently being filled.
2026-08-11 16:31:03 DEBUG [EmployeeBankingHikariPool:housekeeper] com.zaxxer.hikari.pool.HikariPool - EmployeeBankingHikariPool - keepalive: connection ConnectionID:9 ClientConnectionId: 531d89b8-aaf1-44a3-bb89-ec5679981edb is alive
2026-08-11 16:31:22 DEBUG [EmployeeBankingHikariPool:housekeeper] com.zaxxer.hikari.pool.HikariPool - EmployeeBankingHikariPool - Before cleanup stats (total=5/10, idle=5/5, active=0, waiting=0)
2026-08-11 16:31:22 DEBUG [EmployeeBankingHikariPool:housekeeper] com.zaxxer.hikari.pool.HikariPool - EmployeeBankingHikariPool - After  cleanup stats (total=5/10, idle=5/5, active=0, waiting=0)
2026-08-11 16:31:22 DEBUG [EmployeeBankingHikariPool:housekeeper] com.zaxxer.hikari.pool.HikariPool - EmployeeBankingHikariPool - Fill pool skipped, pool has sufficient level or currently being filled.
2026-08-11 16:31:23 DEBUG [EmployeeBankingHikariPool:housekeeper] com.zaxxer.hikari.pool.HikariPool - EmployeeBankingHikariPool - keepalive: connection ConnectionID:7 ClientConnectionId: 696db897-379c-4868-9bee-ef48e530c0aa is alive
2026-08-11 16:31:48 DEBUG [EmployeeBankingHikariPool:housekeeper] com.zaxxer.hikari.pool.HikariPool - EmployeeBankingHikariPool - keepalive: connection ConnectionID:6 ClientConnectionId: f198801c-5c85-4846-a475-a64da48ba613 is alive
2026-08-11 16:31:51 DEBUG [EmployeeBankingHikariPool:housekeeper] com.zaxxer.hikari.pool.HikariPool - EmployeeBankingHikariPool - keepalive: connection ConnectionID:10 ClientConnectionId: ee61e894-a415-4a03-a954-f54565bfc314 is alive
2026-08-11 16:31:52 DEBUG [EmployeeBankingHikariPool:housekeeper] com.zaxxer.hikari.pool.HikariPool - EmployeeBankingHikariPool - Before cleanup stats (total=5/10, idle=5/5, active=0, waiting=0)
2026-08-11 16:31:52 DEBUG [EmployeeBankingHikariPool:housekeeper] com.zaxxer.hikari.pool.HikariPool - EmployeeBankingHikariPool - After  cleanup stats (total=5/10, idle=5/5, active=0, waiting=0)
2026-08-11 16:31:52 DEBUG [EmployeeBankingHikariPool:housekeeper] com.zaxxer.hikari.pool.HikariPool - EmployeeBankingHikariPool - Fill pool skipped, pool has sufficient level or currently being filled.
2026-08-11 16:32:08 DEBUG [EmployeeBankingHikariPool:housekeeper] com.zaxxer.hikari.pool.HikariPool - EmployeeBankingHikariPool - keepalive: connection ConnectionID:8 ClientConnectionId: 2153637a-57a4-453a-885b-0454c428c20a is alive
2026-08-11 16:32:22 DEBUG [EmployeeBankingHikariPool:housekeeper] com.zaxxer.hikari.pool.HikariPool - EmployeeBankingHikariPool - Before cleanup stats (total=5/10, idle=5/5, active=0, waiting=0)
2026-08-11 16:32:22 DEBUG [EmployeeBankingHikariPool:housekeeper] com.zaxxer.hikari.pool.HikariPool - EmployeeBankingHikariPool - After  cleanup stats (total=5/10, idle=5/5, active=0, waiting=0)
2026-08-11 16:32:22 DEBUG [EmployeeBankingHikariPool:housekeeper] com.zaxxer.hikari.pool.HikariPool - EmployeeBankingHikariPool - Fill pool skipped, pool has sufficient level or currently being filled.
2026-08-11 16:32:48 DEBUG [EmployeeBankingHikariPool:housekeeper] com.zaxxer.hikari.pool.HikariPool - EmployeeBankingHikariPool - keepalive: connection ConnectionID:9 ClientConnectionId: 531d89b8-aaf1-44a3-bb89-ec5679981edb is alive
2026-08-11 16:32:52 DEBUG [EmployeeBankingHikariPool:housekeeper] com.zaxxer.hikari.pool.HikariPool - EmployeeBankingHikariPool - Before cleanup stats (total=5/10, idle=5/5, active=0, waiting=0)
2026-08-11 16:32:52 DEBUG [EmployeeBankingHikariPool:housekeeper] com.zaxxer.hikari.pool.HikariPool - EmployeeBankingHikariPool - After  cleanup stats (total=5/10, idle=5/5, active=0, waiting=0)
2026-08-11 16:32:52 DEBUG [EmployeeBankingHikariPool:housekeeper] com.zaxxer.hikari.pool.HikariPool - EmployeeBankingHikariPool - Fill pool skipped, pool has sufficient level or currently being filled.
2026-08-11 16:33:01 DEBUG [EmployeeBankingHikariPool:housekeeper] com.zaxxer.hikari.pool.HikariPool - EmployeeBankingHikariPool - keepalive: connection ConnectionID:7 ClientConnectionId: 696db897-379c-4868-9bee-ef48e530c0aa is alive
2026-08-11 16:33:04 INFO  [background-preinit] o.h.validator.internal.util.Version - HV000001: Hibernate Validator 8.0.2.Final
2026-08-11 16:33:04 INFO  [main] c.t.e.EmployeeApiApplication - Starting EmployeeApiApplication using Java 21.0.11 with PID 14780 (C:\Users\s.samantray\Desktop\Eclipse_Workspace\EmployeeBankRestApiPostman_Collection\target\classes started by s.samantray in C:\Users\s.samantray\Desktop\Eclipse_Workspace\EmployeeBankRestApiPostman_Collection)
2026-08-11 16:33:04 DEBUG [main] c.t.e.EmployeeApiApplication - Running with Spring Boot v3.5.4, Spring v6.2.9
2026-08-11 16:33:04 INFO  [main] c.t.e.EmployeeApiApplication - No active profile set, falling back to 1 default profile: "default"
2026-08-11 16:33:08 INFO  [main] o.s.d.r.c.RepositoryConfigurationDelegate - Multiple Spring Data modules found, entering strict repository configuration mode
2026-08-11 16:33:08 INFO  [main] o.s.d.r.c.RepositoryConfigurationDelegate - Bootstrapping Spring Data JPA repositories in DEFAULT mode.
2026-08-11 16:33:08 INFO  [main] o.s.d.r.c.RepositoryConfigurationDelegate - Finished Spring Data repository scanning in 465 ms. Found 2 JPA repository interfaces.
2026-08-11 16:33:09 INFO  [main] o.s.d.r.c.RepositoryConfigurationDelegate - Multiple Spring Data modules found, entering strict repository configuration mode
2026-08-11 16:33:09 INFO  [main] o.s.d.r.c.RepositoryConfigurationDelegate - Bootstrapping Spring Data Redis repositories in DEFAULT mode.
2026-08-11 16:33:09 INFO  [main] o.s.d.r.c.RepositoryConfigurationExtensionSupport - Spring Data Redis - Could not safely identify store assignment for repository candidate interface com.tns.employeeapi.repository.AccountRepository; If you want this repository to be a Redis repository, consider annotating your entities with one of these annotations: org.springframework.data.redis.core.RedisHash (preferred), or consider extending one of the following types with your repository: org.springframework.data.keyvalue.repository.KeyValueRepository
2026-08-11 16:33:09 INFO  [main] o.s.d.r.c.RepositoryConfigurationExtensionSupport - Spring Data Redis - Could not safely identify store assignment for repository candidate interface com.tns.employeeapi.repository.EmployeeRepository; If you want this repository to be a Redis repository, consider annotating your entities with one of these annotations: org.springframework.data.redis.core.RedisHash (preferred), or consider extending one of the following types with your repository: org.springframework.data.keyvalue.repository.KeyValueRepository
2026-08-11 16:33:09 INFO  [main] o.s.d.r.c.RepositoryConfigurationDelegate - Finished Spring Data repository scanning in 50 ms. Found 0 Redis repository interfaces.
2026-08-11 16:33:11 INFO  [main] o.s.b.w.e.tomcat.TomcatWebServer - Tomcat initialized with port 8091 (http)
2026-08-11 16:33:11 INFO  [main] o.a.coyote.http11.Http11NioProtocol - Initializing ProtocolHandler ["http-nio-8091"]
2026-08-11 16:33:11 INFO  [main] o.a.catalina.core.StandardService - Starting service [Tomcat]
2026-08-11 16:33:11 INFO  [main] o.a.catalina.core.StandardEngine - Starting Servlet engine: [Apache Tomcat/10.1.43]
2026-08-11 16:33:11 INFO  [main] o.a.c.c.C.[Tomcat].[localhost].[/] - Initializing Spring embedded WebApplicationContext
2026-08-11 16:33:11 INFO  [main] o.s.b.w.s.c.ServletWebServerApplicationContext - Root WebApplicationContext: initialization completed in 6624 ms
2026-08-11 16:33:12 DEBUG [main] com.zaxxer.hikari.HikariConfig - Class com.microsoft.sqlserver.jdbc.SQLServerDriver found in Thread context class loader jdk.internal.loader.ClassLoaders$AppClassLoader@5c647e05
2026-08-11 16:33:13 INFO  [main] o.h.jpa.internal.util.LogHelper - HHH000204: Processing PersistenceUnitInfo [name: default]
2026-08-11 16:33:13 INFO  [main] org.hibernate.Version - HHH000412: Hibernate ORM core version 6.6.22.Final
2026-08-11 16:33:13 INFO  [main] o.h.c.i.RegionFactoryInitiator - HHH000026: Second-level cache disabled
2026-08-11 16:33:14 INFO  [main] o.s.o.j.p.SpringPersistenceUnitInfo - No LoadTimeWeaver setup: ignoring JPA class transformer
2026-08-11 16:33:14 DEBUG [main] com.zaxxer.hikari.HikariConfig - EmployeeBankingHikariPool - configuration:
2026-08-11 16:33:15 DEBUG [main] com.zaxxer.hikari.HikariConfig - allowPoolSuspension.............false
2026-08-11 16:33:15 DEBUG [main] com.zaxxer.hikari.HikariConfig - autoCommit......................true
2026-08-11 16:33:15 DEBUG [main] com.zaxxer.hikari.HikariConfig - catalog.........................none
2026-08-11 16:33:15 DEBUG [main] com.zaxxer.hikari.HikariConfig - connectionInitSql...............none
2026-08-11 16:33:15 DEBUG [main] com.zaxxer.hikari.HikariConfig - connectionTestQuery.............none
2026-08-11 16:33:15 DEBUG [main] com.zaxxer.hikari.HikariConfig - connectionTimeout...............30000
2026-08-11 16:33:15 DEBUG [main] com.zaxxer.hikari.HikariConfig - credentials.....................com.zaxxer.hikari.util.Credentials@197cc325
2026-08-11 16:33:15 DEBUG [main] com.zaxxer.hikari.HikariConfig - dataSource......................none
2026-08-11 16:33:15 DEBUG [main] com.zaxxer.hikari.HikariConfig - dataSourceClassName.............none
2026-08-11 16:33:15 DEBUG [main] com.zaxxer.hikari.HikariConfig - dataSourceJNDI..................none
2026-08-11 16:33:15 DEBUG [main] com.zaxxer.hikari.HikariConfig - dataSourceProperties............{password=<masked>}
2026-08-11 16:33:15 DEBUG [main] com.zaxxer.hikari.HikariConfig - driverClassName................."com.microsoft.sqlserver.jdbc.SQLServerDriver"
2026-08-11 16:33:15 DEBUG [main] com.zaxxer.hikari.HikariConfig - exceptionOverride...............none
2026-08-11 16:33:15 DEBUG [main] com.zaxxer.hikari.HikariConfig - exceptionOverrideClassName......none
2026-08-11 16:33:15 DEBUG [main] com.zaxxer.hikari.HikariConfig - healthCheckProperties...........{}
2026-08-11 16:33:15 DEBUG [main] com.zaxxer.hikari.HikariConfig - healthCheckRegistry.............none
2026-08-11 16:33:15 DEBUG [main] com.zaxxer.hikari.HikariConfig - idleTimeout.....................600000
2026-08-11 16:33:15 DEBUG [main] com.zaxxer.hikari.HikariConfig - initializationFailTimeout.......1
2026-08-11 16:33:15 DEBUG [main] com.zaxxer.hikari.HikariConfig - isolateInternalQueries..........false
2026-08-11 16:33:15 DEBUG [main] com.zaxxer.hikari.HikariConfig - jdbcUrl.........................jdbc:sqlserver://TNS-IT-DESKTOP\SQLEXPRESS;databaseName=SpringBootRestApi;integratedSecurity=true;encrypt=true;trustServerCertificate=true
2026-08-11 16:33:15 DEBUG [main] com.zaxxer.hikari.HikariConfig - keepaliveTime...................120000
2026-08-11 16:33:15 DEBUG [main] com.zaxxer.hikari.HikariConfig - leakDetectionThreshold..........2000
2026-08-11 16:33:15 DEBUG [main] com.zaxxer.hikari.HikariConfig - maxLifetime.....................1800000
2026-08-11 16:33:15 DEBUG [main] com.zaxxer.hikari.HikariConfig - maximumPoolSize.................10
2026-08-11 16:33:15 DEBUG [main] com.zaxxer.hikari.HikariConfig - metricRegistry..................none
2026-08-11 16:33:15 DEBUG [main] com.zaxxer.hikari.HikariConfig - metricsTrackerFactory...........none
2026-08-11 16:33:15 DEBUG [main] com.zaxxer.hikari.HikariConfig - minimumIdle.....................5
2026-08-11 16:33:15 DEBUG [main] com.zaxxer.hikari.HikariConfig - password........................<masked>
2026-08-11 16:33:15 DEBUG [main] com.zaxxer.hikari.HikariConfig - poolName........................"EmployeeBankingHikariPool"
2026-08-11 16:33:15 DEBUG [main] com.zaxxer.hikari.HikariConfig - readOnly........................false
2026-08-11 16:33:15 DEBUG [main] com.zaxxer.hikari.HikariConfig - registerMbeans..................false
2026-08-11 16:33:15 DEBUG [main] com.zaxxer.hikari.HikariConfig - scheduledExecutor...............none
2026-08-11 16:33:15 DEBUG [main] com.zaxxer.hikari.HikariConfig - schema..........................none
2026-08-11 16:33:15 DEBUG [main] com.zaxxer.hikari.HikariConfig - threadFactory...................internal
2026-08-11 16:33:15 DEBUG [main] com.zaxxer.hikari.HikariConfig - transactionIsolation............default
2026-08-11 16:33:15 DEBUG [main] com.zaxxer.hikari.HikariConfig - username........................none
2026-08-11 16:33:15 DEBUG [main] com.zaxxer.hikari.HikariConfig - validationTimeout...............5000
2026-08-11 16:33:15 INFO  [main] com.zaxxer.hikari.HikariDataSource - EmployeeBankingHikariPool - Starting...
2026-08-11 16:33:15 DEBUG [main] com.zaxxer.hikari.pool.PoolBase - EmployeeBankingHikariPool - Attempting to create/setup new connection (67dbf462-6ec9-436c-a1d1-80806a950f25)
2026-08-11 16:33:17 DEBUG [main] com.zaxxer.hikari.pool.PoolBase - EmployeeBankingHikariPool - Established new connection (67dbf462-6ec9-436c-a1d1-80806a950f25)
2026-08-11 16:33:17 INFO  [main] com.zaxxer.hikari.pool.HikariPool - EmployeeBankingHikariPool - Added connection ConnectionID:1 ClientConnectionId: db4d3e57-0d10-4bdd-8d03-2329329e5ea4
2026-08-11 16:33:17 INFO  [main] com.zaxxer.hikari.HikariDataSource - EmployeeBankingHikariPool - Start completed.
2026-08-11 16:33:17 DEBUG [EmployeeBankingHikariPool:housekeeper] com.zaxxer.hikari.pool.HikariPool - EmployeeBankingHikariPool - Before cleanup stats (total=1/10, idle=0/5, active=1, waiting=0)
2026-08-11 16:33:17 DEBUG [EmployeeBankingHikariPool:housekeeper] com.zaxxer.hikari.pool.HikariPool - EmployeeBankingHikariPool - After  cleanup stats (total=1/10, idle=0/5, active=1, waiting=0)
2026-08-11 16:33:17 DEBUG [EmployeeBankingHikariPool:connection-adder] com.zaxxer.hikari.pool.PoolBase - EmployeeBankingHikariPool - Attempting to create/setup new connection (7aebe3c1-f168-4621-86a3-723b7fbea5ba)
2026-08-11 16:33:17 INFO  [main] o.hibernate.orm.connections.pooling - HHH10001005: Database info:
	Database JDBC URL [Connecting through datasource 'HikariDataSource (EmployeeBankingHikariPool)']
	Database driver: undefined/unknown
	Database version: 15.0
	Autocommit mode: undefined/unknown
	Isolation level: undefined/unknown
	Minimum pool size: undefined/unknown
	Maximum pool size: undefined/unknown
2026-08-11 16:33:17 DEBUG [EmployeeBankingHikariPool:connection-adder] com.zaxxer.hikari.pool.PoolBase - EmployeeBankingHikariPool - Established new connection (7aebe3c1-f168-4621-86a3-723b7fbea5ba)
2026-08-11 16:33:17 DEBUG [EmployeeBankingHikariPool:connection-adder] com.zaxxer.hikari.pool.HikariPool - EmployeeBankingHikariPool - Added connection ConnectionID:2 ClientConnectionId: 927578c9-b36a-4b38-b320-a8722b28c805
2026-08-11 16:33:18 DEBUG [EmployeeBankingHikariPool:connection-adder] com.zaxxer.hikari.pool.HikariPool - EmployeeBankingHikariPool - After adding stats (total=2/10, idle=2/5, active=0, waiting=0)
2026-08-11 16:33:18 DEBUG [EmployeeBankingHikariPool:connection-adder] com.zaxxer.hikari.pool.PoolBase - EmployeeBankingHikariPool - Attempting to create/setup new connection (da1b0f4f-1d8c-4ed2-b471-25a2cbdc2060)
2026-08-11 16:33:18 DEBUG [EmployeeBankingHikariPool:connection-adder] com.zaxxer.hikari.pool.PoolBase - EmployeeBankingHikariPool - Established new connection (da1b0f4f-1d8c-4ed2-b471-25a2cbdc2060)
2026-08-11 16:33:18 DEBUG [EmployeeBankingHikariPool:connection-adder] com.zaxxer.hikari.pool.HikariPool - EmployeeBankingHikariPool - Added connection ConnectionID:3 ClientConnectionId: f6331434-679c-4757-a1f5-882df2b90cf4
2026-08-11 16:33:18 DEBUG [EmployeeBankingHikariPool:connection-adder] com.zaxxer.hikari.pool.HikariPool - EmployeeBankingHikariPool - After adding stats (total=3/10, idle=3/5, active=0, waiting=0)
2026-08-11 16:33:18 DEBUG [EmployeeBankingHikariPool:connection-adder] com.zaxxer.hikari.pool.PoolBase - EmployeeBankingHikariPool - Attempting to create/setup new connection (3a2fb3dd-2a5d-45cd-ac87-b6d05d233acb)
2026-08-11 16:33:19 DEBUG [EmployeeBankingHikariPool:connection-adder] com.zaxxer.hikari.pool.PoolBase - EmployeeBankingHikariPool - Established new connection (3a2fb3dd-2a5d-45cd-ac87-b6d05d233acb)
2026-08-11 16:33:19 DEBUG [EmployeeBankingHikariPool:connection-adder] com.zaxxer.hikari.pool.HikariPool - EmployeeBankingHikariPool - Added connection ConnectionID:4 ClientConnectionId: 4c638632-e848-4704-ac1c-c3a71a490562
2026-08-11 16:33:19 DEBUG [EmployeeBankingHikariPool:connection-adder] com.zaxxer.hikari.pool.HikariPool - EmployeeBankingHikariPool - After adding stats (total=4/10, idle=4/5, active=0, waiting=0)
2026-08-11 16:33:19 DEBUG [EmployeeBankingHikariPool:connection-adder] com.zaxxer.hikari.pool.PoolBase - EmployeeBankingHikariPool - Attempting to create/setup new connection (6344e693-f662-47bf-98b6-2df99b0bc806)
2026-08-11 16:33:19 DEBUG [EmployeeBankingHikariPool:connection-adder] com.zaxxer.hikari.pool.PoolBase - EmployeeBankingHikariPool - Established new connection (6344e693-f662-47bf-98b6-2df99b0bc806)
2026-08-11 16:33:19 DEBUG [EmployeeBankingHikariPool:connection-adder] com.zaxxer.hikari.pool.HikariPool - EmployeeBankingHikariPool - Added connection ConnectionID:5 ClientConnectionId: 6430a6d8-1b72-40bc-8cf7-172cdab62ec6
2026-08-11 16:33:19 DEBUG [EmployeeBankingHikariPool:connection-adder] com.zaxxer.hikari.pool.HikariPool - EmployeeBankingHikariPool - After adding stats (total=5/10, idle=5/5, active=0, waiting=0)
2026-08-11 16:33:19 DEBUG [EmployeeBankingHikariPool:connection-adder] com.zaxxer.hikari.pool.HikariPool - EmployeeBankingHikariPool - Connection not added, stats (total=5/10, idle=5/5, active=0, waiting=0)
2026-08-11 16:33:20 INFO  [main] o.h.e.t.j.p.i.JtaPlatformInitiator - HHH000489: No JTA platform available (set 'hibernate.transaction.jta.platform' to enable JTA platform integration)
2026-08-11 16:33:21 INFO  [main] o.s.o.j.LocalContainerEntityManagerFactoryBean - Initialized JPA EntityManagerFactory for persistence unit 'default'
2026-08-11 16:33:22 DEBUG [EmployeeBankingHikariPool:housekeeper] com.zaxxer.hikari.pool.HikariPool - EmployeeBankingHikariPool - Before cleanup stats (total=5/10, idle=5/5, active=0, waiting=0)
2026-08-11 16:33:22 DEBUG [EmployeeBankingHikariPool:housekeeper] com.zaxxer.hikari.pool.HikariPool - EmployeeBankingHikariPool - After  cleanup stats (total=5/10, idle=5/5, active=0, waiting=0)
2026-08-11 16:33:22 DEBUG [EmployeeBankingHikariPool:housekeeper] com.zaxxer.hikari.pool.HikariPool - EmployeeBankingHikariPool - Fill pool skipped, pool has sufficient level or currently being filled.
2026-08-11 16:33:25 INFO  [main] o.s.b.a.e.web.EndpointLinksResolver - Exposing 5 endpoints beneath base path '/actuator'
2026-08-11 16:33:25 INFO  [main] o.a.coyote.http11.Http11NioProtocol - Starting ProtocolHandler ["http-nio-8091"]
2026-08-11 16:33:25 WARN  [main] o.s.b.w.s.c.AnnotationConfigServletWebServerApplicationContext - Exception encountered during context initialization - cancelling refresh attempt: org.springframework.context.ApplicationContextException: Failed to start bean 'webServerStartStop'
2026-08-11 16:33:25 INFO  [main] o.s.o.j.LocalContainerEntityManagerFactoryBean - Closing JPA EntityManagerFactory for persistence unit 'default'
2026-08-11 16:33:25 INFO  [main] com.zaxxer.hikari.HikariDataSource - EmployeeBankingHikariPool - Shutdown initiated...
2026-08-11 16:33:25 DEBUG [main] com.zaxxer.hikari.pool.HikariPool - EmployeeBankingHikariPool - Before shutdown stats (total=5/10, idle=5/5, active=0, waiting=0)
2026-08-11 16:33:25 DEBUG [EmployeeBankingHikariPool:connection-closer] com.zaxxer.hikari.pool.PoolBase - EmployeeBankingHikariPool - Closing connection ConnectionID:1 ClientConnectionId: db4d3e57-0d10-4bdd-8d03-2329329e5ea4: (connection evicted)
2026-08-11 16:33:25 DEBUG [EmployeeBankingHikariPool:connection-closer] com.zaxxer.hikari.pool.PoolBase - EmployeeBankingHikariPool - Closing connection ConnectionID:2 ClientConnectionId: 927578c9-b36a-4b38-b320-a8722b28c805: (connection evicted)
2026-08-11 16:33:25 DEBUG [EmployeeBankingHikariPool:connection-closer] com.zaxxer.hikari.pool.PoolBase - EmployeeBankingHikariPool - Closing connection ConnectionID:3 ClientConnectionId: f6331434-679c-4757-a1f5-882df2b90cf4: (connection evicted)
2026-08-11 16:33:25 DEBUG [EmployeeBankingHikariPool:connection-closer] com.zaxxer.hikari.pool.PoolBase - EmployeeBankingHikariPool - Closing connection ConnectionID:4 ClientConnectionId: 4c638632-e848-4704-ac1c-c3a71a490562: (connection evicted)
2026-08-11 16:33:25 DEBUG [EmployeeBankingHikariPool:connection-closer] com.zaxxer.hikari.pool.PoolBase - EmployeeBankingHikariPool - Closing connection ConnectionID:5 ClientConnectionId: 6430a6d8-1b72-40bc-8cf7-172cdab62ec6: (connection evicted)
2026-08-11 16:33:25 DEBUG [main] com.zaxxer.hikari.pool.HikariPool - EmployeeBankingHikariPool - After  shutdown stats (total=0/10, idle=0/5, active=0, waiting=0)
2026-08-11 16:33:25 INFO  [main] com.zaxxer.hikari.HikariDataSource - EmployeeBankingHikariPool - Shutdown completed.
2026-08-11 16:33:25 INFO  [main] o.s.b.a.l.ConditionEvaluationReportLogger - 

Error starting ApplicationContext. To display the condition evaluation report re-run your application with 'debug' enabled.
2026-08-11 16:33:25 ERROR [main] o.s.b.d.LoggingFailureAnalysisReporter - 

***************************
APPLICATION FAILED TO START
***************************

Description:

Web server failed to start. Port 8091 was already in use.

Action:

Identify and stop the process that's listening on port 8091 or configure this application to listen on another port.

2026-08-11 16:33:28 DEBUG [EmployeeBankingHikariPool:connection-closer] com.zaxxer.hikari.pool.PoolBase - EmployeeBankingHikariPool - Closing connection ConnectionID:7 ClientConnectionId: 696db897-379c-4868-9bee-ef48e530c0aa: (connection has passed maxLifetime)
2026-08-11 16:33:28 DEBUG [EmployeeBankingHikariPool:connection-adder] com.zaxxer.hikari.pool.PoolBase - EmployeeBankingHikariPool - Attempting to create/setup new connection (492fac5a-4b3d-4b2b-9053-f0f8fbcae5cf)
2026-08-11 16:33:29 DEBUG [EmployeeBankingHikariPool:connection-adder] com.zaxxer.hikari.pool.PoolBase - EmployeeBankingHikariPool - Established new connection (492fac5a-4b3d-4b2b-9053-f0f8fbcae5cf)
2026-08-11 16:33:29 DEBUG [EmployeeBankingHikariPool:connection-adder] com.zaxxer.hikari.pool.HikariPool - EmployeeBankingHikariPool - Added connection ConnectionID:11 ClientConnectionId: 8893c087-27fa-4ab8-9920-2003311d4f7c
2026-08-11 16:33:37 DEBUG [EmployeeBankingHikariPool:housekeeper] com.zaxxer.hikari.pool.HikariPool - EmployeeBankingHikariPool - keepalive: connection ConnectionID:10 ClientConnectionId: ee61e894-a415-4a03-a954-f54565bfc314 is alive
2026-08-11 16:33:39 DEBUG [EmployeeBankingHikariPool:housekeeper] com.zaxxer.hikari.pool.HikariPool - EmployeeBankingHikariPool - keepalive: connection ConnectionID:6 ClientConnectionId: f198801c-5c85-4846-a475-a64da48ba613 is alive
2026-08-11 16:33:40 INFO  [http-nio-8091-exec-2] c.t.e.controller.AccountController - Received balance request for account id: 1
2026-08-11 16:33:40 INFO  [http-nio-8091-exec-2] c.t.e.service.AccountService - Fetching account balance for id: 1 from Database
2026-08-11 16:33:40 DEBUG [http-nio-8091-exec-2] org.hibernate.SQL - 
    select
        a1_0.id,
        a1_0.account_holder_name,
        a1_0.account_number,
        a1_0.balance 
    from
        account_details5 a1_0 
    where
        a1_0.id=?
2026-08-11 16:33:40 TRACE [http-nio-8091-exec-2] org.hibernate.orm.jdbc.bind - binding parameter (1:INTEGER) <- [1]
2026-08-11 16:33:45 INFO  [http-nio-8091-exec-3] c.t.e.controller.AccountController - Received balance request for account id: 1
2026-08-11 16:33:52 DEBUG [EmployeeBankingHikariPool:housekeeper] com.zaxxer.hikari.pool.HikariPool - EmployeeBankingHikariPool - Before cleanup stats (total=5/10, idle=5/5, active=0, waiting=0)
2026-08-11 16:33:52 DEBUG [EmployeeBankingHikariPool:housekeeper] com.zaxxer.hikari.pool.HikariPool - EmployeeBankingHikariPool - After  cleanup stats (total=5/10, idle=5/5, active=0, waiting=0)
2026-08-11 16:33:52 DEBUG [EmployeeBankingHikariPool:housekeeper] com.zaxxer.hikari.pool.HikariPool - EmployeeBankingHikariPool - Fill pool skipped, pool has sufficient level or currently being filled.
2026-08-11 16:33:52 INFO  [http-nio-8091-exec-4] c.t.e.controller.AccountController - Received withdraw request for account id: 1
2026-08-11 16:33:52 INFO  [http-nio-8091-exec-4] c.t.e.service.AccountService - Withdrawing 1000.0 from account id: 1
2026-08-11 16:33:52 DEBUG [http-nio-8091-exec-4] org.hibernate.SQL - 
    select
        a1_0.id,
        a1_0.account_holder_name,
        a1_0.account_number,
        a1_0.balance 
    from
        account_details5 a1_0 
    where
        a1_0.id=?
2026-08-11 16:33:52 TRACE [http-nio-8091-exec-4] org.hibernate.orm.jdbc.bind - binding parameter (1:INTEGER) <- [1]
2026-08-11 16:33:52 DEBUG [http-nio-8091-exec-4] org.hibernate.SQL - 
    update
        account_details5 
    set
        account_holder_name=?,
        account_number=?,
        balance=? 
    where
        id=?
2026-08-11 16:33:52 TRACE [http-nio-8091-exec-4] org.hibernate.orm.jdbc.bind - binding parameter (1:VARCHAR) <- [Satya Prakash]
2026-08-11 16:33:52 TRACE [http-nio-8091-exec-4] org.hibernate.orm.jdbc.bind - binding parameter (2:VARCHAR) <- [ACC123456]
2026-08-11 16:33:52 TRACE [http-nio-8091-exec-4] org.hibernate.orm.jdbc.bind - binding parameter (3:DOUBLE) <- [22000.0]
2026-08-11 16:33:52 TRACE [http-nio-8091-exec-4] org.hibernate.orm.jdbc.bind - binding parameter (4:INTEGER) <- [1]
2026-08-11 16:33:52 DEBUG [EmployeeBankingHikariPool:housekeeper] com.zaxxer.hikari.pool.HikariPool - EmployeeBankingHikariPool - keepalive: connection ConnectionID:8 ClientConnectionId: 2153637a-57a4-453a-885b-0454c428c20a is alive
2026-08-11 16:33:57 INFO  [http-nio-8091-exec-6] c.t.e.controller.AccountController - Received balance request for account id: 1
2026-08-11 16:34:25 INFO  [background-preinit] o.h.validator.internal.util.Version - HV000001: Hibernate Validator 8.0.2.Final
2026-08-11 16:34:25 INFO  [main] c.t.e.EmployeeApiApplication - Starting EmployeeApiApplication using Java 21.0.11 with PID 7828 (C:\Users\s.samantray\Desktop\Eclipse_Workspace\EmployeeBankRestApiPostman_Collection\target\classes started by s.samantray in C:\Users\s.samantray\Desktop\Eclipse_Workspace\EmployeeBankRestApiPostman_Collection)
2026-08-11 16:34:25 DEBUG [main] c.t.e.EmployeeApiApplication - Running with Spring Boot v3.5.4, Spring v6.2.9
2026-08-11 16:34:25 INFO  [main] c.t.e.EmployeeApiApplication - No active profile set, falling back to 1 default profile: "default"
2026-08-11 16:34:29 INFO  [main] o.s.d.r.c.RepositoryConfigurationDelegate - Multiple Spring Data modules found, entering strict repository configuration mode
2026-08-11 16:34:29 INFO  [main] o.s.d.r.c.RepositoryConfigurationDelegate - Bootstrapping Spring Data JPA repositories in DEFAULT mode.
2026-08-11 16:34:30 INFO  [main] o.s.d.r.c.RepositoryConfigurationDelegate - Finished Spring Data repository scanning in 428 ms. Found 2 JPA repository interfaces.
2026-08-11 16:34:30 INFO  [main] o.s.d.r.c.RepositoryConfigurationDelegate - Multiple Spring Data modules found, entering strict repository configuration mode
2026-08-11 16:34:30 INFO  [main] o.s.d.r.c.RepositoryConfigurationDelegate - Bootstrapping Spring Data Redis repositories in DEFAULT mode.
2026-08-11 16:34:30 INFO  [main] o.s.d.r.c.RepositoryConfigurationExtensionSupport - Spring Data Redis - Could not safely identify store assignment for repository candidate interface com.tns.employeeapi.repository.AccountRepository; If you want this repository to be a Redis repository, consider annotating your entities with one of these annotations: org.springframework.data.redis.core.RedisHash (preferred), or consider extending one of the following types with your repository: org.springframework.data.keyvalue.repository.KeyValueRepository
2026-08-11 16:34:30 INFO  [main] o.s.d.r.c.RepositoryConfigurationExtensionSupport - Spring Data Redis - Could not safely identify store assignment for repository candidate interface com.tns.employeeapi.repository.EmployeeRepository; If you want this repository to be a Redis repository, consider annotating your entities with one of these annotations: org.springframework.data.redis.core.RedisHash (preferred), or consider extending one of the following types with your repository: org.springframework.data.keyvalue.repository.KeyValueRepository
2026-08-11 16:34:30 INFO  [main] o.s.d.r.c.RepositoryConfigurationDelegate - Finished Spring Data repository scanning in 60 ms. Found 0 Redis repository interfaces.
2026-08-11 16:34:32 INFO  [main] o.s.b.w.e.tomcat.TomcatWebServer - Tomcat initialized with port 8091 (http)
2026-08-11 16:34:32 INFO  [main] o.a.coyote.http11.Http11NioProtocol - Initializing ProtocolHandler ["http-nio-8091"]
2026-08-11 16:34:32 INFO  [main] o.a.catalina.core.StandardService - Starting service [Tomcat]
2026-08-11 16:34:32 INFO  [main] o.a.catalina.core.StandardEngine - Starting Servlet engine: [Apache Tomcat/10.1.43]
2026-08-11 16:34:33 INFO  [main] o.a.c.c.C.[Tomcat].[localhost].[/] - Initializing Spring embedded WebApplicationContext
2026-08-11 16:34:33 INFO  [main] o.s.b.w.s.c.ServletWebServerApplicationContext - Root WebApplicationContext: initialization completed in 7408 ms
2026-08-11 16:34:34 DEBUG [main] com.zaxxer.hikari.HikariConfig - Class com.microsoft.sqlserver.jdbc.SQLServerDriver found in Thread context class loader jdk.internal.loader.ClassLoaders$AppClassLoader@5c647e05
2026-08-11 16:34:34 INFO  [main] o.h.jpa.internal.util.LogHelper - HHH000204: Processing PersistenceUnitInfo [name: default]
2026-08-11 16:34:35 INFO  [main] org.hibernate.Version - HHH000412: Hibernate ORM core version 6.6.22.Final
2026-08-11 16:34:35 INFO  [main] o.h.c.i.RegionFactoryInitiator - HHH000026: Second-level cache disabled
2026-08-11 16:34:36 INFO  [main] o.s.o.j.p.SpringPersistenceUnitInfo - No LoadTimeWeaver setup: ignoring JPA class transformer
2026-08-11 16:34:36 DEBUG [main] com.zaxxer.hikari.HikariConfig - EmployeeBankingHikariPool - configuration:
2026-08-11 16:34:36 DEBUG [main] com.zaxxer.hikari.HikariConfig - allowPoolSuspension.............false
2026-08-11 16:34:36 DEBUG [main] com.zaxxer.hikari.HikariConfig - autoCommit......................true
2026-08-11 16:34:36 DEBUG [main] com.zaxxer.hikari.HikariConfig - catalog.........................none
2026-08-11 16:34:36 DEBUG [main] com.zaxxer.hikari.HikariConfig - connectionInitSql...............none
2026-08-11 16:34:36 DEBUG [main] com.zaxxer.hikari.HikariConfig - connectionTestQuery.............none
2026-08-11 16:34:36 DEBUG [main] com.zaxxer.hikari.HikariConfig - connectionTimeout...............30000
2026-08-11 16:34:36 DEBUG [main] com.zaxxer.hikari.HikariConfig - credentials.....................com.zaxxer.hikari.util.Credentials@50ecef36
2026-08-11 16:34:36 DEBUG [main] com.zaxxer.hikari.HikariConfig - dataSource......................none
2026-08-11 16:34:36 DEBUG [main] com.zaxxer.hikari.HikariConfig - dataSourceClassName.............none
2026-08-11 16:34:36 DEBUG [main] com.zaxxer.hikari.HikariConfig - dataSourceJNDI..................none
2026-08-11 16:34:36 DEBUG [main] com.zaxxer.hikari.HikariConfig - dataSourceProperties............{password=<masked>}
2026-08-11 16:34:36 DEBUG [main] com.zaxxer.hikari.HikariConfig - driverClassName................."com.microsoft.sqlserver.jdbc.SQLServerDriver"
2026-08-11 16:34:36 DEBUG [main] com.zaxxer.hikari.HikariConfig - exceptionOverride...............none
2026-08-11 16:34:36 DEBUG [main] com.zaxxer.hikari.HikariConfig - exceptionOverrideClassName......none
2026-08-11 16:34:36 DEBUG [main] com.zaxxer.hikari.HikariConfig - healthCheckProperties...........{}
2026-08-11 16:34:36 DEBUG [main] com.zaxxer.hikari.HikariConfig - healthCheckRegistry.............none
2026-08-11 16:34:36 DEBUG [main] com.zaxxer.hikari.HikariConfig - idleTimeout.....................600000
2026-08-11 16:34:36 DEBUG [main] com.zaxxer.hikari.HikariConfig - initializationFailTimeout.......1
2026-08-11 16:34:36 DEBUG [main] com.zaxxer.hikari.HikariConfig - isolateInternalQueries..........false
2026-08-11 16:34:36 DEBUG [main] com.zaxxer.hikari.HikariConfig - jdbcUrl.........................jdbc:sqlserver://TNS-IT-DESKTOP\SQLEXPRESS;databaseName=SpringBootRestApi;integratedSecurity=true;encrypt=true;trustServerCertificate=true
2026-08-11 16:34:36 DEBUG [main] com.zaxxer.hikari.HikariConfig - keepaliveTime...................120000
2026-08-11 16:34:36 DEBUG [main] com.zaxxer.hikari.HikariConfig - leakDetectionThreshold..........2000
2026-08-11 16:34:36 DEBUG [main] com.zaxxer.hikari.HikariConfig - maxLifetime.....................1800000
2026-08-11 16:34:36 DEBUG [main] com.zaxxer.hikari.HikariConfig - maximumPoolSize.................10
2026-08-11 16:34:36 DEBUG [main] com.zaxxer.hikari.HikariConfig - metricRegistry..................none
2026-08-11 16:34:36 DEBUG [main] com.zaxxer.hikari.HikariConfig - metricsTrackerFactory...........none
2026-08-11 16:34:36 DEBUG [main] com.zaxxer.hikari.HikariConfig - minimumIdle.....................5
2026-08-11 16:34:36 DEBUG [main] com.zaxxer.hikari.HikariConfig - password........................<masked>
2026-08-11 16:34:36 DEBUG [main] com.zaxxer.hikari.HikariConfig - poolName........................"EmployeeBankingHikariPool"
2026-08-11 16:34:36 DEBUG [main] com.zaxxer.hikari.HikariConfig - readOnly........................false
2026-08-11 16:34:36 DEBUG [main] com.zaxxer.hikari.HikariConfig - registerMbeans..................false
2026-08-11 16:34:36 DEBUG [main] com.zaxxer.hikari.HikariConfig - scheduledExecutor...............none
2026-08-11 16:34:36 DEBUG [main] com.zaxxer.hikari.HikariConfig - schema..........................none
2026-08-11 16:34:36 DEBUG [main] com.zaxxer.hikari.HikariConfig - threadFactory...................internal
2026-08-11 16:34:36 DEBUG [main] com.zaxxer.hikari.HikariConfig - transactionIsolation............default
2026-08-11 16:34:36 DEBUG [main] com.zaxxer.hikari.HikariConfig - username........................none
2026-08-11 16:34:36 DEBUG [main] com.zaxxer.hikari.HikariConfig - validationTimeout...............5000
2026-08-11 16:34:36 INFO  [main] com.zaxxer.hikari.HikariDataSource - EmployeeBankingHikariPool - Starting...
2026-08-11 16:34:36 DEBUG [main] com.zaxxer.hikari.pool.PoolBase - EmployeeBankingHikariPool - Attempting to create/setup new connection (c76f40c5-02e7-491f-9a61-e0a270cc46ef)
2026-08-11 16:34:37 DEBUG [main] com.zaxxer.hikari.pool.PoolBase - EmployeeBankingHikariPool - Established new connection (c76f40c5-02e7-491f-9a61-e0a270cc46ef)
2026-08-11 16:34:37 INFO  [main] com.zaxxer.hikari.pool.HikariPool - EmployeeBankingHikariPool - Added connection ConnectionID:1 ClientConnectionId: 1e0d982b-ecac-4832-9065-6639af6003af
2026-08-11 16:34:37 INFO  [main] com.zaxxer.hikari.HikariDataSource - EmployeeBankingHikariPool - Start completed.
2026-08-11 16:34:38 DEBUG [EmployeeBankingHikariPool:housekeeper] com.zaxxer.hikari.pool.HikariPool - EmployeeBankingHikariPool - Before cleanup stats (total=1/10, idle=0/5, active=1, waiting=0)
2026-08-11 16:34:38 DEBUG [EmployeeBankingHikariPool:housekeeper] com.zaxxer.hikari.pool.HikariPool - EmployeeBankingHikariPool - After  cleanup stats (total=1/10, idle=0/5, active=1, waiting=0)
2026-08-11 16:34:38 DEBUG [EmployeeBankingHikariPool:connection-adder] com.zaxxer.hikari.pool.PoolBase - EmployeeBankingHikariPool - Attempting to create/setup new connection (949967a6-5292-46fc-bb9b-b54d1e9d5f6c)
2026-08-11 16:34:38 INFO  [main] o.hibernate.orm.connections.pooling - HHH10001005: Database info:
	Database JDBC URL [Connecting through datasource 'HikariDataSource (EmployeeBankingHikariPool)']
	Database driver: undefined/unknown
	Database version: 15.0
	Autocommit mode: undefined/unknown
	Isolation level: undefined/unknown
	Minimum pool size: undefined/unknown
	Maximum pool size: undefined/unknown
2026-08-11 16:34:38 DEBUG [EmployeeBankingHikariPool:connection-adder] com.zaxxer.hikari.pool.PoolBase - EmployeeBankingHikariPool - Established new connection (949967a6-5292-46fc-bb9b-b54d1e9d5f6c)
2026-08-11 16:34:38 DEBUG [EmployeeBankingHikariPool:connection-adder] com.zaxxer.hikari.pool.HikariPool - EmployeeBankingHikariPool - Added connection ConnectionID:2 ClientConnectionId: bcd19e87-d71e-4fd0-a749-5540aa4975a6
2026-08-11 16:34:38 DEBUG [EmployeeBankingHikariPool:connection-adder] com.zaxxer.hikari.pool.HikariPool - EmployeeBankingHikariPool - After adding stats (total=2/10, idle=2/5, active=0, waiting=0)
2026-08-11 16:34:38 DEBUG [EmployeeBankingHikariPool:connection-adder] com.zaxxer.hikari.pool.PoolBase - EmployeeBankingHikariPool - Attempting to create/setup new connection (0a7663b2-bdf0-4235-adfc-168479e81d97)
2026-08-11 16:34:38 DEBUG [EmployeeBankingHikariPool:connection-adder] com.zaxxer.hikari.pool.PoolBase - EmployeeBankingHikariPool - Established new connection (0a7663b2-bdf0-4235-adfc-168479e81d97)
2026-08-11 16:34:38 DEBUG [EmployeeBankingHikariPool:connection-adder] com.zaxxer.hikari.pool.HikariPool - EmployeeBankingHikariPool - Added connection ConnectionID:3 ClientConnectionId: 02a02139-7f3a-4b42-b0f3-05e17f7733ca
2026-08-11 16:34:39 DEBUG [EmployeeBankingHikariPool:connection-adder] com.zaxxer.hikari.pool.HikariPool - EmployeeBankingHikariPool - After adding stats (total=3/10, idle=3/5, active=0, waiting=0)
2026-08-11 16:34:39 DEBUG [EmployeeBankingHikariPool:connection-adder] com.zaxxer.hikari.pool.PoolBase - EmployeeBankingHikariPool - Attempting to create/setup new connection (e29f83fc-860b-4741-b2c9-0025eb0fda96)
2026-08-11 16:34:39 DEBUG [EmployeeBankingHikariPool:connection-adder] com.zaxxer.hikari.pool.PoolBase - EmployeeBankingHikariPool - Established new connection (e29f83fc-860b-4741-b2c9-0025eb0fda96)
2026-08-11 16:34:39 DEBUG [EmployeeBankingHikariPool:connection-adder] com.zaxxer.hikari.pool.HikariPool - EmployeeBankingHikariPool - Added connection ConnectionID:4 ClientConnectionId: c45882e4-bd71-48d6-958b-f4a11d994f56
2026-08-11 16:34:39 DEBUG [EmployeeBankingHikariPool:connection-adder] com.zaxxer.hikari.pool.HikariPool - EmployeeBankingHikariPool - After adding stats (total=4/10, idle=4/5, active=0, waiting=0)
2026-08-11 16:34:39 DEBUG [EmployeeBankingHikariPool:connection-adder] com.zaxxer.hikari.pool.PoolBase - EmployeeBankingHikariPool - Attempting to create/setup new connection (867acdd7-4ac4-4c20-bb4f-7faeb5706a53)
2026-08-11 16:34:39 DEBUG [EmployeeBankingHikariPool:connection-adder] com.zaxxer.hikari.pool.PoolBase - EmployeeBankingHikariPool - Established new connection (867acdd7-4ac4-4c20-bb4f-7faeb5706a53)
2026-08-11 16:34:39 DEBUG [EmployeeBankingHikariPool:connection-adder] com.zaxxer.hikari.pool.HikariPool - EmployeeBankingHikariPool - Added connection ConnectionID:5 ClientConnectionId: d429653b-b24a-44f2-b8a6-c634a231a852
2026-08-11 16:34:39 DEBUG [EmployeeBankingHikariPool:connection-adder] com.zaxxer.hikari.pool.HikariPool - EmployeeBankingHikariPool - After adding stats (total=5/10, idle=5/5, active=0, waiting=0)
2026-08-11 16:34:39 DEBUG [EmployeeBankingHikariPool:connection-adder] com.zaxxer.hikari.pool.HikariPool - EmployeeBankingHikariPool - Connection not added, stats (total=5/10, idle=5/5, active=0, waiting=0)
2026-08-11 16:34:40 INFO  [main] o.h.e.t.j.p.i.JtaPlatformInitiator - HHH000489: No JTA platform available (set 'hibernate.transaction.jta.platform' to enable JTA platform integration)
2026-08-11 16:34:41 INFO  [main] o.s.o.j.LocalContainerEntityManagerFactoryBean - Initialized JPA EntityManagerFactory for persistence unit 'default'
2026-08-11 16:34:48 INFO  [main] o.s.b.a.e.web.EndpointLinksResolver - Exposing 5 endpoints beneath base path '/actuator'
2026-08-11 16:34:49 INFO  [main] o.a.coyote.http11.Http11NioProtocol - Starting ProtocolHandler ["http-nio-8091"]
2026-08-11 16:34:49 INFO  [main] o.s.b.w.e.tomcat.TomcatWebServer - Tomcat started on port 8091 (http) with context path '/'
2026-08-11 16:34:49 INFO  [main] c.t.e.EmployeeApiApplication - Started EmployeeApiApplication in 25.848 seconds (process running for 27.41)
2026-08-11 16:34:51 INFO  [http-nio-8091-exec-1] o.a.c.c.C.[Tomcat].[localhost].[/] - Initializing Spring DispatcherServlet 'dispatcherServlet'
2026-08-11 16:34:51 INFO  [http-nio-8091-exec-1] o.s.web.servlet.DispatcherServlet - Initializing Servlet 'dispatcherServlet'
2026-08-11 16:34:51 INFO  [http-nio-8091-exec-1] o.s.web.servlet.DispatcherServlet - Completed initialization in 8 ms
2026-08-11 16:34:52 INFO  [http-nio-8091-exec-1] c.t.e.controller.AccountController - Received withdraw request for account id: 1
2026-08-11 16:34:52 INFO  [http-nio-8091-exec-1] c.t.e.service.AccountService - Withdrawing 1000.0 from account id: 1
2026-08-11 16:34:52 DEBUG [http-nio-8091-exec-1] org.hibernate.SQL - 
    select
        a1_0.id,
        a1_0.account_holder_name,
        a1_0.account_number,
        a1_0.balance 
    from
        account_details5 a1_0 
    where
        a1_0.id=?
2026-08-11 16:34:52 TRACE [http-nio-8091-exec-1] org.hibernate.orm.jdbc.bind - binding parameter (1:INTEGER) <- [1]
2026-08-11 16:34:52 DEBUG [http-nio-8091-exec-1] org.hibernate.SQL - 
    update
        account_details5 
    set
        account_holder_name=?,
        account_number=?,
        balance=? 
    where
        id=?
2026-08-11 16:34:52 TRACE [http-nio-8091-exec-1] org.hibernate.orm.jdbc.bind - binding parameter (1:VARCHAR) <- [Satya Prakash]
2026-08-11 16:34:52 TRACE [http-nio-8091-exec-1] org.hibernate.orm.jdbc.bind - binding parameter (2:VARCHAR) <- [ACC123456]
2026-08-11 16:34:52 TRACE [http-nio-8091-exec-1] org.hibernate.orm.jdbc.bind - binding parameter (3:DOUBLE) <- [21000.0]
2026-08-11 16:34:52 TRACE [http-nio-8091-exec-1] org.hibernate.orm.jdbc.bind - binding parameter (4:INTEGER) <- [1]
2026-08-11 16:35:00 INFO  [http-nio-8091-exec-3] c.t.e.controller.AccountController - Received balance request for account id: 1
2026-08-11 16:35:00 ERROR [http-nio-8091-exec-3] c.t.e.e.GlobalExceptionHandler - Unexpected exception
java.lang.ClassCastException: class com.tns.employeeapi.dto.BalanceResponse cannot be cast to class com.tns.employeeapi.dto.AccountBalanceResponse (com.tns.employeeapi.dto.BalanceResponse and com.tns.employeeapi.dto.AccountBalanceResponse are in unnamed module of loader 'app')
	at com.tns.employeeapi.service.AccountService$$SpringCGLIB$$0.getBalance(<generated>)
	at com.tns.employeeapi.controller.AccountController.getBalance(AccountController.java:64)
	at java.base/jdk.internal.reflect.DirectMethodHandleAccessor.invoke(DirectMethodHandleAccessor.java:103)
	at java.base/java.lang.reflect.Method.invoke(Method.java:580)
	at org.springframework.aop.support.AopUtils.invokeJoinpointUsingReflection(AopUtils.java:360)
	at org.springframework.aop.framework.ReflectiveMethodInvocation.invokeJoinpoint(ReflectiveMethodInvocation.java:196)
	at org.springframework.aop.framework.ReflectiveMethodInvocation.proceed(ReflectiveMethodInvocation.java:163)
	at org.springframework.validation.beanvalidation.MethodValidationInterceptor.invoke(MethodValidationInterceptor.java:174)
	at org.springframework.aop.framework.ReflectiveMethodInvocation.proceed(ReflectiveMethodInvocation.java:184)
	at org.springframework.aop.framework.CglibAopProxy$DynamicAdvisedInterceptor.intercept(CglibAopProxy.java:728)
	at com.tns.employeeapi.controller.AccountController$$SpringCGLIB$$0.getBalance(<generated>)
	at java.base/jdk.internal.reflect.DirectMethodHandleAccessor.invoke(DirectMethodHandleAccessor.java:103)
	at java.base/java.lang.reflect.Method.invoke(Method.java:580)
	at org.springframework.web.method.support.InvocableHandlerMethod.doInvoke(InvocableHandlerMethod.java:258)
	at org.springframework.web.method.support.InvocableHandlerMethod.invokeForRequest(InvocableHandlerMethod.java:191)
	at org.springframework.web.servlet.mvc.method.annotation.ServletInvocableHandlerMethod.invokeAndHandle(ServletInvocableHandlerMethod.java:118)
	at org.springframework.web.servlet.mvc.method.annotation.RequestMappingHandlerAdapter.invokeHandlerMethod(RequestMappingHandlerAdapter.java:991)
	at org.springframework.web.servlet.mvc.method.annotation.RequestMappingHandlerAdapter.handleInternal(RequestMappingHandlerAdapter.java:896)
	at org.springframework.web.servlet.mvc.method.AbstractHandlerMethodAdapter.handle(AbstractHandlerMethodAdapter.java:87)
	at org.springframework.web.servlet.DispatcherServlet.doDispatch(DispatcherServlet.java:1089)
	at org.springframework.web.servlet.DispatcherServlet.doService(DispatcherServlet.java:979)
	at org.springframework.web.servlet.FrameworkServlet.processRequest(FrameworkServlet.java:1014)
	at org.springframework.web.servlet.FrameworkServlet.doGet(FrameworkServlet.java:903)
	at jakarta.servlet.http.HttpServlet.service(HttpServlet.java:564)
	at org.springframework.web.servlet.FrameworkServlet.service(FrameworkServlet.java:885)
	at jakarta.servlet.http.HttpServlet.service(HttpServlet.java:658)
	at org.apache.catalina.core.ApplicationFilterChain.internalDoFilter(ApplicationFilterChain.java:195)
	at org.apache.catalina.core.ApplicationFilterChain.doFilter(ApplicationFilterChain.java:140)
	at org.apache.tomcat.websocket.server.WsFilter.doFilter(WsFilter.java:51)
	at org.apache.catalina.core.ApplicationFilterChain.internalDoFilter(ApplicationFilterChain.java:164)
	at org.apache.catalina.core.ApplicationFilterChain.doFilter(ApplicationFilterChain.java:140)
	at org.springframework.web.filter.RequestContextFilter.doFilterInternal(RequestContextFilter.java:100)
	at org.springframework.web.filter.OncePerRequestFilter.doFilter(OncePerRequestFilter.java:116)
	at org.apache.catalina.core.ApplicationFilterChain.internalDoFilter(ApplicationFilterChain.java:164)
	at org.apache.catalina.core.ApplicationFilterChain.doFilter(ApplicationFilterChain.java:140)
	at org.springframework.web.filter.FormContentFilter.doFilterInternal(FormContentFilter.java:93)
	at org.springframework.web.filter.OncePerRequestFilter.doFilter(OncePerRequestFilter.java:116)
	at org.apache.catalina.core.ApplicationFilterChain.internalDoFilter(ApplicationFilterChain.java:164)
	at org.apache.catalina.core.ApplicationFilterChain.doFilter(ApplicationFilterChain.java:140)
	at org.springframework.web.filter.ServerHttpObservationFilter.doFilterInternal(ServerHttpObservationFilter.java:110)
	at org.springframework.web.filter.OncePerRequestFilter.doFilter(OncePerRequestFilter.java:116)
	at org.apache.catalina.core.ApplicationFilterChain.internalDoFilter(ApplicationFilterChain.java:164)
	at org.apache.catalina.core.ApplicationFilterChain.doFilter(ApplicationFilterChain.java:140)
	at org.springframework.web.filter.CharacterEncodingFilter.doFilterInternal(CharacterEncodingFilter.java:201)
	at org.springframework.web.filter.OncePerRequestFilter.doFilter(OncePerRequestFilter.java:116)
	at org.apache.catalina.core.ApplicationFilterChain.internalDoFilter(ApplicationFilterChain.java:164)
	at org.apache.catalina.core.ApplicationFilterChain.doFilter(ApplicationFilterChain.java:140)
	at org.apache.catalina.core.StandardWrapperValve.invoke(StandardWrapperValve.java:167)
	at org.apache.catalina.core.StandardContextValve.invoke(StandardContextValve.java:90)
	at org.apache.catalina.authenticator.AuthenticatorBase.invoke(AuthenticatorBase.java:483)
	at org.apache.catalina.core.StandardHostValve.invoke(StandardHostValve.java:116)
	at org.apache.catalina.valves.ErrorReportValve.invoke(ErrorReportValve.java:93)
	at org.apache.catalina.core.StandardEngineValve.invoke(StandardEngineValve.java:74)
	at org.apache.catalina.connector.CoyoteAdapter.service(CoyoteAdapter.java:344)
	at org.apache.coyote.http11.Http11Processor.service(Http11Processor.java:398)
	at org.apache.coyote.AbstractProcessorLight.process(AbstractProcessorLight.java:63)
	at org.apache.coyote.AbstractProtocol$ConnectionHandler.process(AbstractProtocol.java:903)
	at org.apache.tomcat.util.net.NioEndpoint$SocketProcessor.doRun(NioEndpoint.java:1769)
	at org.apache.tomcat.util.net.SocketProcessorBase.run(SocketProcessorBase.java:52)
	at org.apache.tomcat.util.threads.ThreadPoolExecutor.runWorker(ThreadPoolExecutor.java:1189)
	at org.apache.tomcat.util.threads.ThreadPoolExecutor$Worker.run(ThreadPoolExecutor.java:658)
	at org.apache.tomcat.util.threads.TaskThread$WrappingRunnable.run(TaskThread.java:63)
	at java.base/java.lang.Thread.run(Thread.java:1583)
2026-08-11 16:35:08 DEBUG [EmployeeBankingHikariPool:housekeeper] com.zaxxer.hikari.pool.HikariPool - EmployeeBankingHikariPool - Before cleanup stats (total=5/10, idle=5/5, active=0, waiting=0)
2026-08-11 16:35:08 DEBUG [EmployeeBankingHikariPool:housekeeper] com.zaxxer.hikari.pool.HikariPool - EmployeeBankingHikariPool - After  cleanup stats (total=5/10, idle=5/5, active=0, waiting=0)
2026-08-11 16:35:08 DEBUG [EmployeeBankingHikariPool:housekeeper] com.zaxxer.hikari.pool.HikariPool - EmployeeBankingHikariPool - Fill pool skipped, pool has sufficient level or currently being filled.
2026-08-11 16:35:12 INFO  [http-nio-8091-exec-4] c.t.e.controller.AccountController - Received balance request for account id: 1
2026-08-11 16:35:12 ERROR [http-nio-8091-exec-4] c.t.e.e.GlobalExceptionHandler - Unexpected exception
java.lang.ClassCastException: class com.tns.employeeapi.dto.BalanceResponse cannot be cast to class com.tns.employeeapi.dto.AccountBalanceResponse (com.tns.employeeapi.dto.BalanceResponse and com.tns.employeeapi.dto.AccountBalanceResponse are in unnamed module of loader 'app')
	at com.tns.employeeapi.service.AccountService$$SpringCGLIB$$0.getBalance(<generated>)
	at com.tns.employeeapi.controller.AccountController.getBalance(AccountController.java:64)
	at java.base/jdk.internal.reflect.DirectMethodHandleAccessor.invoke(DirectMethodHandleAccessor.java:103)
	at java.base/java.lang.reflect.Method.invoke(Method.java:580)
	at org.springframework.aop.support.AopUtils.invokeJoinpointUsingReflection(AopUtils.java:360)
	at org.springframework.aop.framework.ReflectiveMethodInvocation.invokeJoinpoint(ReflectiveMethodInvocation.java:196)
	at org.springframework.aop.framework.ReflectiveMethodInvocation.proceed(ReflectiveMethodInvocation.java:163)
	at org.springframework.validation.beanvalidation.MethodValidationInterceptor.invoke(MethodValidationInterceptor.java:174)
	at org.springframework.aop.framework.ReflectiveMethodInvocation.proceed(ReflectiveMethodInvocation.java:184)
	at org.springframework.aop.framework.CglibAopProxy$DynamicAdvisedInterceptor.intercept(CglibAopProxy.java:728)
	at com.tns.employeeapi.controller.AccountController$$SpringCGLIB$$0.getBalance(<generated>)
	at java.base/jdk.internal.reflect.DirectMethodHandleAccessor.invoke(DirectMethodHandleAccessor.java:103)
	at java.base/java.lang.reflect.Method.invoke(Method.java:580)
	at org.springframework.web.method.support.InvocableHandlerMethod.doInvoke(InvocableHandlerMethod.java:258)
	at org.springframework.web.method.support.InvocableHandlerMethod.invokeForRequest(InvocableHandlerMethod.java:191)
	at org.springframework.web.servlet.mvc.method.annotation.ServletInvocableHandlerMethod.invokeAndHandle(ServletInvocableHandlerMethod.java:118)
	at org.springframework.web.servlet.mvc.method.annotation.RequestMappingHandlerAdapter.invokeHandlerMethod(RequestMappingHandlerAdapter.java:991)
	at org.springframework.web.servlet.mvc.method.annotation.RequestMappingHandlerAdapter.handleInternal(RequestMappingHandlerAdapter.java:896)
	at org.springframework.web.servlet.mvc.method.AbstractHandlerMethodAdapter.handle(AbstractHandlerMethodAdapter.java:87)
	at org.springframework.web.servlet.DispatcherServlet.doDispatch(DispatcherServlet.java:1089)
	at org.springframework.web.servlet.DispatcherServlet.doService(DispatcherServlet.java:979)
	at org.springframework.web.servlet.FrameworkServlet.processRequest(FrameworkServlet.java:1014)
	at org.springframework.web.servlet.FrameworkServlet.doGet(FrameworkServlet.java:903)
	at jakarta.servlet.http.HttpServlet.service(HttpServlet.java:564)
	at org.springframework.web.servlet.FrameworkServlet.service(FrameworkServlet.java:885)
	at jakarta.servlet.http.HttpServlet.service(HttpServlet.java:658)
	at org.apache.catalina.core.ApplicationFilterChain.internalDoFilter(ApplicationFilterChain.java:195)
	at org.apache.catalina.core.ApplicationFilterChain.doFilter(ApplicationFilterChain.java:140)
	at org.apache.tomcat.websocket.server.WsFilter.doFilter(WsFilter.java:51)
	at org.apache.catalina.core.ApplicationFilterChain.internalDoFilter(ApplicationFilterChain.java:164)
	at org.apache.catalina.core.ApplicationFilterChain.doFilter(ApplicationFilterChain.java:140)
	at org.springframework.web.filter.RequestContextFilter.doFilterInternal(RequestContextFilter.java:100)
	at org.springframework.web.filter.OncePerRequestFilter.doFilter(OncePerRequestFilter.java:116)
	at org.apache.catalina.core.ApplicationFilterChain.internalDoFilter(ApplicationFilterChain.java:164)
	at org.apache.catalina.core.ApplicationFilterChain.doFilter(ApplicationFilterChain.java:140)
	at org.springframework.web.filter.FormContentFilter.doFilterInternal(FormContentFilter.java:93)
	at org.springframework.web.filter.OncePerRequestFilter.doFilter(OncePerRequestFilter.java:116)
	at org.apache.catalina.core.ApplicationFilterChain.internalDoFilter(ApplicationFilterChain.java:164)
	at org.apache.catalina.core.ApplicationFilterChain.doFilter(ApplicationFilterChain.java:140)
	at org.springframework.web.filter.ServerHttpObservationFilter.doFilterInternal(ServerHttpObservationFilter.java:110)
	at org.springframework.web.filter.OncePerRequestFilter.doFilter(OncePerRequestFilter.java:116)
	at org.apache.catalina.core.ApplicationFilterChain.internalDoFilter(ApplicationFilterChain.java:164)
	at org.apache.catalina.core.ApplicationFilterChain.doFilter(ApplicationFilterChain.java:140)
	at org.springframework.web.filter.CharacterEncodingFilter.doFilterInternal(CharacterEncodingFilter.java:201)
	at org.springframework.web.filter.OncePerRequestFilter.doFilter(OncePerRequestFilter.java:116)
	at org.apache.catalina.core.ApplicationFilterChain.internalDoFilter(ApplicationFilterChain.java:164)
	at org.apache.catalina.core.ApplicationFilterChain.doFilter(ApplicationFilterChain.java:140)
	at org.apache.catalina.core.StandardWrapperValve.invoke(StandardWrapperValve.java:167)
	at org.apache.catalina.core.StandardContextValve.invoke(StandardContextValve.java:90)
	at org.apache.catalina.authenticator.AuthenticatorBase.invoke(AuthenticatorBase.java:483)
	at org.apache.catalina.core.StandardHostValve.invoke(StandardHostValve.java:116)
	at org.apache.catalina.valves.ErrorReportValve.invoke(ErrorReportValve.java:93)
	at org.apache.catalina.core.StandardEngineValve.invoke(StandardEngineValve.java:74)
	at org.apache.catalina.connector.CoyoteAdapter.service(CoyoteAdapter.java:344)
	at org.apache.coyote.http11.Http11Processor.service(Http11Processor.java:398)
	at org.apache.coyote.AbstractProcessorLight.process(AbstractProcessorLight.java:63)
	at org.apache.coyote.AbstractProtocol$ConnectionHandler.process(AbstractProtocol.java:903)
	at org.apache.tomcat.util.net.NioEndpoint$SocketProcessor.doRun(NioEndpoint.java:1769)
	at org.apache.tomcat.util.net.SocketProcessorBase.run(SocketProcessorBase.java:52)
	at org.apache.tomcat.util.threads.ThreadPoolExecutor.runWorker(ThreadPoolExecutor.java:1189)
	at org.apache.tomcat.util.threads.ThreadPoolExecutor$Worker.run(ThreadPoolExecutor.java:658)
	at org.apache.tomcat.util.threads.TaskThread$WrappingRunnable.run(TaskThread.java:63)
	at java.base/java.lang.Thread.run(Thread.java:1583)
2026-08-11 16:35:38 DEBUG [EmployeeBankingHikariPool:housekeeper] com.zaxxer.hikari.pool.HikariPool - EmployeeBankingHikariPool - Before cleanup stats (total=5/10, idle=5/5, active=0, waiting=0)
2026-08-11 16:35:38 DEBUG [EmployeeBankingHikariPool:housekeeper] com.zaxxer.hikari.pool.HikariPool - EmployeeBankingHikariPool - After  cleanup stats (total=5/10, idle=5/5, active=0, waiting=0)
2026-08-11 16:35:38 DEBUG [EmployeeBankingHikariPool:housekeeper] com.zaxxer.hikari.pool.HikariPool - EmployeeBankingHikariPool - Fill pool skipped, pool has sufficient level or currently being filled.
2026-08-11 16:36:08 DEBUG [EmployeeBankingHikariPool:housekeeper] com.zaxxer.hikari.pool.HikariPool - EmployeeBankingHikariPool - Before cleanup stats (total=5/10, idle=5/5, active=0, waiting=0)
2026-08-11 16:36:08 DEBUG [EmployeeBankingHikariPool:housekeeper] com.zaxxer.hikari.pool.HikariPool - EmployeeBankingHikariPool - After  cleanup stats (total=5/10, idle=5/5, active=0, waiting=0)
2026-08-11 16:36:08 DEBUG [EmployeeBankingHikariPool:housekeeper] com.zaxxer.hikari.pool.HikariPool - EmployeeBankingHikariPool - Fill pool skipped, pool has sufficient level or currently being filled.
2026-08-11 16:36:17 DEBUG [EmployeeBankingHikariPool:housekeeper] com.zaxxer.hikari.pool.HikariPool - EmployeeBankingHikariPool - keepalive: connection ConnectionID:4 ClientConnectionId: c45882e4-bd71-48d6-958b-f4a11d994f56 is alive
2026-08-11 16:36:17 DEBUG [EmployeeBankingHikariPool:housekeeper] com.zaxxer.hikari.pool.HikariPool - EmployeeBankingHikariPool - keepalive: connection ConnectionID:5 ClientConnectionId: d429653b-b24a-44f2-b8a6-c634a231a852 is alive
2026-08-11 16:36:18 DEBUG [EmployeeBankingHikariPool:housekeeper] com.zaxxer.hikari.pool.HikariPool - EmployeeBankingHikariPool - keepalive: connection ConnectionID:3 ClientConnectionId: 02a02139-7f3a-4b42-b0f3-05e17f7733ca is alive
2026-08-11 16:36:24 DEBUG [EmployeeBankingHikariPool:housekeeper] com.zaxxer.hikari.pool.HikariPool - EmployeeBankingHikariPool - keepalive: connection ConnectionID:1 ClientConnectionId: 1e0d982b-ecac-4832-9065-6639af6003af is alive
2026-08-11 16:36:32 DEBUG [EmployeeBankingHikariPool:housekeeper] com.zaxxer.hikari.pool.HikariPool - EmployeeBankingHikariPool - keepalive: connection ConnectionID:2 ClientConnectionId: bcd19e87-d71e-4fd0-a749-5540aa4975a6 is alive
2026-08-11 16:36:38 DEBUG [EmployeeBankingHikariPool:housekeeper] com.zaxxer.hikari.pool.HikariPool - EmployeeBankingHikariPool - Before cleanup stats (total=5/10, idle=5/5, active=0, waiting=0)
2026-08-11 16:36:38 DEBUG [EmployeeBankingHikariPool:housekeeper] com.zaxxer.hikari.pool.HikariPool - EmployeeBankingHikariPool - After  cleanup stats (total=5/10, idle=5/5, active=0, waiting=0)
2026-08-11 16:36:38 DEBUG [EmployeeBankingHikariPool:housekeeper] com.zaxxer.hikari.pool.HikariPool - EmployeeBankingHikariPool - Fill pool skipped, pool has sufficient level or currently being filled.
2026-08-11 16:37:08 DEBUG [EmployeeBankingHikariPool:housekeeper] com.zaxxer.hikari.pool.HikariPool - EmployeeBankingHikariPool - Before cleanup stats (total=5/10, idle=5/5, active=0, waiting=0)
2026-08-11 16:37:08 DEBUG [EmployeeBankingHikariPool:housekeeper] com.zaxxer.hikari.pool.HikariPool - EmployeeBankingHikariPool - After  cleanup stats (total=5/10, idle=5/5, active=0, waiting=0)
2026-08-11 16:37:08 DEBUG [EmployeeBankingHikariPool:housekeeper] com.zaxxer.hikari.pool.HikariPool - EmployeeBankingHikariPool - Fill pool skipped, pool has sufficient level or currently being filled.
2026-08-11 16:37:38 DEBUG [EmployeeBankingHikariPool:housekeeper] com.zaxxer.hikari.pool.HikariPool - EmployeeBankingHikariPool - Before cleanup stats (total=5/10, idle=5/5, active=0, waiting=0)
2026-08-11 16:37:38 DEBUG [EmployeeBankingHikariPool:housekeeper] com.zaxxer.hikari.pool.HikariPool - EmployeeBankingHikariPool - After  cleanup stats (total=5/10, idle=5/5, active=0, waiting=0)
2026-08-11 16:37:38 DEBUG [EmployeeBankingHikariPool:housekeeper] com.zaxxer.hikari.pool.HikariPool - EmployeeBankingHikariPool - Fill pool skipped, pool has sufficient level or currently being filled.
2026-08-11 16:37:54 DEBUG [EmployeeBankingHikariPool:housekeeper] com.zaxxer.hikari.pool.HikariPool - EmployeeBankingHikariPool - keepalive: connection ConnectionID:4 ClientConnectionId: c45882e4-bd71-48d6-958b-f4a11d994f56 is alive
2026-08-11 16:37:55 DEBUG [EmployeeBankingHikariPool:housekeeper] com.zaxxer.hikari.pool.HikariPool - EmployeeBankingHikariPool - keepalive: connection ConnectionID:5 ClientConnectionId: d429653b-b24a-44f2-b8a6-c634a231a852 is alive
2026-08-11 16:37:57 DEBUG [EmployeeBankingHikariPool:housekeeper] com.zaxxer.hikari.pool.HikariPool - EmployeeBankingHikariPool - keepalive: connection ConnectionID:3 ClientConnectionId: 02a02139-7f3a-4b42-b0f3-05e17f7733ca is alive
2026-08-11 16:38:08 DEBUG [EmployeeBankingHikariPool:housekeeper] com.zaxxer.hikari.pool.HikariPool - EmployeeBankingHikariPool - Before cleanup stats (total=5/10, idle=5/5, active=0, waiting=0)
2026-08-11 16:38:08 DEBUG [EmployeeBankingHikariPool:housekeeper] com.zaxxer.hikari.pool.HikariPool - EmployeeBankingHikariPool - After  cleanup stats (total=5/10, idle=5/5, active=0, waiting=0)
2026-08-11 16:38:08 DEBUG [EmployeeBankingHikariPool:housekeeper] com.zaxxer.hikari.pool.HikariPool - EmployeeBankingHikariPool - Fill pool skipped, pool has sufficient level or currently being filled.
2026-08-11 16:38:10 DEBUG [EmployeeBankingHikariPool:housekeeper] com.zaxxer.hikari.pool.HikariPool - EmployeeBankingHikariPool - keepalive: connection ConnectionID:1 ClientConnectionId: 1e0d982b-ecac-4832-9065-6639af6003af is alive
2026-08-11 16:38:26 DEBUG [EmployeeBankingHikariPool:housekeeper] com.zaxxer.hikari.pool.HikariPool - EmployeeBankingHikariPool - keepalive: connection ConnectionID:2 ClientConnectionId: bcd19e87-d71e-4fd0-a749-5540aa4975a6 is alive
2026-08-11 16:38:38 DEBUG [EmployeeBankingHikariPool:housekeeper] com.zaxxer.hikari.pool.HikariPool - EmployeeBankingHikariPool - Before cleanup stats (total=5/10, idle=5/5, active=0, waiting=0)
2026-08-11 16:38:38 DEBUG [EmployeeBankingHikariPool:housekeeper] com.zaxxer.hikari.pool.HikariPool - EmployeeBankingHikariPool - After  cleanup stats (total=5/10, idle=5/5, active=0, waiting=0)
2026-08-11 16:38:38 DEBUG [EmployeeBankingHikariPool:housekeeper] com.zaxxer.hikari.pool.HikariPool - EmployeeBankingHikariPool - Fill pool skipped, pool has sufficient level or currently being filled.
2026-08-11 16:39:08 DEBUG [EmployeeBankingHikariPool:housekeeper] com.zaxxer.hikari.pool.HikariPool - EmployeeBankingHikariPool - Before cleanup stats (total=5/10, idle=5/5, active=0, waiting=0)
2026-08-11 16:39:08 DEBUG [EmployeeBankingHikariPool:housekeeper] com.zaxxer.hikari.pool.HikariPool - EmployeeBankingHikariPool - After  cleanup stats (total=5/10, idle=5/5, active=0, waiting=0)
2026-08-11 16:39:08 DEBUG [EmployeeBankingHikariPool:housekeeper] com.zaxxer.hikari.pool.HikariPool - EmployeeBankingHikariPool - Fill pool skipped, pool has sufficient level or currently being filled.
2026-08-11 16:39:32 DEBUG [EmployeeBankingHikariPool:housekeeper] com.zaxxer.hikari.pool.HikariPool - EmployeeBankingHikariPool - keepalive: connection ConnectionID:4 ClientConnectionId: c45882e4-bd71-48d6-958b-f4a11d994f56 is alive
2026-08-11 16:39:33 DEBUG [EmployeeBankingHikariPool:housekeeper] com.zaxxer.hikari.pool.HikariPool - EmployeeBankingHikariPool - keepalive: connection ConnectionID:5 ClientConnectionId: d429653b-b24a-44f2-b8a6-c634a231a852 is alive
2026-08-11 16:39:37 DEBUG [EmployeeBankingHikariPool:housekeeper] com.zaxxer.hikari.pool.HikariPool - EmployeeBankingHikariPool - keepalive: connection ConnectionID:3 ClientConnectionId: 02a02139-7f3a-4b42-b0f3-05e17f7733ca is alive
2026-08-11 16:39:38 DEBUG [EmployeeBankingHikariPool:housekeeper] com.zaxxer.hikari.pool.HikariPool - EmployeeBankingHikariPool - Before cleanup stats (total=5/10, idle=5/5, active=0, waiting=0)
2026-08-11 16:39:38 DEBUG [EmployeeBankingHikariPool:housekeeper] com.zaxxer.hikari.pool.HikariPool - EmployeeBankingHikariPool - After  cleanup stats (total=5/10, idle=5/5, active=0, waiting=0)
2026-08-11 16:39:38 DEBUG [EmployeeBankingHikariPool:housekeeper] com.zaxxer.hikari.pool.HikariPool - EmployeeBankingHikariPool - Fill pool skipped, pool has sufficient level or currently being filled.
2026-08-11 16:39:56 DEBUG [EmployeeBankingHikariPool:housekeeper] com.zaxxer.hikari.pool.HikariPool - EmployeeBankingHikariPool - keepalive: connection ConnectionID:1 ClientConnectionId: 1e0d982b-ecac-4832-9065-6639af6003af is alive
2026-08-11 16:40:08 DEBUG [EmployeeBankingHikariPool:housekeeper] com.zaxxer.hikari.pool.HikariPool - EmployeeBankingHikariPool - Before cleanup stats (total=5/10, idle=5/5, active=0, waiting=0)
2026-08-11 16:40:08 DEBUG [EmployeeBankingHikariPool:housekeeper] com.zaxxer.hikari.pool.HikariPool - EmployeeBankingHikariPool - After  cleanup stats (total=5/10, idle=5/5, active=0, waiting=0)
2026-08-11 16:40:08 DEBUG [EmployeeBankingHikariPool:housekeeper] com.zaxxer.hikari.pool.HikariPool - EmployeeBankingHikariPool - Fill pool skipped, pool has sufficient level or currently being filled.
2026-08-11 16:40:20 DEBUG [EmployeeBankingHikariPool:housekeeper] com.zaxxer.hikari.pool.HikariPool - EmployeeBankingHikariPool - keepalive: connection ConnectionID:2 ClientConnectionId: bcd19e87-d71e-4fd0-a749-5540aa4975a6 is alive
2026-08-11 16:40:38 DEBUG [EmployeeBankingHikariPool:housekeeper] com.zaxxer.hikari.pool.HikariPool - EmployeeBankingHikariPool - Before cleanup stats (total=5/10, idle=5/5, active=0, waiting=0)
2026-08-11 16:40:38 DEBUG [EmployeeBankingHikariPool:housekeeper] com.zaxxer.hikari.pool.HikariPool - EmployeeBankingHikariPool - After  cleanup stats (total=5/10, idle=5/5, active=0, waiting=0)
2026-08-11 16:40:38 DEBUG [EmployeeBankingHikariPool:housekeeper] com.zaxxer.hikari.pool.HikariPool - EmployeeBankingHikariPool - Fill pool skipped, pool has sufficient level or currently being filled.
2026-08-11 16:41:08 DEBUG [EmployeeBankingHikariPool:housekeeper] com.zaxxer.hikari.pool.HikariPool - EmployeeBankingHikariPool - Before cleanup stats (total=5/10, idle=5/5, active=0, waiting=0)
2026-08-11 16:41:08 DEBUG [EmployeeBankingHikariPool:housekeeper] com.zaxxer.hikari.pool.HikariPool - EmployeeBankingHikariPool - After  cleanup stats (total=5/10, idle=5/5, active=0, waiting=0)
2026-08-11 16:41:08 DEBUG [EmployeeBankingHikariPool:housekeeper] com.zaxxer.hikari.pool.HikariPool - EmployeeBankingHikariPool - Fill pool skipped, pool has sufficient level or currently being filled.
2026-08-11 16:41:10 DEBUG [EmployeeBankingHikariPool:housekeeper] com.zaxxer.hikari.pool.HikariPool - EmployeeBankingHikariPool - keepalive: connection ConnectionID:4 ClientConnectionId: c45882e4-bd71-48d6-958b-f4a11d994f56 is alive
2026-08-11 16:41:11 DEBUG [EmployeeBankingHikariPool:housekeeper] com.zaxxer.hikari.pool.HikariPool - EmployeeBankingHikariPool - keepalive: connection ConnectionID:5 ClientConnectionId: d429653b-b24a-44f2-b8a6-c634a231a852 is alive
2026-08-11 16:41:16 DEBUG [EmployeeBankingHikariPool:housekeeper] com.zaxxer.hikari.pool.HikariPool - EmployeeBankingHikariPool - keepalive: connection ConnectionID:3 ClientConnectionId: 02a02139-7f3a-4b42-b0f3-05e17f7733ca is alive
2026-08-11 16:41:38 DEBUG [EmployeeBankingHikariPool:housekeeper] com.zaxxer.hikari.pool.HikariPool - EmployeeBankingHikariPool - Before cleanup stats (total=5/10, idle=5/5, active=0, waiting=0)
2026-08-11 16:41:38 DEBUG [EmployeeBankingHikariPool:housekeeper] com.zaxxer.hikari.pool.HikariPool - EmployeeBankingHikariPool - After  cleanup stats (total=5/10, idle=5/5, active=0, waiting=0)
2026-08-11 16:41:38 DEBUG [EmployeeBankingHikariPool:housekeeper] com.zaxxer.hikari.pool.HikariPool - EmployeeBankingHikariPool - Fill pool skipped, pool has sufficient level or currently being filled.
2026-08-11 16:41:42 DEBUG [EmployeeBankingHikariPool:housekeeper] com.zaxxer.hikari.pool.HikariPool - EmployeeBankingHikariPool - keepalive: connection ConnectionID:1 ClientConnectionId: 1e0d982b-ecac-4832-9065-6639af6003af is alive
2026-08-11 16:42:02 INFO  [background-preinit] o.h.validator.internal.util.Version - HV000001: Hibernate Validator 8.0.2.Final
2026-08-11 16:42:02 INFO  [main] c.t.e.EmployeeApiApplication - Starting EmployeeApiApplication using Java 21.0.11 with PID 10208 (C:\Users\s.samantray\Desktop\Eclipse_Workspace\EmployeeBankRestApiPostman_Collection\target\classes started by s.samantray in C:\Users\s.samantray\Desktop\Eclipse_Workspace\EmployeeBankRestApiPostman_Collection)
2026-08-11 16:42:02 DEBUG [main] c.t.e.EmployeeApiApplication - Running with Spring Boot v3.5.4, Spring v6.2.9
2026-08-11 16:42:02 INFO  [main] c.t.e.EmployeeApiApplication - No active profile set, falling back to 1 default profile: "default"
2026-08-11 16:42:06 INFO  [main] o.s.d.r.c.RepositoryConfigurationDelegate - Multiple Spring Data modules found, entering strict repository configuration mode
2026-08-11 16:42:06 INFO  [main] o.s.d.r.c.RepositoryConfigurationDelegate - Bootstrapping Spring Data JPA repositories in DEFAULT mode.
2026-08-11 16:42:07 INFO  [main] o.s.d.r.c.RepositoryConfigurationDelegate - Finished Spring Data repository scanning in 699 ms. Found 2 JPA repository interfaces.
2026-08-11 16:42:07 INFO  [main] o.s.d.r.c.RepositoryConfigurationDelegate - Multiple Spring Data modules found, entering strict repository configuration mode
2026-08-11 16:42:07 INFO  [main] o.s.d.r.c.RepositoryConfigurationDelegate - Bootstrapping Spring Data Redis repositories in DEFAULT mode.
2026-08-11 16:42:07 INFO  [main] o.s.d.r.c.RepositoryConfigurationExtensionSupport - Spring Data Redis - Could not safely identify store assignment for repository candidate interface com.tns.employeeapi.repository.AccountRepository; If you want this repository to be a Redis repository, consider annotating your entities with one of these annotations: org.springframework.data.redis.core.RedisHash (preferred), or consider extending one of the following types with your repository: org.springframework.data.keyvalue.repository.KeyValueRepository
2026-08-11 16:42:07 INFO  [main] o.s.d.r.c.RepositoryConfigurationExtensionSupport - Spring Data Redis - Could not safely identify store assignment for repository candidate interface com.tns.employeeapi.repository.EmployeeRepository; If you want this repository to be a Redis repository, consider annotating your entities with one of these annotations: org.springframework.data.redis.core.RedisHash (preferred), or consider extending one of the following types with your repository: org.springframework.data.keyvalue.repository.KeyValueRepository
2026-08-11 16:42:07 INFO  [main] o.s.d.r.c.RepositoryConfigurationDelegate - Finished Spring Data repository scanning in 123 ms. Found 0 Redis repository interfaces.
2026-08-11 16:42:10 INFO  [main] o.s.b.w.e.tomcat.TomcatWebServer - Tomcat initialized with port 8091 (http)
2026-08-11 16:42:10 INFO  [main] o.a.coyote.http11.Http11NioProtocol - Initializing ProtocolHandler ["http-nio-8091"]
2026-08-11 16:42:10 INFO  [main] o.a.catalina.core.StandardService - Starting service [Tomcat]
2026-08-11 16:42:10 INFO  [main] o.a.catalina.core.StandardEngine - Starting Servlet engine: [Apache Tomcat/10.1.43]
2026-08-11 16:42:10 INFO  [main] o.a.c.c.C.[Tomcat].[localhost].[/] - Initializing Spring embedded WebApplicationContext
2026-08-11 16:42:10 INFO  [main] o.s.b.w.s.c.ServletWebServerApplicationContext - Root WebApplicationContext: initialization completed in 8220 ms
2026-08-11 16:42:12 DEBUG [main] com.zaxxer.hikari.HikariConfig - Class com.microsoft.sqlserver.jdbc.SQLServerDriver found in Thread context class loader jdk.internal.loader.ClassLoaders$AppClassLoader@5c647e05
2026-08-11 16:42:13 INFO  [main] o.h.jpa.internal.util.LogHelper - HHH000204: Processing PersistenceUnitInfo [name: default]
2026-08-11 16:42:13 INFO  [main] org.hibernate.Version - HHH000412: Hibernate ORM core version 6.6.22.Final
2026-08-11 16:42:13 INFO  [main] o.h.c.i.RegionFactoryInitiator - HHH000026: Second-level cache disabled
2026-08-11 16:42:14 INFO  [main] o.s.o.j.p.SpringPersistenceUnitInfo - No LoadTimeWeaver setup: ignoring JPA class transformer
2026-08-11 16:42:15 DEBUG [main] com.zaxxer.hikari.HikariConfig - EmployeeBankingHikariPool - configuration:
2026-08-11 16:42:15 DEBUG [main] com.zaxxer.hikari.HikariConfig - allowPoolSuspension.............false
2026-08-11 16:42:15 DEBUG [main] com.zaxxer.hikari.HikariConfig - autoCommit......................true
2026-08-11 16:42:15 DEBUG [main] com.zaxxer.hikari.HikariConfig - catalog.........................none
2026-08-11 16:42:15 DEBUG [main] com.zaxxer.hikari.HikariConfig - connectionInitSql...............none
2026-08-11 16:42:15 DEBUG [main] com.zaxxer.hikari.HikariConfig - connectionTestQuery.............none
2026-08-11 16:42:15 DEBUG [main] com.zaxxer.hikari.HikariConfig - connectionTimeout...............30000
2026-08-11 16:42:15 DEBUG [main] com.zaxxer.hikari.HikariConfig - credentials.....................com.zaxxer.hikari.util.Credentials@582ca1e2
2026-08-11 16:42:15 DEBUG [main] com.zaxxer.hikari.HikariConfig - dataSource......................none
2026-08-11 16:42:15 DEBUG [main] com.zaxxer.hikari.HikariConfig - dataSourceClassName.............none
2026-08-11 16:42:15 DEBUG [main] com.zaxxer.hikari.HikariConfig - dataSourceJNDI..................none
2026-08-11 16:42:15 DEBUG [main] com.zaxxer.hikari.HikariConfig - dataSourceProperties............{password=<masked>}
2026-08-11 16:42:15 DEBUG [main] com.zaxxer.hikari.HikariConfig - driverClassName................."com.microsoft.sqlserver.jdbc.SQLServerDriver"
2026-08-11 16:42:15 DEBUG [main] com.zaxxer.hikari.HikariConfig - exceptionOverride...............none
2026-08-11 16:42:15 DEBUG [main] com.zaxxer.hikari.HikariConfig - exceptionOverrideClassName......none
2026-08-11 16:42:15 DEBUG [main] com.zaxxer.hikari.HikariConfig - healthCheckProperties...........{}
2026-08-11 16:42:15 DEBUG [main] com.zaxxer.hikari.HikariConfig - healthCheckRegistry.............none
2026-08-11 16:42:15 DEBUG [main] com.zaxxer.hikari.HikariConfig - idleTimeout.....................600000
2026-08-11 16:42:15 DEBUG [main] com.zaxxer.hikari.HikariConfig - initializationFailTimeout.......1
2026-08-11 16:42:15 DEBUG [main] com.zaxxer.hikari.HikariConfig - isolateInternalQueries..........false
2026-08-11 16:42:15 DEBUG [main] com.zaxxer.hikari.HikariConfig - jdbcUrl.........................jdbc:sqlserver://TNS-IT-DESKTOP\SQLEXPRESS;databaseName=SpringBootRestApi;integratedSecurity=true;encrypt=true;trustServerCertificate=true
2026-08-11 16:42:15 DEBUG [main] com.zaxxer.hikari.HikariConfig - keepaliveTime...................120000
2026-08-11 16:42:15 DEBUG [main] com.zaxxer.hikari.HikariConfig - leakDetectionThreshold..........2000
2026-08-11 16:42:15 DEBUG [main] com.zaxxer.hikari.HikariConfig - maxLifetime.....................1800000
2026-08-11 16:42:15 DEBUG [main] com.zaxxer.hikari.HikariConfig - maximumPoolSize.................10
2026-08-11 16:42:15 DEBUG [main] com.zaxxer.hikari.HikariConfig - metricRegistry..................none
2026-08-11 16:42:15 DEBUG [main] com.zaxxer.hikari.HikariConfig - metricsTrackerFactory...........none
2026-08-11 16:42:15 DEBUG [main] com.zaxxer.hikari.HikariConfig - minimumIdle.....................5
2026-08-11 16:42:15 DEBUG [main] com.zaxxer.hikari.HikariConfig - password........................<masked>
2026-08-11 16:42:15 DEBUG [main] com.zaxxer.hikari.HikariConfig - poolName........................"EmployeeBankingHikariPool"
2026-08-11 16:42:15 DEBUG [main] com.zaxxer.hikari.HikariConfig - readOnly........................false
2026-08-11 16:42:15 DEBUG [main] com.zaxxer.hikari.HikariConfig - registerMbeans..................false
2026-08-11 16:42:15 DEBUG [main] com.zaxxer.hikari.HikariConfig - scheduledExecutor...............none
2026-08-11 16:42:15 DEBUG [main] com.zaxxer.hikari.HikariConfig - schema..........................none
2026-08-11 16:42:15 DEBUG [main] com.zaxxer.hikari.HikariConfig - threadFactory...................internal
2026-08-11 16:42:15 DEBUG [main] com.zaxxer.hikari.HikariConfig - transactionIsolation............default
2026-08-11 16:42:15 DEBUG [main] com.zaxxer.hikari.HikariConfig - username........................none
2026-08-11 16:42:15 DEBUG [main] com.zaxxer.hikari.HikariConfig - validationTimeout...............5000
2026-08-11 16:42:15 INFO  [main] com.zaxxer.hikari.HikariDataSource - EmployeeBankingHikariPool - Starting...
2026-08-11 16:42:15 DEBUG [main] com.zaxxer.hikari.pool.PoolBase - EmployeeBankingHikariPool - Attempting to create/setup new connection (e8438e67-76c0-4b6a-a4d5-505beae79a17)
2026-08-11 16:42:17 DEBUG [main] com.zaxxer.hikari.pool.PoolBase - EmployeeBankingHikariPool - Established new connection (e8438e67-76c0-4b6a-a4d5-505beae79a17)
2026-08-11 16:42:17 INFO  [main] com.zaxxer.hikari.pool.HikariPool - EmployeeBankingHikariPool - Added connection ConnectionID:1 ClientConnectionId: f3801233-02c8-4214-bd93-c04a79d691e9
2026-08-11 16:42:17 INFO  [main] com.zaxxer.hikari.HikariDataSource - EmployeeBankingHikariPool - Start completed.
2026-08-11 16:42:17 DEBUG [EmployeeBankingHikariPool:housekeeper] com.zaxxer.hikari.pool.HikariPool - EmployeeBankingHikariPool - Before cleanup stats (total=1/10, idle=0/5, active=1, waiting=0)
2026-08-11 16:42:17 DEBUG [EmployeeBankingHikariPool:housekeeper] com.zaxxer.hikari.pool.HikariPool - EmployeeBankingHikariPool - After  cleanup stats (total=1/10, idle=0/5, active=1, waiting=0)
2026-08-11 16:42:17 DEBUG [EmployeeBankingHikariPool:connection-adder] com.zaxxer.hikari.pool.PoolBase - EmployeeBankingHikariPool - Attempting to create/setup new connection (78c2f1b2-fa62-4876-8f55-79e6ff058fe8)
2026-08-11 16:42:17 INFO  [main] o.hibernate.orm.connections.pooling - HHH10001005: Database info:
	Database JDBC URL [Connecting through datasource 'HikariDataSource (EmployeeBankingHikariPool)']
	Database driver: undefined/unknown
	Database version: 15.0
	Autocommit mode: undefined/unknown
	Isolation level: undefined/unknown
	Minimum pool size: undefined/unknown
	Maximum pool size: undefined/unknown
2026-08-11 16:42:17 DEBUG [EmployeeBankingHikariPool:connection-adder] com.zaxxer.hikari.pool.PoolBase - EmployeeBankingHikariPool - Established new connection (78c2f1b2-fa62-4876-8f55-79e6ff058fe8)
2026-08-11 16:42:17 DEBUG [EmployeeBankingHikariPool:connection-adder] com.zaxxer.hikari.pool.HikariPool - EmployeeBankingHikariPool - Added connection ConnectionID:2 ClientConnectionId: 4566ae84-1eab-49e6-8b42-7fce11bf7b4a
2026-08-11 16:42:18 DEBUG [EmployeeBankingHikariPool:connection-adder] com.zaxxer.hikari.pool.HikariPool - EmployeeBankingHikariPool - After adding stats (total=2/10, idle=2/5, active=0, waiting=0)
2026-08-11 16:42:18 DEBUG [EmployeeBankingHikariPool:connection-adder] com.zaxxer.hikari.pool.PoolBase - EmployeeBankingHikariPool - Attempting to create/setup new connection (564d11b7-aa95-45b0-916c-ae5f66c9af88)
2026-08-11 16:42:18 DEBUG [EmployeeBankingHikariPool:connection-adder] com.zaxxer.hikari.pool.PoolBase - EmployeeBankingHikariPool - Established new connection (564d11b7-aa95-45b0-916c-ae5f66c9af88)
2026-08-11 16:42:18 DEBUG [EmployeeBankingHikariPool:connection-adder] com.zaxxer.hikari.pool.HikariPool - EmployeeBankingHikariPool - Added connection ConnectionID:3 ClientConnectionId: 22527d61-ed25-4a49-bcce-c2512cdfc455
2026-08-11 16:42:18 DEBUG [EmployeeBankingHikariPool:connection-adder] com.zaxxer.hikari.pool.HikariPool - EmployeeBankingHikariPool - After adding stats (total=3/10, idle=3/5, active=0, waiting=0)
2026-08-11 16:42:18 DEBUG [EmployeeBankingHikariPool:connection-adder] com.zaxxer.hikari.pool.PoolBase - EmployeeBankingHikariPool - Attempting to create/setup new connection (43ff5134-9a3f-4f1a-90b8-b06e22b11d8a)
2026-08-11 16:42:18 DEBUG [EmployeeBankingHikariPool:connection-adder] com.zaxxer.hikari.pool.PoolBase - EmployeeBankingHikariPool - Established new connection (43ff5134-9a3f-4f1a-90b8-b06e22b11d8a)
2026-08-11 16:42:18 DEBUG [EmployeeBankingHikariPool:connection-adder] com.zaxxer.hikari.pool.HikariPool - EmployeeBankingHikariPool - Added connection ConnectionID:4 ClientConnectionId: 15ce94da-ba12-4c33-aa0f-d5b66a9443d6
2026-08-11 16:42:19 DEBUG [EmployeeBankingHikariPool:connection-adder] com.zaxxer.hikari.pool.HikariPool - EmployeeBankingHikariPool - After adding stats (total=4/10, idle=4/5, active=0, waiting=0)
2026-08-11 16:42:19 DEBUG [EmployeeBankingHikariPool:connection-adder] com.zaxxer.hikari.pool.PoolBase - EmployeeBankingHikariPool - Attempting to create/setup new connection (edd8a0d1-7a4d-42fb-988d-315e0fc82647)
2026-08-11 16:42:19 DEBUG [EmployeeBankingHikariPool:connection-adder] com.zaxxer.hikari.pool.PoolBase - EmployeeBankingHikariPool - Established new connection (edd8a0d1-7a4d-42fb-988d-315e0fc82647)
2026-08-11 16:42:19 DEBUG [EmployeeBankingHikariPool:connection-adder] com.zaxxer.hikari.pool.HikariPool - EmployeeBankingHikariPool - Added connection ConnectionID:5 ClientConnectionId: b1be7040-d21d-44cc-b492-084ecfb37c25
2026-08-11 16:42:19 DEBUG [EmployeeBankingHikariPool:connection-adder] com.zaxxer.hikari.pool.HikariPool - EmployeeBankingHikariPool - After adding stats (total=5/10, idle=5/5, active=0, waiting=0)
2026-08-11 16:42:19 DEBUG [EmployeeBankingHikariPool:connection-adder] com.zaxxer.hikari.pool.HikariPool - EmployeeBankingHikariPool - Connection not added, stats (total=5/10, idle=5/5, active=0, waiting=0)
2026-08-11 16:42:21 INFO  [main] o.h.e.t.j.p.i.JtaPlatformInitiator - HHH000489: No JTA platform available (set 'hibernate.transaction.jta.platform' to enable JTA platform integration)
2026-08-11 16:42:22 INFO  [main] o.s.o.j.LocalContainerEntityManagerFactoryBean - Initialized JPA EntityManagerFactory for persistence unit 'default'
2026-08-11 16:42:30 INFO  [main] o.s.b.a.e.web.EndpointLinksResolver - Exposing 5 endpoints beneath base path '/actuator'
2026-08-11 16:42:31 INFO  [main] o.a.coyote.http11.Http11NioProtocol - Starting ProtocolHandler ["http-nio-8091"]
2026-08-11 16:42:31 INFO  [main] o.s.b.w.e.tomcat.TomcatWebServer - Tomcat started on port 8091 (http) with context path '/'
2026-08-11 16:42:31 INFO  [main] c.t.e.EmployeeApiApplication - Started EmployeeApiApplication in 30.878 seconds (process running for 32.379)
2026-08-11 16:42:34 INFO  [http-nio-8091-exec-2] o.a.c.c.C.[Tomcat].[localhost].[/] - Initializing Spring DispatcherServlet 'dispatcherServlet'
2026-08-11 16:42:34 INFO  [http-nio-8091-exec-2] o.s.web.servlet.DispatcherServlet - Initializing Servlet 'dispatcherServlet'
2026-08-11 16:42:34 INFO  [http-nio-8091-exec-2] o.s.web.servlet.DispatcherServlet - Completed initialization in 4 ms
2026-08-11 16:42:34 INFO  [http-nio-8091-exec-2] c.t.e.controller.AccountController - Received withdraw request for account id: 1
2026-08-11 16:42:34 INFO  [http-nio-8091-exec-2] c.t.e.service.AccountService - Withdrawing 1000.0 from account id: 1
2026-08-11 16:42:34 DEBUG [http-nio-8091-exec-2] org.hibernate.SQL - 
    select
        a1_0.id,
        a1_0.account_holder_name,
        a1_0.account_number,
        a1_0.balance 
    from
        account_details5 a1_0 
    where
        a1_0.id=?
2026-08-11 16:42:34 TRACE [http-nio-8091-exec-2] org.hibernate.orm.jdbc.bind - binding parameter (1:INTEGER) <- [1]
2026-08-11 16:42:34 DEBUG [http-nio-8091-exec-2] org.hibernate.SQL - 
    update
        account_details5 
    set
        account_holder_name=?,
        account_number=?,
        balance=? 
    where
        id=?
2026-08-11 16:42:34 TRACE [http-nio-8091-exec-2] org.hibernate.orm.jdbc.bind - binding parameter (1:VARCHAR) <- [Satya Prakash]
2026-08-11 16:42:34 TRACE [http-nio-8091-exec-2] org.hibernate.orm.jdbc.bind - binding parameter (2:VARCHAR) <- [ACC123456]
2026-08-11 16:42:34 TRACE [http-nio-8091-exec-2] org.hibernate.orm.jdbc.bind - binding parameter (3:DOUBLE) <- [20000.0]
2026-08-11 16:42:34 TRACE [http-nio-8091-exec-2] org.hibernate.orm.jdbc.bind - binding parameter (4:INTEGER) <- [1]
2026-08-11 16:42:42 INFO  [http-nio-8091-exec-3] c.t.e.controller.AccountController - Received balance request for account id: 1
2026-08-11 16:42:42 ERROR [http-nio-8091-exec-3] c.t.e.e.GlobalExceptionHandler - Unexpected exception
java.lang.ClassCastException: class com.tns.employeeapi.dto.BalanceResponse cannot be cast to class com.tns.employeeapi.dto.AccountBalanceResponse (com.tns.employeeapi.dto.BalanceResponse and com.tns.employeeapi.dto.AccountBalanceResponse are in unnamed module of loader 'app')
	at com.tns.employeeapi.service.AccountService$$SpringCGLIB$$0.getBalance(<generated>)
	at com.tns.employeeapi.controller.AccountController.getBalance(AccountController.java:64)
	at java.base/jdk.internal.reflect.DirectMethodHandleAccessor.invoke(DirectMethodHandleAccessor.java:103)
	at java.base/java.lang.reflect.Method.invoke(Method.java:580)
	at org.springframework.aop.support.AopUtils.invokeJoinpointUsingReflection(AopUtils.java:360)
	at org.springframework.aop.framework.ReflectiveMethodInvocation.invokeJoinpoint(ReflectiveMethodInvocation.java:196)
	at org.springframework.aop.framework.ReflectiveMethodInvocation.proceed(ReflectiveMethodInvocation.java:163)
	at org.springframework.validation.beanvalidation.MethodValidationInterceptor.invoke(MethodValidationInterceptor.java:174)
	at org.springframework.aop.framework.ReflectiveMethodInvocation.proceed(ReflectiveMethodInvocation.java:184)
	at org.springframework.aop.framework.CglibAopProxy$DynamicAdvisedInterceptor.intercept(CglibAopProxy.java:728)
	at com.tns.employeeapi.controller.AccountController$$SpringCGLIB$$0.getBalance(<generated>)
	at java.base/jdk.internal.reflect.DirectMethodHandleAccessor.invoke(DirectMethodHandleAccessor.java:103)
	at java.base/java.lang.reflect.Method.invoke(Method.java:580)
	at org.springframework.web.method.support.InvocableHandlerMethod.doInvoke(InvocableHandlerMethod.java:258)
	at org.springframework.web.method.support.InvocableHandlerMethod.invokeForRequest(InvocableHandlerMethod.java:191)
	at org.springframework.web.servlet.mvc.method.annotation.ServletInvocableHandlerMethod.invokeAndHandle(ServletInvocableHandlerMethod.java:118)
	at org.springframework.web.servlet.mvc.method.annotation.RequestMappingHandlerAdapter.invokeHandlerMethod(RequestMappingHandlerAdapter.java:991)
	at org.springframework.web.servlet.mvc.method.annotation.RequestMappingHandlerAdapter.handleInternal(RequestMappingHandlerAdapter.java:896)
	at org.springframework.web.servlet.mvc.method.AbstractHandlerMethodAdapter.handle(AbstractHandlerMethodAdapter.java:87)
	at org.springframework.web.servlet.DispatcherServlet.doDispatch(DispatcherServlet.java:1089)
	at org.springframework.web.servlet.DispatcherServlet.doService(DispatcherServlet.java:979)
	at org.springframework.web.servlet.FrameworkServlet.processRequest(FrameworkServlet.java:1014)
	at org.springframework.web.servlet.FrameworkServlet.doGet(FrameworkServlet.java:903)
	at jakarta.servlet.http.HttpServlet.service(HttpServlet.java:564)
	at org.springframework.web.servlet.FrameworkServlet.service(FrameworkServlet.java:885)
	at jakarta.servlet.http.HttpServlet.service(HttpServlet.java:658)
	at org.apache.catalina.core.ApplicationFilterChain.internalDoFilter(ApplicationFilterChain.java:195)
	at org.apache.catalina.core.ApplicationFilterChain.doFilter(ApplicationFilterChain.java:140)
	at org.apache.tomcat.websocket.server.WsFilter.doFilter(WsFilter.java:51)
	at org.apache.catalina.core.ApplicationFilterChain.internalDoFilter(ApplicationFilterChain.java:164)
	at org.apache.catalina.core.ApplicationFilterChain.doFilter(ApplicationFilterChain.java:140)
	at org.springframework.web.filter.RequestContextFilter.doFilterInternal(RequestContextFilter.java:100)
	at org.springframework.web.filter.OncePerRequestFilter.doFilter(OncePerRequestFilter.java:116)
	at org.apache.catalina.core.ApplicationFilterChain.internalDoFilter(ApplicationFilterChain.java:164)
	at org.apache.catalina.core.ApplicationFilterChain.doFilter(ApplicationFilterChain.java:140)
	at org.springframework.web.filter.FormContentFilter.doFilterInternal(FormContentFilter.java:93)
	at org.springframework.web.filter.OncePerRequestFilter.doFilter(OncePerRequestFilter.java:116)
	at org.apache.catalina.core.ApplicationFilterChain.internalDoFilter(ApplicationFilterChain.java:164)
	at org.apache.catalina.core.ApplicationFilterChain.doFilter(ApplicationFilterChain.java:140)
	at org.springframework.web.filter.ServerHttpObservationFilter.doFilterInternal(ServerHttpObservationFilter.java:110)
	at org.springframework.web.filter.OncePerRequestFilter.doFilter(OncePerRequestFilter.java:116)
	at org.apache.catalina.core.ApplicationFilterChain.internalDoFilter(ApplicationFilterChain.java:164)
	at org.apache.catalina.core.ApplicationFilterChain.doFilter(ApplicationFilterChain.java:140)
	at org.springframework.web.filter.CharacterEncodingFilter.doFilterInternal(CharacterEncodingFilter.java:201)
	at org.springframework.web.filter.OncePerRequestFilter.doFilter(OncePerRequestFilter.java:116)
	at org.apache.catalina.core.ApplicationFilterChain.internalDoFilter(ApplicationFilterChain.java:164)
	at org.apache.catalina.core.ApplicationFilterChain.doFilter(ApplicationFilterChain.java:140)
	at org.apache.catalina.core.StandardWrapperValve.invoke(StandardWrapperValve.java:167)
	at org.apache.catalina.core.StandardContextValve.invoke(StandardContextValve.java:90)
	at org.apache.catalina.authenticator.AuthenticatorBase.invoke(AuthenticatorBase.java:483)
	at org.apache.catalina.core.StandardHostValve.invoke(StandardHostValve.java:116)
	at org.apache.catalina.valves.ErrorReportValve.invoke(ErrorReportValve.java:93)
	at org.apache.catalina.core.StandardEngineValve.invoke(StandardEngineValve.java:74)
	at org.apache.catalina.connector.CoyoteAdapter.service(CoyoteAdapter.java:344)
	at org.apache.coyote.http11.Http11Processor.service(Http11Processor.java:398)
	at org.apache.coyote.AbstractProcessorLight.process(AbstractProcessorLight.java:63)
	at org.apache.coyote.AbstractProtocol$ConnectionHandler.process(AbstractProtocol.java:903)
	at org.apache.tomcat.util.net.NioEndpoint$SocketProcessor.doRun(NioEndpoint.java:1769)
	at org.apache.tomcat.util.net.SocketProcessorBase.run(SocketProcessorBase.java:52)
	at org.apache.tomcat.util.threads.ThreadPoolExecutor.runWorker(ThreadPoolExecutor.java:1189)
	at org.apache.tomcat.util.threads.ThreadPoolExecutor$Worker.run(ThreadPoolExecutor.java:658)
	at org.apache.tomcat.util.threads.TaskThread$WrappingRunnable.run(TaskThread.java:63)
	at java.base/java.lang.Thread.run(Thread.java:1583)
2026-08-11 16:42:47 DEBUG [EmployeeBankingHikariPool:housekeeper] com.zaxxer.hikari.pool.HikariPool - EmployeeBankingHikariPool - Before cleanup stats (total=5/10, idle=5/5, active=0, waiting=0)
2026-08-11 16:42:47 DEBUG [EmployeeBankingHikariPool:housekeeper] com.zaxxer.hikari.pool.HikariPool - EmployeeBankingHikariPool - After  cleanup stats (total=5/10, idle=5/5, active=0, waiting=0)
2026-08-11 16:42:47 DEBUG [EmployeeBankingHikariPool:housekeeper] com.zaxxer.hikari.pool.HikariPool - EmployeeBankingHikariPool - Fill pool skipped, pool has sufficient level or currently being filled.
2026-08-11 16:42:50 INFO  [http-nio-8091-exec-5] c.t.e.controller.AccountController - Received balance request for account id: 1
2026-08-11 16:42:50 ERROR [http-nio-8091-exec-5] c.t.e.e.GlobalExceptionHandler - Unexpected exception
java.lang.ClassCastException: class com.tns.employeeapi.dto.BalanceResponse cannot be cast to class com.tns.employeeapi.dto.AccountBalanceResponse (com.tns.employeeapi.dto.BalanceResponse and com.tns.employeeapi.dto.AccountBalanceResponse are in unnamed module of loader 'app')
	at com.tns.employeeapi.service.AccountService$$SpringCGLIB$$0.getBalance(<generated>)
	at com.tns.employeeapi.controller.AccountController.getBalance(AccountController.java:64)
	at java.base/jdk.internal.reflect.DirectMethodHandleAccessor.invoke(DirectMethodHandleAccessor.java:103)
	at java.base/java.lang.reflect.Method.invoke(Method.java:580)
	at org.springframework.aop.support.AopUtils.invokeJoinpointUsingReflection(AopUtils.java:360)
	at org.springframework.aop.framework.ReflectiveMethodInvocation.invokeJoinpoint(ReflectiveMethodInvocation.java:196)
	at org.springframework.aop.framework.ReflectiveMethodInvocation.proceed(ReflectiveMethodInvocation.java:163)
	at org.springframework.validation.beanvalidation.MethodValidationInterceptor.invoke(MethodValidationInterceptor.java:174)
	at org.springframework.aop.framework.ReflectiveMethodInvocation.proceed(ReflectiveMethodInvocation.java:184)
	at org.springframework.aop.framework.CglibAopProxy$DynamicAdvisedInterceptor.intercept(CglibAopProxy.java:728)
	at com.tns.employeeapi.controller.AccountController$$SpringCGLIB$$0.getBalance(<generated>)
	at java.base/jdk.internal.reflect.DirectMethodHandleAccessor.invoke(DirectMethodHandleAccessor.java:103)
	at java.base/java.lang.reflect.Method.invoke(Method.java:580)
	at org.springframework.web.method.support.InvocableHandlerMethod.doInvoke(InvocableHandlerMethod.java:258)
	at org.springframework.web.method.support.InvocableHandlerMethod.invokeForRequest(InvocableHandlerMethod.java:191)
	at org.springframework.web.servlet.mvc.method.annotation.ServletInvocableHandlerMethod.invokeAndHandle(ServletInvocableHandlerMethod.java:118)
	at org.springframework.web.servlet.mvc.method.annotation.RequestMappingHandlerAdapter.invokeHandlerMethod(RequestMappingHandlerAdapter.java:991)
	at org.springframework.web.servlet.mvc.method.annotation.RequestMappingHandlerAdapter.handleInternal(RequestMappingHandlerAdapter.java:896)
	at org.springframework.web.servlet.mvc.method.AbstractHandlerMethodAdapter.handle(AbstractHandlerMethodAdapter.java:87)
	at org.springframework.web.servlet.DispatcherServlet.doDispatch(DispatcherServlet.java:1089)
	at org.springframework.web.servlet.DispatcherServlet.doService(DispatcherServlet.java:979)
	at org.springframework.web.servlet.FrameworkServlet.processRequest(FrameworkServlet.java:1014)
	at org.springframework.web.servlet.FrameworkServlet.doGet(FrameworkServlet.java:903)
	at jakarta.servlet.http.HttpServlet.service(HttpServlet.java:564)
	at org.springframework.web.servlet.FrameworkServlet.service(FrameworkServlet.java:885)
	at jakarta.servlet.http.HttpServlet.service(HttpServlet.java:658)
	at org.apache.catalina.core.ApplicationFilterChain.internalDoFilter(ApplicationFilterChain.java:195)
	at org.apache.catalina.core.ApplicationFilterChain.doFilter(ApplicationFilterChain.java:140)
	at org.apache.tomcat.websocket.server.WsFilter.doFilter(WsFilter.java:51)
	at org.apache.catalina.core.ApplicationFilterChain.internalDoFilter(ApplicationFilterChain.java:164)
	at org.apache.catalina.core.ApplicationFilterChain.doFilter(ApplicationFilterChain.java:140)
	at org.springframework.web.filter.RequestContextFilter.doFilterInternal(RequestContextFilter.java:100)
	at org.springframework.web.filter.OncePerRequestFilter.doFilter(OncePerRequestFilter.java:116)
	at org.apache.catalina.core.ApplicationFilterChain.internalDoFilter(ApplicationFilterChain.java:164)
	at org.apache.catalina.core.ApplicationFilterChain.doFilter(ApplicationFilterChain.java:140)
	at org.springframework.web.filter.FormContentFilter.doFilterInternal(FormContentFilter.java:93)
	at org.springframework.web.filter.OncePerRequestFilter.doFilter(OncePerRequestFilter.java:116)
	at org.apache.catalina.core.ApplicationFilterChain.internalDoFilter(ApplicationFilterChain.java:164)
	at org.apache.catalina.core.ApplicationFilterChain.doFilter(ApplicationFilterChain.java:140)
	at org.springframework.web.filter.ServerHttpObservationFilter.doFilterInternal(ServerHttpObservationFilter.java:110)
	at org.springframework.web.filter.OncePerRequestFilter.doFilter(OncePerRequestFilter.java:116)
	at org.apache.catalina.core.ApplicationFilterChain.internalDoFilter(ApplicationFilterChain.java:164)
	at org.apache.catalina.core.ApplicationFilterChain.doFilter(ApplicationFilterChain.java:140)
	at org.springframework.web.filter.CharacterEncodingFilter.doFilterInternal(CharacterEncodingFilter.java:201)
	at org.springframework.web.filter.OncePerRequestFilter.doFilter(OncePerRequestFilter.java:116)
	at org.apache.catalina.core.ApplicationFilterChain.internalDoFilter(ApplicationFilterChain.java:164)
	at org.apache.catalina.core.ApplicationFilterChain.doFilter(ApplicationFilterChain.java:140)
	at org.apache.catalina.core.StandardWrapperValve.invoke(StandardWrapperValve.java:167)
	at org.apache.catalina.core.StandardContextValve.invoke(StandardContextValve.java:90)
	at org.apache.catalina.authenticator.AuthenticatorBase.invoke(AuthenticatorBase.java:483)
	at org.apache.catalina.core.StandardHostValve.invoke(StandardHostValve.java:116)
	at org.apache.catalina.valves.ErrorReportValve.invoke(ErrorReportValve.java:93)
	at org.apache.catalina.core.StandardEngineValve.invoke(StandardEngineValve.java:74)
	at org.apache.catalina.connector.CoyoteAdapter.service(CoyoteAdapter.java:344)
	at org.apache.coyote.http11.Http11Processor.service(Http11Processor.java:398)
	at org.apache.coyote.AbstractProcessorLight.process(AbstractProcessorLight.java:63)
	at org.apache.coyote.AbstractProtocol$ConnectionHandler.process(AbstractProtocol.java:903)
	at org.apache.tomcat.util.net.NioEndpoint$SocketProcessor.doRun(NioEndpoint.java:1769)
	at org.apache.tomcat.util.net.SocketProcessorBase.run(SocketProcessorBase.java:52)
	at org.apache.tomcat.util.threads.ThreadPoolExecutor.runWorker(ThreadPoolExecutor.java:1189)
	at org.apache.tomcat.util.threads.ThreadPoolExecutor$Worker.run(ThreadPoolExecutor.java:658)
	at org.apache.tomcat.util.threads.TaskThread$WrappingRunnable.run(TaskThread.java:63)
	at java.base/java.lang.Thread.run(Thread.java:1583)
2026-08-11 16:43:17 DEBUG [EmployeeBankingHikariPool:housekeeper] com.zaxxer.hikari.pool.HikariPool - EmployeeBankingHikariPool - Before cleanup stats (total=5/10, idle=5/5, active=0, waiting=0)
2026-08-11 16:43:17 DEBUG [EmployeeBankingHikariPool:housekeeper] com.zaxxer.hikari.pool.HikariPool - EmployeeBankingHikariPool - After  cleanup stats (total=5/10, idle=5/5, active=0, waiting=0)
2026-08-11 16:43:17 DEBUG [EmployeeBankingHikariPool:housekeeper] com.zaxxer.hikari.pool.HikariPool - EmployeeBankingHikariPool - Fill pool skipped, pool has sufficient level or currently being filled.
2026-08-11 16:43:47 DEBUG [EmployeeBankingHikariPool:housekeeper] com.zaxxer.hikari.pool.HikariPool - EmployeeBankingHikariPool - Before cleanup stats (total=5/10, idle=5/5, active=0, waiting=0)
2026-08-11 16:43:47 DEBUG [EmployeeBankingHikariPool:housekeeper] com.zaxxer.hikari.pool.HikariPool - EmployeeBankingHikariPool - After  cleanup stats (total=5/10, idle=5/5, active=0, waiting=0)
2026-08-11 16:43:47 DEBUG [EmployeeBankingHikariPool:housekeeper] com.zaxxer.hikari.pool.HikariPool - EmployeeBankingHikariPool - Fill pool skipped, pool has sufficient level or currently being filled.
2026-08-11 16:43:56 DEBUG [EmployeeBankingHikariPool:housekeeper] com.zaxxer.hikari.pool.HikariPool - EmployeeBankingHikariPool - keepalive: connection ConnectionID:3 ClientConnectionId: 22527d61-ed25-4a49-bcce-c2512cdfc455 is alive
2026-08-11 16:44:04 DEBUG [EmployeeBankingHikariPool:housekeeper] com.zaxxer.hikari.pool.HikariPool - EmployeeBankingHikariPool - keepalive: connection ConnectionID:1 ClientConnectionId: f3801233-02c8-4214-bd93-c04a79d691e9 is alive
2026-08-11 16:44:08 DEBUG [EmployeeBankingHikariPool:housekeeper] com.zaxxer.hikari.pool.HikariPool - EmployeeBankingHikariPool - keepalive: connection ConnectionID:2 ClientConnectionId: 4566ae84-1eab-49e6-8b42-7fce11bf7b4a is alive
2026-08-11 16:44:08 DEBUG [EmployeeBankingHikariPool:housekeeper] com.zaxxer.hikari.pool.HikariPool - EmployeeBankingHikariPool - keepalive: connection ConnectionID:5 ClientConnectionId: b1be7040-d21d-44cc-b492-084ecfb37c25 is alive
2026-08-11 16:44:13 DEBUG [EmployeeBankingHikariPool:housekeeper] com.zaxxer.hikari.pool.HikariPool - EmployeeBankingHikariPool - keepalive: connection ConnectionID:4 ClientConnectionId: 15ce94da-ba12-4c33-aa0f-d5b66a9443d6 is alive
2026-08-11 16:44:17 DEBUG [EmployeeBankingHikariPool:housekeeper] com.zaxxer.hikari.pool.HikariPool - EmployeeBankingHikariPool - Before cleanup stats (total=5/10, idle=5/5, active=0, waiting=0)
2026-08-11 16:44:17 DEBUG [EmployeeBankingHikariPool:housekeeper] com.zaxxer.hikari.pool.HikariPool - EmployeeBankingHikariPool - After  cleanup stats (total=5/10, idle=5/5, active=0, waiting=0)
2026-08-11 16:44:17 DEBUG [EmployeeBankingHikariPool:housekeeper] com.zaxxer.hikari.pool.HikariPool - EmployeeBankingHikariPool - Fill pool skipped, pool has sufficient level or currently being filled.
2026-08-11 16:44:47 DEBUG [EmployeeBankingHikariPool:housekeeper] com.zaxxer.hikari.pool.HikariPool - EmployeeBankingHikariPool - Before cleanup stats (total=5/10, idle=5/5, active=0, waiting=0)
2026-08-11 16:44:47 DEBUG [EmployeeBankingHikariPool:housekeeper] com.zaxxer.hikari.pool.HikariPool - EmployeeBankingHikariPool - After  cleanup stats (total=5/10, idle=5/5, active=0, waiting=0)
2026-08-11 16:44:47 DEBUG [EmployeeBankingHikariPool:housekeeper] com.zaxxer.hikari.pool.HikariPool - EmployeeBankingHikariPool - Fill pool skipped, pool has sufficient level or currently being filled.
2026-08-11 16:45:17 DEBUG [EmployeeBankingHikariPool:housekeeper] com.zaxxer.hikari.pool.HikariPool - EmployeeBankingHikariPool - Before cleanup stats (total=5/10, idle=5/5, active=0, waiting=0)
2026-08-11 16:45:17 DEBUG [EmployeeBankingHikariPool:housekeeper] com.zaxxer.hikari.pool.HikariPool - EmployeeBankingHikariPool - After  cleanup stats (total=5/10, idle=5/5, active=0, waiting=0)
2026-08-11 16:45:17 DEBUG [EmployeeBankingHikariPool:housekeeper] com.zaxxer.hikari.pool.HikariPool - EmployeeBankingHikariPool - Fill pool skipped, pool has sufficient level or currently being filled.
2026-08-11 16:45:34 DEBUG [EmployeeBankingHikariPool:housekeeper] com.zaxxer.hikari.pool.HikariPool - EmployeeBankingHikariPool - keepalive: connection ConnectionID:3 ClientConnectionId: 22527d61-ed25-4a49-bcce-c2512cdfc455 is alive
2026-08-11 16:45:47 DEBUG [EmployeeBankingHikariPool:housekeeper] com.zaxxer.hikari.pool.HikariPool - EmployeeBankingHikariPool - Before cleanup stats (total=5/10, idle=5/5, active=0, waiting=0)
2026-08-11 16:45:47 DEBUG [EmployeeBankingHikariPool:housekeeper] com.zaxxer.hikari.pool.HikariPool - EmployeeBankingHikariPool - After  cleanup stats (total=5/10, idle=5/5, active=0, waiting=0)
2026-08-11 16:45:47 DEBUG [EmployeeBankingHikariPool:housekeeper] com.zaxxer.hikari.pool.HikariPool - EmployeeBankingHikariPool - Fill pool skipped, pool has sufficient level or currently being filled.
2026-08-11 16:45:52 DEBUG [EmployeeBankingHikariPool:housekeeper] com.zaxxer.hikari.pool.HikariPool - EmployeeBankingHikariPool - keepalive: connection ConnectionID:1 ClientConnectionId: f3801233-02c8-4214-bd93-c04a79d691e9 is alive
2026-08-11 16:45:57 DEBUG [EmployeeBankingHikariPool:housekeeper] com.zaxxer.hikari.pool.HikariPool - EmployeeBankingHikariPool - keepalive: connection ConnectionID:5 ClientConnectionId: b1be7040-d21d-44cc-b492-084ecfb37c25 is alive
2026-08-11 16:45:58 DEBUG [EmployeeBankingHikariPool:housekeeper] com.zaxxer.hikari.pool.HikariPool - EmployeeBankingHikariPool - keepalive: connection ConnectionID:2 ClientConnectionId: 4566ae84-1eab-49e6-8b42-7fce11bf7b4a is alive
2026-08-11 16:46:07 DEBUG [EmployeeBankingHikariPool:housekeeper] com.zaxxer.hikari.pool.HikariPool - EmployeeBankingHikariPool - keepalive: connection ConnectionID:4 ClientConnectionId: 15ce94da-ba12-4c33-aa0f-d5b66a9443d6 is alive
2026-08-11 16:46:17 DEBUG [EmployeeBankingHikariPool:housekeeper] com.zaxxer.hikari.pool.HikariPool - EmployeeBankingHikariPool - Before cleanup stats (total=5/10, idle=5/5, active=0, waiting=0)
2026-08-11 16:46:17 DEBUG [EmployeeBankingHikariPool:housekeeper] com.zaxxer.hikari.pool.HikariPool - EmployeeBankingHikariPool - After  cleanup stats (total=5/10, idle=5/5, active=0, waiting=0)
2026-08-11 16:46:17 DEBUG [EmployeeBankingHikariPool:housekeeper] com.zaxxer.hikari.pool.HikariPool - EmployeeBankingHikariPool - Fill pool skipped, pool has sufficient level or currently being filled.
2026-08-11 16:46:47 DEBUG [EmployeeBankingHikariPool:housekeeper] com.zaxxer.hikari.pool.HikariPool - EmployeeBankingHikariPool - Before cleanup stats (total=5/10, idle=5/5, active=0, waiting=0)
2026-08-11 16:46:47 DEBUG [EmployeeBankingHikariPool:housekeeper] com.zaxxer.hikari.pool.HikariPool - EmployeeBankingHikariPool - After  cleanup stats (total=5/10, idle=5/5, active=0, waiting=0)
2026-08-11 16:46:47 DEBUG [EmployeeBankingHikariPool:housekeeper] com.zaxxer.hikari.pool.HikariPool - EmployeeBankingHikariPool - Fill pool skipped, pool has sufficient level or currently being filled.
2026-08-11 16:47:12 DEBUG [EmployeeBankingHikariPool:housekeeper] com.zaxxer.hikari.pool.HikariPool - EmployeeBankingHikariPool - keepalive: connection ConnectionID:3 ClientConnectionId: 22527d61-ed25-4a49-bcce-c2512cdfc455 is alive
2026-08-11 16:47:17 DEBUG [EmployeeBankingHikariPool:housekeeper] com.zaxxer.hikari.pool.HikariPool - EmployeeBankingHikariPool - Before cleanup stats (total=5/10, idle=5/5, active=0, waiting=0)
2026-08-11 16:47:17 DEBUG [EmployeeBankingHikariPool:housekeeper] com.zaxxer.hikari.pool.HikariPool - EmployeeBankingHikariPool - After  cleanup stats (total=5/10, idle=5/5, active=0, waiting=0)
2026-08-11 16:47:17 DEBUG [EmployeeBankingHikariPool:housekeeper] com.zaxxer.hikari.pool.HikariPool - EmployeeBankingHikariPool - Fill pool skipped, pool has sufficient level or currently being filled.
2026-08-11 16:47:40 DEBUG [EmployeeBankingHikariPool:housekeeper] com.zaxxer.hikari.pool.HikariPool - EmployeeBankingHikariPool - keepalive: connection ConnectionID:1 ClientConnectionId: f3801233-02c8-4214-bd93-c04a79d691e9 is alive
2026-08-11 16:47:46 DEBUG [EmployeeBankingHikariPool:housekeeper] com.zaxxer.hikari.pool.HikariPool - EmployeeBankingHikariPool - keepalive: connection ConnectionID:5 ClientConnectionId: b1be7040-d21d-44cc-b492-084ecfb37c25 is alive
2026-08-11 16:47:47 DEBUG [EmployeeBankingHikariPool:housekeeper] com.zaxxer.hikari.pool.HikariPool - EmployeeBankingHikariPool - Before cleanup stats (total=5/10, idle=5/5, active=0, waiting=0)
2026-08-11 16:47:47 DEBUG [EmployeeBankingHikariPool:housekeeper] com.zaxxer.hikari.pool.HikariPool - EmployeeBankingHikariPool - After  cleanup stats (total=5/10, idle=5/5, active=0, waiting=0)
2026-08-11 16:47:47 DEBUG [EmployeeBankingHikariPool:housekeeper] com.zaxxer.hikari.pool.HikariPool - EmployeeBankingHikariPool - Fill pool skipped, pool has sufficient level or currently being filled.
2026-08-11 16:47:48 DEBUG [EmployeeBankingHikariPool:housekeeper] com.zaxxer.hikari.pool.HikariPool - EmployeeBankingHikariPool - keepalive: connection ConnectionID:2 ClientConnectionId: 4566ae84-1eab-49e6-8b42-7fce11bf7b4a is alive
2026-08-11 16:48:01 DEBUG [EmployeeBankingHikariPool:housekeeper] com.zaxxer.hikari.pool.HikariPool - EmployeeBankingHikariPool - keepalive: connection ConnectionID:4 ClientConnectionId: 15ce94da-ba12-4c33-aa0f-d5b66a9443d6 is alive
2026-08-11 16:48:17 DEBUG [EmployeeBankingHikariPool:housekeeper] com.zaxxer.hikari.pool.HikariPool - EmployeeBankingHikariPool - Before cleanup stats (total=5/10, idle=5/5, active=0, waiting=0)
2026-08-11 16:48:17 DEBUG [EmployeeBankingHikariPool:housekeeper] com.zaxxer.hikari.pool.HikariPool - EmployeeBankingHikariPool - After  cleanup stats (total=5/10, idle=5/5, active=0, waiting=0)
2026-08-11 16:48:17 DEBUG [EmployeeBankingHikariPool:housekeeper] com.zaxxer.hikari.pool.HikariPool - EmployeeBankingHikariPool - Fill pool skipped, pool has sufficient level or currently being filled.
2026-08-11 16:48:47 DEBUG [EmployeeBankingHikariPool:housekeeper] com.zaxxer.hikari.pool.HikariPool - EmployeeBankingHikariPool - Before cleanup stats (total=5/10, idle=5/5, active=0, waiting=0)
2026-08-11 16:48:47 DEBUG [EmployeeBankingHikariPool:housekeeper] com.zaxxer.hikari.pool.HikariPool - EmployeeBankingHikariPool - After  cleanup stats (total=5/10, idle=5/5, active=0, waiting=0)
2026-08-11 16:48:47 DEBUG [EmployeeBankingHikariPool:housekeeper] com.zaxxer.hikari.pool.HikariPool - EmployeeBankingHikariPool - Fill pool skipped, pool has sufficient level or currently being filled.
2026-08-11 16:48:51 DEBUG [EmployeeBankingHikariPool:housekeeper] com.zaxxer.hikari.pool.HikariPool - EmployeeBankingHikariPool - keepalive: connection ConnectionID:3 ClientConnectionId: 22527d61-ed25-4a49-bcce-c2512cdfc455 is alive
2026-08-11 16:49:17 DEBUG [EmployeeBankingHikariPool:housekeeper] com.zaxxer.hikari.pool.HikariPool - EmployeeBankingHikariPool - Before cleanup stats (total=5/10, idle=5/5, active=0, waiting=0)
2026-08-11 16:49:17 DEBUG [EmployeeBankingHikariPool:housekeeper] com.zaxxer.hikari.pool.HikariPool - EmployeeBankingHikariPool - After  cleanup stats (total=5/10, idle=5/5, active=0, waiting=0)
2026-08-11 16:49:17 DEBUG [EmployeeBankingHikariPool:housekeeper] com.zaxxer.hikari.pool.HikariPool - EmployeeBankingHikariPool - Fill pool skipped, pool has sufficient level or currently being filled.
2026-08-11 16:49:27 DEBUG [EmployeeBankingHikariPool:housekeeper] com.zaxxer.hikari.pool.HikariPool - EmployeeBankingHikariPool - keepalive: connection ConnectionID:1 ClientConnectionId: f3801233-02c8-4214-bd93-c04a79d691e9 is alive
2026-08-11 16:49:35 DEBUG [EmployeeBankingHikariPool:housekeeper] com.zaxxer.hikari.pool.HikariPool - EmployeeBankingHikariPool - keepalive: connection ConnectionID:5 ClientConnectionId: b1be7040-d21d-44cc-b492-084ecfb37c25 is alive
2026-08-11 16:49:38 DEBUG [EmployeeBankingHikariPool:housekeeper] com.zaxxer.hikari.pool.HikariPool - EmployeeBankingHikariPool - keepalive: connection ConnectionID:2 ClientConnectionId: 4566ae84-1eab-49e6-8b42-7fce11bf7b4a is alive
2026-08-11 16:49:47 DEBUG [EmployeeBankingHikariPool:housekeeper] com.zaxxer.hikari.pool.HikariPool - EmployeeBankingHikariPool - Before cleanup stats (total=5/10, idle=5/5, active=0, waiting=0)
2026-08-11 16:49:47 DEBUG [EmployeeBankingHikariPool:housekeeper] com.zaxxer.hikari.pool.HikariPool - EmployeeBankingHikariPool - After  cleanup stats (total=5/10, idle=5/5, active=0, waiting=0)
2026-08-11 16:49:47 DEBUG [EmployeeBankingHikariPool:housekeeper] com.zaxxer.hikari.pool.HikariPool - EmployeeBankingHikariPool - Fill pool skipped, pool has sufficient level or currently being filled.
2026-08-11 16:49:56 DEBUG [EmployeeBankingHikariPool:housekeeper] com.zaxxer.hikari.pool.HikariPool - EmployeeBankingHikariPool - keepalive: connection ConnectionID:4 ClientConnectionId: 15ce94da-ba12-4c33-aa0f-d5b66a9443d6 is alive
2026-08-11 16:50:17 DEBUG [EmployeeBankingHikariPool:housekeeper] com.zaxxer.hikari.pool.HikariPool - EmployeeBankingHikariPool - Before cleanup stats (total=5/10, idle=5/5, active=0, waiting=0)
2026-08-11 16:50:17 DEBUG [EmployeeBankingHikariPool:housekeeper] com.zaxxer.hikari.pool.HikariPool - EmployeeBankingHikariPool - After  cleanup stats (total=5/10, idle=5/5, active=0, waiting=0)
2026-08-11 16:50:17 DEBUG [EmployeeBankingHikariPool:housekeeper] com.zaxxer.hikari.pool.HikariPool - EmployeeBankingHikariPool - Fill pool skipped, pool has sufficient level or currently being filled.
2026-08-11 16:50:29 DEBUG [EmployeeBankingHikariPool:housekeeper] com.zaxxer.hikari.pool.HikariPool - EmployeeBankingHikariPool - keepalive: connection ConnectionID:3 ClientConnectionId: 22527d61-ed25-4a49-bcce-c2512cdfc455 is alive
2026-08-11 16:50:37 INFO  [background-preinit] o.h.validator.internal.util.Version - HV000001: Hibernate Validator 8.0.2.Final
2026-08-11 16:50:37 INFO  [main] c.t.e.EmployeeApiApplication - Starting EmployeeApiApplication using Java 21.0.11 with PID 14604 (C:\Users\s.samantray\Desktop\Eclipse_Workspace\EmployeeBankRestApiPostman_Collection\target\classes started by s.samantray in C:\Users\s.samantray\Desktop\Eclipse_Workspace\EmployeeBankRestApiPostman_Collection)
2026-08-11 16:50:37 DEBUG [main] c.t.e.EmployeeApiApplication - Running with Spring Boot v3.5.4, Spring v6.2.9
2026-08-11 16:50:37 INFO  [main] c.t.e.EmployeeApiApplication - No active profile set, falling back to 1 default profile: "default"
2026-08-11 16:50:41 INFO  [main] o.s.d.r.c.RepositoryConfigurationDelegate - Multiple Spring Data modules found, entering strict repository configuration mode
2026-08-11 16:50:41 INFO  [main] o.s.d.r.c.RepositoryConfigurationDelegate - Bootstrapping Spring Data JPA repositories in DEFAULT mode.
2026-08-11 16:50:41 INFO  [main] o.s.d.r.c.RepositoryConfigurationDelegate - Finished Spring Data repository scanning in 422 ms. Found 2 JPA repository interfaces.
2026-08-11 16:50:41 INFO  [main] o.s.d.r.c.RepositoryConfigurationDelegate - Multiple Spring Data modules found, entering strict repository configuration mode
2026-08-11 16:50:41 INFO  [main] o.s.d.r.c.RepositoryConfigurationDelegate - Bootstrapping Spring Data Redis repositories in DEFAULT mode.
2026-08-11 16:50:41 INFO  [main] o.s.d.r.c.RepositoryConfigurationExtensionSupport - Spring Data Redis - Could not safely identify store assignment for repository candidate interface com.tns.employeeapi.repository.AccountRepository; If you want this repository to be a Redis repository, consider annotating your entities with one of these annotations: org.springframework.data.redis.core.RedisHash (preferred), or consider extending one of the following types with your repository: org.springframework.data.keyvalue.repository.KeyValueRepository
2026-08-11 16:50:41 INFO  [main] o.s.d.r.c.RepositoryConfigurationExtensionSupport - Spring Data Redis - Could not safely identify store assignment for repository candidate interface com.tns.employeeapi.repository.EmployeeRepository; If you want this repository to be a Redis repository, consider annotating your entities with one of these annotations: org.springframework.data.redis.core.RedisHash (preferred), or consider extending one of the following types with your repository: org.springframework.data.keyvalue.repository.KeyValueRepository
2026-08-11 16:50:41 INFO  [main] o.s.d.r.c.RepositoryConfigurationDelegate - Finished Spring Data repository scanning in 27 ms. Found 0 Redis repository interfaces.
2026-08-11 16:50:43 INFO  [main] o.s.b.w.e.tomcat.TomcatWebServer - Tomcat initialized with port 8091 (http)
2026-08-11 16:50:43 INFO  [main] o.a.coyote.http11.Http11NioProtocol - Initializing ProtocolHandler ["http-nio-8091"]
2026-08-11 16:50:43 INFO  [main] o.a.catalina.core.StandardService - Starting service [Tomcat]
2026-08-11 16:50:43 INFO  [main] o.a.catalina.core.StandardEngine - Starting Servlet engine: [Apache Tomcat/10.1.43]
2026-08-11 16:50:44 INFO  [main] o.a.c.c.C.[Tomcat].[localhost].[/] - Initializing Spring embedded WebApplicationContext
2026-08-11 16:50:44 INFO  [main] o.s.b.w.s.c.ServletWebServerApplicationContext - Root WebApplicationContext: initialization completed in 6064 ms
2026-08-11 16:50:45 DEBUG [main] com.zaxxer.hikari.HikariConfig - Class com.microsoft.sqlserver.jdbc.SQLServerDriver found in Thread context class loader jdk.internal.loader.ClassLoaders$AppClassLoader@5c647e05
2026-08-11 16:50:45 INFO  [main] o.h.jpa.internal.util.LogHelper - HHH000204: Processing PersistenceUnitInfo [name: default]
2026-08-11 16:50:45 INFO  [main] org.hibernate.Version - HHH000412: Hibernate ORM core version 6.6.22.Final
2026-08-11 16:50:45 INFO  [main] o.h.c.i.RegionFactoryInitiator - HHH000026: Second-level cache disabled
2026-08-11 16:50:46 INFO  [main] o.s.o.j.p.SpringPersistenceUnitInfo - No LoadTimeWeaver setup: ignoring JPA class transformer
2026-08-11 16:50:46 DEBUG [main] com.zaxxer.hikari.HikariConfig - EmployeeBankingHikariPool - configuration:
2026-08-11 16:50:46 DEBUG [main] com.zaxxer.hikari.HikariConfig - allowPoolSuspension.............false
2026-08-11 16:50:46 DEBUG [main] com.zaxxer.hikari.HikariConfig - autoCommit......................true
2026-08-11 16:50:46 DEBUG [main] com.zaxxer.hikari.HikariConfig - catalog.........................none
2026-08-11 16:50:46 DEBUG [main] com.zaxxer.hikari.HikariConfig - connectionInitSql...............none
2026-08-11 16:50:46 DEBUG [main] com.zaxxer.hikari.HikariConfig - connectionTestQuery.............none
2026-08-11 16:50:46 DEBUG [main] com.zaxxer.hikari.HikariConfig - connectionTimeout...............30000
2026-08-11 16:50:46 DEBUG [main] com.zaxxer.hikari.HikariConfig - credentials.....................com.zaxxer.hikari.util.Credentials@603b9d4b
2026-08-11 16:50:46 DEBUG [main] com.zaxxer.hikari.HikariConfig - dataSource......................none
2026-08-11 16:50:46 DEBUG [main] com.zaxxer.hikari.HikariConfig - dataSourceClassName.............none
2026-08-11 16:50:46 DEBUG [main] com.zaxxer.hikari.HikariConfig - dataSourceJNDI..................none
2026-08-11 16:50:46 DEBUG [main] com.zaxxer.hikari.HikariConfig - dataSourceProperties............{password=<masked>}
2026-08-11 16:50:46 DEBUG [main] com.zaxxer.hikari.HikariConfig - driverClassName................."com.microsoft.sqlserver.jdbc.SQLServerDriver"
2026-08-11 16:50:46 DEBUG [main] com.zaxxer.hikari.HikariConfig - exceptionOverride...............none
2026-08-11 16:50:46 DEBUG [main] com.zaxxer.hikari.HikariConfig - exceptionOverrideClassName......none
2026-08-11 16:50:46 DEBUG [main] com.zaxxer.hikari.HikariConfig - healthCheckProperties...........{}
2026-08-11 16:50:46 DEBUG [main] com.zaxxer.hikari.HikariConfig - healthCheckRegistry.............none
2026-08-11 16:50:46 DEBUG [main] com.zaxxer.hikari.HikariConfig - idleTimeout.....................600000
2026-08-11 16:50:46 DEBUG [main] com.zaxxer.hikari.HikariConfig - initializationFailTimeout.......1
2026-08-11 16:50:46 DEBUG [main] com.zaxxer.hikari.HikariConfig - isolateInternalQueries..........false
2026-08-11 16:50:46 DEBUG [main] com.zaxxer.hikari.HikariConfig - jdbcUrl.........................jdbc:sqlserver://TNS-IT-DESKTOP\SQLEXPRESS;databaseName=SpringBootRestApi;integratedSecurity=true;encrypt=true;trustServerCertificate=true
2026-08-11 16:50:46 DEBUG [main] com.zaxxer.hikari.HikariConfig - keepaliveTime...................120000
2026-08-11 16:50:46 DEBUG [main] com.zaxxer.hikari.HikariConfig - leakDetectionThreshold..........2000
2026-08-11 16:50:46 DEBUG [main] com.zaxxer.hikari.HikariConfig - maxLifetime.....................1800000
2026-08-11 16:50:46 DEBUG [main] com.zaxxer.hikari.HikariConfig - maximumPoolSize.................10
2026-08-11 16:50:46 DEBUG [main] com.zaxxer.hikari.HikariConfig - metricRegistry..................none
2026-08-11 16:50:46 DEBUG [main] com.zaxxer.hikari.HikariConfig - metricsTrackerFactory...........none
2026-08-11 16:50:46 DEBUG [main] com.zaxxer.hikari.HikariConfig - minimumIdle.....................5
2026-08-11 16:50:46 DEBUG [main] com.zaxxer.hikari.HikariConfig - password........................<masked>
2026-08-11 16:50:46 DEBUG [main] com.zaxxer.hikari.HikariConfig - poolName........................"EmployeeBankingHikariPool"
2026-08-11 16:50:46 DEBUG [main] com.zaxxer.hikari.HikariConfig - readOnly........................false
2026-08-11 16:50:46 DEBUG [main] com.zaxxer.hikari.HikariConfig - registerMbeans..................false
2026-08-11 16:50:46 DEBUG [main] com.zaxxer.hikari.HikariConfig - scheduledExecutor...............none
2026-08-11 16:50:46 DEBUG [main] com.zaxxer.hikari.HikariConfig - schema..........................none
2026-08-11 16:50:46 DEBUG [main] com.zaxxer.hikari.HikariConfig - threadFactory...................internal
2026-08-11 16:50:46 DEBUG [main] com.zaxxer.hikari.HikariConfig - transactionIsolation............default
2026-08-11 16:50:46 DEBUG [main] com.zaxxer.hikari.HikariConfig - username........................none
2026-08-11 16:50:46 DEBUG [main] com.zaxxer.hikari.HikariConfig - validationTimeout...............5000
2026-08-11 16:50:46 INFO  [main] com.zaxxer.hikari.HikariDataSource - EmployeeBankingHikariPool - Starting...
2026-08-11 16:50:46 DEBUG [main] com.zaxxer.hikari.pool.PoolBase - EmployeeBankingHikariPool - Attempting to create/setup new connection (16d70bba-35ed-4f9d-9cd6-7a0d2fd60c71)
2026-08-11 16:50:47 DEBUG [EmployeeBankingHikariPool:housekeeper] com.zaxxer.hikari.pool.HikariPool - EmployeeBankingHikariPool - Before cleanup stats (total=5/10, idle=5/5, active=0, waiting=0)
2026-08-11 16:50:47 DEBUG [EmployeeBankingHikariPool:housekeeper] com.zaxxer.hikari.pool.HikariPool - EmployeeBankingHikariPool - After  cleanup stats (total=5/10, idle=5/5, active=0, waiting=0)
2026-08-11 16:50:47 DEBUG [EmployeeBankingHikariPool:housekeeper] com.zaxxer.hikari.pool.HikariPool - EmployeeBankingHikariPool - Fill pool skipped, pool has sufficient level or currently being filled.
2026-08-11 16:50:48 DEBUG [main] com.zaxxer.hikari.pool.PoolBase - EmployeeBankingHikariPool - Established new connection (16d70bba-35ed-4f9d-9cd6-7a0d2fd60c71)
2026-08-11 16:50:48 INFO  [main] com.zaxxer.hikari.pool.HikariPool - EmployeeBankingHikariPool - Added connection ConnectionID:1 ClientConnectionId: cf53dbef-ff8e-499a-9a4b-5e9018841009
2026-08-11 16:50:48 INFO  [main] com.zaxxer.hikari.HikariDataSource - EmployeeBankingHikariPool - Start completed.
2026-08-11 16:50:48 DEBUG [EmployeeBankingHikariPool:housekeeper] com.zaxxer.hikari.pool.HikariPool - EmployeeBankingHikariPool - Before cleanup stats (total=1/10, idle=0/5, active=1, waiting=0)
2026-08-11 16:50:48 DEBUG [EmployeeBankingHikariPool:housekeeper] com.zaxxer.hikari.pool.HikariPool - EmployeeBankingHikariPool - After  cleanup stats (total=1/10, idle=0/5, active=1, waiting=0)
2026-08-11 16:50:48 DEBUG [EmployeeBankingHikariPool:connection-adder] com.zaxxer.hikari.pool.PoolBase - EmployeeBankingHikariPool - Attempting to create/setup new connection (4c738c91-85db-4f63-a847-ebf41f159151)
2026-08-11 16:50:48 INFO  [main] o.hibernate.orm.connections.pooling - HHH10001005: Database info:
	Database JDBC URL [Connecting through datasource 'HikariDataSource (EmployeeBankingHikariPool)']
	Database driver: undefined/unknown
	Database version: 15.0
	Autocommit mode: undefined/unknown
	Isolation level: undefined/unknown
	Minimum pool size: undefined/unknown
	Maximum pool size: undefined/unknown
2026-08-11 16:50:48 DEBUG [EmployeeBankingHikariPool:connection-adder] com.zaxxer.hikari.pool.PoolBase - EmployeeBankingHikariPool - Established new connection (4c738c91-85db-4f63-a847-ebf41f159151)
2026-08-11 16:50:48 DEBUG [EmployeeBankingHikariPool:connection-adder] com.zaxxer.hikari.pool.HikariPool - EmployeeBankingHikariPool - Added connection ConnectionID:2 ClientConnectionId: d6a7b7d6-c08b-4b16-b7e8-2d38d4bedd2c
2026-08-11 16:50:48 DEBUG [EmployeeBankingHikariPool:connection-adder] com.zaxxer.hikari.pool.HikariPool - EmployeeBankingHikariPool - After adding stats (total=2/10, idle=2/5, active=0, waiting=0)
2026-08-11 16:50:48 DEBUG [EmployeeBankingHikariPool:connection-adder] com.zaxxer.hikari.pool.PoolBase - EmployeeBankingHikariPool - Attempting to create/setup new connection (82b9e9b1-f8a0-448b-ad5c-8d5618921bcc)
2026-08-11 16:50:49 DEBUG [EmployeeBankingHikariPool:connection-adder] com.zaxxer.hikari.pool.PoolBase - EmployeeBankingHikariPool - Established new connection (82b9e9b1-f8a0-448b-ad5c-8d5618921bcc)
2026-08-11 16:50:49 DEBUG [EmployeeBankingHikariPool:connection-adder] com.zaxxer.hikari.pool.HikariPool - EmployeeBankingHikariPool - Added connection ConnectionID:3 ClientConnectionId: e46f954c-198e-4a63-b6c9-edf4378cb954
2026-08-11 16:50:49 DEBUG [EmployeeBankingHikariPool:connection-adder] com.zaxxer.hikari.pool.HikariPool - EmployeeBankingHikariPool - After adding stats (total=3/10, idle=3/5, active=0, waiting=0)
2026-08-11 16:50:49 DEBUG [EmployeeBankingHikariPool:connection-adder] com.zaxxer.hikari.pool.PoolBase - EmployeeBankingHikariPool - Attempting to create/setup new connection (a689b9ab-798c-4587-9516-4f3d475007b5)
2026-08-11 16:50:49 DEBUG [EmployeeBankingHikariPool:connection-adder] com.zaxxer.hikari.pool.PoolBase - EmployeeBankingHikariPool - Established new connection (a689b9ab-798c-4587-9516-4f3d475007b5)
2026-08-11 16:50:49 DEBUG [EmployeeBankingHikariPool:connection-adder] com.zaxxer.hikari.pool.HikariPool - EmployeeBankingHikariPool - Added connection ConnectionID:4 ClientConnectionId: e62688d8-24cc-4af9-bb82-67e15b7a3741
2026-08-11 16:50:49 DEBUG [EmployeeBankingHikariPool:connection-adder] com.zaxxer.hikari.pool.HikariPool - EmployeeBankingHikariPool - After adding stats (total=4/10, idle=4/5, active=0, waiting=0)
2026-08-11 16:50:49 DEBUG [EmployeeBankingHikariPool:connection-adder] com.zaxxer.hikari.pool.PoolBase - EmployeeBankingHikariPool - Attempting to create/setup new connection (3691f852-4558-439a-8568-d3be2a4d0ea7)
2026-08-11 16:50:50 DEBUG [EmployeeBankingHikariPool:connection-adder] com.zaxxer.hikari.pool.PoolBase - EmployeeBankingHikariPool - Established new connection (3691f852-4558-439a-8568-d3be2a4d0ea7)
2026-08-11 16:50:50 DEBUG [EmployeeBankingHikariPool:connection-adder] com.zaxxer.hikari.pool.HikariPool - EmployeeBankingHikariPool - Added connection ConnectionID:5 ClientConnectionId: a738d301-6a50-4b2e-920b-e8e7625c7046
2026-08-11 16:50:50 DEBUG [EmployeeBankingHikariPool:connection-adder] com.zaxxer.hikari.pool.HikariPool - EmployeeBankingHikariPool - After adding stats (total=5/10, idle=5/5, active=0, waiting=0)
2026-08-11 16:50:50 DEBUG [EmployeeBankingHikariPool:connection-adder] com.zaxxer.hikari.pool.HikariPool - EmployeeBankingHikariPool - Connection not added, stats (total=5/10, idle=5/5, active=0, waiting=0)
2026-08-11 16:50:50 INFO  [main] o.h.e.t.j.p.i.JtaPlatformInitiator - HHH000489: No JTA platform available (set 'hibernate.transaction.jta.platform' to enable JTA platform integration)
2026-08-11 16:50:51 INFO  [main] o.s.o.j.LocalContainerEntityManagerFactoryBean - Initialized JPA EntityManagerFactory for persistence unit 'default'
2026-08-11 16:50:55 INFO  [main] o.s.b.a.e.web.EndpointLinksResolver - Exposing 5 endpoints beneath base path '/actuator'
2026-08-11 16:50:55 INFO  [main] o.a.coyote.http11.Http11NioProtocol - Starting ProtocolHandler ["http-nio-8091"]
2026-08-11 16:50:55 WARN  [main] o.s.b.w.s.c.AnnotationConfigServletWebServerApplicationContext - Exception encountered during context initialization - cancelling refresh attempt: org.springframework.context.ApplicationContextException: Failed to start bean 'webServerStartStop'
2026-08-11 16:50:55 INFO  [main] o.s.o.j.LocalContainerEntityManagerFactoryBean - Closing JPA EntityManagerFactory for persistence unit 'default'
2026-08-11 16:50:55 INFO  [main] com.zaxxer.hikari.HikariDataSource - EmployeeBankingHikariPool - Shutdown initiated...
2026-08-11 16:50:55 DEBUG [main] com.zaxxer.hikari.pool.HikariPool - EmployeeBankingHikariPool - Before shutdown stats (total=5/10, idle=5/5, active=0, waiting=0)
2026-08-11 16:50:55 DEBUG [EmployeeBankingHikariPool:connection-closer] com.zaxxer.hikari.pool.PoolBase - EmployeeBankingHikariPool - Closing connection ConnectionID:1 ClientConnectionId: cf53dbef-ff8e-499a-9a4b-5e9018841009: (connection evicted)
2026-08-11 16:50:55 DEBUG [EmployeeBankingHikariPool:connection-closer] com.zaxxer.hikari.pool.PoolBase - EmployeeBankingHikariPool - Closing connection ConnectionID:2 ClientConnectionId: d6a7b7d6-c08b-4b16-b7e8-2d38d4bedd2c: (connection evicted)
2026-08-11 16:50:55 DEBUG [EmployeeBankingHikariPool:connection-closer] com.zaxxer.hikari.pool.PoolBase - EmployeeBankingHikariPool - Closing connection ConnectionID:3 ClientConnectionId: e46f954c-198e-4a63-b6c9-edf4378cb954: (connection evicted)
2026-08-11 16:50:55 DEBUG [EmployeeBankingHikariPool:connection-closer] com.zaxxer.hikari.pool.PoolBase - EmployeeBankingHikariPool - Closing connection ConnectionID:4 ClientConnectionId: e62688d8-24cc-4af9-bb82-67e15b7a3741: (connection evicted)
2026-08-11 16:50:55 DEBUG [EmployeeBankingHikariPool:connection-closer] com.zaxxer.hikari.pool.PoolBase - EmployeeBankingHikariPool - Closing connection ConnectionID:5 ClientConnectionId: a738d301-6a50-4b2e-920b-e8e7625c7046: (connection evicted)
2026-08-11 16:50:55 DEBUG [main] com.zaxxer.hikari.pool.HikariPool - EmployeeBankingHikariPool - After  shutdown stats (total=0/10, idle=0/5, active=0, waiting=0)
2026-08-11 16:50:55 INFO  [main] com.zaxxer.hikari.HikariDataSource - EmployeeBankingHikariPool - Shutdown completed.
2026-08-11 16:50:56 INFO  [main] o.s.b.a.l.ConditionEvaluationReportLogger - 

Error starting ApplicationContext. To display the condition evaluation report re-run your application with 'debug' enabled.
2026-08-11 16:50:56 ERROR [main] o.s.b.d.LoggingFailureAnalysisReporter - 

***************************
APPLICATION FAILED TO START
***************************

Description:

Web server failed to start. Port 8091 was already in use.

Action:

Identify and stop the process that's listening on port 8091 or configure this application to listen on another port.

2026-08-11 16:50:57 INFO  [http-nio-8091-exec-7] c.t.e.controller.AccountController - Received balance request for account id: 1
2026-08-11 16:50:57 INFO  [http-nio-8091-exec-7] c.t.e.service.AccountService - Fetching account balance for id: 1 from Database
2026-08-11 16:50:57 DEBUG [http-nio-8091-exec-7] org.hibernate.SQL - 
    select
        a1_0.id,
        a1_0.account_holder_name,
        a1_0.account_number,
        a1_0.balance 
    from
        account_details5 a1_0 
    where
        a1_0.id=?
2026-08-11 16:50:57 TRACE [http-nio-8091-exec-7] org.hibernate.orm.jdbc.bind - binding parameter (1:INTEGER) <- [1]
2026-08-11 16:50:59 WARN  [EmployeeBankingHikariPool:housekeeper] c.zaxxer.hikari.pool.ProxyLeakTask - Connection leak detection triggered for ConnectionID:1 ClientConnectionId: f3801233-02c8-4214-bd93-c04a79d691e9 on thread http-nio-8091-exec-7, stack trace follows
java.lang.Exception: Apparent connection leak detected
	at com.zaxxer.hikari.HikariDataSource.getConnection(HikariDataSource.java:127)
	at org.hibernate.engine.jdbc.connections.internal.DatasourceConnectionProviderImpl.getConnection(DatasourceConnectionProviderImpl.java:126)
	at org.hibernate.internal.NonContextualJdbcConnectionAccess.obtainConnection(NonContextualJdbcConnectionAccess.java:46)
	at org.hibernate.resource.jdbc.internal.LogicalConnectionManagedImpl.acquireConnectionIfNeeded(LogicalConnectionManagedImpl.java:126)
	at org.hibernate.resource.jdbc.internal.LogicalConnectionManagedImpl.getPhysicalConnection(LogicalConnectionManagedImpl.java:156)
	at org.springframework.orm.jpa.vendor.HibernateJpaDialect.beginTransaction(HibernateJpaDialect.java:164)
	at org.springframework.orm.jpa.JpaTransactionManager.doBegin(JpaTransactionManager.java:420)
	at org.springframework.transaction.support.AbstractPlatformTransactionManager.startTransaction(AbstractPlatformTransactionManager.java:532)
	at org.springframework.transaction.support.AbstractPlatformTransactionManager.getTransaction(AbstractPlatformTransactionManager.java:405)
	at org.springframework.transaction.interceptor.TransactionAspectSupport.createTransactionIfNecessary(TransactionAspectSupport.java:639)
	at org.springframework.transaction.interceptor.TransactionAspectSupport.invokeWithinTransaction(TransactionAspectSupport.java:374)
	at org.springframework.transaction.interceptor.TransactionInterceptor.invoke(TransactionInterceptor.java:119)
	at org.springframework.aop.framework.ReflectiveMethodInvocation.proceed(ReflectiveMethodInvocation.java:184)
	at org.springframework.cache.interceptor.CacheInterceptor.lambda$invoke$0(CacheInterceptor.java:55)
	at org.springframework.cache.interceptor.CacheAspectSupport.invokeOperation(CacheAspectSupport.java:431)
	at org.springframework.cache.interceptor.CacheAspectSupport.evaluate(CacheAspectSupport.java:601)
	at org.springframework.cache.interceptor.CacheAspectSupport.execute(CacheAspectSupport.java:448)
	at org.springframework.cache.interceptor.CacheAspectSupport.execute(CacheAspectSupport.java:410)
	at org.springframework.cache.interceptor.CacheInterceptor.invoke(CacheInterceptor.java:65)
	at org.springframework.aop.framework.ReflectiveMethodInvocation.proceed(ReflectiveMethodInvocation.java:184)
	at org.springframework.aop.framework.CglibAopProxy$DynamicAdvisedInterceptor.intercept(CglibAopProxy.java:728)
	at com.tns.employeeapi.service.AccountService$$SpringCGLIB$$0.getBalance(<generated>)
	at com.tns.employeeapi.controller.AccountController.getBalance(AccountController.java:64)
	at java.base/jdk.internal.reflect.DirectMethodHandleAccessor.invoke(DirectMethodHandleAccessor.java:103)
	at java.base/java.lang.reflect.Method.invoke(Method.java:580)
	at org.springframework.aop.support.AopUtils.invokeJoinpointUsingReflection(AopUtils.java:360)
	at org.springframework.aop.framework.ReflectiveMethodInvocation.invokeJoinpoint(ReflectiveMethodInvocation.java:196)
	at org.springframework.aop.framework.ReflectiveMethodInvocation.proceed(ReflectiveMethodInvocation.java:163)
	at org.springframework.validation.beanvalidation.MethodValidationInterceptor.invoke(MethodValidationInterceptor.java:174)
	at org.springframework.aop.framework.ReflectiveMethodInvocation.proceed(ReflectiveMethodInvocation.java:184)
	at org.springframework.aop.framework.CglibAopProxy$DynamicAdvisedInterceptor.intercept(CglibAopProxy.java:728)
	at com.tns.employeeapi.controller.AccountController$$SpringCGLIB$$0.getBalance(<generated>)
	at java.base/jdk.internal.reflect.DirectMethodHandleAccessor.invoke(DirectMethodHandleAccessor.java:103)
	at java.base/java.lang.reflect.Method.invoke(Method.java:580)
	at org.springframework.web.method.support.InvocableHandlerMethod.doInvoke(InvocableHandlerMethod.java:258)
	at org.springframework.web.method.support.InvocableHandlerMethod.invokeForRequest(InvocableHandlerMethod.java:191)
	at org.springframework.web.servlet.mvc.method.annotation.ServletInvocableHandlerMethod.invokeAndHandle(ServletInvocableHandlerMethod.java:118)
	at org.springframework.web.servlet.mvc.method.annotation.RequestMappingHandlerAdapter.invokeHandlerMethod(RequestMappingHandlerAdapter.java:991)
	at org.springframework.web.servlet.mvc.method.annotation.RequestMappingHandlerAdapter.handleInternal(RequestMappingHandlerAdapter.java:896)
	at org.springframework.web.servlet.mvc.method.AbstractHandlerMethodAdapter.handle(AbstractHandlerMethodAdapter.java:87)
	at org.springframework.web.servlet.DispatcherServlet.doDispatch(DispatcherServlet.java:1089)
	at org.springframework.web.servlet.DispatcherServlet.doService(DispatcherServlet.java:979)
	at org.springframework.web.servlet.FrameworkServlet.processRequest(FrameworkServlet.java:1014)
	at org.springframework.web.servlet.FrameworkServlet.doGet(FrameworkServlet.java:903)
	at jakarta.servlet.http.HttpServlet.service(HttpServlet.java:564)
	at org.springframework.web.servlet.FrameworkServlet.service(FrameworkServlet.java:885)
	at jakarta.servlet.http.HttpServlet.service(HttpServlet.java:658)
	at org.apache.catalina.core.ApplicationFilterChain.internalDoFilter(ApplicationFilterChain.java:195)
	at org.apache.catalina.core.ApplicationFilterChain.doFilter(ApplicationFilterChain.java:140)
	at org.apache.tomcat.websocket.server.WsFilter.doFilter(WsFilter.java:51)
	at org.apache.catalina.core.ApplicationFilterChain.internalDoFilter(ApplicationFilterChain.java:164)
	at org.apache.catalina.core.ApplicationFilterChain.doFilter(ApplicationFilterChain.java:140)
	at org.springframework.web.filter.RequestContextFilter.doFilterInternal(RequestContextFilter.java:100)
	at org.springframework.web.filter.OncePerRequestFilter.doFilter(OncePerRequestFilter.java:116)
	at org.apache.catalina.core.ApplicationFilterChain.internalDoFilter(ApplicationFilterChain.java:164)
	at org.apache.catalina.core.ApplicationFilterChain.doFilter(ApplicationFilterChain.java:140)
	at org.springframework.web.filter.FormContentFilter.doFilterInternal(FormContentFilter.java:93)
	at org.springframework.web.filter.OncePerRequestFilter.doFilter(OncePerRequestFilter.java:116)
	at org.apache.catalina.core.ApplicationFilterChain.internalDoFilter(ApplicationFilterChain.java:164)
	at org.apache.catalina.core.ApplicationFilterChain.doFilter(ApplicationFilterChain.java:140)
	at org.springframework.web.filter.ServerHttpObservationFilter.doFilterInternal(ServerHttpObservationFilter.java:110)
	at org.springframework.web.filter.OncePerRequestFilter.doFilter(OncePerRequestFilter.java:116)
	at org.apache.catalina.core.ApplicationFilterChain.internalDoFilter(ApplicationFilterChain.java:164)
	at org.apache.catalina.core.ApplicationFilterChain.doFilter(ApplicationFilterChain.java:140)
	at org.springframework.web.filter.CharacterEncodingFilter.doFilterInternal(CharacterEncodingFilter.java:201)
	at org.springframework.web.filter.OncePerRequestFilter.doFilter(OncePerRequestFilter.java:116)
	at org.apache.catalina.core.ApplicationFilterChain.internalDoFilter(ApplicationFilterChain.java:164)
	at org.apache.catalina.core.ApplicationFilterChain.doFilter(ApplicationFilterChain.java:140)
	at org.apache.catalina.core.StandardWrapperValve.invoke(StandardWrapperValve.java:167)
	at org.apache.catalina.core.StandardContextValve.invoke(StandardContextValve.java:90)
	at org.apache.catalina.authenticator.AuthenticatorBase.invoke(AuthenticatorBase.java:483)
	at org.apache.catalina.core.StandardHostValve.invoke(StandardHostValve.java:116)
	at org.apache.catalina.valves.ErrorReportValve.invoke(ErrorReportValve.java:93)
	at org.apache.catalina.core.StandardEngineValve.invoke(StandardEngineValve.java:74)
	at org.apache.catalina.connector.CoyoteAdapter.service(CoyoteAdapter.java:344)
	at org.apache.coyote.http11.Http11Processor.service(Http11Processor.java:398)
	at org.apache.coyote.AbstractProcessorLight.process(AbstractProcessorLight.java:63)
	at org.apache.coyote.AbstractProtocol$ConnectionHandler.process(AbstractProtocol.java:903)
	at org.apache.tomcat.util.net.NioEndpoint$SocketProcessor.doRun(NioEndpoint.java:1769)
	at org.apache.tomcat.util.net.SocketProcessorBase.run(SocketProcessorBase.java:52)
	at org.apache.tomcat.util.threads.ThreadPoolExecutor.runWorker(ThreadPoolExecutor.java:1189)
	at org.apache.tomcat.util.threads.ThreadPoolExecutor$Worker.run(ThreadPoolExecutor.java:658)
	at org.apache.tomcat.util.threads.TaskThread$WrappingRunnable.run(TaskThread.java:63)
	at java.base/java.lang.Thread.run(Thread.java:1583)
2026-08-11 16:51:00 INFO  [http-nio-8091-exec-7] c.zaxxer.hikari.pool.ProxyLeakTask - Previously reported leaked connection ConnectionID:1 ClientConnectionId: f3801233-02c8-4214-bd93-c04a79d691e9 on thread http-nio-8091-exec-7 was returned to the pool (unleaked)
2026-08-11 16:51:15 DEBUG [EmployeeBankingHikariPool:housekeeper] com.zaxxer.hikari.pool.HikariPool - EmployeeBankingHikariPool - keepalive: connection ConnectionID:1 ClientConnectionId: f3801233-02c8-4214-bd93-c04a79d691e9 is alive
2026-08-11 16:51:17 DEBUG [EmployeeBankingHikariPool:housekeeper] com.zaxxer.hikari.pool.HikariPool - EmployeeBankingHikariPool - Before cleanup stats (total=5/10, idle=5/5, active=0, waiting=0)
2026-08-11 16:51:17 DEBUG [EmployeeBankingHikariPool:housekeeper] com.zaxxer.hikari.pool.HikariPool - EmployeeBankingHikariPool - After  cleanup stats (total=5/10, idle=5/5, active=0, waiting=0)
2026-08-11 16:51:17 DEBUG [EmployeeBankingHikariPool:housekeeper] com.zaxxer.hikari.pool.HikariPool - EmployeeBankingHikariPool - Fill pool skipped, pool has sufficient level or currently being filled.
2026-08-11 16:51:25 DEBUG [EmployeeBankingHikariPool:housekeeper] com.zaxxer.hikari.pool.HikariPool - EmployeeBankingHikariPool - keepalive: connection ConnectionID:5 ClientConnectionId: b1be7040-d21d-44cc-b492-084ecfb37c25 is alive
2026-08-11 16:51:28 DEBUG [EmployeeBankingHikariPool:housekeeper] com.zaxxer.hikari.pool.HikariPool - EmployeeBankingHikariPool - keepalive: connection ConnectionID:2 ClientConnectionId: 4566ae84-1eab-49e6-8b42-7fce11bf7b4a is alive
2026-08-11 16:51:47 DEBUG [EmployeeBankingHikariPool:housekeeper] com.zaxxer.hikari.pool.HikariPool - EmployeeBankingHikariPool - Before cleanup stats (total=5/10, idle=5/5, active=0, waiting=0)
2026-08-11 16:51:47 DEBUG [EmployeeBankingHikariPool:housekeeper] com.zaxxer.hikari.pool.HikariPool - EmployeeBankingHikariPool - After  cleanup stats (total=5/10, idle=5/5, active=0, waiting=0)
2026-08-11 16:51:47 DEBUG [EmployeeBankingHikariPool:housekeeper] com.zaxxer.hikari.pool.HikariPool - EmployeeBankingHikariPool - Fill pool skipped, pool has sufficient level or currently being filled.
2026-08-11 16:51:50 INFO  [http-nio-8091-exec-9] c.t.e.controller.AccountController - Received deposit request for account id: 1
2026-08-11 16:51:50 INFO  [http-nio-8091-exec-9] c.t.e.service.AccountService - Depositing 500.0 into account id: 1
2026-08-11 16:51:50 DEBUG [http-nio-8091-exec-9] org.hibernate.SQL - 
    select
        a1_0.id,
        a1_0.account_holder_name,
        a1_0.account_number,
        a1_0.balance 
    from
        account_details5 a1_0 
    where
        a1_0.id=?
2026-08-11 16:51:50 TRACE [http-nio-8091-exec-9] org.hibernate.orm.jdbc.bind - binding parameter (1:INTEGER) <- [1]
2026-08-11 16:51:50 DEBUG [http-nio-8091-exec-9] org.hibernate.SQL - 
    update
        account_details5 
    set
        account_holder_name=?,
        account_number=?,
        balance=? 
    where
        id=?
2026-08-11 16:51:50 TRACE [http-nio-8091-exec-9] org.hibernate.orm.jdbc.bind - binding parameter (1:VARCHAR) <- [Satya Prakash]
2026-08-11 16:51:50 TRACE [http-nio-8091-exec-9] org.hibernate.orm.jdbc.bind - binding parameter (2:VARCHAR) <- [ACC123456]
2026-08-11 16:51:50 TRACE [http-nio-8091-exec-9] org.hibernate.orm.jdbc.bind - binding parameter (3:DOUBLE) <- [20500.0]
2026-08-11 16:51:50 TRACE [http-nio-8091-exec-9] org.hibernate.orm.jdbc.bind - binding parameter (4:INTEGER) <- [1]
2026-08-11 16:51:50 DEBUG [EmployeeBankingHikariPool:housekeeper] com.zaxxer.hikari.pool.HikariPool - EmployeeBankingHikariPool - keepalive: connection ConnectionID:4 ClientConnectionId: 15ce94da-ba12-4c33-aa0f-d5b66a9443d6 is alive
2026-08-11 16:52:07 DEBUG [EmployeeBankingHikariPool:housekeeper] com.zaxxer.hikari.pool.HikariPool - EmployeeBankingHikariPool - keepalive: connection ConnectionID:3 ClientConnectionId: 22527d61-ed25-4a49-bcce-c2512cdfc455 is alive
2026-08-11 16:52:17 INFO  [http-nio-8091-exec-8] c.t.e.controller.AccountController - Received balance request for account id: 1
2026-08-11 16:52:17 ERROR [http-nio-8091-exec-8] c.t.e.e.GlobalExceptionHandler - Unexpected exception
java.lang.ClassCastException: class com.tns.employeeapi.dto.BalanceResponse cannot be cast to class com.tns.employeeapi.dto.AccountBalanceResponse (com.tns.employeeapi.dto.BalanceResponse and com.tns.employeeapi.dto.AccountBalanceResponse are in unnamed module of loader 'app')
	at com.tns.employeeapi.service.AccountService$$SpringCGLIB$$0.getBalance(<generated>)
	at com.tns.employeeapi.controller.AccountController.getBalance(AccountController.java:64)
	at java.base/jdk.internal.reflect.DirectMethodHandleAccessor.invoke(DirectMethodHandleAccessor.java:103)
	at java.base/java.lang.reflect.Method.invoke(Method.java:580)
	at org.springframework.aop.support.AopUtils.invokeJoinpointUsingReflection(AopUtils.java:360)
	at org.springframework.aop.framework.ReflectiveMethodInvocation.invokeJoinpoint(ReflectiveMethodInvocation.java:196)
	at org.springframework.aop.framework.ReflectiveMethodInvocation.proceed(ReflectiveMethodInvocation.java:163)
	at org.springframework.validation.beanvalidation.MethodValidationInterceptor.invoke(MethodValidationInterceptor.java:174)
	at org.springframework.aop.framework.ReflectiveMethodInvocation.proceed(ReflectiveMethodInvocation.java:184)
	at org.springframework.aop.framework.CglibAopProxy$DynamicAdvisedInterceptor.intercept(CglibAopProxy.java:728)
	at com.tns.employeeapi.controller.AccountController$$SpringCGLIB$$0.getBalance(<generated>)
	at java.base/jdk.internal.reflect.DirectMethodHandleAccessor.invoke(DirectMethodHandleAccessor.java:103)
	at java.base/java.lang.reflect.Method.invoke(Method.java:580)
	at org.springframework.web.method.support.InvocableHandlerMethod.doInvoke(InvocableHandlerMethod.java:258)
	at org.springframework.web.method.support.InvocableHandlerMethod.invokeForRequest(InvocableHandlerMethod.java:191)
	at org.springframework.web.servlet.mvc.method.annotation.ServletInvocableHandlerMethod.invokeAndHandle(ServletInvocableHandlerMethod.java:118)
	at org.springframework.web.servlet.mvc.method.annotation.RequestMappingHandlerAdapter.invokeHandlerMethod(RequestMappingHandlerAdapter.java:991)
	at org.springframework.web.servlet.mvc.method.annotation.RequestMappingHandlerAdapter.handleInternal(RequestMappingHandlerAdapter.java:896)
	at org.springframework.web.servlet.mvc.method.AbstractHandlerMethodAdapter.handle(AbstractHandlerMethodAdapter.java:87)
	at org.springframework.web.servlet.DispatcherServlet.doDispatch(DispatcherServlet.java:1089)
	at org.springframework.web.servlet.DispatcherServlet.doService(DispatcherServlet.java:979)
	at org.springframework.web.servlet.FrameworkServlet.processRequest(FrameworkServlet.java:1014)
	at org.springframework.web.servlet.FrameworkServlet.doGet(FrameworkServlet.java:903)
	at jakarta.servlet.http.HttpServlet.service(HttpServlet.java:564)
	at org.springframework.web.servlet.FrameworkServlet.service(FrameworkServlet.java:885)
	at jakarta.servlet.http.HttpServlet.service(HttpServlet.java:658)
	at org.apache.catalina.core.ApplicationFilterChain.internalDoFilter(ApplicationFilterChain.java:195)
	at org.apache.catalina.core.ApplicationFilterChain.doFilter(ApplicationFilterChain.java:140)
	at org.apache.tomcat.websocket.server.WsFilter.doFilter(WsFilter.java:51)
	at org.apache.catalina.core.ApplicationFilterChain.internalDoFilter(ApplicationFilterChain.java:164)
	at org.apache.catalina.core.ApplicationFilterChain.doFilter(ApplicationFilterChain.java:140)
	at org.springframework.web.filter.RequestContextFilter.doFilterInternal(RequestContextFilter.java:100)
	at org.springframework.web.filter.OncePerRequestFilter.doFilter(OncePerRequestFilter.java:116)
	at org.apache.catalina.core.ApplicationFilterChain.internalDoFilter(ApplicationFilterChain.java:164)
	at org.apache.catalina.core.ApplicationFilterChain.doFilter(ApplicationFilterChain.java:140)
	at org.springframework.web.filter.FormContentFilter.doFilterInternal(FormContentFilter.java:93)
	at org.springframework.web.filter.OncePerRequestFilter.doFilter(OncePerRequestFilter.java:116)
	at org.apache.catalina.core.ApplicationFilterChain.internalDoFilter(ApplicationFilterChain.java:164)
	at org.apache.catalina.core.ApplicationFilterChain.doFilter(ApplicationFilterChain.java:140)
	at org.springframework.web.filter.ServerHttpObservationFilter.doFilterInternal(ServerHttpObservationFilter.java:110)
	at org.springframework.web.filter.OncePerRequestFilter.doFilter(OncePerRequestFilter.java:116)
	at org.apache.catalina.core.ApplicationFilterChain.internalDoFilter(ApplicationFilterChain.java:164)
	at org.apache.catalina.core.ApplicationFilterChain.doFilter(ApplicationFilterChain.java:140)
	at org.springframework.web.filter.CharacterEncodingFilter.doFilterInternal(CharacterEncodingFilter.java:201)
	at org.springframework.web.filter.OncePerRequestFilter.doFilter(OncePerRequestFilter.java:116)
	at org.apache.catalina.core.ApplicationFilterChain.internalDoFilter(ApplicationFilterChain.java:164)
	at org.apache.catalina.core.ApplicationFilterChain.doFilter(ApplicationFilterChain.java:140)
	at org.apache.catalina.core.StandardWrapperValve.invoke(StandardWrapperValve.java:167)
	at org.apache.catalina.core.StandardContextValve.invoke(StandardContextValve.java:90)
	at org.apache.catalina.authenticator.AuthenticatorBase.invoke(AuthenticatorBase.java:483)
	at org.apache.catalina.core.StandardHostValve.invoke(StandardHostValve.java:116)
	at org.apache.catalina.valves.ErrorReportValve.invoke(ErrorReportValve.java:93)
	at org.apache.catalina.core.StandardEngineValve.invoke(StandardEngineValve.java:74)
	at org.apache.catalina.connector.CoyoteAdapter.service(CoyoteAdapter.java:344)
	at org.apache.coyote.http11.Http11Processor.service(Http11Processor.java:398)
	at org.apache.coyote.AbstractProcessorLight.process(AbstractProcessorLight.java:63)
	at org.apache.coyote.AbstractProtocol$ConnectionHandler.process(AbstractProtocol.java:903)
	at org.apache.tomcat.util.net.NioEndpoint$SocketProcessor.doRun(NioEndpoint.java:1769)
	at org.apache.tomcat.util.net.SocketProcessorBase.run(SocketProcessorBase.java:52)
	at org.apache.tomcat.util.threads.ThreadPoolExecutor.runWorker(ThreadPoolExecutor.java:1189)
	at org.apache.tomcat.util.threads.ThreadPoolExecutor$Worker.run(ThreadPoolExecutor.java:658)
	at org.apache.tomcat.util.threads.TaskThread$WrappingRunnable.run(TaskThread.java:63)
	at java.base/java.lang.Thread.run(Thread.java:1583)
2026-08-11 16:52:17 DEBUG [EmployeeBankingHikariPool:housekeeper] com.zaxxer.hikari.pool.HikariPool - EmployeeBankingHikariPool - Before cleanup stats (total=5/10, idle=5/5, active=0, waiting=0)
2026-08-11 16:52:17 DEBUG [EmployeeBankingHikariPool:housekeeper] com.zaxxer.hikari.pool.HikariPool - EmployeeBankingHikariPool - After  cleanup stats (total=5/10, idle=5/5, active=0, waiting=0)
2026-08-11 16:52:17 DEBUG [EmployeeBankingHikariPool:housekeeper] com.zaxxer.hikari.pool.HikariPool - EmployeeBankingHikariPool - Fill pool skipped, pool has sufficient level or currently being filled.
2026-08-11 16:52:27 INFO  [http-nio-8091-exec-10] c.t.e.controller.AccountController - Received balance request for account id: 1
2026-08-11 16:52:27 ERROR [http-nio-8091-exec-10] c.t.e.e.GlobalExceptionHandler - Unexpected exception
java.lang.ClassCastException: class com.tns.employeeapi.dto.BalanceResponse cannot be cast to class com.tns.employeeapi.dto.AccountBalanceResponse (com.tns.employeeapi.dto.BalanceResponse and com.tns.employeeapi.dto.AccountBalanceResponse are in unnamed module of loader 'app')
	at com.tns.employeeapi.service.AccountService$$SpringCGLIB$$0.getBalance(<generated>)
	at com.tns.employeeapi.controller.AccountController.getBalance(AccountController.java:64)
	at java.base/jdk.internal.reflect.DirectMethodHandleAccessor.invoke(DirectMethodHandleAccessor.java:103)
	at java.base/java.lang.reflect.Method.invoke(Method.java:580)
	at org.springframework.aop.support.AopUtils.invokeJoinpointUsingReflection(AopUtils.java:360)
	at org.springframework.aop.framework.ReflectiveMethodInvocation.invokeJoinpoint(ReflectiveMethodInvocation.java:196)
	at org.springframework.aop.framework.ReflectiveMethodInvocation.proceed(ReflectiveMethodInvocation.java:163)
	at org.springframework.validation.beanvalidation.MethodValidationInterceptor.invoke(MethodValidationInterceptor.java:174)
	at org.springframework.aop.framework.ReflectiveMethodInvocation.proceed(ReflectiveMethodInvocation.java:184)
	at org.springframework.aop.framework.CglibAopProxy$DynamicAdvisedInterceptor.intercept(CglibAopProxy.java:728)
	at com.tns.employeeapi.controller.AccountController$$SpringCGLIB$$0.getBalance(<generated>)
	at java.base/jdk.internal.reflect.DirectMethodHandleAccessor.invoke(DirectMethodHandleAccessor.java:103)
	at java.base/java.lang.reflect.Method.invoke(Method.java:580)
	at org.springframework.web.method.support.InvocableHandlerMethod.doInvoke(InvocableHandlerMethod.java:258)
	at org.springframework.web.method.support.InvocableHandlerMethod.invokeForRequest(InvocableHandlerMethod.java:191)
	at org.springframework.web.servlet.mvc.method.annotation.ServletInvocableHandlerMethod.invokeAndHandle(ServletInvocableHandlerMethod.java:118)
	at org.springframework.web.servlet.mvc.method.annotation.RequestMappingHandlerAdapter.invokeHandlerMethod(RequestMappingHandlerAdapter.java:991)
	at org.springframework.web.servlet.mvc.method.annotation.RequestMappingHandlerAdapter.handleInternal(RequestMappingHandlerAdapter.java:896)
	at org.springframework.web.servlet.mvc.method.AbstractHandlerMethodAdapter.handle(AbstractHandlerMethodAdapter.java:87)
	at org.springframework.web.servlet.DispatcherServlet.doDispatch(DispatcherServlet.java:1089)
	at org.springframework.web.servlet.DispatcherServlet.doService(DispatcherServlet.java:979)
	at org.springframework.web.servlet.FrameworkServlet.processRequest(FrameworkServlet.java:1014)
	at org.springframework.web.servlet.FrameworkServlet.doGet(FrameworkServlet.java:903)
	at jakarta.servlet.http.HttpServlet.service(HttpServlet.java:564)
	at org.springframework.web.servlet.FrameworkServlet.service(FrameworkServlet.java:885)
	at jakarta.servlet.http.HttpServlet.service(HttpServlet.java:658)
	at org.apache.catalina.core.ApplicationFilterChain.internalDoFilter(ApplicationFilterChain.java:195)
	at org.apache.catalina.core.ApplicationFilterChain.doFilter(ApplicationFilterChain.java:140)
	at org.apache.tomcat.websocket.server.WsFilter.doFilter(WsFilter.java:51)
	at org.apache.catalina.core.ApplicationFilterChain.internalDoFilter(ApplicationFilterChain.java:164)
	at org.apache.catalina.core.ApplicationFilterChain.doFilter(ApplicationFilterChain.java:140)
	at org.springframework.web.filter.RequestContextFilter.doFilterInternal(RequestContextFilter.java:100)
	at org.springframework.web.filter.OncePerRequestFilter.doFilter(OncePerRequestFilter.java:116)
	at org.apache.catalina.core.ApplicationFilterChain.internalDoFilter(ApplicationFilterChain.java:164)
	at org.apache.catalina.core.ApplicationFilterChain.doFilter(ApplicationFilterChain.java:140)
	at org.springframework.web.filter.FormContentFilter.doFilterInternal(FormContentFilter.java:93)
	at org.springframework.web.filter.OncePerRequestFilter.doFilter(OncePerRequestFilter.java:116)
	at org.apache.catalina.core.ApplicationFilterChain.internalDoFilter(ApplicationFilterChain.java:164)
	at org.apache.catalina.core.ApplicationFilterChain.doFilter(ApplicationFilterChain.java:140)
	at org.springframework.web.filter.ServerHttpObservationFilter.doFilterInternal(ServerHttpObservationFilter.java:110)
	at org.springframework.web.filter.OncePerRequestFilter.doFilter(OncePerRequestFilter.java:116)
	at org.apache.catalina.core.ApplicationFilterChain.internalDoFilter(ApplicationFilterChain.java:164)
	at org.apache.catalina.core.ApplicationFilterChain.doFilter(ApplicationFilterChain.java:140)
	at org.springframework.web.filter.CharacterEncodingFilter.doFilterInternal(CharacterEncodingFilter.java:201)
	at org.springframework.web.filter.OncePerRequestFilter.doFilter(OncePerRequestFilter.java:116)
	at org.apache.catalina.core.ApplicationFilterChain.internalDoFilter(ApplicationFilterChain.java:164)
	at org.apache.catalina.core.ApplicationFilterChain.doFilter(ApplicationFilterChain.java:140)
	at org.apache.catalina.core.StandardWrapperValve.invoke(StandardWrapperValve.java:167)
	at org.apache.catalina.core.StandardContextValve.invoke(StandardContextValve.java:90)
	at org.apache.catalina.authenticator.AuthenticatorBase.invoke(AuthenticatorBase.java:483)
	at org.apache.catalina.core.StandardHostValve.invoke(StandardHostValve.java:116)
	at org.apache.catalina.valves.ErrorReportValve.invoke(ErrorReportValve.java:93)
	at org.apache.catalina.core.StandardEngineValve.invoke(StandardEngineValve.java:74)
	at org.apache.catalina.connector.CoyoteAdapter.service(CoyoteAdapter.java:344)
	at org.apache.coyote.http11.Http11Processor.service(Http11Processor.java:398)
	at org.apache.coyote.AbstractProcessorLight.process(AbstractProcessorLight.java:63)
	at org.apache.coyote.AbstractProtocol$ConnectionHandler.process(AbstractProtocol.java:903)
	at org.apache.tomcat.util.net.NioEndpoint$SocketProcessor.doRun(NioEndpoint.java:1769)
	at org.apache.tomcat.util.net.SocketProcessorBase.run(SocketProcessorBase.java:52)
	at org.apache.tomcat.util.threads.ThreadPoolExecutor.runWorker(ThreadPoolExecutor.java:1189)
	at org.apache.tomcat.util.threads.ThreadPoolExecutor$Worker.run(ThreadPoolExecutor.java:658)
	at org.apache.tomcat.util.threads.TaskThread$WrappingRunnable.run(TaskThread.java:63)
	at java.base/java.lang.Thread.run(Thread.java:1583)
2026-08-11 16:52:47 DEBUG [EmployeeBankingHikariPool:housekeeper] com.zaxxer.hikari.pool.HikariPool - EmployeeBankingHikariPool - Before cleanup stats (total=5/10, idle=5/5, active=0, waiting=0)
2026-08-11 16:52:47 DEBUG [EmployeeBankingHikariPool:housekeeper] com.zaxxer.hikari.pool.HikariPool - EmployeeBankingHikariPool - After  cleanup stats (total=5/10, idle=5/5, active=0, waiting=0)
2026-08-11 16:52:47 DEBUG [EmployeeBankingHikariPool:housekeeper] com.zaxxer.hikari.pool.HikariPool - EmployeeBankingHikariPool - Fill pool skipped, pool has sufficient level or currently being filled.
2026-08-11 16:53:03 DEBUG [EmployeeBankingHikariPool:housekeeper] com.zaxxer.hikari.pool.HikariPool - EmployeeBankingHikariPool - keepalive: connection ConnectionID:1 ClientConnectionId: f3801233-02c8-4214-bd93-c04a79d691e9 is alive
2026-08-11 16:53:14 DEBUG [EmployeeBankingHikariPool:housekeeper] com.zaxxer.hikari.pool.HikariPool - EmployeeBankingHikariPool - keepalive: connection ConnectionID:5 ClientConnectionId: b1be7040-d21d-44cc-b492-084ecfb37c25 is alive
2026-08-11 16:53:17 DEBUG [EmployeeBankingHikariPool:housekeeper] com.zaxxer.hikari.pool.HikariPool - EmployeeBankingHikariPool - Before cleanup stats (total=5/10, idle=5/5, active=0, waiting=0)
2026-08-11 16:53:17 DEBUG [EmployeeBankingHikariPool:housekeeper] com.zaxxer.hikari.pool.HikariPool - EmployeeBankingHikariPool - After  cleanup stats (total=5/10, idle=5/5, active=0, waiting=0)
2026-08-11 16:53:17 DEBUG [EmployeeBankingHikariPool:housekeeper] com.zaxxer.hikari.pool.HikariPool - EmployeeBankingHikariPool - Fill pool skipped, pool has sufficient level or currently being filled.
2026-08-11 16:53:18 DEBUG [EmployeeBankingHikariPool:housekeeper] com.zaxxer.hikari.pool.HikariPool - EmployeeBankingHikariPool - keepalive: connection ConnectionID:2 ClientConnectionId: 4566ae84-1eab-49e6-8b42-7fce11bf7b4a is alive
2026-08-11 16:53:44 DEBUG [EmployeeBankingHikariPool:housekeeper] com.zaxxer.hikari.pool.HikariPool - EmployeeBankingHikariPool - keepalive: connection ConnectionID:4 ClientConnectionId: 15ce94da-ba12-4c33-aa0f-d5b66a9443d6 is alive
2026-08-11 16:53:45 DEBUG [EmployeeBankingHikariPool:housekeeper] com.zaxxer.hikari.pool.HikariPool - EmployeeBankingHikariPool - keepalive: connection ConnectionID:3 ClientConnectionId: 22527d61-ed25-4a49-bcce-c2512cdfc455 is alive
2026-08-11 16:53:47 DEBUG [EmployeeBankingHikariPool:housekeeper] com.zaxxer.hikari.pool.HikariPool - EmployeeBankingHikariPool - Before cleanup stats (total=5/10, idle=5/5, active=0, waiting=0)
2026-08-11 16:53:47 DEBUG [EmployeeBankingHikariPool:housekeeper] com.zaxxer.hikari.pool.HikariPool - EmployeeBankingHikariPool - After  cleanup stats (total=5/10, idle=5/5, active=0, waiting=0)
2026-08-11 16:53:47 DEBUG [EmployeeBankingHikariPool:housekeeper] com.zaxxer.hikari.pool.HikariPool - EmployeeBankingHikariPool - Fill pool skipped, pool has sufficient level or currently being filled.
2026-08-11 16:54:17 DEBUG [EmployeeBankingHikariPool:housekeeper] com.zaxxer.hikari.pool.HikariPool - EmployeeBankingHikariPool - Before cleanup stats (total=5/10, idle=5/5, active=0, waiting=0)
2026-08-11 16:54:17 DEBUG [EmployeeBankingHikariPool:housekeeper] com.zaxxer.hikari.pool.HikariPool - EmployeeBankingHikariPool - After  cleanup stats (total=5/10, idle=5/5, active=0, waiting=0)
2026-08-11 16:54:17 DEBUG [EmployeeBankingHikariPool:housekeeper] com.zaxxer.hikari.pool.HikariPool - EmployeeBankingHikariPool - Fill pool skipped, pool has sufficient level or currently being filled.
2026-08-11 16:54:47 DEBUG [EmployeeBankingHikariPool:housekeeper] com.zaxxer.hikari.pool.HikariPool - EmployeeBankingHikariPool - Before cleanup stats (total=5/10, idle=5/5, active=0, waiting=0)
2026-08-11 16:54:47 DEBUG [EmployeeBankingHikariPool:housekeeper] com.zaxxer.hikari.pool.HikariPool - EmployeeBankingHikariPool - After  cleanup stats (total=5/10, idle=5/5, active=0, waiting=0)
2026-08-11 16:54:47 DEBUG [EmployeeBankingHikariPool:housekeeper] com.zaxxer.hikari.pool.HikariPool - EmployeeBankingHikariPool - Fill pool skipped, pool has sufficient level or currently being filled.
2026-08-11 16:54:50 DEBUG [EmployeeBankingHikariPool:housekeeper] com.zaxxer.hikari.pool.HikariPool - EmployeeBankingHikariPool - keepalive: connection ConnectionID:1 ClientConnectionId: f3801233-02c8-4214-bd93-c04a79d691e9 is alive
2026-08-11 16:55:03 DEBUG [EmployeeBankingHikariPool:housekeeper] com.zaxxer.hikari.pool.HikariPool - EmployeeBankingHikariPool - keepalive: connection ConnectionID:5 ClientConnectionId: b1be7040-d21d-44cc-b492-084ecfb37c25 is alive
2026-08-11 16:55:08 DEBUG [EmployeeBankingHikariPool:housekeeper] com.zaxxer.hikari.pool.HikariPool - EmployeeBankingHikariPool - keepalive: connection ConnectionID:2 ClientConnectionId: 4566ae84-1eab-49e6-8b42-7fce11bf7b4a is alive
2026-08-11 16:55:17 DEBUG [EmployeeBankingHikariPool:housekeeper] com.zaxxer.hikari.pool.HikariPool - EmployeeBankingHikariPool - Before cleanup stats (total=5/10, idle=5/5, active=0, waiting=0)
2026-08-11 16:55:17 DEBUG [EmployeeBankingHikariPool:housekeeper] com.zaxxer.hikari.pool.HikariPool - EmployeeBankingHikariPool - After  cleanup stats (total=5/10, idle=5/5, active=0, waiting=0)
2026-08-11 16:55:17 DEBUG [EmployeeBankingHikariPool:housekeeper] com.zaxxer.hikari.pool.HikariPool - EmployeeBankingHikariPool - Fill pool skipped, pool has sufficient level or currently being filled.
2026-08-11 16:55:23 DEBUG [EmployeeBankingHikariPool:housekeeper] com.zaxxer.hikari.pool.HikariPool - EmployeeBankingHikariPool - keepalive: connection ConnectionID:3 ClientConnectionId: 22527d61-ed25-4a49-bcce-c2512cdfc455 is alive
2026-08-11 16:55:39 DEBUG [EmployeeBankingHikariPool:housekeeper] com.zaxxer.hikari.pool.HikariPool - EmployeeBankingHikariPool - keepalive: connection ConnectionID:4 ClientConnectionId: 15ce94da-ba12-4c33-aa0f-d5b66a9443d6 is alive
2026-08-11 16:55:47 DEBUG [EmployeeBankingHikariPool:housekeeper] com.zaxxer.hikari.pool.HikariPool - EmployeeBankingHikariPool - Before cleanup stats (total=5/10, idle=5/5, active=0, waiting=0)
2026-08-11 16:55:47 DEBUG [EmployeeBankingHikariPool:housekeeper] com.zaxxer.hikari.pool.HikariPool - EmployeeBankingHikariPool - After  cleanup stats (total=5/10, idle=5/5, active=0, waiting=0)
2026-08-11 16:55:47 DEBUG [EmployeeBankingHikariPool:housekeeper] com.zaxxer.hikari.pool.HikariPool - EmployeeBankingHikariPool - Fill pool skipped, pool has sufficient level or currently being filled.
2026-08-11 16:56:17 DEBUG [EmployeeBankingHikariPool:housekeeper] com.zaxxer.hikari.pool.HikariPool - EmployeeBankingHikariPool - Before cleanup stats (total=5/10, idle=5/5, active=0, waiting=0)
2026-08-11 16:56:17 DEBUG [EmployeeBankingHikariPool:housekeeper] com.zaxxer.hikari.pool.HikariPool - EmployeeBankingHikariPool - After  cleanup stats (total=5/10, idle=5/5, active=0, waiting=0)
2026-08-11 16:56:17 DEBUG [EmployeeBankingHikariPool:housekeeper] com.zaxxer.hikari.pool.HikariPool - EmployeeBankingHikariPool - Fill pool skipped, pool has sufficient level or currently being filled.
2026-08-11 16:56:38 INFO  [background-preinit] o.h.validator.internal.util.Version - HV000001: Hibernate Validator 8.0.2.Final
2026-08-11 16:56:38 INFO  [main] c.t.e.EmployeeApiApplication - Starting EmployeeApiApplication using Java 21.0.11 with PID 8860 (C:\Users\s.samantray\Desktop\Eclipse_Workspace\EmployeeBankRestApiPostman_Collection\target\classes started by s.samantray in C:\Users\s.samantray\Desktop\Eclipse_Workspace\EmployeeBankRestApiPostman_Collection)
2026-08-11 16:56:38 DEBUG [main] c.t.e.EmployeeApiApplication - Running with Spring Boot v3.5.4, Spring v6.2.9
2026-08-11 16:56:38 INFO  [main] c.t.e.EmployeeApiApplication - No active profile set, falling back to 1 default profile: "default"
2026-08-11 16:56:42 INFO  [main] o.s.d.r.c.RepositoryConfigurationDelegate - Multiple Spring Data modules found, entering strict repository configuration mode
2026-08-11 16:56:42 INFO  [main] o.s.d.r.c.RepositoryConfigurationDelegate - Bootstrapping Spring Data JPA repositories in DEFAULT mode.
2026-08-11 16:56:42 INFO  [main] o.s.d.r.c.RepositoryConfigurationDelegate - Finished Spring Data repository scanning in 396 ms. Found 2 JPA repository interfaces.
2026-08-11 16:56:42 INFO  [main] o.s.d.r.c.RepositoryConfigurationDelegate - Multiple Spring Data modules found, entering strict repository configuration mode
2026-08-11 16:56:42 INFO  [main] o.s.d.r.c.RepositoryConfigurationDelegate - Bootstrapping Spring Data Redis repositories in DEFAULT mode.
2026-08-11 16:56:42 INFO  [main] o.s.d.r.c.RepositoryConfigurationExtensionSupport - Spring Data Redis - Could not safely identify store assignment for repository candidate interface com.tns.employeeapi.repository.AccountRepository; If you want this repository to be a Redis repository, consider annotating your entities with one of these annotations: org.springframework.data.redis.core.RedisHash (preferred), or consider extending one of the following types with your repository: org.springframework.data.keyvalue.repository.KeyValueRepository
2026-08-11 16:56:42 INFO  [main] o.s.d.r.c.RepositoryConfigurationExtensionSupport - Spring Data Redis - Could not safely identify store assignment for repository candidate interface com.tns.employeeapi.repository.EmployeeRepository; If you want this repository to be a Redis repository, consider annotating your entities with one of these annotations: org.springframework.data.redis.core.RedisHash (preferred), or consider extending one of the following types with your repository: org.springframework.data.keyvalue.repository.KeyValueRepository
2026-08-11 16:56:42 INFO  [main] o.s.d.r.c.RepositoryConfigurationDelegate - Finished Spring Data repository scanning in 24 ms. Found 0 Redis repository interfaces.
2026-08-11 16:56:45 INFO  [main] o.s.b.w.e.tomcat.TomcatWebServer - Tomcat initialized with port 8091 (http)
2026-08-11 16:56:45 INFO  [main] o.a.coyote.http11.Http11NioProtocol - Initializing ProtocolHandler ["http-nio-8091"]
2026-08-11 16:56:45 INFO  [main] o.a.catalina.core.StandardService - Starting service [Tomcat]
2026-08-11 16:56:45 INFO  [main] o.a.catalina.core.StandardEngine - Starting Servlet engine: [Apache Tomcat/10.1.43]
2026-08-11 16:56:45 INFO  [main] o.a.c.c.C.[Tomcat].[localhost].[/] - Initializing Spring embedded WebApplicationContext
2026-08-11 16:56:46 INFO  [main] o.s.b.w.s.c.ServletWebServerApplicationContext - Root WebApplicationContext: initialization completed in 7140 ms
2026-08-11 16:56:46 DEBUG [main] com.zaxxer.hikari.HikariConfig - Class com.microsoft.sqlserver.jdbc.SQLServerDriver found in Thread context class loader jdk.internal.loader.ClassLoaders$AppClassLoader@5c647e05
2026-08-11 16:56:47 INFO  [main] o.h.jpa.internal.util.LogHelper - HHH000204: Processing PersistenceUnitInfo [name: default]
2026-08-11 16:56:47 INFO  [main] org.hibernate.Version - HHH000412: Hibernate ORM core version 6.6.22.Final
2026-08-11 16:56:47 INFO  [main] o.h.c.i.RegionFactoryInitiator - HHH000026: Second-level cache disabled
2026-08-11 16:56:48 INFO  [main] o.s.o.j.p.SpringPersistenceUnitInfo - No LoadTimeWeaver setup: ignoring JPA class transformer
2026-08-11 16:56:48 DEBUG [main] com.zaxxer.hikari.HikariConfig - EmployeeBankingHikariPool - configuration:
2026-08-11 16:56:48 DEBUG [main] com.zaxxer.hikari.HikariConfig - allowPoolSuspension.............false
2026-08-11 16:56:48 DEBUG [main] com.zaxxer.hikari.HikariConfig - autoCommit......................true
2026-08-11 16:56:48 DEBUG [main] com.zaxxer.hikari.HikariConfig - catalog.........................none
2026-08-11 16:56:48 DEBUG [main] com.zaxxer.hikari.HikariConfig - connectionInitSql...............none
2026-08-11 16:56:48 DEBUG [main] com.zaxxer.hikari.HikariConfig - connectionTestQuery.............none
2026-08-11 16:56:48 DEBUG [main] com.zaxxer.hikari.HikariConfig - connectionTimeout...............30000
2026-08-11 16:56:48 DEBUG [main] com.zaxxer.hikari.HikariConfig - credentials.....................com.zaxxer.hikari.util.Credentials@582ca1e2
2026-08-11 16:56:48 DEBUG [main] com.zaxxer.hikari.HikariConfig - dataSource......................none
2026-08-11 16:56:48 DEBUG [main] com.zaxxer.hikari.HikariConfig - dataSourceClassName.............none
2026-08-11 16:56:48 DEBUG [main] com.zaxxer.hikari.HikariConfig - dataSourceJNDI..................none
2026-08-11 16:56:48 DEBUG [main] com.zaxxer.hikari.HikariConfig - dataSourceProperties............{password=<masked>}
2026-08-11 16:56:48 DEBUG [main] com.zaxxer.hikari.HikariConfig - driverClassName................."com.microsoft.sqlserver.jdbc.SQLServerDriver"
2026-08-11 16:56:48 DEBUG [main] com.zaxxer.hikari.HikariConfig - exceptionOverride...............none
2026-08-11 16:56:48 DEBUG [main] com.zaxxer.hikari.HikariConfig - exceptionOverrideClassName......none
2026-08-11 16:56:48 DEBUG [main] com.zaxxer.hikari.HikariConfig - healthCheckProperties...........{}
2026-08-11 16:56:48 DEBUG [main] com.zaxxer.hikari.HikariConfig - healthCheckRegistry.............none
2026-08-11 16:56:48 DEBUG [main] com.zaxxer.hikari.HikariConfig - idleTimeout.....................600000
2026-08-11 16:56:48 DEBUG [main] com.zaxxer.hikari.HikariConfig - initializationFailTimeout.......1
2026-08-11 16:56:48 DEBUG [main] com.zaxxer.hikari.HikariConfig - isolateInternalQueries..........false
2026-08-11 16:56:48 DEBUG [main] com.zaxxer.hikari.HikariConfig - jdbcUrl.........................jdbc:sqlserver://TNS-IT-DESKTOP\SQLEXPRESS;databaseName=SpringBootRestApi;integratedSecurity=true;encrypt=true;trustServerCertificate=true
2026-08-11 16:56:48 DEBUG [main] com.zaxxer.hikari.HikariConfig - keepaliveTime...................120000
2026-08-11 16:56:48 DEBUG [main] com.zaxxer.hikari.HikariConfig - leakDetectionThreshold..........2000
2026-08-11 16:56:48 DEBUG [main] com.zaxxer.hikari.HikariConfig - maxLifetime.....................1800000
2026-08-11 16:56:48 DEBUG [main] com.zaxxer.hikari.HikariConfig - maximumPoolSize.................10
2026-08-11 16:56:48 DEBUG [main] com.zaxxer.hikari.HikariConfig - metricRegistry..................none
2026-08-11 16:56:48 DEBUG [main] com.zaxxer.hikari.HikariConfig - metricsTrackerFactory...........none
2026-08-11 16:56:48 DEBUG [main] com.zaxxer.hikari.HikariConfig - minimumIdle.....................5
2026-08-11 16:56:48 DEBUG [main] com.zaxxer.hikari.HikariConfig - password........................<masked>
2026-08-11 16:56:48 DEBUG [main] com.zaxxer.hikari.HikariConfig - poolName........................"EmployeeBankingHikariPool"
2026-08-11 16:56:48 DEBUG [main] com.zaxxer.hikari.HikariConfig - readOnly........................false
2026-08-11 16:56:48 DEBUG [main] com.zaxxer.hikari.HikariConfig - registerMbeans..................false
2026-08-11 16:56:48 DEBUG [main] com.zaxxer.hikari.HikariConfig - scheduledExecutor...............none
2026-08-11 16:56:48 DEBUG [main] com.zaxxer.hikari.HikariConfig - schema..........................none
2026-08-11 16:56:48 DEBUG [main] com.zaxxer.hikari.HikariConfig - threadFactory...................internal
2026-08-11 16:56:48 DEBUG [main] com.zaxxer.hikari.HikariConfig - transactionIsolation............default
2026-08-11 16:56:48 DEBUG [main] com.zaxxer.hikari.HikariConfig - username........................none
2026-08-11 16:56:48 DEBUG [main] com.zaxxer.hikari.HikariConfig - validationTimeout...............5000
2026-08-11 16:56:48 INFO  [main] com.zaxxer.hikari.HikariDataSource - EmployeeBankingHikariPool - Starting...
2026-08-11 16:56:48 DEBUG [main] com.zaxxer.hikari.pool.PoolBase - EmployeeBankingHikariPool - Attempting to create/setup new connection (6e367555-4cef-40e2-9810-4bf1fc3629e1)
2026-08-11 16:56:51 DEBUG [main] com.zaxxer.hikari.pool.PoolBase - EmployeeBankingHikariPool - Established new connection (6e367555-4cef-40e2-9810-4bf1fc3629e1)
2026-08-11 16:56:51 INFO  [main] com.zaxxer.hikari.pool.HikariPool - EmployeeBankingHikariPool - Added connection ConnectionID:1 ClientConnectionId: 5260ddc8-efbb-4a93-8f61-edc6a831f11e
2026-08-11 16:56:51 INFO  [main] com.zaxxer.hikari.HikariDataSource - EmployeeBankingHikariPool - Start completed.
2026-08-11 16:56:51 DEBUG [EmployeeBankingHikariPool:housekeeper] com.zaxxer.hikari.pool.HikariPool - EmployeeBankingHikariPool - Before cleanup stats (total=1/10, idle=0/5, active=1, waiting=0)
2026-08-11 16:56:51 DEBUG [EmployeeBankingHikariPool:housekeeper] com.zaxxer.hikari.pool.HikariPool - EmployeeBankingHikariPool - After  cleanup stats (total=1/10, idle=0/5, active=1, waiting=0)
2026-08-11 16:56:51 DEBUG [EmployeeBankingHikariPool:connection-adder] com.zaxxer.hikari.pool.PoolBase - EmployeeBankingHikariPool - Attempting to create/setup new connection (bcc1cefb-be4c-4553-926a-6043fe1c86cd)
2026-08-11 16:56:51 INFO  [main] o.hibernate.orm.connections.pooling - HHH10001005: Database info:
	Database JDBC URL [Connecting through datasource 'HikariDataSource (EmployeeBankingHikariPool)']
	Database driver: undefined/unknown
	Database version: 15.0
	Autocommit mode: undefined/unknown
	Isolation level: undefined/unknown
	Minimum pool size: undefined/unknown
	Maximum pool size: undefined/unknown
2026-08-11 16:56:51 DEBUG [EmployeeBankingHikariPool:connection-adder] com.zaxxer.hikari.pool.PoolBase - EmployeeBankingHikariPool - Established new connection (bcc1cefb-be4c-4553-926a-6043fe1c86cd)
2026-08-11 16:56:51 DEBUG [EmployeeBankingHikariPool:connection-adder] com.zaxxer.hikari.pool.HikariPool - EmployeeBankingHikariPool - Added connection ConnectionID:2 ClientConnectionId: 3fbe5383-30a3-4ba5-8763-658db3f84104
2026-08-11 16:56:51 DEBUG [EmployeeBankingHikariPool:connection-adder] com.zaxxer.hikari.pool.HikariPool - EmployeeBankingHikariPool - After adding stats (total=2/10, idle=2/5, active=0, waiting=0)
2026-08-11 16:56:51 DEBUG [EmployeeBankingHikariPool:connection-adder] com.zaxxer.hikari.pool.PoolBase - EmployeeBankingHikariPool - Attempting to create/setup new connection (f6d3bc33-aca7-4a59-bea9-6191d7846c3f)
2026-08-11 16:56:52 DEBUG [EmployeeBankingHikariPool:connection-adder] com.zaxxer.hikari.pool.PoolBase - EmployeeBankingHikariPool - Established new connection (f6d3bc33-aca7-4a59-bea9-6191d7846c3f)
2026-08-11 16:56:52 DEBUG [EmployeeBankingHikariPool:connection-adder] com.zaxxer.hikari.pool.HikariPool - EmployeeBankingHikariPool - Added connection ConnectionID:3 ClientConnectionId: eadb4d0e-f794-4eba-b735-bd686a606dd8
2026-08-11 16:56:52 DEBUG [EmployeeBankingHikariPool:connection-adder] com.zaxxer.hikari.pool.HikariPool - EmployeeBankingHikariPool - After adding stats (total=3/10, idle=3/5, active=0, waiting=0)
2026-08-11 16:56:52 DEBUG [EmployeeBankingHikariPool:connection-adder] com.zaxxer.hikari.pool.PoolBase - EmployeeBankingHikariPool - Attempting to create/setup new connection (c487c619-e0b7-4bff-bfb3-62e14df1fb3e)
2026-08-11 16:56:52 DEBUG [EmployeeBankingHikariPool:connection-adder] com.zaxxer.hikari.pool.PoolBase - EmployeeBankingHikariPool - Established new connection (c487c619-e0b7-4bff-bfb3-62e14df1fb3e)
2026-08-11 16:56:52 DEBUG [EmployeeBankingHikariPool:connection-adder] com.zaxxer.hikari.pool.HikariPool - EmployeeBankingHikariPool - Added connection ConnectionID:4 ClientConnectionId: a00c8259-0ef8-4172-9e79-4ce651afb951
2026-08-11 16:56:52 DEBUG [EmployeeBankingHikariPool:connection-adder] com.zaxxer.hikari.pool.HikariPool - EmployeeBankingHikariPool - After adding stats (total=4/10, idle=4/5, active=0, waiting=0)
2026-08-11 16:56:52 DEBUG [EmployeeBankingHikariPool:connection-adder] com.zaxxer.hikari.pool.PoolBase - EmployeeBankingHikariPool - Attempting to create/setup new connection (334e6ba4-6a89-46fa-a5f6-1ebc06655522)
2026-08-11 16:56:52 DEBUG [EmployeeBankingHikariPool:connection-adder] com.zaxxer.hikari.pool.PoolBase - EmployeeBankingHikariPool - Established new connection (334e6ba4-6a89-46fa-a5f6-1ebc06655522)
2026-08-11 16:56:52 DEBUG [EmployeeBankingHikariPool:connection-adder] com.zaxxer.hikari.pool.HikariPool - EmployeeBankingHikariPool - Added connection ConnectionID:5 ClientConnectionId: 98840d9a-af35-45a4-ba4d-f2dc19bafcf2
2026-08-11 16:56:52 DEBUG [EmployeeBankingHikariPool:connection-adder] com.zaxxer.hikari.pool.HikariPool - EmployeeBankingHikariPool - After adding stats (total=5/10, idle=5/5, active=0, waiting=0)
2026-08-11 16:56:52 DEBUG [EmployeeBankingHikariPool:connection-adder] com.zaxxer.hikari.pool.HikariPool - EmployeeBankingHikariPool - Connection not added, stats (total=5/10, idle=5/5, active=0, waiting=0)
2026-08-11 16:56:53 INFO  [main] o.h.e.t.j.p.i.JtaPlatformInitiator - HHH000489: No JTA platform available (set 'hibernate.transaction.jta.platform' to enable JTA platform integration)
2026-08-11 16:56:54 INFO  [main] o.s.o.j.LocalContainerEntityManagerFactoryBean - Initialized JPA EntityManagerFactory for persistence unit 'default'
2026-08-11 16:56:59 INFO  [main] o.s.b.a.e.web.EndpointLinksResolver - Exposing 5 endpoints beneath base path '/actuator'
2026-08-11 16:56:59 INFO  [main] o.a.coyote.http11.Http11NioProtocol - Starting ProtocolHandler ["http-nio-8091"]
2026-08-11 16:56:59 INFO  [main] o.s.b.w.e.tomcat.TomcatWebServer - Tomcat started on port 8091 (http) with context path '/'
2026-08-11 16:56:59 INFO  [main] c.t.e.EmployeeApiApplication - Started EmployeeApiApplication in 22.481 seconds (process running for 23.695)
2026-08-11 16:57:20 INFO  [http-nio-8091-exec-2] o.a.c.c.C.[Tomcat].[localhost].[/] - Initializing Spring DispatcherServlet 'dispatcherServlet'
2026-08-11 16:57:20 INFO  [http-nio-8091-exec-2] o.s.web.servlet.DispatcherServlet - Initializing Servlet 'dispatcherServlet'
2026-08-11 16:57:20 INFO  [http-nio-8091-exec-2] o.s.web.servlet.DispatcherServlet - Completed initialization in 2 ms
2026-08-11 16:57:21 INFO  [http-nio-8091-exec-2] c.t.e.controller.AccountController - Received balance request for account id: 1
2026-08-11 16:57:21 DEBUG [EmployeeBankingHikariPool:housekeeper] com.zaxxer.hikari.pool.HikariPool - EmployeeBankingHikariPool - Before cleanup stats (total=5/10, idle=5/5, active=0, waiting=0)
2026-08-11 16:57:21 DEBUG [EmployeeBankingHikariPool:housekeeper] com.zaxxer.hikari.pool.HikariPool - EmployeeBankingHikariPool - After  cleanup stats (total=5/10, idle=5/5, active=0, waiting=0)
2026-08-11 16:57:21 DEBUG [EmployeeBankingHikariPool:housekeeper] com.zaxxer.hikari.pool.HikariPool - EmployeeBankingHikariPool - Fill pool skipped, pool has sufficient level or currently being filled.
2026-08-11 16:57:22 INFO  [http-nio-8091-exec-2] c.t.e.service.AccountService - Fetching account balance for id: 1 from Database
2026-08-11 16:57:22 DEBUG [http-nio-8091-exec-2] org.hibernate.SQL - 
    select
        a1_0.id,
        a1_0.account_holder_name,
        a1_0.account_number,
        a1_0.balance 
    from
        account_details5 a1_0 
    where
        a1_0.id=?
2026-08-11 16:57:22 TRACE [http-nio-8091-exec-2] org.hibernate.orm.jdbc.bind - binding parameter (1:INTEGER) <- [1]
2026-08-11 16:57:28 INFO  [http-nio-8091-exec-3] c.t.e.controller.AccountController - Received balance request for account id: 1
2026-08-11 16:57:31 INFO  [http-nio-8091-exec-4] c.t.e.controller.AccountController - Received balance request for account id: 1
2026-08-11 16:57:33 INFO  [http-nio-8091-exec-5] c.t.e.controller.AccountController - Received balance request for account id: 1
2026-08-11 16:57:51 DEBUG [EmployeeBankingHikariPool:housekeeper] com.zaxxer.hikari.pool.HikariPool - EmployeeBankingHikariPool - Before cleanup stats (total=5/10, idle=5/5, active=0, waiting=0)
2026-08-11 16:57:51 DEBUG [EmployeeBankingHikariPool:housekeeper] com.zaxxer.hikari.pool.HikariPool - EmployeeBankingHikariPool - After  cleanup stats (total=5/10, idle=5/5, active=0, waiting=0)
2026-08-11 16:57:51 DEBUG [EmployeeBankingHikariPool:housekeeper] com.zaxxer.hikari.pool.HikariPool - EmployeeBankingHikariPool - Fill pool skipped, pool has sufficient level or currently being filled.
2026-08-11 16:58:21 DEBUG [EmployeeBankingHikariPool:housekeeper] com.zaxxer.hikari.pool.HikariPool - EmployeeBankingHikariPool - Before cleanup stats (total=5/10, idle=5/5, active=0, waiting=0)
2026-08-11 16:58:21 DEBUG [EmployeeBankingHikariPool:housekeeper] com.zaxxer.hikari.pool.HikariPool - EmployeeBankingHikariPool - After  cleanup stats (total=5/10, idle=5/5, active=0, waiting=0)
2026-08-11 16:58:21 DEBUG [EmployeeBankingHikariPool:housekeeper] com.zaxxer.hikari.pool.HikariPool - EmployeeBankingHikariPool - Fill pool skipped, pool has sufficient level or currently being filled.
2026-08-11 16:58:29 DEBUG [EmployeeBankingHikariPool:housekeeper] com.zaxxer.hikari.pool.HikariPool - EmployeeBankingHikariPool - keepalive: connection ConnectionID:5 ClientConnectionId: 98840d9a-af35-45a4-ba4d-f2dc19bafcf2 is alive
2026-08-11 16:58:38 DEBUG [EmployeeBankingHikariPool:housekeeper] com.zaxxer.hikari.pool.HikariPool - EmployeeBankingHikariPool - keepalive: connection ConnectionID:1 ClientConnectionId: 5260ddc8-efbb-4a93-8f61-edc6a831f11e is alive
2026-08-11 16:58:43 DEBUG [EmployeeBankingHikariPool:housekeeper] com.zaxxer.hikari.pool.HikariPool - EmployeeBankingHikariPool - keepalive: connection ConnectionID:4 ClientConnectionId: a00c8259-0ef8-4172-9e79-4ce651afb951 is alive
2026-08-11 16:58:44 DEBUG [EmployeeBankingHikariPool:housekeeper] com.zaxxer.hikari.pool.HikariPool - EmployeeBankingHikariPool - keepalive: connection ConnectionID:3 ClientConnectionId: eadb4d0e-f794-4eba-b735-bd686a606dd8 is alive
2026-08-11 16:58:50 DEBUG [EmployeeBankingHikariPool:housekeeper] com.zaxxer.hikari.pool.HikariPool - EmployeeBankingHikariPool - keepalive: connection ConnectionID:2 ClientConnectionId: 3fbe5383-30a3-4ba5-8763-658db3f84104 is alive
2026-08-11 16:58:51 DEBUG [EmployeeBankingHikariPool:housekeeper] com.zaxxer.hikari.pool.HikariPool - EmployeeBankingHikariPool - Before cleanup stats (total=5/10, idle=5/5, active=0, waiting=0)
2026-08-11 16:58:51 DEBUG [EmployeeBankingHikariPool:housekeeper] com.zaxxer.hikari.pool.HikariPool - EmployeeBankingHikariPool - After  cleanup stats (total=5/10, idle=5/5, active=0, waiting=0)
2026-08-11 16:58:51 DEBUG [EmployeeBankingHikariPool:housekeeper] com.zaxxer.hikari.pool.HikariPool - EmployeeBankingHikariPool - Fill pool skipped, pool has sufficient level or currently being filled.
2026-08-11 16:59:21 DEBUG [EmployeeBankingHikariPool:housekeeper] com.zaxxer.hikari.pool.HikariPool - EmployeeBankingHikariPool - Before cleanup stats (total=5/10, idle=5/5, active=0, waiting=0)
2026-08-11 16:59:21 DEBUG [EmployeeBankingHikariPool:housekeeper] com.zaxxer.hikari.pool.HikariPool - EmployeeBankingHikariPool - After  cleanup stats (total=5/10, idle=5/5, active=0, waiting=0)
2026-08-11 16:59:21 DEBUG [EmployeeBankingHikariPool:housekeeper] com.zaxxer.hikari.pool.HikariPool - EmployeeBankingHikariPool - Fill pool skipped, pool has sufficient level or currently being filled.
2026-08-11 16:59:51 DEBUG [EmployeeBankingHikariPool:housekeeper] com.zaxxer.hikari.pool.HikariPool - EmployeeBankingHikariPool - Before cleanup stats (total=5/10, idle=5/5, active=0, waiting=0)
2026-08-11 16:59:51 DEBUG [EmployeeBankingHikariPool:housekeeper] com.zaxxer.hikari.pool.HikariPool - EmployeeBankingHikariPool - After  cleanup stats (total=5/10, idle=5/5, active=0, waiting=0)
2026-08-11 16:59:51 DEBUG [EmployeeBankingHikariPool:housekeeper] com.zaxxer.hikari.pool.HikariPool - EmployeeBankingHikariPool - Fill pool skipped, pool has sufficient level or currently being filled.
2026-08-11 17:00:06 DEBUG [EmployeeBankingHikariPool:housekeeper] com.zaxxer.hikari.pool.HikariPool - EmployeeBankingHikariPool - keepalive: connection ConnectionID:5 ClientConnectionId: 98840d9a-af35-45a4-ba4d-f2dc19bafcf2 is alive
2026-08-11 17:00:10 INFO  [http-nio-8091-exec-8] c.t.e.controller.AccountController - Received balance request for account id: 1
2026-08-11 17:00:16 INFO  [http-nio-8091-exec-9] c.t.e.controller.AccountController - Received deposit request for account id: 1
2026-08-11 17:00:16 INFO  [http-nio-8091-exec-9] c.t.e.service.AccountService - Depositing 500.0 into account id: 1
2026-08-11 17:00:16 DEBUG [http-nio-8091-exec-9] org.hibernate.SQL - 
    select
        a1_0.id,
        a1_0.account_holder_name,
        a1_0.account_number,
        a1_0.balance 
    from
        account_details5 a1_0 
    where
        a1_0.id=?
2026-08-11 17:00:16 TRACE [http-nio-8091-exec-9] org.hibernate.orm.jdbc.bind - binding parameter (1:INTEGER) <- [1]
2026-08-11 17:00:16 DEBUG [http-nio-8091-exec-9] org.hibernate.SQL - 
    update
        account_details5 
    set
        account_holder_name=?,
        account_number=?,
        balance=? 
    where
        id=?
2026-08-11 17:00:16 TRACE [http-nio-8091-exec-9] org.hibernate.orm.jdbc.bind - binding parameter (1:VARCHAR) <- [Satya Prakash]
2026-08-11 17:00:16 TRACE [http-nio-8091-exec-9] org.hibernate.orm.jdbc.bind - binding parameter (2:VARCHAR) <- [ACC123456]
2026-08-11 17:00:16 TRACE [http-nio-8091-exec-9] org.hibernate.orm.jdbc.bind - binding parameter (3:DOUBLE) <- [21000.0]
2026-08-11 17:00:16 TRACE [http-nio-8091-exec-9] org.hibernate.orm.jdbc.bind - binding parameter (4:INTEGER) <- [1]
2026-08-11 17:00:21 DEBUG [EmployeeBankingHikariPool:housekeeper] com.zaxxer.hikari.pool.HikariPool - EmployeeBankingHikariPool - Before cleanup stats (total=5/10, idle=5/5, active=0, waiting=0)
2026-08-11 17:00:21 DEBUG [EmployeeBankingHikariPool:housekeeper] com.zaxxer.hikari.pool.HikariPool - EmployeeBankingHikariPool - After  cleanup stats (total=5/10, idle=5/5, active=0, waiting=0)
2026-08-11 17:00:21 DEBUG [EmployeeBankingHikariPool:housekeeper] com.zaxxer.hikari.pool.HikariPool - EmployeeBankingHikariPool - Fill pool skipped, pool has sufficient level or currently being filled.
2026-08-11 17:00:22 INFO  [http-nio-8091-exec-10] c.t.e.controller.AccountController - Received balance request for account id: 1
2026-08-11 17:00:22 INFO  [http-nio-8091-exec-10] c.t.e.service.AccountService - Fetching account balance for id: 1 from Database
2026-08-11 17:00:22 DEBUG [http-nio-8091-exec-10] org.hibernate.SQL - 
    select
        a1_0.id,
        a1_0.account_holder_name,
        a1_0.account_number,
        a1_0.balance 
    from
        account_details5 a1_0 
    where
        a1_0.id=?
2026-08-11 17:00:22 TRACE [http-nio-8091-exec-10] org.hibernate.orm.jdbc.bind - binding parameter (1:INTEGER) <- [1]
2026-08-11 17:00:25 DEBUG [EmployeeBankingHikariPool:housekeeper] com.zaxxer.hikari.pool.HikariPool - EmployeeBankingHikariPool - keepalive: connection ConnectionID:1 ClientConnectionId: 5260ddc8-efbb-4a93-8f61-edc6a831f11e is alive
2026-08-11 17:00:30 INFO  [http-nio-8091-exec-1] c.t.e.controller.AccountController - Received withdraw request for account id: 1
2026-08-11 17:00:30 INFO  [http-nio-8091-exec-1] c.t.e.service.AccountService - Withdrawing 1000.0 from account id: 1
2026-08-11 17:00:30 DEBUG [http-nio-8091-exec-1] org.hibernate.SQL - 
    select
        a1_0.id,
        a1_0.account_holder_name,
        a1_0.account_number,
        a1_0.balance 
    from
        account_details5 a1_0 
    where
        a1_0.id=?
2026-08-11 17:00:30 TRACE [http-nio-8091-exec-1] org.hibernate.orm.jdbc.bind - binding parameter (1:INTEGER) <- [1]
2026-08-11 17:00:30 DEBUG [http-nio-8091-exec-1] org.hibernate.SQL - 
    update
        account_details5 
    set
        account_holder_name=?,
        account_number=?,
        balance=? 
    where
        id=?
2026-08-11 17:00:30 TRACE [http-nio-8091-exec-1] org.hibernate.orm.jdbc.bind - binding parameter (1:VARCHAR) <- [Satya Prakash]
2026-08-11 17:00:30 TRACE [http-nio-8091-exec-1] org.hibernate.orm.jdbc.bind - binding parameter (2:VARCHAR) <- [ACC123456]
2026-08-11 17:00:30 TRACE [http-nio-8091-exec-1] org.hibernate.orm.jdbc.bind - binding parameter (3:DOUBLE) <- [20000.0]
2026-08-11 17:00:30 TRACE [http-nio-8091-exec-1] org.hibernate.orm.jdbc.bind - binding parameter (4:INTEGER) <- [1]
2026-08-11 17:00:34 DEBUG [EmployeeBankingHikariPool:housekeeper] com.zaxxer.hikari.pool.HikariPool - EmployeeBankingHikariPool - keepalive: connection ConnectionID:4 ClientConnectionId: a00c8259-0ef8-4172-9e79-4ce651afb951 is alive
2026-08-11 17:00:35 INFO  [http-nio-8091-exec-2] c.t.e.controller.AccountController - Received balance request for account id: 1
2026-08-11 17:00:35 INFO  [http-nio-8091-exec-2] c.t.e.service.AccountService - Fetching account balance for id: 1 from Database
2026-08-11 17:00:35 DEBUG [http-nio-8091-exec-2] org.hibernate.SQL - 
    select
        a1_0.id,
        a1_0.account_holder_name,
        a1_0.account_number,
        a1_0.balance 
    from
        account_details5 a1_0 
    where
        a1_0.id=?
2026-08-11 17:00:35 TRACE [http-nio-8091-exec-2] org.hibernate.orm.jdbc.bind - binding parameter (1:INTEGER) <- [1]
2026-08-11 17:00:37 DEBUG [EmployeeBankingHikariPool:housekeeper] com.zaxxer.hikari.pool.HikariPool - EmployeeBankingHikariPool - keepalive: connection ConnectionID:3 ClientConnectionId: eadb4d0e-f794-4eba-b735-bd686a606dd8 is alive
2026-08-11 17:00:41 INFO  [http-nio-8091-exec-3] c.t.e.controller.AccountController - Received deposit request for account id: 1
2026-08-11 17:00:41 INFO  [http-nio-8091-exec-3] c.t.e.service.AccountService - Depositing 500.0 into account id: 1
2026-08-11 17:00:41 DEBUG [http-nio-8091-exec-3] org.hibernate.SQL - 
    select
        a1_0.id,
        a1_0.account_holder_name,
        a1_0.account_number,
        a1_0.balance 
    from
        account_details5 a1_0 
    where
        a1_0.id=?
2026-08-11 17:00:41 TRACE [http-nio-8091-exec-3] org.hibernate.orm.jdbc.bind - binding parameter (1:INTEGER) <- [1]
2026-08-11 17:00:41 DEBUG [http-nio-8091-exec-3] org.hibernate.SQL - 
    update
        account_details5 
    set
        account_holder_name=?,
        account_number=?,
        balance=? 
    where
        id=?
2026-08-11 17:00:41 TRACE [http-nio-8091-exec-3] org.hibernate.orm.jdbc.bind - binding parameter (1:VARCHAR) <- [Satya Prakash]
2026-08-11 17:00:41 TRACE [http-nio-8091-exec-3] org.hibernate.orm.jdbc.bind - binding parameter (2:VARCHAR) <- [ACC123456]
2026-08-11 17:00:41 TRACE [http-nio-8091-exec-3] org.hibernate.orm.jdbc.bind - binding parameter (3:DOUBLE) <- [20500.0]
2026-08-11 17:00:41 TRACE [http-nio-8091-exec-3] org.hibernate.orm.jdbc.bind - binding parameter (4:INTEGER) <- [1]
2026-08-11 17:00:44 INFO  [http-nio-8091-exec-4] c.t.e.controller.AccountController - Received deposit request for account id: 1
2026-08-11 17:00:44 INFO  [http-nio-8091-exec-4] c.t.e.service.AccountService - Depositing 500.0 into account id: 1
2026-08-11 17:00:44 DEBUG [http-nio-8091-exec-4] org.hibernate.SQL - 
    select
        a1_0.id,
        a1_0.account_holder_name,
        a1_0.account_number,
        a1_0.balance 
    from
        account_details5 a1_0 
    where
        a1_0.id=?
2026-08-11 17:00:44 TRACE [http-nio-8091-exec-4] org.hibernate.orm.jdbc.bind - binding parameter (1:INTEGER) <- [1]
2026-08-11 17:00:45 DEBUG [http-nio-8091-exec-4] org.hibernate.SQL - 
    update
        account_details5 
    set
        account_holder_name=?,
        account_number=?,
        balance=? 
    where
        id=?
2026-08-11 17:00:45 TRACE [http-nio-8091-exec-4] org.hibernate.orm.jdbc.bind - binding parameter (1:VARCHAR) <- [Satya Prakash]
2026-08-11 17:00:45 TRACE [http-nio-8091-exec-4] org.hibernate.orm.jdbc.bind - binding parameter (2:VARCHAR) <- [ACC123456]
2026-08-11 17:00:45 TRACE [http-nio-8091-exec-4] org.hibernate.orm.jdbc.bind - binding parameter (3:DOUBLE) <- [21000.0]
2026-08-11 17:00:45 TRACE [http-nio-8091-exec-4] org.hibernate.orm.jdbc.bind - binding parameter (4:INTEGER) <- [1]
2026-08-11 17:00:49 INFO  [http-nio-8091-exec-5] c.t.e.controller.AccountController - Received balance request for account id: 1
2026-08-11 17:00:49 INFO  [http-nio-8091-exec-5] c.t.e.service.AccountService - Fetching account balance for id: 1 from Database
2026-08-11 17:00:49 DEBUG [http-nio-8091-exec-5] org.hibernate.SQL - 
    select
        a1_0.id,
        a1_0.account_holder_name,
        a1_0.account_number,
        a1_0.balance 
    from
        account_details5 a1_0 
    where
        a1_0.id=?
2026-08-11 17:00:49 TRACE [http-nio-8091-exec-5] org.hibernate.orm.jdbc.bind - binding parameter (1:INTEGER) <- [1]
2026-08-11 17:00:50 DEBUG [EmployeeBankingHikariPool:housekeeper] com.zaxxer.hikari.pool.HikariPool - EmployeeBankingHikariPool - keepalive: connection ConnectionID:2 ClientConnectionId: 3fbe5383-30a3-4ba5-8763-658db3f84104 is alive
2026-08-11 17:00:51 DEBUG [EmployeeBankingHikariPool:housekeeper] com.zaxxer.hikari.pool.HikariPool - EmployeeBankingHikariPool - Before cleanup stats (total=5/10, idle=5/5, active=0, waiting=0)
2026-08-11 17:00:51 DEBUG [EmployeeBankingHikariPool:housekeeper] com.zaxxer.hikari.pool.HikariPool - EmployeeBankingHikariPool - After  cleanup stats (total=5/10, idle=5/5, active=0, waiting=0)
2026-08-11 17:00:51 DEBUG [EmployeeBankingHikariPool:housekeeper] com.zaxxer.hikari.pool.HikariPool - EmployeeBankingHikariPool - Fill pool skipped, pool has sufficient level or currently being filled.
2026-08-11 17:00:54 INFO  [http-nio-8091-exec-6] c.t.e.controller.AccountController - Received withdraw request for account id: 1
2026-08-11 17:00:54 INFO  [http-nio-8091-exec-6] c.t.e.service.AccountService - Withdrawing 1000.0 from account id: 1
2026-08-11 17:00:54 DEBUG [http-nio-8091-exec-6] org.hibernate.SQL - 
    select
        a1_0.id,
        a1_0.account_holder_name,
        a1_0.account_number,
        a1_0.balance 
    from
        account_details5 a1_0 
    where
        a1_0.id=?
2026-08-11 17:00:54 TRACE [http-nio-8091-exec-6] org.hibernate.orm.jdbc.bind - binding parameter (1:INTEGER) <- [1]
2026-08-11 17:00:54 DEBUG [http-nio-8091-exec-6] org.hibernate.SQL - 
    update
        account_details5 
    set
        account_holder_name=?,
        account_number=?,
        balance=? 
    where
        id=?
2026-08-11 17:00:54 TRACE [http-nio-8091-exec-6] org.hibernate.orm.jdbc.bind - binding parameter (1:VARCHAR) <- [Satya Prakash]
2026-08-11 17:00:54 TRACE [http-nio-8091-exec-6] org.hibernate.orm.jdbc.bind - binding parameter (2:VARCHAR) <- [ACC123456]
2026-08-11 17:00:54 TRACE [http-nio-8091-exec-6] org.hibernate.orm.jdbc.bind - binding parameter (3:DOUBLE) <- [20000.0]
2026-08-11 17:00:54 TRACE [http-nio-8091-exec-6] org.hibernate.orm.jdbc.bind - binding parameter (4:INTEGER) <- [1]
2026-08-11 17:00:59 INFO  [http-nio-8091-exec-7] c.t.e.controller.AccountController - Received balance request for account id: 1
2026-08-11 17:00:59 INFO  [http-nio-8091-exec-7] c.t.e.service.AccountService - Fetching account balance for id: 1 from Database
2026-08-11 17:00:59 DEBUG [http-nio-8091-exec-7] org.hibernate.SQL - 
    select
        a1_0.id,
        a1_0.account_holder_name,
        a1_0.account_number,
        a1_0.balance 
    from
        account_details5 a1_0 
    where
        a1_0.id=?
2026-08-11 17:00:59 TRACE [http-nio-8091-exec-7] org.hibernate.orm.jdbc.bind - binding parameter (1:INTEGER) <- [1]
2026-08-11 17:01:21 DEBUG [EmployeeBankingHikariPool:housekeeper] com.zaxxer.hikari.pool.HikariPool - EmployeeBankingHikariPool - Before cleanup stats (total=5/10, idle=5/5, active=0, waiting=0)
2026-08-11 17:01:21 DEBUG [EmployeeBankingHikariPool:housekeeper] com.zaxxer.hikari.pool.HikariPool - EmployeeBankingHikariPool - After  cleanup stats (total=5/10, idle=5/5, active=0, waiting=0)
2026-08-11 17:01:21 DEBUG [EmployeeBankingHikariPool:housekeeper] com.zaxxer.hikari.pool.HikariPool - EmployeeBankingHikariPool - Fill pool skipped, pool has sufficient level or currently being filled.
2026-08-11 17:01:42 DEBUG [EmployeeBankingHikariPool:housekeeper] com.zaxxer.hikari.pool.HikariPool - EmployeeBankingHikariPool - keepalive: connection ConnectionID:5 ClientConnectionId: 98840d9a-af35-45a4-ba4d-f2dc19bafcf2 is alive
2026-08-11 17:01:51 DEBUG [EmployeeBankingHikariPool:housekeeper] com.zaxxer.hikari.pool.HikariPool - EmployeeBankingHikariPool - Before cleanup stats (total=5/10, idle=5/5, active=0, waiting=0)
2026-08-11 17:01:51 DEBUG [EmployeeBankingHikariPool:housekeeper] com.zaxxer.hikari.pool.HikariPool - EmployeeBankingHikariPool - After  cleanup stats (total=5/10, idle=5/5, active=0, waiting=0)
2026-08-11 17:01:51 DEBUG [EmployeeBankingHikariPool:housekeeper] com.zaxxer.hikari.pool.HikariPool - EmployeeBankingHikariPool - Fill pool skipped, pool has sufficient level or currently being filled.
2026-08-11 17:02:12 DEBUG [EmployeeBankingHikariPool:housekeeper] com.zaxxer.hikari.pool.HikariPool - EmployeeBankingHikariPool - keepalive: connection ConnectionID:1 ClientConnectionId: 5260ddc8-efbb-4a93-8f61-edc6a831f11e is alive
2026-08-11 17:02:21 DEBUG [EmployeeBankingHikariPool:housekeeper] com.zaxxer.hikari.pool.HikariPool - EmployeeBankingHikariPool - Before cleanup stats (total=5/10, idle=5/5, active=0, waiting=0)
2026-08-11 17:02:21 DEBUG [EmployeeBankingHikariPool:housekeeper] com.zaxxer.hikari.pool.HikariPool - EmployeeBankingHikariPool - After  cleanup stats (total=5/10, idle=5/5, active=0, waiting=0)
2026-08-11 17:02:21 DEBUG [EmployeeBankingHikariPool:housekeeper] com.zaxxer.hikari.pool.HikariPool - EmployeeBankingHikariPool - Fill pool skipped, pool has sufficient level or currently being filled.
2026-08-11 17:02:24 DEBUG [EmployeeBankingHikariPool:housekeeper] com.zaxxer.hikari.pool.HikariPool - EmployeeBankingHikariPool - keepalive: connection ConnectionID:4 ClientConnectionId: a00c8259-0ef8-4172-9e79-4ce651afb951 is alive
2026-08-11 17:02:30 DEBUG [EmployeeBankingHikariPool:housekeeper] com.zaxxer.hikari.pool.HikariPool - EmployeeBankingHikariPool - keepalive: connection ConnectionID:3 ClientConnectionId: eadb4d0e-f794-4eba-b735-bd686a606dd8 is alive
2026-08-11 17:02:49 DEBUG [EmployeeBankingHikariPool:housekeeper] com.zaxxer.hikari.pool.HikariPool - EmployeeBankingHikariPool - keepalive: connection ConnectionID:2 ClientConnectionId: 3fbe5383-30a3-4ba5-8763-658db3f84104 is alive
2026-08-11 17:02:51 DEBUG [EmployeeBankingHikariPool:housekeeper] com.zaxxer.hikari.pool.HikariPool - EmployeeBankingHikariPool - Before cleanup stats (total=5/10, idle=5/5, active=0, waiting=0)
2026-08-11 17:02:51 DEBUG [EmployeeBankingHikariPool:housekeeper] com.zaxxer.hikari.pool.HikariPool - EmployeeBankingHikariPool - After  cleanup stats (total=5/10, idle=5/5, active=0, waiting=0)
2026-08-11 17:02:51 DEBUG [EmployeeBankingHikariPool:housekeeper] com.zaxxer.hikari.pool.HikariPool - EmployeeBankingHikariPool - Fill pool skipped, pool has sufficient level or currently being filled.
2026-08-11 17:03:19 DEBUG [EmployeeBankingHikariPool:housekeeper] com.zaxxer.hikari.pool.HikariPool - EmployeeBankingHikariPool - keepalive: connection ConnectionID:5 ClientConnectionId: 98840d9a-af35-45a4-ba4d-f2dc19bafcf2 is alive
2026-08-11 17:03:21 DEBUG [EmployeeBankingHikariPool:housekeeper] com.zaxxer.hikari.pool.HikariPool - EmployeeBankingHikariPool - Before cleanup stats (total=5/10, idle=5/5, active=0, waiting=0)
2026-08-11 17:03:21 DEBUG [EmployeeBankingHikariPool:housekeeper] com.zaxxer.hikari.pool.HikariPool - EmployeeBankingHikariPool - After  cleanup stats (total=5/10, idle=5/5, active=0, waiting=0)
2026-08-11 17:03:21 DEBUG [EmployeeBankingHikariPool:housekeeper] com.zaxxer.hikari.pool.HikariPool - EmployeeBankingHikariPool - Fill pool skipped, pool has sufficient level or currently being filled.
2026-08-11 17:03:51 DEBUG [EmployeeBankingHikariPool:housekeeper] com.zaxxer.hikari.pool.HikariPool - EmployeeBankingHikariPool - Before cleanup stats (total=5/10, idle=5/5, active=0, waiting=0)
2026-08-11 17:03:51 DEBUG [EmployeeBankingHikariPool:housekeeper] com.zaxxer.hikari.pool.HikariPool - EmployeeBankingHikariPool - After  cleanup stats (total=5/10, idle=5/5, active=0, waiting=0)
2026-08-11 17:03:51 DEBUG [EmployeeBankingHikariPool:housekeeper] com.zaxxer.hikari.pool.HikariPool - EmployeeBankingHikariPool - Fill pool skipped, pool has sufficient level or currently being filled.
2026-08-11 17:04:00 DEBUG [EmployeeBankingHikariPool:housekeeper] com.zaxxer.hikari.pool.HikariPool - EmployeeBankingHikariPool - keepalive: connection ConnectionID:1 ClientConnectionId: 5260ddc8-efbb-4a93-8f61-edc6a831f11e is alive
2026-08-11 17:04:15 DEBUG [EmployeeBankingHikariPool:housekeeper] com.zaxxer.hikari.pool.HikariPool - EmployeeBankingHikariPool - keepalive: connection ConnectionID:4 ClientConnectionId: a00c8259-0ef8-4172-9e79-4ce651afb951 is alive
2026-08-11 17:04:21 DEBUG [EmployeeBankingHikariPool:housekeeper] com.zaxxer.hikari.pool.HikariPool - EmployeeBankingHikariPool - Before cleanup stats (total=5/10, idle=5/5, active=0, waiting=0)
2026-08-11 17:04:21 DEBUG [EmployeeBankingHikariPool:housekeeper] com.zaxxer.hikari.pool.HikariPool - EmployeeBankingHikariPool - After  cleanup stats (total=5/10, idle=5/5, active=0, waiting=0)
2026-08-11 17:04:21 DEBUG [EmployeeBankingHikariPool:housekeeper] com.zaxxer.hikari.pool.HikariPool - EmployeeBankingHikariPool - Fill pool skipped, pool has sufficient level or currently being filled.
2026-08-11 17:04:22 DEBUG [EmployeeBankingHikariPool:housekeeper] com.zaxxer.hikari.pool.HikariPool - EmployeeBankingHikariPool - keepalive: connection ConnectionID:3 ClientConnectionId: eadb4d0e-f794-4eba-b735-bd686a606dd8 is alive
2026-08-11 17:04:48 DEBUG [EmployeeBankingHikariPool:housekeeper] com.zaxxer.hikari.pool.HikariPool - EmployeeBankingHikariPool - keepalive: connection ConnectionID:2 ClientConnectionId: 3fbe5383-30a3-4ba5-8763-658db3f84104 is alive
2026-08-11 17:04:51 DEBUG [EmployeeBankingHikariPool:housekeeper] com.zaxxer.hikari.pool.HikariPool - EmployeeBankingHikariPool - Before cleanup stats (total=5/10, idle=5/5, active=0, waiting=0)
2026-08-11 17:04:51 DEBUG [EmployeeBankingHikariPool:housekeeper] com.zaxxer.hikari.pool.HikariPool - EmployeeBankingHikariPool - After  cleanup stats (total=5/10, idle=5/5, active=0, waiting=0)
2026-08-11 17:04:51 DEBUG [EmployeeBankingHikariPool:housekeeper] com.zaxxer.hikari.pool.HikariPool - EmployeeBankingHikariPool - Fill pool skipped, pool has sufficient level or currently being filled.
2026-08-11 17:04:55 DEBUG [EmployeeBankingHikariPool:housekeeper] com.zaxxer.hikari.pool.HikariPool - EmployeeBankingHikariPool - keepalive: connection ConnectionID:5 ClientConnectionId: 98840d9a-af35-45a4-ba4d-f2dc19bafcf2 is alive
2026-08-11 17:05:21 DEBUG [EmployeeBankingHikariPool:housekeeper] com.zaxxer.hikari.pool.HikariPool - EmployeeBankingHikariPool - Before cleanup stats (total=5/10, idle=5/5, active=0, waiting=0)
2026-08-11 17:05:21 DEBUG [EmployeeBankingHikariPool:housekeeper] com.zaxxer.hikari.pool.HikariPool - EmployeeBankingHikariPool - After  cleanup stats (total=5/10, idle=5/5, active=0, waiting=0)
2026-08-11 17:05:21 DEBUG [EmployeeBankingHikariPool:housekeeper] com.zaxxer.hikari.pool.HikariPool - EmployeeBankingHikariPool - Fill pool skipped, pool has sufficient level or currently being filled.
2026-08-11 17:05:47 DEBUG [EmployeeBankingHikariPool:housekeeper] com.zaxxer.hikari.pool.HikariPool - EmployeeBankingHikariPool - keepalive: connection ConnectionID:1 ClientConnectionId: 5260ddc8-efbb-4a93-8f61-edc6a831f11e is alive
2026-08-11 17:05:51 DEBUG [EmployeeBankingHikariPool:housekeeper] com.zaxxer.hikari.pool.HikariPool - EmployeeBankingHikariPool - Before cleanup stats (total=5/10, idle=5/5, active=0, waiting=0)
2026-08-11 17:05:51 DEBUG [EmployeeBankingHikariPool:housekeeper] com.zaxxer.hikari.pool.HikariPool - EmployeeBankingHikariPool - After  cleanup stats (total=5/10, idle=5/5, active=0, waiting=0)
2026-08-11 17:05:51 DEBUG [EmployeeBankingHikariPool:housekeeper] com.zaxxer.hikari.pool.HikariPool - EmployeeBankingHikariPool - Fill pool skipped, pool has sufficient level or currently being filled.
2026-08-11 17:06:06 DEBUG [EmployeeBankingHikariPool:housekeeper] com.zaxxer.hikari.pool.HikariPool - EmployeeBankingHikariPool - keepalive: connection ConnectionID:4 ClientConnectionId: a00c8259-0ef8-4172-9e79-4ce651afb951 is alive
2026-08-11 17:06:15 DEBUG [EmployeeBankingHikariPool:housekeeper] com.zaxxer.hikari.pool.HikariPool - EmployeeBankingHikariPool - keepalive: connection ConnectionID:3 ClientConnectionId: eadb4d0e-f794-4eba-b735-bd686a606dd8 is alive
2026-08-11 17:06:21 DEBUG [EmployeeBankingHikariPool:housekeeper] com.zaxxer.hikari.pool.HikariPool - EmployeeBankingHikariPool - Before cleanup stats (total=5/10, idle=5/5, active=0, waiting=0)
2026-08-11 17:06:21 DEBUG [EmployeeBankingHikariPool:housekeeper] com.zaxxer.hikari.pool.HikariPool - EmployeeBankingHikariPool - After  cleanup stats (total=5/10, idle=5/5, active=0, waiting=0)
2026-08-11 17:06:21 DEBUG [EmployeeBankingHikariPool:housekeeper] com.zaxxer.hikari.pool.HikariPool - EmployeeBankingHikariPool - Fill pool skipped, pool has sufficient level or currently being filled.
2026-08-11 17:06:32 DEBUG [EmployeeBankingHikariPool:housekeeper] com.zaxxer.hikari.pool.HikariPool - EmployeeBankingHikariPool - keepalive: connection ConnectionID:5 ClientConnectionId: 98840d9a-af35-45a4-ba4d-f2dc19bafcf2 is alive
2026-08-11 17:06:48 DEBUG [EmployeeBankingHikariPool:housekeeper] com.zaxxer.hikari.pool.HikariPool - EmployeeBankingHikariPool - keepalive: connection ConnectionID:2 ClientConnectionId: 3fbe5383-30a3-4ba5-8763-658db3f84104 is alive
2026-08-11 17:06:51 DEBUG [EmployeeBankingHikariPool:housekeeper] com.zaxxer.hikari.pool.HikariPool - EmployeeBankingHikariPool - Before cleanup stats (total=5/10, idle=5/5, active=0, waiting=0)
2026-08-11 17:06:51 DEBUG [EmployeeBankingHikariPool:housekeeper] com.zaxxer.hikari.pool.HikariPool - EmployeeBankingHikariPool - After  cleanup stats (total=5/10, idle=5/5, active=0, waiting=0)
2026-08-11 17:06:51 DEBUG [EmployeeBankingHikariPool:housekeeper] com.zaxxer.hikari.pool.HikariPool - EmployeeBankingHikariPool - Fill pool skipped, pool has sufficient level or currently being filled.
2026-08-11 17:07:21 DEBUG [EmployeeBankingHikariPool:housekeeper] com.zaxxer.hikari.pool.HikariPool - EmployeeBankingHikariPool - Before cleanup stats (total=5/10, idle=5/5, active=0, waiting=0)
2026-08-11 17:07:21 DEBUG [EmployeeBankingHikariPool:housekeeper] com.zaxxer.hikari.pool.HikariPool - EmployeeBankingHikariPool - After  cleanup stats (total=5/10, idle=5/5, active=0, waiting=0)
2026-08-11 17:07:21 DEBUG [EmployeeBankingHikariPool:housekeeper] com.zaxxer.hikari.pool.HikariPool - EmployeeBankingHikariPool - Fill pool skipped, pool has sufficient level or currently being filled.
2026-08-11 17:07:34 DEBUG [EmployeeBankingHikariPool:housekeeper] com.zaxxer.hikari.pool.HikariPool - EmployeeBankingHikariPool - keepalive: connection ConnectionID:1 ClientConnectionId: 5260ddc8-efbb-4a93-8f61-edc6a831f11e is alive
2026-08-11 17:07:51 DEBUG [EmployeeBankingHikariPool:housekeeper] com.zaxxer.hikari.pool.HikariPool - EmployeeBankingHikariPool - Before cleanup stats (total=5/10, idle=5/5, active=0, waiting=0)
2026-08-11 17:07:51 DEBUG [EmployeeBankingHikariPool:housekeeper] com.zaxxer.hikari.pool.HikariPool - EmployeeBankingHikariPool - After  cleanup stats (total=5/10, idle=5/5, active=0, waiting=0)
2026-08-11 17:07:51 DEBUG [EmployeeBankingHikariPool:housekeeper] com.zaxxer.hikari.pool.HikariPool - EmployeeBankingHikariPool - Fill pool skipped, pool has sufficient level or currently being filled.
2026-08-11 17:07:57 DEBUG [EmployeeBankingHikariPool:housekeeper] com.zaxxer.hikari.pool.HikariPool - EmployeeBankingHikariPool - keepalive: connection ConnectionID:4 ClientConnectionId: a00c8259-0ef8-4172-9e79-4ce651afb951 is alive
2026-08-11 17:08:08 DEBUG [EmployeeBankingHikariPool:housekeeper] com.zaxxer.hikari.pool.HikariPool - EmployeeBankingHikariPool - keepalive: connection ConnectionID:3 ClientConnectionId: eadb4d0e-f794-4eba-b735-bd686a606dd8 is alive
2026-08-11 17:08:08 DEBUG [EmployeeBankingHikariPool:housekeeper] com.zaxxer.hikari.pool.HikariPool - EmployeeBankingHikariPool - keepalive: connection ConnectionID:5 ClientConnectionId: 98840d9a-af35-45a4-ba4d-f2dc19bafcf2 is alive
2026-08-11 17:08:21 DEBUG [EmployeeBankingHikariPool:housekeeper] com.zaxxer.hikari.pool.HikariPool - EmployeeBankingHikariPool - Before cleanup stats (total=5/10, idle=5/5, active=0, waiting=0)
2026-08-11 17:08:21 DEBUG [EmployeeBankingHikariPool:housekeeper] com.zaxxer.hikari.pool.HikariPool - EmployeeBankingHikariPool - After  cleanup stats (total=5/10, idle=5/5, active=0, waiting=0)
2026-08-11 17:08:21 DEBUG [EmployeeBankingHikariPool:housekeeper] com.zaxxer.hikari.pool.HikariPool - EmployeeBankingHikariPool - Fill pool skipped, pool has sufficient level or currently being filled.
2026-08-11 17:08:47 DEBUG [EmployeeBankingHikariPool:housekeeper] com.zaxxer.hikari.pool.HikariPool - EmployeeBankingHikariPool - keepalive: connection ConnectionID:2 ClientConnectionId: 3fbe5383-30a3-4ba5-8763-658db3f84104 is alive
2026-08-11 17:08:51 DEBUG [EmployeeBankingHikariPool:housekeeper] com.zaxxer.hikari.pool.HikariPool - EmployeeBankingHikariPool - Before cleanup stats (total=5/10, idle=5/5, active=0, waiting=0)
2026-08-11 17:08:51 DEBUG [EmployeeBankingHikariPool:housekeeper] com.zaxxer.hikari.pool.HikariPool - EmployeeBankingHikariPool - After  cleanup stats (total=5/10, idle=5/5, active=0, waiting=0)
2026-08-11 17:08:51 DEBUG [EmployeeBankingHikariPool:housekeeper] com.zaxxer.hikari.pool.HikariPool - EmployeeBankingHikariPool - Fill pool skipped, pool has sufficient level or currently being filled.
2026-08-11 17:09:21 DEBUG [EmployeeBankingHikariPool:housekeeper] com.zaxxer.hikari.pool.HikariPool - EmployeeBankingHikariPool - Before cleanup stats (total=5/10, idle=5/5, active=0, waiting=0)
2026-08-11 17:09:21 DEBUG [EmployeeBankingHikariPool:housekeeper] com.zaxxer.hikari.pool.HikariPool - EmployeeBankingHikariPool - After  cleanup stats (total=5/10, idle=5/5, active=0, waiting=0)
2026-08-11 17:09:21 DEBUG [EmployeeBankingHikariPool:housekeeper] com.zaxxer.hikari.pool.HikariPool - EmployeeBankingHikariPool - Fill pool skipped, pool has sufficient level or currently being filled.
2026-08-11 17:09:22 DEBUG [EmployeeBankingHikariPool:housekeeper] com.zaxxer.hikari.pool.HikariPool - EmployeeBankingHikariPool - keepalive: connection ConnectionID:1 ClientConnectionId: 5260ddc8-efbb-4a93-8f61-edc6a831f11e is alive
2026-08-11 17:09:45 DEBUG [EmployeeBankingHikariPool:housekeeper] com.zaxxer.hikari.pool.HikariPool - EmployeeBankingHikariPool - keepalive: connection ConnectionID:5 ClientConnectionId: 98840d9a-af35-45a4-ba4d-f2dc19bafcf2 is alive
2026-08-11 17:09:47 DEBUG [EmployeeBankingHikariPool:housekeeper] com.zaxxer.hikari.pool.HikariPool - EmployeeBankingHikariPool - keepalive: connection ConnectionID:4 ClientConnectionId: a00c8259-0ef8-4172-9e79-4ce651afb951 is alive
2026-08-11 17:09:51 DEBUG [EmployeeBankingHikariPool:housekeeper] com.zaxxer.hikari.pool.HikariPool - EmployeeBankingHikariPool - Before cleanup stats (total=5/10, idle=5/5, active=0, waiting=0)
2026-08-11 17:09:51 DEBUG [EmployeeBankingHikariPool:housekeeper] com.zaxxer.hikari.pool.HikariPool - EmployeeBankingHikariPool - After  cleanup stats (total=5/10, idle=5/5, active=0, waiting=0)
2026-08-11 17:09:51 DEBUG [EmployeeBankingHikariPool:housekeeper] com.zaxxer.hikari.pool.HikariPool - EmployeeBankingHikariPool - Fill pool skipped, pool has sufficient level or currently being filled.
2026-08-11 17:10:00 DEBUG [EmployeeBankingHikariPool:housekeeper] com.zaxxer.hikari.pool.HikariPool - EmployeeBankingHikariPool - keepalive: connection ConnectionID:3 ClientConnectionId: eadb4d0e-f794-4eba-b735-bd686a606dd8 is alive
2026-08-11 17:10:21 DEBUG [EmployeeBankingHikariPool:housekeeper] com.zaxxer.hikari.pool.HikariPool - EmployeeBankingHikariPool - Before cleanup stats (total=5/10, idle=5/5, active=0, waiting=0)
2026-08-11 17:10:21 DEBUG [EmployeeBankingHikariPool:housekeeper] com.zaxxer.hikari.pool.HikariPool - EmployeeBankingHikariPool - After  cleanup stats (total=5/10, idle=5/5, active=0, waiting=0)
2026-08-11 17:10:21 DEBUG [EmployeeBankingHikariPool:housekeeper] com.zaxxer.hikari.pool.HikariPool - EmployeeBankingHikariPool - Fill pool skipped, pool has sufficient level or currently being filled.
2026-08-11 17:10:46 DEBUG [EmployeeBankingHikariPool:housekeeper] com.zaxxer.hikari.pool.HikariPool - EmployeeBankingHikariPool - keepalive: connection ConnectionID:2 ClientConnectionId: 3fbe5383-30a3-4ba5-8763-658db3f84104 is alive
2026-08-11 17:10:51 DEBUG [EmployeeBankingHikariPool:housekeeper] com.zaxxer.hikari.pool.HikariPool - EmployeeBankingHikariPool - Before cleanup stats (total=5/10, idle=5/5, active=0, waiting=0)
2026-08-11 17:10:51 DEBUG [EmployeeBankingHikariPool:housekeeper] com.zaxxer.hikari.pool.HikariPool - EmployeeBankingHikariPool - After  cleanup stats (total=5/10, idle=5/5, active=0, waiting=0)
2026-08-11 17:10:51 DEBUG [EmployeeBankingHikariPool:housekeeper] com.zaxxer.hikari.pool.HikariPool - EmployeeBankingHikariPool - Fill pool skipped, pool has sufficient level or currently being filled.
2026-08-11 17:11:09 DEBUG [EmployeeBankingHikariPool:housekeeper] com.zaxxer.hikari.pool.HikariPool - EmployeeBankingHikariPool - keepalive: connection ConnectionID:1 ClientConnectionId: 5260ddc8-efbb-4a93-8f61-edc6a831f11e is alive
2026-08-11 17:11:21 DEBUG [EmployeeBankingHikariPool:housekeeper] com.zaxxer.hikari.pool.HikariPool - EmployeeBankingHikariPool - Before cleanup stats (total=5/10, idle=5/5, active=0, waiting=0)
2026-08-11 17:11:21 DEBUG [EmployeeBankingHikariPool:housekeeper] com.zaxxer.hikari.pool.HikariPool - EmployeeBankingHikariPool - After  cleanup stats (total=5/10, idle=5/5, active=0, waiting=0)
2026-08-11 17:11:21 DEBUG [EmployeeBankingHikariPool:housekeeper] com.zaxxer.hikari.pool.HikariPool - EmployeeBankingHikariPool - Fill pool skipped, pool has sufficient level or currently being filled.
2026-08-11 17:11:21 DEBUG [EmployeeBankingHikariPool:housekeeper] com.zaxxer.hikari.pool.HikariPool - EmployeeBankingHikariPool - keepalive: connection ConnectionID:5 ClientConnectionId: 98840d9a-af35-45a4-ba4d-f2dc19bafcf2 is alive
2026-08-11 17:11:38 DEBUG [EmployeeBankingHikariPool:housekeeper] com.zaxxer.hikari.pool.HikariPool - EmployeeBankingHikariPool - keepalive: connection ConnectionID:4 ClientConnectionId: a00c8259-0ef8-4172-9e79-4ce651afb951 is alive
2026-08-11 17:11:51 DEBUG [EmployeeBankingHikariPool:housekeeper] com.zaxxer.hikari.pool.HikariPool - EmployeeBankingHikariPool - Before cleanup stats (total=5/10, idle=5/5, active=0, waiting=0)
2026-08-11 17:11:51 DEBUG [EmployeeBankingHikariPool:housekeeper] com.zaxxer.hikari.pool.HikariPool - EmployeeBankingHikariPool - After  cleanup stats (total=5/10, idle=5/5, active=0, waiting=0)
2026-08-11 17:11:51 DEBUG [EmployeeBankingHikariPool:housekeeper] com.zaxxer.hikari.pool.HikariPool - EmployeeBankingHikariPool - Fill pool skipped, pool has sufficient level or currently being filled.
2026-08-11 17:11:53 DEBUG [EmployeeBankingHikariPool:housekeeper] com.zaxxer.hikari.pool.HikariPool - EmployeeBankingHikariPool - keepalive: connection ConnectionID:3 ClientConnectionId: eadb4d0e-f794-4eba-b735-bd686a606dd8 is alive
2026-08-11 17:12:21 DEBUG [EmployeeBankingHikariPool:housekeeper] com.zaxxer.hikari.pool.HikariPool - EmployeeBankingHikariPool - Before cleanup stats (total=5/10, idle=5/5, active=0, waiting=0)
2026-08-11 17:12:21 DEBUG [EmployeeBankingHikariPool:housekeeper] com.zaxxer.hikari.pool.HikariPool - EmployeeBankingHikariPool - After  cleanup stats (total=5/10, idle=5/5, active=0, waiting=0)
2026-08-11 17:12:21 DEBUG [EmployeeBankingHikariPool:housekeeper] com.zaxxer.hikari.pool.HikariPool - EmployeeBankingHikariPool - Fill pool skipped, pool has sufficient level or currently being filled.
2026-08-11 17:12:46 DEBUG [EmployeeBankingHikariPool:housekeeper] com.zaxxer.hikari.pool.HikariPool - EmployeeBankingHikariPool - keepalive: connection ConnectionID:2 ClientConnectionId: 3fbe5383-30a3-4ba5-8763-658db3f84104 is alive
2026-08-11 17:12:51 DEBUG [EmployeeBankingHikariPool:housekeeper] com.zaxxer.hikari.pool.HikariPool - EmployeeBankingHikariPool - Before cleanup stats (total=5/10, idle=5/5, active=0, waiting=0)
2026-08-11 17:12:51 DEBUG [EmployeeBankingHikariPool:housekeeper] com.zaxxer.hikari.pool.HikariPool - EmployeeBankingHikariPool - After  cleanup stats (total=5/10, idle=5/5, active=0, waiting=0)
2026-08-11 17:12:51 DEBUG [EmployeeBankingHikariPool:housekeeper] com.zaxxer.hikari.pool.HikariPool - EmployeeBankingHikariPool - Fill pool skipped, pool has sufficient level or currently being filled.
2026-08-11 17:12:56 DEBUG [EmployeeBankingHikariPool:housekeeper] com.zaxxer.hikari.pool.HikariPool - EmployeeBankingHikariPool - keepalive: connection ConnectionID:1 ClientConnectionId: 5260ddc8-efbb-4a93-8f61-edc6a831f11e is alive
2026-08-11 17:12:58 DEBUG [EmployeeBankingHikariPool:housekeeper] com.zaxxer.hikari.pool.HikariPool - EmployeeBankingHikariPool - keepalive: connection ConnectionID:5 ClientConnectionId: 98840d9a-af35-45a4-ba4d-f2dc19bafcf2 is alive
2026-08-11 17:13:21 DEBUG [EmployeeBankingHikariPool:housekeeper] com.zaxxer.hikari.pool.HikariPool - EmployeeBankingHikariPool - Before cleanup stats (total=5/10, idle=5/5, active=0, waiting=0)
2026-08-11 17:13:21 DEBUG [EmployeeBankingHikariPool:housekeeper] com.zaxxer.hikari.pool.HikariPool - EmployeeBankingHikariPool - After  cleanup stats (total=5/10, idle=5/5, active=0, waiting=0)
2026-08-11 17:13:21 DEBUG [EmployeeBankingHikariPool:housekeeper] com.zaxxer.hikari.pool.HikariPool - EmployeeBankingHikariPool - Fill pool skipped, pool has sufficient level or currently being filled.
2026-08-11 17:13:29 DEBUG [EmployeeBankingHikariPool:housekeeper] com.zaxxer.hikari.pool.HikariPool - EmployeeBankingHikariPool - keepalive: connection ConnectionID:4 ClientConnectionId: a00c8259-0ef8-4172-9e79-4ce651afb951 is alive
2026-08-11 17:13:46 DEBUG [EmployeeBankingHikariPool:housekeeper] com.zaxxer.hikari.pool.HikariPool - EmployeeBankingHikariPool - keepalive: connection ConnectionID:3 ClientConnectionId: eadb4d0e-f794-4eba-b735-bd686a606dd8 is alive
2026-08-11 17:13:51 DEBUG [EmployeeBankingHikariPool:housekeeper] com.zaxxer.hikari.pool.HikariPool - EmployeeBankingHikariPool - Before cleanup stats (total=5/10, idle=5/5, active=0, waiting=0)
2026-08-11 17:13:51 DEBUG [EmployeeBankingHikariPool:housekeeper] com.zaxxer.hikari.pool.HikariPool - EmployeeBankingHikariPool - After  cleanup stats (total=5/10, idle=5/5, active=0, waiting=0)
2026-08-11 17:13:51 DEBUG [EmployeeBankingHikariPool:housekeeper] com.zaxxer.hikari.pool.HikariPool - EmployeeBankingHikariPool - Fill pool skipped, pool has sufficient level or currently being filled.
2026-08-11 17:14:21 DEBUG [EmployeeBankingHikariPool:housekeeper] com.zaxxer.hikari.pool.HikariPool - EmployeeBankingHikariPool - Before cleanup stats (total=5/10, idle=5/5, active=0, waiting=0)
2026-08-11 17:14:21 DEBUG [EmployeeBankingHikariPool:housekeeper] com.zaxxer.hikari.pool.HikariPool - EmployeeBankingHikariPool - After  cleanup stats (total=5/10, idle=5/5, active=0, waiting=0)
2026-08-11 17:14:21 DEBUG [EmployeeBankingHikariPool:housekeeper] com.zaxxer.hikari.pool.HikariPool - EmployeeBankingHikariPool - Fill pool skipped, pool has sufficient level or currently being filled.
2026-08-11 17:14:35 DEBUG [EmployeeBankingHikariPool:housekeeper] com.zaxxer.hikari.pool.HikariPool - EmployeeBankingHikariPool - keepalive: connection ConnectionID:5 ClientConnectionId: 98840d9a-af35-45a4-ba4d-f2dc19bafcf2 is alive
2026-08-11 17:14:44 DEBUG [EmployeeBankingHikariPool:housekeeper] com.zaxxer.hikari.pool.HikariPool - EmployeeBankingHikariPool - keepalive: connection ConnectionID:1 ClientConnectionId: 5260ddc8-efbb-4a93-8f61-edc6a831f11e is alive
2026-08-11 17:14:45 DEBUG [EmployeeBankingHikariPool:housekeeper] com.zaxxer.hikari.pool.HikariPool - EmployeeBankingHikariPool - keepalive: connection ConnectionID:2 ClientConnectionId: 3fbe5383-30a3-4ba5-8763-658db3f84104 is alive
2026-08-11 17:14:51 DEBUG [EmployeeBankingHikariPool:housekeeper] com.zaxxer.hikari.pool.HikariPool - EmployeeBankingHikariPool - Before cleanup stats (total=5/10, idle=5/5, active=0, waiting=0)
2026-08-11 17:14:51 DEBUG [EmployeeBankingHikariPool:housekeeper] com.zaxxer.hikari.pool.HikariPool - EmployeeBankingHikariPool - After  cleanup stats (total=5/10, idle=5/5, active=0, waiting=0)
2026-08-11 17:14:51 DEBUG [EmployeeBankingHikariPool:housekeeper] com.zaxxer.hikari.pool.HikariPool - EmployeeBankingHikariPool - Fill pool skipped, pool has sufficient level or currently being filled.
2026-08-11 17:15:20 DEBUG [EmployeeBankingHikariPool:housekeeper] com.zaxxer.hikari.pool.HikariPool - EmployeeBankingHikariPool - keepalive: connection ConnectionID:4 ClientConnectionId: a00c8259-0ef8-4172-9e79-4ce651afb951 is alive
2026-08-11 17:15:21 DEBUG [EmployeeBankingHikariPool:housekeeper] com.zaxxer.hikari.pool.HikariPool - EmployeeBankingHikariPool - Before cleanup stats (total=5/10, idle=5/5, active=0, waiting=0)
2026-08-11 17:15:21 DEBUG [EmployeeBankingHikariPool:housekeeper] com.zaxxer.hikari.pool.HikariPool - EmployeeBankingHikariPool - After  cleanup stats (total=5/10, idle=5/5, active=0, waiting=0)
2026-08-11 17:15:21 DEBUG [EmployeeBankingHikariPool:housekeeper] com.zaxxer.hikari.pool.HikariPool - EmployeeBankingHikariPool - Fill pool skipped, pool has sufficient level or currently being filled.
2026-08-11 17:15:39 DEBUG [EmployeeBankingHikariPool:housekeeper] com.zaxxer.hikari.pool.HikariPool - EmployeeBankingHikariPool - keepalive: connection ConnectionID:3 ClientConnectionId: eadb4d0e-f794-4eba-b735-bd686a606dd8 is alive
2026-08-11 17:15:51 DEBUG [EmployeeBankingHikariPool:housekeeper] com.zaxxer.hikari.pool.HikariPool - EmployeeBankingHikariPool - Before cleanup stats (total=5/10, idle=5/5, active=0, waiting=0)
2026-08-11 17:15:51 DEBUG [EmployeeBankingHikariPool:housekeeper] com.zaxxer.hikari.pool.HikariPool - EmployeeBankingHikariPool - After  cleanup stats (total=5/10, idle=5/5, active=0, waiting=0)
2026-08-11 17:15:51 DEBUG [EmployeeBankingHikariPool:housekeeper] com.zaxxer.hikari.pool.HikariPool - EmployeeBankingHikariPool - Fill pool skipped, pool has sufficient level or currently being filled.
2026-08-11 17:16:11 DEBUG [EmployeeBankingHikariPool:housekeeper] com.zaxxer.hikari.pool.HikariPool - EmployeeBankingHikariPool - keepalive: connection ConnectionID:5 ClientConnectionId: 98840d9a-af35-45a4-ba4d-f2dc19bafcf2 is alive
2026-08-11 17:16:21 DEBUG [EmployeeBankingHikariPool:housekeeper] com.zaxxer.hikari.pool.HikariPool - EmployeeBankingHikariPool - Before cleanup stats (total=5/10, idle=5/5, active=0, waiting=0)
2026-08-11 17:16:21 DEBUG [EmployeeBankingHikariPool:housekeeper] com.zaxxer.hikari.pool.HikariPool - EmployeeBankingHikariPool - After  cleanup stats (total=5/10, idle=5/5, active=0, waiting=0)
2026-08-11 17:16:21 DEBUG [EmployeeBankingHikariPool:housekeeper] com.zaxxer.hikari.pool.HikariPool - EmployeeBankingHikariPool - Fill pool skipped, pool has sufficient level or currently being filled.
2026-08-11 17:16:31 DEBUG [EmployeeBankingHikariPool:housekeeper] com.zaxxer.hikari.pool.HikariPool - EmployeeBankingHikariPool - keepalive: connection ConnectionID:1 ClientConnectionId: 5260ddc8-efbb-4a93-8f61-edc6a831f11e is alive
2026-08-11 17:16:44 DEBUG [EmployeeBankingHikariPool:housekeeper] com.zaxxer.hikari.pool.HikariPool - EmployeeBankingHikariPool - keepalive: connection ConnectionID:2 ClientConnectionId: 3fbe5383-30a3-4ba5-8763-658db3f84104 is alive
2026-08-11 17:16:51 DEBUG [EmployeeBankingHikariPool:housekeeper] com.zaxxer.hikari.pool.HikariPool - EmployeeBankingHikariPool - Before cleanup stats (total=5/10, idle=5/5, active=0, waiting=0)
2026-08-11 17:16:51 DEBUG [EmployeeBankingHikariPool:housekeeper] com.zaxxer.hikari.pool.HikariPool - EmployeeBankingHikariPool - After  cleanup stats (total=5/10, idle=5/5, active=0, waiting=0)
2026-08-11 17:16:51 DEBUG [EmployeeBankingHikariPool:housekeeper] com.zaxxer.hikari.pool.HikariPool - EmployeeBankingHikariPool - Fill pool skipped, pool has sufficient level or currently being filled.
2026-08-11 17:17:10 DEBUG [EmployeeBankingHikariPool:housekeeper] com.zaxxer.hikari.pool.HikariPool - EmployeeBankingHikariPool - keepalive: connection ConnectionID:4 ClientConnectionId: a00c8259-0ef8-4172-9e79-4ce651afb951 is alive
2026-08-11 17:17:21 DEBUG [EmployeeBankingHikariPool:housekeeper] com.zaxxer.hikari.pool.HikariPool - EmployeeBankingHikariPool - Before cleanup stats (total=5/10, idle=5/5, active=0, waiting=0)
2026-08-11 17:17:21 DEBUG [EmployeeBankingHikariPool:housekeeper] com.zaxxer.hikari.pool.HikariPool - EmployeeBankingHikariPool - After  cleanup stats (total=5/10, idle=5/5, active=0, waiting=0)
2026-08-11 17:17:21 DEBUG [EmployeeBankingHikariPool:housekeeper] com.zaxxer.hikari.pool.HikariPool - EmployeeBankingHikariPool - Fill pool skipped, pool has sufficient level or currently being filled.
2026-08-11 17:17:31 DEBUG [EmployeeBankingHikariPool:housekeeper] com.zaxxer.hikari.pool.HikariPool - EmployeeBankingHikariPool - keepalive: connection ConnectionID:3 ClientConnectionId: eadb4d0e-f794-4eba-b735-bd686a606dd8 is alive
2026-08-11 17:17:38 INFO  [http-nio-8091-exec-10] c.t.e.controller.EmployeeController - Received request to fetch employee with id: 1
2026-08-11 17:17:38 INFO  [http-nio-8091-exec-10] c.t.e.service.EmployeeService - Fetching employee with id: 1 from Database
2026-08-11 17:17:38 DEBUG [http-nio-8091-exec-10] org.hibernate.SQL - 
    select
        e1_0.id,
        e1_0.department,
        e1_0.email,
        e1_0.name,
        e1_0.salary 
    from
        employee_details5 e1_0 
    where
        e1_0.id=?
2026-08-11 17:17:38 TRACE [http-nio-8091-exec-10] org.hibernate.orm.jdbc.bind - binding parameter (1:INTEGER) <- [1]
2026-08-11 17:17:48 DEBUG [EmployeeBankingHikariPool:housekeeper] com.zaxxer.hikari.pool.HikariPool - EmployeeBankingHikariPool - keepalive: connection ConnectionID:5 ClientConnectionId: 98840d9a-af35-45a4-ba4d-f2dc19bafcf2 is alive
2026-08-11 17:17:51 DEBUG [EmployeeBankingHikariPool:housekeeper] com.zaxxer.hikari.pool.HikariPool - EmployeeBankingHikariPool - Before cleanup stats (total=5/10, idle=5/5, active=0, waiting=0)
2026-08-11 17:17:51 DEBUG [EmployeeBankingHikariPool:housekeeper] com.zaxxer.hikari.pool.HikariPool - EmployeeBankingHikariPool - After  cleanup stats (total=5/10, idle=5/5, active=0, waiting=0)
2026-08-11 17:17:51 DEBUG [EmployeeBankingHikariPool:housekeeper] com.zaxxer.hikari.pool.HikariPool - EmployeeBankingHikariPool - Fill pool skipped, pool has sufficient level or currently being filled.
2026-08-11 17:18:18 DEBUG [EmployeeBankingHikariPool:housekeeper] com.zaxxer.hikari.pool.HikariPool - EmployeeBankingHikariPool - keepalive: connection ConnectionID:1 ClientConnectionId: 5260ddc8-efbb-4a93-8f61-edc6a831f11e is alive
2026-08-11 17:18:21 DEBUG [EmployeeBankingHikariPool:housekeeper] com.zaxxer.hikari.pool.HikariPool - EmployeeBankingHikariPool - Before cleanup stats (total=5/10, idle=5/5, active=0, waiting=0)
2026-08-11 17:18:21 DEBUG [EmployeeBankingHikariPool:housekeeper] com.zaxxer.hikari.pool.HikariPool - EmployeeBankingHikariPool - After  cleanup stats (total=5/10, idle=5/5, active=0, waiting=0)
2026-08-11 17:18:21 DEBUG [EmployeeBankingHikariPool:housekeeper] com.zaxxer.hikari.pool.HikariPool - EmployeeBankingHikariPool - Fill pool skipped, pool has sufficient level or currently being filled.
2026-08-11 17:18:44 DEBUG [EmployeeBankingHikariPool:housekeeper] com.zaxxer.hikari.pool.HikariPool - EmployeeBankingHikariPool - keepalive: connection ConnectionID:2 ClientConnectionId: 3fbe5383-30a3-4ba5-8763-658db3f84104 is alive
2026-08-11 17:18:51 DEBUG [EmployeeBankingHikariPool:housekeeper] com.zaxxer.hikari.pool.HikariPool - EmployeeBankingHikariPool - Before cleanup stats (total=5/10, idle=5/5, active=0, waiting=0)
2026-08-11 17:18:51 DEBUG [EmployeeBankingHikariPool:housekeeper] com.zaxxer.hikari.pool.HikariPool - EmployeeBankingHikariPool - After  cleanup stats (total=5/10, idle=5/5, active=0, waiting=0)
2026-08-11 17:18:51 DEBUG [EmployeeBankingHikariPool:housekeeper] com.zaxxer.hikari.pool.HikariPool - EmployeeBankingHikariPool - Fill pool skipped, pool has sufficient level or currently being filled.
2026-08-11 17:19:01 DEBUG [EmployeeBankingHikariPool:housekeeper] com.zaxxer.hikari.pool.HikariPool - EmployeeBankingHikariPool - keepalive: connection ConnectionID:4 ClientConnectionId: a00c8259-0ef8-4172-9e79-4ce651afb951 is alive
2026-08-11 17:19:21 DEBUG [EmployeeBankingHikariPool:housekeeper] com.zaxxer.hikari.pool.HikariPool - EmployeeBankingHikariPool - Before cleanup stats (total=5/10, idle=5/5, active=0, waiting=0)
2026-08-11 17:19:21 DEBUG [EmployeeBankingHikariPool:housekeeper] com.zaxxer.hikari.pool.HikariPool - EmployeeBankingHikariPool - After  cleanup stats (total=5/10, idle=5/5, active=0, waiting=0)
2026-08-11 17:19:21 DEBUG [EmployeeBankingHikariPool:housekeeper] com.zaxxer.hikari.pool.HikariPool - EmployeeBankingHikariPool - Fill pool skipped, pool has sufficient level or currently being filled.
2026-08-11 17:19:24 DEBUG [EmployeeBankingHikariPool:housekeeper] com.zaxxer.hikari.pool.HikariPool - EmployeeBankingHikariPool - keepalive: connection ConnectionID:3 ClientConnectionId: eadb4d0e-f794-4eba-b735-bd686a606dd8 is alive
2026-08-11 17:19:24 DEBUG [EmployeeBankingHikariPool:housekeeper] com.zaxxer.hikari.pool.HikariPool - EmployeeBankingHikariPool - keepalive: connection ConnectionID:5 ClientConnectionId: 98840d9a-af35-45a4-ba4d-f2dc19bafcf2 is alive
2026-08-11 17:19:51 DEBUG [EmployeeBankingHikariPool:housekeeper] com.zaxxer.hikari.pool.HikariPool - EmployeeBankingHikariPool - Before cleanup stats (total=5/10, idle=5/5, active=0, waiting=0)
2026-08-11 17:19:51 DEBUG [EmployeeBankingHikariPool:housekeeper] com.zaxxer.hikari.pool.HikariPool - EmployeeBankingHikariPool - After  cleanup stats (total=5/10, idle=5/5, active=0, waiting=0)
2026-08-11 17:19:51 DEBUG [EmployeeBankingHikariPool:housekeeper] com.zaxxer.hikari.pool.HikariPool - EmployeeBankingHikariPool - Fill pool skipped, pool has sufficient level or currently being filled.
2026-08-11 17:20:05 DEBUG [EmployeeBankingHikariPool:housekeeper] com.zaxxer.hikari.pool.HikariPool - EmployeeBankingHikariPool - keepalive: connection ConnectionID:1 ClientConnectionId: 5260ddc8-efbb-4a93-8f61-edc6a831f11e is alive
2026-08-11 17:20:09 DEBUG [EmployeeBankingHikariPool:connection-closer] com.zaxxer.hikari.pool.PoolBase - EmployeeBankingHikariPool - Closing connection ConnectionID:3 ClientConnectionId: eadb4d0e-f794-4eba-b735-bd686a606dd8: (connection has passed maxLifetime)
2026-08-11 17:20:09 DEBUG [EmployeeBankingHikariPool:connection-adder] com.zaxxer.hikari.pool.PoolBase - EmployeeBankingHikariPool - Attempting to create/setup new connection (177195ef-3d1e-4420-9aff-94108c7686f6)
2026-08-11 17:20:10 DEBUG [EmployeeBankingHikariPool:connection-adder] com.zaxxer.hikari.pool.PoolBase - EmployeeBankingHikariPool - Established new connection (177195ef-3d1e-4420-9aff-94108c7686f6)
2026-08-11 17:20:10 DEBUG [EmployeeBankingHikariPool:connection-adder] com.zaxxer.hikari.pool.HikariPool - EmployeeBankingHikariPool - Added connection ConnectionID:6 ClientConnectionId: 868eb5c6-a977-4bc8-b290-5a261d41c9b6
2026-08-11 17:20:21 DEBUG [EmployeeBankingHikariPool:housekeeper] com.zaxxer.hikari.pool.HikariPool - EmployeeBankingHikariPool - Before cleanup stats (total=5/10, idle=5/5, active=0, waiting=0)
2026-08-11 17:20:21 DEBUG [EmployeeBankingHikariPool:housekeeper] com.zaxxer.hikari.pool.HikariPool - EmployeeBankingHikariPool - After  cleanup stats (total=5/10, idle=5/5, active=0, waiting=0)
2026-08-11 17:20:21 DEBUG [EmployeeBankingHikariPool:housekeeper] com.zaxxer.hikari.pool.HikariPool - EmployeeBankingHikariPool - Fill pool skipped, pool has sufficient level or currently being filled.
2026-08-11 17:20:43 DEBUG [EmployeeBankingHikariPool:housekeeper] com.zaxxer.hikari.pool.HikariPool - EmployeeBankingHikariPool - keepalive: connection ConnectionID:2 ClientConnectionId: 3fbe5383-30a3-4ba5-8763-658db3f84104 is alive
2026-08-11 17:20:51 DEBUG [EmployeeBankingHikariPool:housekeeper] com.zaxxer.hikari.pool.HikariPool - EmployeeBankingHikariPool - Before cleanup stats (total=5/10, idle=5/5, active=0, waiting=0)
2026-08-11 17:20:51 DEBUG [EmployeeBankingHikariPool:housekeeper] com.zaxxer.hikari.pool.HikariPool - EmployeeBankingHikariPool - After  cleanup stats (total=5/10, idle=5/5, active=0, waiting=0)
2026-08-11 17:20:51 DEBUG [EmployeeBankingHikariPool:housekeeper] com.zaxxer.hikari.pool.HikariPool - EmployeeBankingHikariPool - Fill pool skipped, pool has sufficient level or currently being filled.
2026-08-11 17:20:52 DEBUG [EmployeeBankingHikariPool:housekeeper] com.zaxxer.hikari.pool.HikariPool - EmployeeBankingHikariPool - keepalive: connection ConnectionID:4 ClientConnectionId: a00c8259-0ef8-4172-9e79-4ce651afb951 is alive
2026-08-11 17:21:01 DEBUG [EmployeeBankingHikariPool:housekeeper] com.zaxxer.hikari.pool.HikariPool - EmployeeBankingHikariPool - keepalive: connection ConnectionID:5 ClientConnectionId: 98840d9a-af35-45a4-ba4d-f2dc19bafcf2 is alive
2026-08-11 17:21:21 DEBUG [EmployeeBankingHikariPool:housekeeper] com.zaxxer.hikari.pool.HikariPool - EmployeeBankingHikariPool - Before cleanup stats (total=5/10, idle=5/5, active=0, waiting=0)
2026-08-11 17:21:21 DEBUG [EmployeeBankingHikariPool:housekeeper] com.zaxxer.hikari.pool.HikariPool - EmployeeBankingHikariPool - After  cleanup stats (total=5/10, idle=5/5, active=0, waiting=0)
2026-08-11 17:21:21 DEBUG [EmployeeBankingHikariPool:housekeeper] com.zaxxer.hikari.pool.HikariPool - EmployeeBankingHikariPool - Fill pool skipped, pool has sufficient level or currently being filled.
2026-08-11 17:21:51 DEBUG [EmployeeBankingHikariPool:housekeeper] com.zaxxer.hikari.pool.HikariPool - EmployeeBankingHikariPool - Before cleanup stats (total=5/10, idle=5/5, active=0, waiting=0)
2026-08-11 17:21:51 DEBUG [EmployeeBankingHikariPool:housekeeper] com.zaxxer.hikari.pool.HikariPool - EmployeeBankingHikariPool - After  cleanup stats (total=5/10, idle=5/5, active=0, waiting=0)
2026-08-11 17:21:51 DEBUG [EmployeeBankingHikariPool:housekeeper] com.zaxxer.hikari.pool.HikariPool - EmployeeBankingHikariPool - Fill pool skipped, pool has sufficient level or currently being filled.
2026-08-11 17:21:53 DEBUG [EmployeeBankingHikariPool:housekeeper] com.zaxxer.hikari.pool.HikariPool - EmployeeBankingHikariPool - keepalive: connection ConnectionID:1 ClientConnectionId: 5260ddc8-efbb-4a93-8f61-edc6a831f11e is alive
2026-08-11 17:21:59 DEBUG [EmployeeBankingHikariPool:housekeeper] com.zaxxer.hikari.pool.HikariPool - EmployeeBankingHikariPool - keepalive: connection ConnectionID:6 ClientConnectionId: 868eb5c6-a977-4bc8-b290-5a261d41c9b6 is alive
2026-08-11 17:22:21 DEBUG [EmployeeBankingHikariPool:housekeeper] com.zaxxer.hikari.pool.HikariPool - EmployeeBankingHikariPool - Before cleanup stats (total=5/10, idle=5/5, active=0, waiting=0)
2026-08-11 17:22:21 DEBUG [EmployeeBankingHikariPool:housekeeper] com.zaxxer.hikari.pool.HikariPool - EmployeeBankingHikariPool - After  cleanup stats (total=5/10, idle=5/5, active=0, waiting=0)
2026-08-11 17:22:21 DEBUG [EmployeeBankingHikariPool:housekeeper] com.zaxxer.hikari.pool.HikariPool - EmployeeBankingHikariPool - Fill pool skipped, pool has sufficient level or currently being filled.
2026-08-11 17:22:37 DEBUG [EmployeeBankingHikariPool:housekeeper] com.zaxxer.hikari.pool.HikariPool - EmployeeBankingHikariPool - keepalive: connection ConnectionID:5 ClientConnectionId: 98840d9a-af35-45a4-ba4d-f2dc19bafcf2 is alive
2026-08-11 17:22:42 DEBUG [EmployeeBankingHikariPool:housekeeper] com.zaxxer.hikari.pool.HikariPool - EmployeeBankingHikariPool - keepalive: connection ConnectionID:2 ClientConnectionId: 3fbe5383-30a3-4ba5-8763-658db3f84104 is alive
2026-08-11 17:22:43 DEBUG [EmployeeBankingHikariPool:housekeeper] com.zaxxer.hikari.pool.HikariPool - EmployeeBankingHikariPool - keepalive: connection ConnectionID:4 ClientConnectionId: a00c8259-0ef8-4172-9e79-4ce651afb951 is alive
2026-08-11 17:22:51 DEBUG [EmployeeBankingHikariPool:housekeeper] com.zaxxer.hikari.pool.HikariPool - EmployeeBankingHikariPool - Before cleanup stats (total=5/10, idle=5/5, active=0, waiting=0)
2026-08-11 17:22:51 DEBUG [EmployeeBankingHikariPool:housekeeper] com.zaxxer.hikari.pool.HikariPool - EmployeeBankingHikariPool - After  cleanup stats (total=5/10, idle=5/5, active=0, waiting=0)
2026-08-11 17:22:51 DEBUG [EmployeeBankingHikariPool:housekeeper] com.zaxxer.hikari.pool.HikariPool - EmployeeBankingHikariPool - Fill pool skipped, pool has sufficient level or currently being filled.
2026-08-11 17:22:55 DEBUG [EmployeeBankingHikariPool:connection-closer] com.zaxxer.hikari.pool.PoolBase - EmployeeBankingHikariPool - Closing connection ConnectionID:2 ClientConnectionId: 3fbe5383-30a3-4ba5-8763-658db3f84104: (connection has passed maxLifetime)
2026-08-11 17:22:55 DEBUG [EmployeeBankingHikariPool:connection-adder] com.zaxxer.hikari.pool.PoolBase - EmployeeBankingHikariPool - Attempting to create/setup new connection (2f5d3245-c1e1-4348-9ad7-da9612953d0c)
2026-08-11 17:22:55 DEBUG [EmployeeBankingHikariPool:connection-adder] com.zaxxer.hikari.pool.PoolBase - EmployeeBankingHikariPool - Established new connection (2f5d3245-c1e1-4348-9ad7-da9612953d0c)
2026-08-11 17:22:55 DEBUG [EmployeeBankingHikariPool:connection-adder] com.zaxxer.hikari.pool.HikariPool - EmployeeBankingHikariPool - Added connection ConnectionID:7 ClientConnectionId: 0f92700d-7978-4c35-9f28-02f654f9e390
2026-08-11 17:23:07 DEBUG [EmployeeBankingHikariPool:connection-closer] com.zaxxer.hikari.pool.PoolBase - EmployeeBankingHikariPool - Closing connection ConnectionID:5 ClientConnectionId: 98840d9a-af35-45a4-ba4d-f2dc19bafcf2: (connection has passed maxLifetime)
2026-08-11 17:23:07 DEBUG [EmployeeBankingHikariPool:connection-adder] com.zaxxer.hikari.pool.PoolBase - EmployeeBankingHikariPool - Attempting to create/setup new connection (a5d214d9-d672-4d98-8cc5-7f49e01e13db)
2026-08-11 17:23:08 DEBUG [EmployeeBankingHikariPool:connection-adder] com.zaxxer.hikari.pool.PoolBase - EmployeeBankingHikariPool - Established new connection (a5d214d9-d672-4d98-8cc5-7f49e01e13db)
2026-08-11 17:23:08 DEBUG [EmployeeBankingHikariPool:connection-adder] com.zaxxer.hikari.pool.HikariPool - EmployeeBankingHikariPool - Added connection ConnectionID:8 ClientConnectionId: 2cef720c-eb7f-4466-96a5-7c8a1771fe62
2026-08-11 17:23:21 DEBUG [EmployeeBankingHikariPool:housekeeper] com.zaxxer.hikari.pool.HikariPool - EmployeeBankingHikariPool - Before cleanup stats (total=5/10, idle=5/5, active=0, waiting=0)
2026-08-11 17:23:21 DEBUG [EmployeeBankingHikariPool:housekeeper] com.zaxxer.hikari.pool.HikariPool - EmployeeBankingHikariPool - After  cleanup stats (total=5/10, idle=5/5, active=0, waiting=0)
2026-08-11 17:23:21 DEBUG [EmployeeBankingHikariPool:housekeeper] com.zaxxer.hikari.pool.HikariPool - EmployeeBankingHikariPool - Fill pool skipped, pool has sufficient level or currently being filled.
2026-08-11 17:23:40 DEBUG [EmployeeBankingHikariPool:housekeeper] com.zaxxer.hikari.pool.HikariPool - EmployeeBankingHikariPool - keepalive: connection ConnectionID:1 ClientConnectionId: 5260ddc8-efbb-4a93-8f61-edc6a831f11e is alive
2026-08-11 17:23:48 DEBUG [EmployeeBankingHikariPool:housekeeper] com.zaxxer.hikari.pool.HikariPool - EmployeeBankingHikariPool - keepalive: connection ConnectionID:6 ClientConnectionId: 868eb5c6-a977-4bc8-b290-5a261d41c9b6 is alive
2026-08-11 17:23:51 DEBUG [EmployeeBankingHikariPool:housekeeper] com.zaxxer.hikari.pool.HikariPool - EmployeeBankingHikariPool - Before cleanup stats (total=5/10, idle=5/5, active=0, waiting=0)
2026-08-11 17:23:51 DEBUG [EmployeeBankingHikariPool:housekeeper] com.zaxxer.hikari.pool.HikariPool - EmployeeBankingHikariPool - After  cleanup stats (total=5/10, idle=5/5, active=0, waiting=0)
2026-08-11 17:23:51 DEBUG [EmployeeBankingHikariPool:housekeeper] com.zaxxer.hikari.pool.HikariPool - EmployeeBankingHikariPool - Fill pool skipped, pool has sufficient level or currently being filled.
2026-08-11 17:24:21 DEBUG [EmployeeBankingHikariPool:housekeeper] com.zaxxer.hikari.pool.HikariPool - EmployeeBankingHikariPool - Before cleanup stats (total=5/10, idle=5/5, active=0, waiting=0)
2026-08-11 17:24:21 DEBUG [EmployeeBankingHikariPool:housekeeper] com.zaxxer.hikari.pool.HikariPool - EmployeeBankingHikariPool - After  cleanup stats (total=5/10, idle=5/5, active=0, waiting=0)
2026-08-11 17:24:21 DEBUG [EmployeeBankingHikariPool:housekeeper] com.zaxxer.hikari.pool.HikariPool - EmployeeBankingHikariPool - Fill pool skipped, pool has sufficient level or currently being filled.
2026-08-11 17:24:33 DEBUG [EmployeeBankingHikariPool:housekeeper] com.zaxxer.hikari.pool.HikariPool - EmployeeBankingHikariPool - keepalive: connection ConnectionID:4 ClientConnectionId: a00c8259-0ef8-4172-9e79-4ce651afb951 is alive
2026-08-11 17:24:42 DEBUG [EmployeeBankingHikariPool:housekeeper] com.zaxxer.hikari.pool.HikariPool - EmployeeBankingHikariPool - keepalive: connection ConnectionID:7 ClientConnectionId: 0f92700d-7978-4c35-9f28-02f654f9e390 is alive
2026-08-11 17:24:50 DEBUG [EmployeeBankingHikariPool:housekeeper] com.zaxxer.hikari.pool.HikariPool - EmployeeBankingHikariPool - keepalive: connection ConnectionID:8 ClientConnectionId: 2cef720c-eb7f-4466-96a5-7c8a1771fe62 is alive
2026-08-11 17:24:51 DEBUG [EmployeeBankingHikariPool:housekeeper] com.zaxxer.hikari.pool.HikariPool - EmployeeBankingHikariPool - Before cleanup stats (total=5/10, idle=5/5, active=0, waiting=0)
2026-08-11 17:24:51 DEBUG [EmployeeBankingHikariPool:housekeeper] com.zaxxer.hikari.pool.HikariPool - EmployeeBankingHikariPool - After  cleanup stats (total=5/10, idle=5/5, active=0, waiting=0)
2026-08-11 17:24:51 DEBUG [EmployeeBankingHikariPool:housekeeper] com.zaxxer.hikari.pool.HikariPool - EmployeeBankingHikariPool - Fill pool skipped, pool has sufficient level or currently being filled.
2026-08-11 17:25:08 DEBUG [EmployeeBankingHikariPool:connection-closer] com.zaxxer.hikari.pool.PoolBase - EmployeeBankingHikariPool - Closing connection ConnectionID:1 ClientConnectionId: 5260ddc8-efbb-4a93-8f61-edc6a831f11e: (connection has passed maxLifetime)
2026-08-11 17:25:08 DEBUG [EmployeeBankingHikariPool:connection-adder] com.zaxxer.hikari.pool.PoolBase - EmployeeBankingHikariPool - Attempting to create/setup new connection (e3ed788f-5e8e-44cc-aef2-23ece7987068)
2026-08-11 17:25:08 DEBUG [EmployeeBankingHikariPool:connection-adder] com.zaxxer.hikari.pool.PoolBase - EmployeeBankingHikariPool - Established new connection (e3ed788f-5e8e-44cc-aef2-23ece7987068)
2026-08-11 17:25:08 DEBUG [EmployeeBankingHikariPool:connection-adder] com.zaxxer.hikari.pool.HikariPool - EmployeeBankingHikariPool - Added connection ConnectionID:9 ClientConnectionId: 428fb1b5-9892-4d2c-b05c-f7b0b0e2381f
2026-08-11 17:25:20 DEBUG [EmployeeBankingHikariPool:connection-closer] com.zaxxer.hikari.pool.PoolBase - EmployeeBankingHikariPool - Closing connection ConnectionID:4 ClientConnectionId: a00c8259-0ef8-4172-9e79-4ce651afb951: (connection has passed maxLifetime)
2026-08-11 17:25:20 DEBUG [EmployeeBankingHikariPool:connection-adder] com.zaxxer.hikari.pool.PoolBase - EmployeeBankingHikariPool - Attempting to create/setup new connection (f2926253-861b-4e07-8c84-9bd0b89c9b02)
2026-08-11 17:25:21 DEBUG [EmployeeBankingHikariPool:connection-adder] com.zaxxer.hikari.pool.PoolBase - EmployeeBankingHikariPool - Established new connection (f2926253-861b-4e07-8c84-9bd0b89c9b02)
2026-08-11 17:25:21 DEBUG [EmployeeBankingHikariPool:connection-adder] com.zaxxer.hikari.pool.HikariPool - EmployeeBankingHikariPool - Added connection ConnectionID:10 ClientConnectionId: 61c227d3-5437-442d-895f-ed6accd86725
2026-08-11 17:25:21 DEBUG [EmployeeBankingHikariPool:housekeeper] com.zaxxer.hikari.pool.HikariPool - EmployeeBankingHikariPool - Before cleanup stats (total=5/10, idle=5/5, active=0, waiting=0)
2026-08-11 17:25:21 DEBUG [EmployeeBankingHikariPool:housekeeper] com.zaxxer.hikari.pool.HikariPool - EmployeeBankingHikariPool - After  cleanup stats (total=5/10, idle=5/5, active=0, waiting=0)
2026-08-11 17:25:21 DEBUG [EmployeeBankingHikariPool:housekeeper] com.zaxxer.hikari.pool.HikariPool - EmployeeBankingHikariPool - Fill pool skipped, pool has sufficient level or currently being filled.
2026-08-11 17:25:37 DEBUG [EmployeeBankingHikariPool:housekeeper] com.zaxxer.hikari.pool.HikariPool - EmployeeBankingHikariPool - keepalive: connection ConnectionID:6 ClientConnectionId: 868eb5c6-a977-4bc8-b290-5a261d41c9b6 is alive
2026-08-11 17:25:51 DEBUG [EmployeeBankingHikariPool:housekeeper] com.zaxxer.hikari.pool.HikariPool - EmployeeBankingHikariPool - Before cleanup stats (total=5/10, idle=5/5, active=0, waiting=0)
2026-08-11 17:25:51 DEBUG [EmployeeBankingHikariPool:housekeeper] com.zaxxer.hikari.pool.HikariPool - EmployeeBankingHikariPool - After  cleanup stats (total=5/10, idle=5/5, active=0, waiting=0)
2026-08-11 17:25:51 DEBUG [EmployeeBankingHikariPool:housekeeper] com.zaxxer.hikari.pool.HikariPool - EmployeeBankingHikariPool - Fill pool skipped, pool has sufficient level or currently being filled.
2026-08-11 17:26:21 DEBUG [EmployeeBankingHikariPool:housekeeper] com.zaxxer.hikari.pool.HikariPool - EmployeeBankingHikariPool - Before cleanup stats (total=5/10, idle=5/5, active=0, waiting=0)
2026-08-11 17:26:21 DEBUG [EmployeeBankingHikariPool:housekeeper] com.zaxxer.hikari.pool.HikariPool - EmployeeBankingHikariPool - After  cleanup stats (total=5/10, idle=5/5, active=0, waiting=0)
2026-08-11 17:26:21 DEBUG [EmployeeBankingHikariPool:housekeeper] com.zaxxer.hikari.pool.HikariPool - EmployeeBankingHikariPool - Fill pool skipped, pool has sufficient level or currently being filled.
2026-08-11 17:26:29 DEBUG [EmployeeBankingHikariPool:housekeeper] com.zaxxer.hikari.pool.HikariPool - EmployeeBankingHikariPool - keepalive: connection ConnectionID:7 ClientConnectionId: 0f92700d-7978-4c35-9f28-02f654f9e390 is alive
2026-08-11 17:26:32 DEBUG [EmployeeBankingHikariPool:housekeeper] com.zaxxer.hikari.pool.HikariPool - EmployeeBankingHikariPool - keepalive: connection ConnectionID:8 ClientConnectionId: 2cef720c-eb7f-4466-96a5-7c8a1771fe62 is alive
2026-08-11 17:26:46 DEBUG [EmployeeBankingHikariPool:housekeeper] com.zaxxer.hikari.pool.HikariPool - EmployeeBankingHikariPool - keepalive: connection ConnectionID:9 ClientConnectionId: 428fb1b5-9892-4d2c-b05c-f7b0b0e2381f is alive
2026-08-11 17:26:51 DEBUG [EmployeeBankingHikariPool:housekeeper] com.zaxxer.hikari.pool.HikariPool - EmployeeBankingHikariPool - Before cleanup stats (total=5/10, idle=5/5, active=0, waiting=0)
2026-08-11 17:26:51 DEBUG [EmployeeBankingHikariPool:housekeeper] com.zaxxer.hikari.pool.HikariPool - EmployeeBankingHikariPool - After  cleanup stats (total=5/10, idle=5/5, active=0, waiting=0)
2026-08-11 17:26:51 DEBUG [EmployeeBankingHikariPool:housekeeper] com.zaxxer.hikari.pool.HikariPool - EmployeeBankingHikariPool - Fill pool skipped, pool has sufficient level or currently being filled.
2026-08-11 17:27:14 DEBUG [EmployeeBankingHikariPool:housekeeper] com.zaxxer.hikari.pool.HikariPool - EmployeeBankingHikariPool - keepalive: connection ConnectionID:10 ClientConnectionId: 61c227d3-5437-442d-895f-ed6accd86725 is alive
2026-08-11 17:27:21 DEBUG [EmployeeBankingHikariPool:housekeeper] com.zaxxer.hikari.pool.HikariPool - EmployeeBankingHikariPool - Before cleanup stats (total=5/10, idle=5/5, active=0, waiting=0)
2026-08-11 17:27:21 DEBUG [EmployeeBankingHikariPool:housekeeper] com.zaxxer.hikari.pool.HikariPool - EmployeeBankingHikariPool - After  cleanup stats (total=5/10, idle=5/5, active=0, waiting=0)
2026-08-11 17:27:21 DEBUG [EmployeeBankingHikariPool:housekeeper] com.zaxxer.hikari.pool.HikariPool - EmployeeBankingHikariPool - Fill pool skipped, pool has sufficient level or currently being filled.
2026-08-11 17:27:26 DEBUG [EmployeeBankingHikariPool:housekeeper] com.zaxxer.hikari.pool.HikariPool - EmployeeBankingHikariPool - keepalive: connection ConnectionID:6 ClientConnectionId: 868eb5c6-a977-4bc8-b290-5a261d41c9b6 is alive
2026-08-11 17:27:51 DEBUG [EmployeeBankingHikariPool:housekeeper] com.zaxxer.hikari.pool.HikariPool - EmployeeBankingHikariPool - Before cleanup stats (total=5/10, idle=5/5, active=0, waiting=0)
2026-08-11 17:27:51 DEBUG [EmployeeBankingHikariPool:housekeeper] com.zaxxer.hikari.pool.HikariPool - EmployeeBankingHikariPool - After  cleanup stats (total=5/10, idle=5/5, active=0, waiting=0)
2026-08-11 17:27:51 DEBUG [EmployeeBankingHikariPool:housekeeper] com.zaxxer.hikari.pool.HikariPool - EmployeeBankingHikariPool - Fill pool skipped, pool has sufficient level or currently being filled.
2026-08-11 17:28:14 DEBUG [EmployeeBankingHikariPool:housekeeper] com.zaxxer.hikari.pool.HikariPool - EmployeeBankingHikariPool - keepalive: connection ConnectionID:8 ClientConnectionId: 2cef720c-eb7f-4466-96a5-7c8a1771fe62 is alive
2026-08-11 17:28:16 DEBUG [EmployeeBankingHikariPool:housekeeper] com.zaxxer.hikari.pool.HikariPool - EmployeeBankingHikariPool - keepalive: connection ConnectionID:7 ClientConnectionId: 0f92700d-7978-4c35-9f28-02f654f9e390 is alive
2026-08-11 17:28:21 DEBUG [EmployeeBankingHikariPool:housekeeper] com.zaxxer.hikari.pool.HikariPool - EmployeeBankingHikariPool - Before cleanup stats (total=5/10, idle=5/5, active=0, waiting=0)
2026-08-11 17:28:21 DEBUG [EmployeeBankingHikariPool:housekeeper] com.zaxxer.hikari.pool.HikariPool - EmployeeBankingHikariPool - After  cleanup stats (total=5/10, idle=5/5, active=0, waiting=0)
2026-08-11 17:28:21 DEBUG [EmployeeBankingHikariPool:housekeeper] com.zaxxer.hikari.pool.HikariPool - EmployeeBankingHikariPool - Fill pool skipped, pool has sufficient level or currently being filled.
2026-08-11 17:28:23 DEBUG [EmployeeBankingHikariPool:housekeeper] com.zaxxer.hikari.pool.HikariPool - EmployeeBankingHikariPool - keepalive: connection ConnectionID:9 ClientConnectionId: 428fb1b5-9892-4d2c-b05c-f7b0b0e2381f is alive
2026-08-11 17:28:51 DEBUG [EmployeeBankingHikariPool:housekeeper] com.zaxxer.hikari.pool.HikariPool - EmployeeBankingHikariPool - Before cleanup stats (total=5/10, idle=5/5, active=0, waiting=0)
2026-08-11 17:28:51 DEBUG [EmployeeBankingHikariPool:housekeeper] com.zaxxer.hikari.pool.HikariPool - EmployeeBankingHikariPool - After  cleanup stats (total=5/10, idle=5/5, active=0, waiting=0)
2026-08-11 17:28:51 DEBUG [EmployeeBankingHikariPool:housekeeper] com.zaxxer.hikari.pool.HikariPool - EmployeeBankingHikariPool - Fill pool skipped, pool has sufficient level or currently being filled.
2026-08-11 17:29:07 DEBUG [EmployeeBankingHikariPool:housekeeper] com.zaxxer.hikari.pool.HikariPool - EmployeeBankingHikariPool - keepalive: connection ConnectionID:10 ClientConnectionId: 61c227d3-5437-442d-895f-ed6accd86725 is alive
2026-08-11 17:29:15 DEBUG [EmployeeBankingHikariPool:housekeeper] com.zaxxer.hikari.pool.HikariPool - EmployeeBankingHikariPool - keepalive: connection ConnectionID:6 ClientConnectionId: 868eb5c6-a977-4bc8-b290-5a261d41c9b6 is alive
2026-08-11 17:29:21 DEBUG [EmployeeBankingHikariPool:housekeeper] com.zaxxer.hikari.pool.HikariPool - EmployeeBankingHikariPool - Before cleanup stats (total=5/10, idle=5/5, active=0, waiting=0)
2026-08-11 17:29:21 DEBUG [EmployeeBankingHikariPool:housekeeper] com.zaxxer.hikari.pool.HikariPool - EmployeeBankingHikariPool - After  cleanup stats (total=5/10, idle=5/5, active=0, waiting=0)
2026-08-11 17:29:21 DEBUG [EmployeeBankingHikariPool:housekeeper] com.zaxxer.hikari.pool.HikariPool - EmployeeBankingHikariPool - Fill pool skipped, pool has sufficient level or currently being filled.
2026-08-11 17:29:51 DEBUG [EmployeeBankingHikariPool:housekeeper] com.zaxxer.hikari.pool.HikariPool - EmployeeBankingHikariPool - Before cleanup stats (total=5/10, idle=5/5, active=0, waiting=0)
2026-08-11 17:29:51 DEBUG [EmployeeBankingHikariPool:housekeeper] com.zaxxer.hikari.pool.HikariPool - EmployeeBankingHikariPool - After  cleanup stats (total=5/10, idle=5/5, active=0, waiting=0)
2026-08-11 17:29:51 DEBUG [EmployeeBankingHikariPool:housekeeper] com.zaxxer.hikari.pool.HikariPool - EmployeeBankingHikariPool - Fill pool skipped, pool has sufficient level or currently being filled.
2026-08-11 17:29:57 DEBUG [EmployeeBankingHikariPool:housekeeper] com.zaxxer.hikari.pool.HikariPool - EmployeeBankingHikariPool - keepalive: connection ConnectionID:8 ClientConnectionId: 2cef720c-eb7f-4466-96a5-7c8a1771fe62 is alive
2026-08-11 17:30:00 DEBUG [EmployeeBankingHikariPool:housekeeper] com.zaxxer.hikari.pool.HikariPool - EmployeeBankingHikariPool - keepalive: connection ConnectionID:9 ClientConnectionId: 428fb1b5-9892-4d2c-b05c-f7b0b0e2381f is alive
2026-08-11 17:30:03 DEBUG [EmployeeBankingHikariPool:housekeeper] com.zaxxer.hikari.pool.HikariPool - EmployeeBankingHikariPool - keepalive: connection ConnectionID:7 ClientConnectionId: 0f92700d-7978-4c35-9f28-02f654f9e390 is alive
2026-08-11 17:30:35 INFO  [background-preinit] o.h.validator.internal.util.Version - HV000001: Hibernate Validator 8.0.2.Final
2026-08-11 17:30:36 INFO  [main] c.t.e.EmployeeApiApplication - Starting EmployeeApiApplication using Java 21.0.11 with PID 13208 (C:\Users\s.samantray\Desktop\Eclipse_Workspace\EmployeeBankRestApiPostman_Collection\target\classes started by s.samantray in C:\Users\s.samantray\Desktop\Eclipse_Workspace\EmployeeBankRestApiPostman_Collection)
2026-08-11 17:30:36 DEBUG [main] c.t.e.EmployeeApiApplication - Running with Spring Boot v3.5.4, Spring v6.2.9
2026-08-11 17:30:36 INFO  [main] c.t.e.EmployeeApiApplication - No active profile set, falling back to 1 default profile: "default"
2026-08-11 17:30:40 INFO  [main] o.s.d.r.c.RepositoryConfigurationDelegate - Multiple Spring Data modules found, entering strict repository configuration mode
2026-08-11 17:30:40 INFO  [main] o.s.d.r.c.RepositoryConfigurationDelegate - Bootstrapping Spring Data JPA repositories in DEFAULT mode.
2026-08-11 17:30:41 INFO  [main] o.s.d.r.c.RepositoryConfigurationDelegate - Finished Spring Data repository scanning in 414 ms. Found 2 JPA repository interfaces.
2026-08-11 17:30:41 INFO  [main] o.s.d.r.c.RepositoryConfigurationDelegate - Multiple Spring Data modules found, entering strict repository configuration mode
2026-08-11 17:30:41 INFO  [main] o.s.d.r.c.RepositoryConfigurationDelegate - Bootstrapping Spring Data Redis repositories in DEFAULT mode.
2026-08-11 17:30:41 INFO  [main] o.s.d.r.c.RepositoryConfigurationExtensionSupport - Spring Data Redis - Could not safely identify store assignment for repository candidate interface com.tns.employeeapi.repository.AccountRepository; If you want this repository to be a Redis repository, consider annotating your entities with one of these annotations: org.springframework.data.redis.core.RedisHash (preferred), or consider extending one of the following types with your repository: org.springframework.data.keyvalue.repository.KeyValueRepository
2026-08-11 17:30:41 INFO  [main] o.s.d.r.c.RepositoryConfigurationExtensionSupport - Spring Data Redis - Could not safely identify store assignment for repository candidate interface com.tns.employeeapi.repository.EmployeeRepository; If you want this repository to be a Redis repository, consider annotating your entities with one of these annotations: org.springframework.data.redis.core.RedisHash (preferred), or consider extending one of the following types with your repository: org.springframework.data.keyvalue.repository.KeyValueRepository
2026-08-11 17:30:41 INFO  [main] o.s.d.r.c.RepositoryConfigurationDelegate - Finished Spring Data repository scanning in 22 ms. Found 0 Redis repository interfaces.
2026-08-11 17:30:44 INFO  [main] o.s.b.w.e.tomcat.TomcatWebServer - Tomcat initialized with port 8091 (http)
2026-08-11 17:30:44 INFO  [main] o.a.coyote.http11.Http11NioProtocol - Initializing ProtocolHandler ["http-nio-8091"]
2026-08-11 17:30:44 INFO  [main] o.a.catalina.core.StandardService - Starting service [Tomcat]
2026-08-11 17:30:44 INFO  [main] o.a.catalina.core.StandardEngine - Starting Servlet engine: [Apache Tomcat/10.1.43]
2026-08-11 17:30:44 INFO  [main] o.a.c.c.C.[Tomcat].[localhost].[/] - Initializing Spring embedded WebApplicationContext
2026-08-11 17:30:44 INFO  [main] o.s.b.w.s.c.ServletWebServerApplicationContext - Root WebApplicationContext: initialization completed in 8638 ms
2026-08-11 17:30:47 DEBUG [main] com.zaxxer.hikari.HikariConfig - Class com.microsoft.sqlserver.jdbc.SQLServerDriver found in Thread context class loader jdk.internal.loader.ClassLoaders$AppClassLoader@5c647e05
2026-08-11 17:30:47 INFO  [main] o.h.jpa.internal.util.LogHelper - HHH000204: Processing PersistenceUnitInfo [name: default]
2026-08-11 17:30:48 INFO  [main] org.hibernate.Version - HHH000412: Hibernate ORM core version 6.6.22.Final
2026-08-11 17:30:48 INFO  [main] o.h.c.i.RegionFactoryInitiator - HHH000026: Second-level cache disabled
2026-08-11 17:30:49 INFO  [main] o.s.o.j.p.SpringPersistenceUnitInfo - No LoadTimeWeaver setup: ignoring JPA class transformer
2026-08-11 17:30:49 DEBUG [main] com.zaxxer.hikari.HikariConfig - EmployeeBankingHikariPool - configuration:
2026-08-11 17:30:49 DEBUG [main] com.zaxxer.hikari.HikariConfig - allowPoolSuspension.............false
2026-08-11 17:30:49 DEBUG [main] com.zaxxer.hikari.HikariConfig - autoCommit......................true
2026-08-11 17:30:49 DEBUG [main] com.zaxxer.hikari.HikariConfig - catalog.........................none
2026-08-11 17:30:49 DEBUG [main] com.zaxxer.hikari.HikariConfig - connectionInitSql...............none
2026-08-11 17:30:49 DEBUG [main] com.zaxxer.hikari.HikariConfig - connectionTestQuery.............none
2026-08-11 17:30:49 DEBUG [main] com.zaxxer.hikari.HikariConfig - connectionTimeout...............30000
2026-08-11 17:30:49 DEBUG [main] com.zaxxer.hikari.HikariConfig - credentials.....................com.zaxxer.hikari.util.Credentials@13c81bc5
2026-08-11 17:30:49 DEBUG [main] com.zaxxer.hikari.HikariConfig - dataSource......................none
2026-08-11 17:30:49 DEBUG [main] com.zaxxer.hikari.HikariConfig - dataSourceClassName.............none
2026-08-11 17:30:49 DEBUG [main] com.zaxxer.hikari.HikariConfig - dataSourceJNDI..................none
2026-08-11 17:30:49 DEBUG [main] com.zaxxer.hikari.HikariConfig - dataSourceProperties............{password=<masked>}
2026-08-11 17:30:49 DEBUG [main] com.zaxxer.hikari.HikariConfig - driverClassName................."com.microsoft.sqlserver.jdbc.SQLServerDriver"
2026-08-11 17:30:49 DEBUG [main] com.zaxxer.hikari.HikariConfig - exceptionOverride...............none
2026-08-11 17:30:49 DEBUG [main] com.zaxxer.hikari.HikariConfig - exceptionOverrideClassName......none
2026-08-11 17:30:49 DEBUG [main] com.zaxxer.hikari.HikariConfig - healthCheckProperties...........{}
2026-08-11 17:30:49 DEBUG [main] com.zaxxer.hikari.HikariConfig - healthCheckRegistry.............none
2026-08-11 17:30:49 DEBUG [main] com.zaxxer.hikari.HikariConfig - idleTimeout.....................600000
2026-08-11 17:30:49 DEBUG [main] com.zaxxer.hikari.HikariConfig - initializationFailTimeout.......1
2026-08-11 17:30:49 DEBUG [main] com.zaxxer.hikari.HikariConfig - isolateInternalQueries..........false
2026-08-11 17:30:49 DEBUG [main] com.zaxxer.hikari.HikariConfig - jdbcUrl.........................jdbc:sqlserver://TNS-IT-DESKTOP\SQLEXPRESS;databaseName=SpringBootRestApi;integratedSecurity=true;encrypt=true;trustServerCertificate=true
2026-08-11 17:30:49 DEBUG [main] com.zaxxer.hikari.HikariConfig - keepaliveTime...................120000
2026-08-11 17:30:49 DEBUG [main] com.zaxxer.hikari.HikariConfig - leakDetectionThreshold..........2000
2026-08-11 17:30:49 DEBUG [main] com.zaxxer.hikari.HikariConfig - maxLifetime.....................1800000
2026-08-11 17:30:49 DEBUG [main] com.zaxxer.hikari.HikariConfig - maximumPoolSize.................10
2026-08-11 17:30:49 DEBUG [main] com.zaxxer.hikari.HikariConfig - metricRegistry..................none
2026-08-11 17:30:49 DEBUG [main] com.zaxxer.hikari.HikariConfig - metricsTrackerFactory...........none
2026-08-11 17:30:49 DEBUG [main] com.zaxxer.hikari.HikariConfig - minimumIdle.....................5
2026-08-11 17:30:49 DEBUG [main] com.zaxxer.hikari.HikariConfig - password........................<masked>
2026-08-11 17:30:49 DEBUG [main] com.zaxxer.hikari.HikariConfig - poolName........................"EmployeeBankingHikariPool"
2026-08-11 17:30:49 DEBUG [main] com.zaxxer.hikari.HikariConfig - readOnly........................false
2026-08-11 17:30:49 DEBUG [main] com.zaxxer.hikari.HikariConfig - registerMbeans..................false
2026-08-11 17:30:49 DEBUG [main] com.zaxxer.hikari.HikariConfig - scheduledExecutor...............none
2026-08-11 17:30:49 DEBUG [main] com.zaxxer.hikari.HikariConfig - schema..........................none
2026-08-11 17:30:49 DEBUG [main] com.zaxxer.hikari.HikariConfig - threadFactory...................internal
2026-08-11 17:30:49 DEBUG [main] com.zaxxer.hikari.HikariConfig - transactionIsolation............default
2026-08-11 17:30:49 DEBUG [main] com.zaxxer.hikari.HikariConfig - username........................none
2026-08-11 17:30:49 DEBUG [main] com.zaxxer.hikari.HikariConfig - validationTimeout...............5000
2026-08-11 17:30:49 INFO  [main] com.zaxxer.hikari.HikariDataSource - EmployeeBankingHikariPool - Starting...
2026-08-11 17:30:49 DEBUG [main] com.zaxxer.hikari.pool.PoolBase - EmployeeBankingHikariPool - Attempting to create/setup new connection (c476f059-ef10-4786-beff-eca2f2e86da3)
2026-08-11 17:30:51 DEBUG [main] com.zaxxer.hikari.pool.PoolBase - EmployeeBankingHikariPool - Established new connection (c476f059-ef10-4786-beff-eca2f2e86da3)
2026-08-11 17:30:51 INFO  [main] com.zaxxer.hikari.pool.HikariPool - EmployeeBankingHikariPool - Added connection ConnectionID:1 ClientConnectionId: fef3562c-c129-4fe9-a6dc-ec49bbb7756b
2026-08-11 17:30:51 INFO  [main] com.zaxxer.hikari.HikariDataSource - EmployeeBankingHikariPool - Start completed.
2026-08-11 17:30:51 DEBUG [EmployeeBankingHikariPool:housekeeper] com.zaxxer.hikari.pool.HikariPool - EmployeeBankingHikariPool - Before cleanup stats (total=1/10, idle=0/5, active=1, waiting=0)
2026-08-11 17:30:51 DEBUG [EmployeeBankingHikariPool:housekeeper] com.zaxxer.hikari.pool.HikariPool - EmployeeBankingHikariPool - After  cleanup stats (total=1/10, idle=0/5, active=1, waiting=0)
2026-08-11 17:30:51 DEBUG [EmployeeBankingHikariPool:connection-adder] com.zaxxer.hikari.pool.PoolBase - EmployeeBankingHikariPool - Attempting to create/setup new connection (2a757007-9cbf-4ad0-b817-5993e247cbbd)
2026-08-11 17:30:51 INFO  [main] o.hibernate.orm.connections.pooling - HHH10001005: Database info:
	Database JDBC URL [Connecting through datasource 'HikariDataSource (EmployeeBankingHikariPool)']
	Database driver: undefined/unknown
	Database version: 15.0
	Autocommit mode: undefined/unknown
	Isolation level: undefined/unknown
	Minimum pool size: undefined/unknown
	Maximum pool size: undefined/unknown
2026-08-11 17:30:52 DEBUG [EmployeeBankingHikariPool:connection-adder] com.zaxxer.hikari.pool.PoolBase - EmployeeBankingHikariPool - Established new connection (2a757007-9cbf-4ad0-b817-5993e247cbbd)
2026-08-11 17:30:52 DEBUG [EmployeeBankingHikariPool:connection-adder] com.zaxxer.hikari.pool.HikariPool - EmployeeBankingHikariPool - Added connection ConnectionID:2 ClientConnectionId: ee9cc780-9ff7-43a0-813e-a2e49c7da7a1
2026-08-11 17:30:52 DEBUG [EmployeeBankingHikariPool:connection-adder] com.zaxxer.hikari.pool.HikariPool - EmployeeBankingHikariPool - After adding stats (total=2/10, idle=2/5, active=0, waiting=0)
2026-08-11 17:30:52 DEBUG [EmployeeBankingHikariPool:connection-adder] com.zaxxer.hikari.pool.PoolBase - EmployeeBankingHikariPool - Attempting to create/setup new connection (8e376ef6-97e9-4af5-a43a-8d7c3856af53)
2026-08-11 17:30:52 DEBUG [EmployeeBankingHikariPool:connection-adder] com.zaxxer.hikari.pool.PoolBase - EmployeeBankingHikariPool - Established new connection (8e376ef6-97e9-4af5-a43a-8d7c3856af53)
2026-08-11 17:30:52 DEBUG [EmployeeBankingHikariPool:connection-adder] com.zaxxer.hikari.pool.HikariPool - EmployeeBankingHikariPool - Added connection ConnectionID:3 ClientConnectionId: feb5f6c4-dca8-43ac-850d-e4be02419ce1
2026-08-11 17:30:52 DEBUG [EmployeeBankingHikariPool:connection-adder] com.zaxxer.hikari.pool.HikariPool - EmployeeBankingHikariPool - After adding stats (total=3/10, idle=3/5, active=0, waiting=0)
2026-08-11 17:30:52 DEBUG [EmployeeBankingHikariPool:connection-adder] com.zaxxer.hikari.pool.PoolBase - EmployeeBankingHikariPool - Attempting to create/setup new connection (b3212c74-5713-416e-b8ca-9201206038fc)
2026-08-11 17:30:52 DEBUG [EmployeeBankingHikariPool:connection-adder] com.zaxxer.hikari.pool.PoolBase - EmployeeBankingHikariPool - Established new connection (b3212c74-5713-416e-b8ca-9201206038fc)
2026-08-11 17:30:52 DEBUG [EmployeeBankingHikariPool:connection-adder] com.zaxxer.hikari.pool.HikariPool - EmployeeBankingHikariPool - Added connection ConnectionID:4 ClientConnectionId: 52180f3c-b379-4199-8b74-708ddc3948cf
2026-08-11 17:30:52 DEBUG [EmployeeBankingHikariPool:connection-adder] com.zaxxer.hikari.pool.HikariPool - EmployeeBankingHikariPool - After adding stats (total=4/10, idle=4/5, active=0, waiting=0)
2026-08-11 17:30:52 DEBUG [EmployeeBankingHikariPool:connection-adder] com.zaxxer.hikari.pool.PoolBase - EmployeeBankingHikariPool - Attempting to create/setup new connection (baba8683-5228-4a06-8def-6a5cdc1eef0c)
2026-08-11 17:30:53 DEBUG [EmployeeBankingHikariPool:connection-adder] com.zaxxer.hikari.pool.PoolBase - EmployeeBankingHikariPool - Established new connection (baba8683-5228-4a06-8def-6a5cdc1eef0c)
2026-08-11 17:30:53 DEBUG [EmployeeBankingHikariPool:connection-adder] com.zaxxer.hikari.pool.HikariPool - EmployeeBankingHikariPool - Added connection ConnectionID:5 ClientConnectionId: 9144e5c0-f5cc-47ac-aa53-89ccbc38d484
2026-08-11 17:30:53 DEBUG [EmployeeBankingHikariPool:connection-adder] com.zaxxer.hikari.pool.HikariPool - EmployeeBankingHikariPool - After adding stats (total=5/10, idle=5/5, active=0, waiting=0)
2026-08-11 17:30:53 DEBUG [EmployeeBankingHikariPool:connection-adder] com.zaxxer.hikari.pool.HikariPool - EmployeeBankingHikariPool - Connection not added, stats (total=5/10, idle=5/5, active=0, waiting=0)
2026-08-11 17:30:55 INFO  [main] o.h.e.t.j.p.i.JtaPlatformInitiator - HHH000489: No JTA platform available (set 'hibernate.transaction.jta.platform' to enable JTA platform integration)
2026-08-11 17:30:55 INFO  [main] o.s.o.j.LocalContainerEntityManagerFactoryBean - Initialized JPA EntityManagerFactory for persistence unit 'default'
2026-08-11 17:31:05 INFO  [main] o.s.b.a.e.web.EndpointLinksResolver - Exposing 5 endpoints beneath base path '/actuator'
2026-08-11 17:31:06 INFO  [main] o.a.coyote.http11.Http11NioProtocol - Starting ProtocolHandler ["http-nio-8091"]
2026-08-11 17:31:06 INFO  [main] o.s.b.w.e.tomcat.TomcatWebServer - Tomcat started on port 8091 (http) with context path '/'
2026-08-11 17:31:06 INFO  [main] c.t.e.EmployeeApiApplication - Started EmployeeApiApplication in 32.244 seconds (process running for 34.008)
2026-08-11 17:31:21 DEBUG [EmployeeBankingHikariPool:housekeeper] com.zaxxer.hikari.pool.HikariPool - EmployeeBankingHikariPool - Before cleanup stats (total=5/10, idle=5/5, active=0, waiting=0)
2026-08-11 17:31:21 DEBUG [EmployeeBankingHikariPool:housekeeper] com.zaxxer.hikari.pool.HikariPool - EmployeeBankingHikariPool - After  cleanup stats (total=5/10, idle=5/5, active=0, waiting=0)
2026-08-11 17:31:21 DEBUG [EmployeeBankingHikariPool:housekeeper] com.zaxxer.hikari.pool.HikariPool - EmployeeBankingHikariPool - Fill pool skipped, pool has sufficient level or currently being filled.
2026-08-11 17:31:51 DEBUG [EmployeeBankingHikariPool:housekeeper] com.zaxxer.hikari.pool.HikariPool - EmployeeBankingHikariPool - Before cleanup stats (total=5/10, idle=5/5, active=0, waiting=0)
2026-08-11 17:31:51 DEBUG [EmployeeBankingHikariPool:housekeeper] com.zaxxer.hikari.pool.HikariPool - EmployeeBankingHikariPool - After  cleanup stats (total=5/10, idle=5/5, active=0, waiting=0)
2026-08-11 17:31:51 DEBUG [EmployeeBankingHikariPool:housekeeper] com.zaxxer.hikari.pool.HikariPool - EmployeeBankingHikariPool - Fill pool skipped, pool has sufficient level or currently being filled.
2026-08-11 17:32:21 DEBUG [EmployeeBankingHikariPool:housekeeper] com.zaxxer.hikari.pool.HikariPool - EmployeeBankingHikariPool - Before cleanup stats (total=5/10, idle=5/5, active=0, waiting=0)
2026-08-11 17:32:21 DEBUG [EmployeeBankingHikariPool:housekeeper] com.zaxxer.hikari.pool.HikariPool - EmployeeBankingHikariPool - After  cleanup stats (total=5/10, idle=5/5, active=0, waiting=0)
2026-08-11 17:32:21 DEBUG [EmployeeBankingHikariPool:housekeeper] com.zaxxer.hikari.pool.HikariPool - EmployeeBankingHikariPool - Fill pool skipped, pool has sufficient level or currently being filled.
2026-08-11 17:32:27 INFO  [http-nio-8091-exec-2] o.a.c.c.C.[Tomcat].[localhost].[/] - Initializing Spring DispatcherServlet 'dispatcherServlet'
2026-08-11 17:32:27 INFO  [http-nio-8091-exec-2] o.s.web.servlet.DispatcherServlet - Initializing Servlet 'dispatcherServlet'
2026-08-11 17:32:27 INFO  [http-nio-8091-exec-2] o.s.web.servlet.DispatcherServlet - Completed initialization in 3 ms
2026-08-11 17:32:27 DEBUG [EmployeeBankingHikariPool:housekeeper] com.zaxxer.hikari.pool.HikariPool - EmployeeBankingHikariPool - keepalive: connection ConnectionID:1 ClientConnectionId: fef3562c-c129-4fe9-a6dc-ec49bbb7756b is alive
2026-08-11 17:32:27 INFO  [http-nio-8091-exec-2] c.t.e.controller.EmployeeController - Received request to fetch all employees.
2026-08-11 17:32:28 DEBUG [http-nio-8091-exec-2] org.hibernate.SQL - 
    select
        e1_0.id,
        e1_0.department,
        e1_0.email,
        e1_0.name,
        e1_0.salary 
    from
        employee_details5 e1_0 
    order by
        (select
            0) 
    offset
        ? rows 
    fetch
        first ? rows only
2026-08-11 17:32:28 TRACE [http-nio-8091-exec-2] org.hibernate.orm.jdbc.bind - binding parameter (1:INTEGER) <- [0]
2026-08-11 17:32:28 TRACE [http-nio-8091-exec-2] org.hibernate.orm.jdbc.bind - binding parameter (2:INTEGER) <- [20]
2026-08-11 17:32:28 WARN  [http-nio-8091-exec-2] o.s.d.w.c.SpringDataJacksonConfiguration$PageModule$WarningLoggingModifier - Serializing PageImpl instances as-is is not supported, meaning that there is no guarantee about the stability of the resulting JSON structure!
	For a stable JSON structure, please use Spring Data's PagedModel (globally via @EnableSpringDataWebSupport(pageSerializationMode = VIA_DTO))
	or Spring HATEOAS and Spring Data's PagedResourcesAssembler as documented in https://docs.spring.io/spring-data/commons/reference/repositories/core-extensions.html#core.web.pageables.

2026-08-11 17:32:28 INFO  [http-nio-8091-exec-3] c.t.e.controller.EmployeeController - Received request to fetch employee with id: 1
2026-08-11 17:32:29 INFO  [http-nio-8091-exec-3] c.t.e.service.EmployeeService - Fetching employee with id: 1 from Database
2026-08-11 17:32:29 DEBUG [http-nio-8091-exec-3] org.hibernate.SQL - 
    select
        e1_0.id,
        e1_0.department,
        e1_0.email,
        e1_0.name,
        e1_0.salary 
    from
        employee_details5 e1_0 
    where
        e1_0.id=?
2026-08-11 17:32:29 TRACE [http-nio-8091-exec-3] org.hibernate.orm.jdbc.bind - binding parameter (1:INTEGER) <- [1]
2026-08-11 17:32:30 INFO  [http-nio-8091-exec-4] c.t.e.controller.EmployeeController - Received request to create employee.
2026-08-11 17:32:30 INFO  [http-nio-8091-exec-4] c.t.e.service.EmployeeService - Creating employee with email: biranchi@example.com
2026-08-11 17:32:30 DEBUG [http-nio-8091-exec-4] org.hibernate.SQL - 
    select
        top (?) e1_0.id 
    from
        employee_details5 e1_0 
    where
        e1_0.email=?
2026-08-11 17:32:30 TRACE [http-nio-8091-exec-4] org.hibernate.orm.jdbc.bind - binding parameter (1:INTEGER) <- [1]
2026-08-11 17:32:30 TRACE [http-nio-8091-exec-4] org.hibernate.orm.jdbc.bind - binding parameter (2:VARCHAR) <- [biranchi@example.com]
2026-08-11 17:32:30 WARN  [http-nio-8091-exec-4] c.t.e.e.GlobalExceptionHandler - Duplicate resource: Employee with this email already exists.
2026-08-11 17:32:30 ERROR [http-nio-8091-exec-5] c.t.e.e.GlobalExceptionHandler - Unexpected exception
org.springframework.web.method.annotation.MethodArgumentTypeMismatchException: Method parameter 'id': Failed to convert value of type 'java.lang.String' to required type 'java.lang.Integer'; For input string: "null"
	at org.springframework.web.method.annotation.AbstractNamedValueMethodArgumentResolver.convertIfNecessary(AbstractNamedValueMethodArgumentResolver.java:301)
	at org.springframework.web.method.annotation.AbstractNamedValueMethodArgumentResolver.resolveArgument(AbstractNamedValueMethodArgumentResolver.java:136)
	at org.springframework.web.method.support.HandlerMethodArgumentResolverComposite.resolveArgument(HandlerMethodArgumentResolverComposite.java:122)
	at org.springframework.web.method.support.InvocableHandlerMethod.getMethodArgumentValues(InvocableHandlerMethod.java:227)
	at org.springframework.web.method.support.InvocableHandlerMethod.invokeForRequest(InvocableHandlerMethod.java:181)
	at org.springframework.web.servlet.mvc.method.annotation.ServletInvocableHandlerMethod.invokeAndHandle(ServletInvocableHandlerMethod.java:118)
	at org.springframework.web.servlet.mvc.method.annotation.RequestMappingHandlerAdapter.invokeHandlerMethod(RequestMappingHandlerAdapter.java:991)
	at org.springframework.web.servlet.mvc.method.annotation.RequestMappingHandlerAdapter.handleInternal(RequestMappingHandlerAdapter.java:896)
	at org.springframework.web.servlet.mvc.method.AbstractHandlerMethodAdapter.handle(AbstractHandlerMethodAdapter.java:87)
	at org.springframework.web.servlet.DispatcherServlet.doDispatch(DispatcherServlet.java:1089)
	at org.springframework.web.servlet.DispatcherServlet.doService(DispatcherServlet.java:979)
	at org.springframework.web.servlet.FrameworkServlet.processRequest(FrameworkServlet.java:1014)
	at org.springframework.web.servlet.FrameworkServlet.doGet(FrameworkServlet.java:903)
	at jakarta.servlet.http.HttpServlet.service(HttpServlet.java:564)
	at org.springframework.web.servlet.FrameworkServlet.service(FrameworkServlet.java:885)
	at jakarta.servlet.http.HttpServlet.service(HttpServlet.java:658)
	at org.apache.catalina.core.ApplicationFilterChain.internalDoFilter(ApplicationFilterChain.java:195)
	at org.apache.catalina.core.ApplicationFilterChain.doFilter(ApplicationFilterChain.java:140)
	at org.apache.tomcat.websocket.server.WsFilter.doFilter(WsFilter.java:51)
	at org.apache.catalina.core.ApplicationFilterChain.internalDoFilter(ApplicationFilterChain.java:164)
	at org.apache.catalina.core.ApplicationFilterChain.doFilter(ApplicationFilterChain.java:140)
	at org.springframework.web.filter.RequestContextFilter.doFilterInternal(RequestContextFilter.java:100)
	at org.springframework.web.filter.OncePerRequestFilter.doFilter(OncePerRequestFilter.java:116)
	at org.apache.catalina.core.ApplicationFilterChain.internalDoFilter(ApplicationFilterChain.java:164)
	at org.apache.catalina.core.ApplicationFilterChain.doFilter(ApplicationFilterChain.java:140)
	at org.springframework.web.filter.FormContentFilter.doFilterInternal(FormContentFilter.java:93)
	at org.springframework.web.filter.OncePerRequestFilter.doFilter(OncePerRequestFilter.java:116)
	at org.apache.catalina.core.ApplicationFilterChain.internalDoFilter(ApplicationFilterChain.java:164)
	at org.apache.catalina.core.ApplicationFilterChain.doFilter(ApplicationFilterChain.java:140)
	at org.springframework.web.filter.ServerHttpObservationFilter.doFilterInternal(ServerHttpObservationFilter.java:110)
	at org.springframework.web.filter.OncePerRequestFilter.doFilter(OncePerRequestFilter.java:116)
	at org.apache.catalina.core.ApplicationFilterChain.internalDoFilter(ApplicationFilterChain.java:164)
	at org.apache.catalina.core.ApplicationFilterChain.doFilter(ApplicationFilterChain.java:140)
	at org.springframework.web.filter.CharacterEncodingFilter.doFilterInternal(CharacterEncodingFilter.java:201)
	at org.springframework.web.filter.OncePerRequestFilter.doFilter(OncePerRequestFilter.java:116)
	at org.apache.catalina.core.ApplicationFilterChain.internalDoFilter(ApplicationFilterChain.java:164)
	at org.apache.catalina.core.ApplicationFilterChain.doFilter(ApplicationFilterChain.java:140)
	at org.apache.catalina.core.StandardWrapperValve.invoke(StandardWrapperValve.java:167)
	at org.apache.catalina.core.StandardContextValve.invoke(StandardContextValve.java:90)
	at org.apache.catalina.authenticator.AuthenticatorBase.invoke(AuthenticatorBase.java:483)
	at org.apache.catalina.core.StandardHostValve.invoke(StandardHostValve.java:116)
	at org.apache.catalina.valves.ErrorReportValve.invoke(ErrorReportValve.java:93)
	at org.apache.catalina.core.StandardEngineValve.invoke(StandardEngineValve.java:74)
	at org.apache.catalina.connector.CoyoteAdapter.service(CoyoteAdapter.java:344)
	at org.apache.coyote.http11.Http11Processor.service(Http11Processor.java:398)
	at org.apache.coyote.AbstractProcessorLight.process(AbstractProcessorLight.java:63)
	at org.apache.coyote.AbstractProtocol$ConnectionHandler.process(AbstractProtocol.java:903)
	at org.apache.tomcat.util.net.NioEndpoint$SocketProcessor.doRun(NioEndpoint.java:1769)
	at org.apache.tomcat.util.net.SocketProcessorBase.run(SocketProcessorBase.java:52)
	at org.apache.tomcat.util.threads.ThreadPoolExecutor.runWorker(ThreadPoolExecutor.java:1189)
	at org.apache.tomcat.util.threads.ThreadPoolExecutor$Worker.run(ThreadPoolExecutor.java:658)
	at org.apache.tomcat.util.threads.TaskThread$WrappingRunnable.run(TaskThread.java:63)
	at java.base/java.lang.Thread.run(Thread.java:1583)
Caused by: java.lang.NumberFormatException: For input string: "null"
	at java.base/java.lang.NumberFormatException.forInputString(NumberFormatException.java:67)
	at java.base/java.lang.Integer.parseInt(Integer.java:662)
	at java.base/java.lang.Integer.valueOf(Integer.java:989)
	at org.springframework.util.NumberUtils.parseNumber(NumberUtils.java:201)
	at org.springframework.beans.propertyeditors.CustomNumberEditor.setAsText(CustomNumberEditor.java:115)
	at org.springframework.beans.TypeConverterDelegate.doConvertTextValue(TypeConverterDelegate.java:439)
	at org.springframework.beans.TypeConverterDelegate.doConvertValue(TypeConverterDelegate.java:412)
	at org.springframework.beans.TypeConverterDelegate.convertIfNecessary(TypeConverterDelegate.java:161)
	at org.springframework.beans.TypeConverterSupport.convertIfNecessary(TypeConverterSupport.java:80)
	at org.springframework.beans.TypeConverterSupport.convertIfNecessary(TypeConverterSupport.java:53)
	at org.springframework.validation.DataBinder.convertIfNecessary(DataBinder.java:867)
	at org.springframework.web.method.annotation.AbstractNamedValueMethodArgumentResolver.convertIfNecessary(AbstractNamedValueMethodArgumentResolver.java:293)
	... 52 common frames omitted
2026-08-11 17:32:30 ERROR [http-nio-8091-exec-7] c.t.e.e.GlobalExceptionHandler - Unexpected exception
org.springframework.web.method.annotation.MethodArgumentTypeMismatchException: Method parameter 'id': Failed to convert value of type 'java.lang.String' to required type 'java.lang.Integer'; For input string: "null"
	at org.springframework.web.method.annotation.AbstractNamedValueMethodArgumentResolver.convertIfNecessary(AbstractNamedValueMethodArgumentResolver.java:301)
	at org.springframework.web.method.annotation.AbstractNamedValueMethodArgumentResolver.resolveArgument(AbstractNamedValueMethodArgumentResolver.java:136)
	at org.springframework.web.method.support.HandlerMethodArgumentResolverComposite.resolveArgument(HandlerMethodArgumentResolverComposite.java:122)
	at org.springframework.web.method.support.InvocableHandlerMethod.getMethodArgumentValues(InvocableHandlerMethod.java:227)
	at org.springframework.web.method.support.InvocableHandlerMethod.invokeForRequest(InvocableHandlerMethod.java:181)
	at org.springframework.web.servlet.mvc.method.annotation.ServletInvocableHandlerMethod.invokeAndHandle(ServletInvocableHandlerMethod.java:118)
	at org.springframework.web.servlet.mvc.method.annotation.RequestMappingHandlerAdapter.invokeHandlerMethod(RequestMappingHandlerAdapter.java:991)
	at org.springframework.web.servlet.mvc.method.annotation.RequestMappingHandlerAdapter.handleInternal(RequestMappingHandlerAdapter.java:896)
	at org.springframework.web.servlet.mvc.method.AbstractHandlerMethodAdapter.handle(AbstractHandlerMethodAdapter.java:87)
	at org.springframework.web.servlet.DispatcherServlet.doDispatch(DispatcherServlet.java:1089)
	at org.springframework.web.servlet.DispatcherServlet.doService(DispatcherServlet.java:979)
	at org.springframework.web.servlet.FrameworkServlet.processRequest(FrameworkServlet.java:1014)
	at org.springframework.web.servlet.FrameworkServlet.doDelete(FrameworkServlet.java:936)
	at jakarta.servlet.http.HttpServlet.service(HttpServlet.java:596)
	at org.springframework.web.servlet.FrameworkServlet.service(FrameworkServlet.java:885)
	at jakarta.servlet.http.HttpServlet.service(HttpServlet.java:658)
	at org.apache.catalina.core.ApplicationFilterChain.internalDoFilter(ApplicationFilterChain.java:195)
	at org.apache.catalina.core.ApplicationFilterChain.doFilter(ApplicationFilterChain.java:140)
	at org.apache.tomcat.websocket.server.WsFilter.doFilter(WsFilter.java:51)
	at org.apache.catalina.core.ApplicationFilterChain.internalDoFilter(ApplicationFilterChain.java:164)
	at org.apache.catalina.core.ApplicationFilterChain.doFilter(ApplicationFilterChain.java:140)
	at org.springframework.web.filter.RequestContextFilter.doFilterInternal(RequestContextFilter.java:100)
	at org.springframework.web.filter.OncePerRequestFilter.doFilter(OncePerRequestFilter.java:116)
	at org.apache.catalina.core.ApplicationFilterChain.internalDoFilter(ApplicationFilterChain.java:164)
	at org.apache.catalina.core.ApplicationFilterChain.doFilter(ApplicationFilterChain.java:140)
	at org.springframework.web.filter.FormContentFilter.doFilterInternal(FormContentFilter.java:93)
	at org.springframework.web.filter.OncePerRequestFilter.doFilter(OncePerRequestFilter.java:116)
	at org.apache.catalina.core.ApplicationFilterChain.internalDoFilter(ApplicationFilterChain.java:164)
	at org.apache.catalina.core.ApplicationFilterChain.doFilter(ApplicationFilterChain.java:140)
	at org.springframework.web.filter.ServerHttpObservationFilter.doFilterInternal(ServerHttpObservationFilter.java:110)
	at org.springframework.web.filter.OncePerRequestFilter.doFilter(OncePerRequestFilter.java:116)
	at org.apache.catalina.core.ApplicationFilterChain.internalDoFilter(ApplicationFilterChain.java:164)
	at org.apache.catalina.core.ApplicationFilterChain.doFilter(ApplicationFilterChain.java:140)
	at org.springframework.web.filter.CharacterEncodingFilter.doFilterInternal(CharacterEncodingFilter.java:201)
	at org.springframework.web.filter.OncePerRequestFilter.doFilter(OncePerRequestFilter.java:116)
	at org.apache.catalina.core.ApplicationFilterChain.internalDoFilter(ApplicationFilterChain.java:164)
	at org.apache.catalina.core.ApplicationFilterChain.doFilter(ApplicationFilterChain.java:140)
	at org.apache.catalina.core.StandardWrapperValve.invoke(StandardWrapperValve.java:167)
	at org.apache.catalina.core.StandardContextValve.invoke(StandardContextValve.java:90)
	at org.apache.catalina.authenticator.AuthenticatorBase.invoke(AuthenticatorBase.java:483)
	at org.apache.catalina.core.StandardHostValve.invoke(StandardHostValve.java:116)
	at org.apache.catalina.valves.ErrorReportValve.invoke(ErrorReportValve.java:93)
	at org.apache.catalina.core.StandardEngineValve.invoke(StandardEngineValve.java:74)
	at org.apache.catalina.connector.CoyoteAdapter.service(CoyoteAdapter.java:344)
	at org.apache.coyote.http11.Http11Processor.service(Http11Processor.java:398)
	at org.apache.coyote.AbstractProcessorLight.process(AbstractProcessorLight.java:63)
	at org.apache.coyote.AbstractProtocol$ConnectionHandler.process(AbstractProtocol.java:903)
	at org.apache.tomcat.util.net.NioEndpoint$SocketProcessor.doRun(NioEndpoint.java:1769)
	at org.apache.tomcat.util.net.SocketProcessorBase.run(SocketProcessorBase.java:52)
	at org.apache.tomcat.util.threads.ThreadPoolExecutor.runWorker(ThreadPoolExecutor.java:1189)
	at org.apache.tomcat.util.threads.ThreadPoolExecutor$Worker.run(ThreadPoolExecutor.java:658)
	at org.apache.tomcat.util.threads.TaskThread$WrappingRunnable.run(TaskThread.java:63)
	at java.base/java.lang.Thread.run(Thread.java:1583)
Caused by: java.lang.NumberFormatException: For input string: "null"
	at java.base/java.lang.NumberFormatException.forInputString(NumberFormatException.java:67)
	at java.base/java.lang.Integer.parseInt(Integer.java:662)
	at java.base/java.lang.Integer.valueOf(Integer.java:989)
	at org.springframework.util.NumberUtils.parseNumber(NumberUtils.java:201)
	at org.springframework.beans.propertyeditors.CustomNumberEditor.setAsText(CustomNumberEditor.java:115)
	at org.springframework.beans.TypeConverterDelegate.doConvertTextValue(TypeConverterDelegate.java:439)
	at org.springframework.beans.TypeConverterDelegate.doConvertValue(TypeConverterDelegate.java:412)
	at org.springframework.beans.TypeConverterDelegate.convertIfNecessary(TypeConverterDelegate.java:161)
	at org.springframework.beans.TypeConverterSupport.convertIfNecessary(TypeConverterSupport.java:80)
	at org.springframework.beans.TypeConverterSupport.convertIfNecessary(TypeConverterSupport.java:53)
	at org.springframework.validation.DataBinder.convertIfNecessary(DataBinder.java:867)
	at org.springframework.web.method.annotation.AbstractNamedValueMethodArgumentResolver.convertIfNecessary(AbstractNamedValueMethodArgumentResolver.java:293)
	... 52 common frames omitted
2026-08-11 17:32:30 INFO  [http-nio-8091-exec-8] c.t.e.controller.AccountController - Received deposit request for account id: 1
2026-08-11 17:32:30 INFO  [http-nio-8091-exec-8] c.t.e.service.AccountService - Depositing 1000.0 into account id: 1
2026-08-11 17:32:30 DEBUG [http-nio-8091-exec-8] org.hibernate.SQL - 
    select
        a1_0.id,
        a1_0.account_holder_name,
        a1_0.account_number,
        a1_0.balance 
    from
        account_details5 a1_0 
    where
        a1_0.id=?
2026-08-11 17:32:30 TRACE [http-nio-8091-exec-8] org.hibernate.orm.jdbc.bind - binding parameter (1:INTEGER) <- [1]
2026-08-11 17:32:31 DEBUG [http-nio-8091-exec-8] org.hibernate.SQL - 
    update
        account_details5 
    set
        account_holder_name=?,
        account_number=?,
        balance=? 
    where
        id=?
2026-08-11 17:32:31 TRACE [http-nio-8091-exec-8] org.hibernate.orm.jdbc.bind - binding parameter (1:VARCHAR) <- [Satya Prakash]
2026-08-11 17:32:31 TRACE [http-nio-8091-exec-8] org.hibernate.orm.jdbc.bind - binding parameter (2:VARCHAR) <- [ACC123456]
2026-08-11 17:32:31 TRACE [http-nio-8091-exec-8] org.hibernate.orm.jdbc.bind - binding parameter (3:DOUBLE) <- [21000.0]
2026-08-11 17:32:31 TRACE [http-nio-8091-exec-8] org.hibernate.orm.jdbc.bind - binding parameter (4:INTEGER) <- [1]
2026-08-11 17:32:31 INFO  [http-nio-8091-exec-10] c.t.e.controller.AccountController - Received balance request for account id: 1
2026-08-11 17:32:31 INFO  [http-nio-8091-exec-10] c.t.e.service.AccountService - Fetching account balance for id: 1 from Database
2026-08-11 17:32:31 DEBUG [http-nio-8091-exec-10] org.hibernate.SQL - 
    select
        a1_0.id,
        a1_0.account_holder_name,
        a1_0.account_number,
        a1_0.balance 
    from
        account_details5 a1_0 
    where
        a1_0.id=?
2026-08-11 17:32:31 TRACE [http-nio-8091-exec-10] org.hibernate.orm.jdbc.bind - binding parameter (1:INTEGER) <- [1]
2026-08-11 17:32:31 INFO  [http-nio-8091-exec-1] c.t.e.controller.AccountController - Received withdraw request for account id: 1
2026-08-11 17:32:31 INFO  [http-nio-8091-exec-1] c.t.e.service.AccountService - Withdrawing 1000.0 from account id: 1
2026-08-11 17:32:31 DEBUG [http-nio-8091-exec-1] org.hibernate.SQL - 
    select
        a1_0.id,
        a1_0.account_holder_name,
        a1_0.account_number,
        a1_0.balance 
    from
        account_details5 a1_0 
    where
        a1_0.id=?
2026-08-11 17:32:31 TRACE [http-nio-8091-exec-1] org.hibernate.orm.jdbc.bind - binding parameter (1:INTEGER) <- [1]
2026-08-11 17:32:31 DEBUG [http-nio-8091-exec-1] org.hibernate.SQL - 
    update
        account_details5 
    set
        account_holder_name=?,
        account_number=?,
        balance=? 
    where
        id=?
2026-08-11 17:32:31 TRACE [http-nio-8091-exec-1] org.hibernate.orm.jdbc.bind - binding parameter (1:VARCHAR) <- [Satya Prakash]
2026-08-11 17:32:31 TRACE [http-nio-8091-exec-1] org.hibernate.orm.jdbc.bind - binding parameter (2:VARCHAR) <- [ACC123456]
2026-08-11 17:32:31 TRACE [http-nio-8091-exec-1] org.hibernate.orm.jdbc.bind - binding parameter (3:DOUBLE) <- [20000.0]
2026-08-11 17:32:31 TRACE [http-nio-8091-exec-1] org.hibernate.orm.jdbc.bind - binding parameter (4:INTEGER) <- [1]
2026-08-11 17:32:34 DEBUG [EmployeeBankingHikariPool:housekeeper] com.zaxxer.hikari.pool.HikariPool - EmployeeBankingHikariPool - keepalive: connection ConnectionID:5 ClientConnectionId: 9144e5c0-f5cc-47ac-aa53-89ccbc38d484 is alive
2026-08-11 17:32:40 DEBUG [EmployeeBankingHikariPool:housekeeper] com.zaxxer.hikari.pool.HikariPool - EmployeeBankingHikariPool - keepalive: connection ConnectionID:3 ClientConnectionId: feb5f6c4-dca8-43ac-850d-e4be02419ce1 is alive
2026-08-11 17:32:42 DEBUG [EmployeeBankingHikariPool:housekeeper] com.zaxxer.hikari.pool.HikariPool - EmployeeBankingHikariPool - keepalive: connection ConnectionID:4 ClientConnectionId: 52180f3c-b379-4199-8b74-708ddc3948cf is alive
2026-08-11 17:32:48 DEBUG [EmployeeBankingHikariPool:housekeeper] com.zaxxer.hikari.pool.HikariPool - EmployeeBankingHikariPool - keepalive: connection ConnectionID:2 ClientConnectionId: ee9cc780-9ff7-43a0-813e-a2e49c7da7a1 is alive
2026-08-11 17:32:51 DEBUG [EmployeeBankingHikariPool:housekeeper] com.zaxxer.hikari.pool.HikariPool - EmployeeBankingHikariPool - Before cleanup stats (total=5/10, idle=5/5, active=0, waiting=0)
2026-08-11 17:32:51 DEBUG [EmployeeBankingHikariPool:housekeeper] com.zaxxer.hikari.pool.HikariPool - EmployeeBankingHikariPool - After  cleanup stats (total=5/10, idle=5/5, active=0, waiting=0)
2026-08-11 17:32:51 DEBUG [EmployeeBankingHikariPool:housekeeper] com.zaxxer.hikari.pool.HikariPool - EmployeeBankingHikariPool - Fill pool skipped, pool has sufficient level or currently being filled.
2026-08-11 17:33:21 DEBUG [EmployeeBankingHikariPool:housekeeper] com.zaxxer.hikari.pool.HikariPool - EmployeeBankingHikariPool - Before cleanup stats (total=5/10, idle=5/5, active=0, waiting=0)
2026-08-11 17:33:21 DEBUG [EmployeeBankingHikariPool:housekeeper] com.zaxxer.hikari.pool.HikariPool - EmployeeBankingHikariPool - After  cleanup stats (total=5/10, idle=5/5, active=0, waiting=0)
2026-08-11 17:33:21 DEBUG [EmployeeBankingHikariPool:housekeeper] com.zaxxer.hikari.pool.HikariPool - EmployeeBankingHikariPool - Fill pool skipped, pool has sufficient level or currently being filled.
2026-08-11 17:33:51 DEBUG [EmployeeBankingHikariPool:housekeeper] com.zaxxer.hikari.pool.HikariPool - EmployeeBankingHikariPool - Before cleanup stats (total=5/10, idle=5/5, active=0, waiting=0)
2026-08-11 17:33:51 DEBUG [EmployeeBankingHikariPool:housekeeper] com.zaxxer.hikari.pool.HikariPool - EmployeeBankingHikariPool - After  cleanup stats (total=5/10, idle=5/5, active=0, waiting=0)
2026-08-11 17:33:51 DEBUG [EmployeeBankingHikariPool:housekeeper] com.zaxxer.hikari.pool.HikariPool - EmployeeBankingHikariPool - Fill pool skipped, pool has sufficient level or currently being filled.
2026-08-11 17:34:04 DEBUG [EmployeeBankingHikariPool:housekeeper] com.zaxxer.hikari.pool.HikariPool - EmployeeBankingHikariPool - keepalive: connection ConnectionID:1 ClientConnectionId: fef3562c-c129-4fe9-a6dc-ec49bbb7756b is alive
2026-08-11 17:34:16 DEBUG [EmployeeBankingHikariPool:housekeeper] com.zaxxer.hikari.pool.HikariPool - EmployeeBankingHikariPool - keepalive: connection ConnectionID:5 ClientConnectionId: 9144e5c0-f5cc-47ac-aa53-89ccbc38d484 is alive
2026-08-11 17:34:21 DEBUG [EmployeeBankingHikariPool:housekeeper] com.zaxxer.hikari.pool.HikariPool - EmployeeBankingHikariPool - Before cleanup stats (total=5/10, idle=5/5, active=0, waiting=0)
2026-08-11 17:34:21 DEBUG [EmployeeBankingHikariPool:housekeeper] com.zaxxer.hikari.pool.HikariPool - EmployeeBankingHikariPool - After  cleanup stats (total=5/10, idle=5/5, active=0, waiting=0)
2026-08-11 17:34:21 DEBUG [EmployeeBankingHikariPool:housekeeper] com.zaxxer.hikari.pool.HikariPool - EmployeeBankingHikariPool - Fill pool skipped, pool has sufficient level or currently being filled.
2026-08-11 17:34:28 DEBUG [EmployeeBankingHikariPool:housekeeper] com.zaxxer.hikari.pool.HikariPool - EmployeeBankingHikariPool - keepalive: connection ConnectionID:3 ClientConnectionId: feb5f6c4-dca8-43ac-850d-e4be02419ce1 is alive
2026-08-11 17:34:31 DEBUG [EmployeeBankingHikariPool:housekeeper] com.zaxxer.hikari.pool.HikariPool - EmployeeBankingHikariPool - keepalive: connection ConnectionID:4 ClientConnectionId: 52180f3c-b379-4199-8b74-708ddc3948cf is alive
2026-08-11 17:34:45 DEBUG [EmployeeBankingHikariPool:housekeeper] com.zaxxer.hikari.pool.HikariPool - EmployeeBankingHikariPool - keepalive: connection ConnectionID:2 ClientConnectionId: ee9cc780-9ff7-43a0-813e-a2e49c7da7a1 is alive
2026-08-11 17:34:51 DEBUG [EmployeeBankingHikariPool:housekeeper] com.zaxxer.hikari.pool.HikariPool - EmployeeBankingHikariPool - Before cleanup stats (total=5/10, idle=5/5, active=0, waiting=0)
2026-08-11 17:34:51 DEBUG [EmployeeBankingHikariPool:housekeeper] com.zaxxer.hikari.pool.HikariPool - EmployeeBankingHikariPool - After  cleanup stats (total=5/10, idle=5/5, active=0, waiting=0)
2026-08-11 17:34:51 DEBUG [EmployeeBankingHikariPool:housekeeper] com.zaxxer.hikari.pool.HikariPool - EmployeeBankingHikariPool - Fill pool skipped, pool has sufficient level or currently being filled.
2026-08-11 17:35:21 DEBUG [EmployeeBankingHikariPool:housekeeper] com.zaxxer.hikari.pool.HikariPool - EmployeeBankingHikariPool - Before cleanup stats (total=5/10, idle=5/5, active=0, waiting=0)
2026-08-11 17:35:21 DEBUG [EmployeeBankingHikariPool:housekeeper] com.zaxxer.hikari.pool.HikariPool - EmployeeBankingHikariPool - After  cleanup stats (total=5/10, idle=5/5, active=0, waiting=0)
2026-08-11 17:35:21 DEBUG [EmployeeBankingHikariPool:housekeeper] com.zaxxer.hikari.pool.HikariPool - EmployeeBankingHikariPool - Fill pool skipped, pool has sufficient level or currently being filled.
2026-08-11 17:35:40 DEBUG [EmployeeBankingHikariPool:housekeeper] com.zaxxer.hikari.pool.HikariPool - EmployeeBankingHikariPool - keepalive: connection ConnectionID:1 ClientConnectionId: fef3562c-c129-4fe9-a6dc-ec49bbb7756b is alive
2026-08-11 17:35:51 DEBUG [EmployeeBankingHikariPool:housekeeper] com.zaxxer.hikari.pool.HikariPool - EmployeeBankingHikariPool - Before cleanup stats (total=5/10, idle=5/5, active=0, waiting=0)
2026-08-11 17:35:51 DEBUG [EmployeeBankingHikariPool:housekeeper] com.zaxxer.hikari.pool.HikariPool - EmployeeBankingHikariPool - After  cleanup stats (total=5/10, idle=5/5, active=0, waiting=0)
2026-08-11 17:35:51 DEBUG [EmployeeBankingHikariPool:housekeeper] com.zaxxer.hikari.pool.HikariPool - EmployeeBankingHikariPool - Fill pool skipped, pool has sufficient level or currently being filled.
2026-08-11 17:35:58 DEBUG [EmployeeBankingHikariPool:housekeeper] com.zaxxer.hikari.pool.HikariPool - EmployeeBankingHikariPool - keepalive: connection ConnectionID:5 ClientConnectionId: 9144e5c0-f5cc-47ac-aa53-89ccbc38d484 is alive
2026-08-11 17:36:11 INFO  [http-nio-8091-exec-4] c.t.e.controller.AccountController - Received balance request for account id: 1
2026-08-11 17:36:11 INFO  [http-nio-8091-exec-4] c.t.e.service.AccountService - Fetching account balance for id: 1 from Database
2026-08-11 17:36:11 DEBUG [http-nio-8091-exec-4] org.hibernate.SQL - 
    select
        a1_0.id,
        a1_0.account_holder_name,
        a1_0.account_number,
        a1_0.balance 
    from
        account_details5 a1_0 
    where
        a1_0.id=?
2026-08-11 17:36:11 TRACE [http-nio-8091-exec-4] org.hibernate.orm.jdbc.bind - binding parameter (1:INTEGER) <- [1]
2026-08-11 17:36:15 DEBUG [EmployeeBankingHikariPool:housekeeper] com.zaxxer.hikari.pool.HikariPool - EmployeeBankingHikariPool - keepalive: connection ConnectionID:3 ClientConnectionId: feb5f6c4-dca8-43ac-850d-e4be02419ce1 is alive
2026-08-11 17:36:20 DEBUG [EmployeeBankingHikariPool:housekeeper] com.zaxxer.hikari.pool.HikariPool - EmployeeBankingHikariPool - keepalive: connection ConnectionID:4 ClientConnectionId: 52180f3c-b379-4199-8b74-708ddc3948cf is alive
2026-08-11 17:36:21 DEBUG [EmployeeBankingHikariPool:housekeeper] com.zaxxer.hikari.pool.HikariPool - EmployeeBankingHikariPool - Before cleanup stats (total=5/10, idle=5/5, active=0, waiting=0)
2026-08-11 17:36:21 DEBUG [EmployeeBankingHikariPool:housekeeper] com.zaxxer.hikari.pool.HikariPool - EmployeeBankingHikariPool - After  cleanup stats (total=5/10, idle=5/5, active=0, waiting=0)
2026-08-11 17:36:21 DEBUG [EmployeeBankingHikariPool:housekeeper] com.zaxxer.hikari.pool.HikariPool - EmployeeBankingHikariPool - Fill pool skipped, pool has sufficient level or currently being filled.
2026-08-11 17:36:31 INFO  [http-nio-8091-exec-6] c.t.e.controller.EmployeeController - Received request to fetch all employees.
2026-08-11 17:36:31 DEBUG [http-nio-8091-exec-6] org.hibernate.SQL - 
    select
        e1_0.id,
        e1_0.department,
        e1_0.email,
        e1_0.name,
        e1_0.salary 
    from
        employee_details5 e1_0 
    order by
        (select
            0) 
    offset
        ? rows 
    fetch
        first ? rows only
2026-08-11 17:36:31 TRACE [http-nio-8091-exec-6] org.hibernate.orm.jdbc.bind - binding parameter (1:INTEGER) <- [0]
2026-08-11 17:36:31 TRACE [http-nio-8091-exec-6] org.hibernate.orm.jdbc.bind - binding parameter (2:INTEGER) <- [20]
2026-08-11 17:36:31 INFO  [http-nio-8091-exec-7] c.t.e.controller.EmployeeController - Received request to fetch employee with id: 1
2026-08-11 17:36:31 INFO  [http-nio-8091-exec-9] c.t.e.controller.EmployeeController - Received request to create employee.
2026-08-11 17:36:31 INFO  [http-nio-8091-exec-9] c.t.e.service.EmployeeService - Creating employee with email: biranchi@example.com
2026-08-11 17:36:31 DEBUG [http-nio-8091-exec-9] org.hibernate.SQL - 
    select
        top (?) e1_0.id 
    from
        employee_details5 e1_0 
    where
        e1_0.email=?
2026-08-11 17:36:31 TRACE [http-nio-8091-exec-9] org.hibernate.orm.jdbc.bind - binding parameter (1:INTEGER) <- [1]
2026-08-11 17:36:31 TRACE [http-nio-8091-exec-9] org.hibernate.orm.jdbc.bind - binding parameter (2:VARCHAR) <- [biranchi@example.com]
2026-08-11 17:36:31 WARN  [http-nio-8091-exec-9] c.t.e.e.GlobalExceptionHandler - Duplicate resource: Employee with this email already exists.
2026-08-11 17:36:31 ERROR [http-nio-8091-exec-8] c.t.e.e.GlobalExceptionHandler - Unexpected exception
org.springframework.web.method.annotation.MethodArgumentTypeMismatchException: Method parameter 'id': Failed to convert value of type 'java.lang.String' to required type 'java.lang.Integer'; For input string: "null"
	at org.springframework.web.method.annotation.AbstractNamedValueMethodArgumentResolver.convertIfNecessary(AbstractNamedValueMethodArgumentResolver.java:301)
	at org.springframework.web.method.annotation.AbstractNamedValueMethodArgumentResolver.resolveArgument(AbstractNamedValueMethodArgumentResolver.java:136)
	at org.springframework.web.method.support.HandlerMethodArgumentResolverComposite.resolveArgument(HandlerMethodArgumentResolverComposite.java:122)
	at org.springframework.web.method.support.InvocableHandlerMethod.getMethodArgumentValues(InvocableHandlerMethod.java:227)
	at org.springframework.web.method.support.InvocableHandlerMethod.invokeForRequest(InvocableHandlerMethod.java:181)
	at org.springframework.web.servlet.mvc.method.annotation.ServletInvocableHandlerMethod.invokeAndHandle(ServletInvocableHandlerMethod.java:118)
	at org.springframework.web.servlet.mvc.method.annotation.RequestMappingHandlerAdapter.invokeHandlerMethod(RequestMappingHandlerAdapter.java:991)
	at org.springframework.web.servlet.mvc.method.annotation.RequestMappingHandlerAdapter.handleInternal(RequestMappingHandlerAdapter.java:896)
	at org.springframework.web.servlet.mvc.method.AbstractHandlerMethodAdapter.handle(AbstractHandlerMethodAdapter.java:87)
	at org.springframework.web.servlet.DispatcherServlet.doDispatch(DispatcherServlet.java:1089)
	at org.springframework.web.servlet.DispatcherServlet.doService(DispatcherServlet.java:979)
	at org.springframework.web.servlet.FrameworkServlet.processRequest(FrameworkServlet.java:1014)
	at org.springframework.web.servlet.FrameworkServlet.doGet(FrameworkServlet.java:903)
	at jakarta.servlet.http.HttpServlet.service(HttpServlet.java:564)
	at org.springframework.web.servlet.FrameworkServlet.service(FrameworkServlet.java:885)
	at jakarta.servlet.http.HttpServlet.service(HttpServlet.java:658)
	at org.apache.catalina.core.ApplicationFilterChain.internalDoFilter(ApplicationFilterChain.java:195)
	at org.apache.catalina.core.ApplicationFilterChain.doFilter(ApplicationFilterChain.java:140)
	at org.apache.tomcat.websocket.server.WsFilter.doFilter(WsFilter.java:51)
	at org.apache.catalina.core.ApplicationFilterChain.internalDoFilter(ApplicationFilterChain.java:164)
	at org.apache.catalina.core.ApplicationFilterChain.doFilter(ApplicationFilterChain.java:140)
	at org.springframework.web.filter.RequestContextFilter.doFilterInternal(RequestContextFilter.java:100)
	at org.springframework.web.filter.OncePerRequestFilter.doFilter(OncePerRequestFilter.java:116)
	at org.apache.catalina.core.ApplicationFilterChain.internalDoFilter(ApplicationFilterChain.java:164)
	at org.apache.catalina.core.ApplicationFilterChain.doFilter(ApplicationFilterChain.java:140)
	at org.springframework.web.filter.FormContentFilter.doFilterInternal(FormContentFilter.java:93)
	at org.springframework.web.filter.OncePerRequestFilter.doFilter(OncePerRequestFilter.java:116)
	at org.apache.catalina.core.ApplicationFilterChain.internalDoFilter(ApplicationFilterChain.java:164)
	at org.apache.catalina.core.ApplicationFilterChain.doFilter(ApplicationFilterChain.java:140)
	at org.springframework.web.filter.ServerHttpObservationFilter.doFilterInternal(ServerHttpObservationFilter.java:110)
	at org.springframework.web.filter.OncePerRequestFilter.doFilter(OncePerRequestFilter.java:116)
	at org.apache.catalina.core.ApplicationFilterChain.internalDoFilter(ApplicationFilterChain.java:164)
	at org.apache.catalina.core.ApplicationFilterChain.doFilter(ApplicationFilterChain.java:140)
	at org.springframework.web.filter.CharacterEncodingFilter.doFilterInternal(CharacterEncodingFilter.java:201)
	at org.springframework.web.filter.OncePerRequestFilter.doFilter(OncePerRequestFilter.java:116)
	at org.apache.catalina.core.ApplicationFilterChain.internalDoFilter(ApplicationFilterChain.java:164)
	at org.apache.catalina.core.ApplicationFilterChain.doFilter(ApplicationFilterChain.java:140)
	at org.apache.catalina.core.StandardWrapperValve.invoke(StandardWrapperValve.java:167)
	at org.apache.catalina.core.StandardContextValve.invoke(StandardContextValve.java:90)
	at org.apache.catalina.authenticator.AuthenticatorBase.invoke(AuthenticatorBase.java:483)
	at org.apache.catalina.core.StandardHostValve.invoke(StandardHostValve.java:116)
	at org.apache.catalina.valves.ErrorReportValve.invoke(ErrorReportValve.java:93)
	at org.apache.catalina.core.StandardEngineValve.invoke(StandardEngineValve.java:74)
	at org.apache.catalina.connector.CoyoteAdapter.service(CoyoteAdapter.java:344)
	at org.apache.coyote.http11.Http11Processor.service(Http11Processor.java:398)
	at org.apache.coyote.AbstractProcessorLight.process(AbstractProcessorLight.java:63)
	at org.apache.coyote.AbstractProtocol$ConnectionHandler.process(AbstractProtocol.java:903)
	at org.apache.tomcat.util.net.NioEndpoint$SocketProcessor.doRun(NioEndpoint.java:1769)
	at org.apache.tomcat.util.net.SocketProcessorBase.run(SocketProcessorBase.java:52)
	at org.apache.tomcat.util.threads.ThreadPoolExecutor.runWorker(ThreadPoolExecutor.java:1189)
	at org.apache.tomcat.util.threads.ThreadPoolExecutor$Worker.run(ThreadPoolExecutor.java:658)
	at org.apache.tomcat.util.threads.TaskThread$WrappingRunnable.run(TaskThread.java:63)
	at java.base/java.lang.Thread.run(Thread.java:1583)
Caused by: java.lang.NumberFormatException: For input string: "null"
	at java.base/java.lang.NumberFormatException.forInputString(NumberFormatException.java:67)
	at java.base/java.lang.Integer.parseInt(Integer.java:662)
	at java.base/java.lang.Integer.valueOf(Integer.java:989)
	at org.springframework.util.NumberUtils.parseNumber(NumberUtils.java:201)
	at org.springframework.beans.propertyeditors.CustomNumberEditor.setAsText(CustomNumberEditor.java:115)
	at org.springframework.beans.TypeConverterDelegate.doConvertTextValue(TypeConverterDelegate.java:439)
	at org.springframework.beans.TypeConverterDelegate.doConvertValue(TypeConverterDelegate.java:412)
	at org.springframework.beans.TypeConverterDelegate.convertIfNecessary(TypeConverterDelegate.java:161)
	at org.springframework.beans.TypeConverterSupport.convertIfNecessary(TypeConverterSupport.java:80)
	at org.springframework.beans.TypeConverterSupport.convertIfNecessary(TypeConverterSupport.java:53)
	at org.springframework.validation.DataBinder.convertIfNecessary(DataBinder.java:867)
	at org.springframework.web.method.annotation.AbstractNamedValueMethodArgumentResolver.convertIfNecessary(AbstractNamedValueMethodArgumentResolver.java:293)
	... 52 common frames omitted
2026-08-11 17:36:32 ERROR [http-nio-8091-exec-1] c.t.e.e.GlobalExceptionHandler - Unexpected exception
org.springframework.web.method.annotation.MethodArgumentTypeMismatchException: Method parameter 'id': Failed to convert value of type 'java.lang.String' to required type 'java.lang.Integer'; For input string: "null"
	at org.springframework.web.method.annotation.AbstractNamedValueMethodArgumentResolver.convertIfNecessary(AbstractNamedValueMethodArgumentResolver.java:301)
	at org.springframework.web.method.annotation.AbstractNamedValueMethodArgumentResolver.resolveArgument(AbstractNamedValueMethodArgumentResolver.java:136)
	at org.springframework.web.method.support.HandlerMethodArgumentResolverComposite.resolveArgument(HandlerMethodArgumentResolverComposite.java:122)
	at org.springframework.web.method.support.InvocableHandlerMethod.getMethodArgumentValues(InvocableHandlerMethod.java:227)
	at org.springframework.web.method.support.InvocableHandlerMethod.invokeForRequest(InvocableHandlerMethod.java:181)
	at org.springframework.web.servlet.mvc.method.annotation.ServletInvocableHandlerMethod.invokeAndHandle(ServletInvocableHandlerMethod.java:118)
	at org.springframework.web.servlet.mvc.method.annotation.RequestMappingHandlerAdapter.invokeHandlerMethod(RequestMappingHandlerAdapter.java:991)
	at org.springframework.web.servlet.mvc.method.annotation.RequestMappingHandlerAdapter.handleInternal(RequestMappingHandlerAdapter.java:896)
	at org.springframework.web.servlet.mvc.method.AbstractHandlerMethodAdapter.handle(AbstractHandlerMethodAdapter.java:87)
	at org.springframework.web.servlet.DispatcherServlet.doDispatch(DispatcherServlet.java:1089)
	at org.springframework.web.servlet.DispatcherServlet.doService(DispatcherServlet.java:979)
	at org.springframework.web.servlet.FrameworkServlet.processRequest(FrameworkServlet.java:1014)
	at org.springframework.web.servlet.FrameworkServlet.doDelete(FrameworkServlet.java:936)
	at jakarta.servlet.http.HttpServlet.service(HttpServlet.java:596)
	at org.springframework.web.servlet.FrameworkServlet.service(FrameworkServlet.java:885)
	at jakarta.servlet.http.HttpServlet.service(HttpServlet.java:658)
	at org.apache.catalina.core.ApplicationFilterChain.internalDoFilter(ApplicationFilterChain.java:195)
	at org.apache.catalina.core.ApplicationFilterChain.doFilter(ApplicationFilterChain.java:140)
	at org.apache.tomcat.websocket.server.WsFilter.doFilter(WsFilter.java:51)
	at org.apache.catalina.core.ApplicationFilterChain.internalDoFilter(ApplicationFilterChain.java:164)
	at org.apache.catalina.core.ApplicationFilterChain.doFilter(ApplicationFilterChain.java:140)
	at org.springframework.web.filter.RequestContextFilter.doFilterInternal(RequestContextFilter.java:100)
	at org.springframework.web.filter.OncePerRequestFilter.doFilter(OncePerRequestFilter.java:116)
	at org.apache.catalina.core.ApplicationFilterChain.internalDoFilter(ApplicationFilterChain.java:164)
	at org.apache.catalina.core.ApplicationFilterChain.doFilter(ApplicationFilterChain.java:140)
	at org.springframework.web.filter.FormContentFilter.doFilterInternal(FormContentFilter.java:93)
	at org.springframework.web.filter.OncePerRequestFilter.doFilter(OncePerRequestFilter.java:116)
	at org.apache.catalina.core.ApplicationFilterChain.internalDoFilter(ApplicationFilterChain.java:164)
	at org.apache.catalina.core.ApplicationFilterChain.doFilter(ApplicationFilterChain.java:140)
	at org.springframework.web.filter.ServerHttpObservationFilter.doFilterInternal(ServerHttpObservationFilter.java:110)
	at org.springframework.web.filter.OncePerRequestFilter.doFilter(OncePerRequestFilter.java:116)
	at org.apache.catalina.core.ApplicationFilterChain.internalDoFilter(ApplicationFilterChain.java:164)
	at org.apache.catalina.core.ApplicationFilterChain.doFilter(ApplicationFilterChain.java:140)
	at org.springframework.web.filter.CharacterEncodingFilter.doFilterInternal(CharacterEncodingFilter.java:201)
	at org.springframework.web.filter.OncePerRequestFilter.doFilter(OncePerRequestFilter.java:116)
	at org.apache.catalina.core.ApplicationFilterChain.internalDoFilter(ApplicationFilterChain.java:164)
	at org.apache.catalina.core.ApplicationFilterChain.doFilter(ApplicationFilterChain.java:140)
	at org.apache.catalina.core.StandardWrapperValve.invoke(StandardWrapperValve.java:167)
	at org.apache.catalina.core.StandardContextValve.invoke(StandardContextValve.java:90)
	at org.apache.catalina.authenticator.AuthenticatorBase.invoke(AuthenticatorBase.java:483)
	at org.apache.catalina.core.StandardHostValve.invoke(StandardHostValve.java:116)
	at org.apache.catalina.valves.ErrorReportValve.invoke(ErrorReportValve.java:93)
	at org.apache.catalina.core.StandardEngineValve.invoke(StandardEngineValve.java:74)
	at org.apache.catalina.connector.CoyoteAdapter.service(CoyoteAdapter.java:344)
	at org.apache.coyote.http11.Http11Processor.service(Http11Processor.java:398)
	at org.apache.coyote.AbstractProcessorLight.process(AbstractProcessorLight.java:63)
	at org.apache.coyote.AbstractProtocol$ConnectionHandler.process(AbstractProtocol.java:903)
	at org.apache.tomcat.util.net.NioEndpoint$SocketProcessor.doRun(NioEndpoint.java:1769)
	at org.apache.tomcat.util.net.SocketProcessorBase.run(SocketProcessorBase.java:52)
	at org.apache.tomcat.util.threads.ThreadPoolExecutor.runWorker(ThreadPoolExecutor.java:1189)
	at org.apache.tomcat.util.threads.ThreadPoolExecutor$Worker.run(ThreadPoolExecutor.java:658)
	at org.apache.tomcat.util.threads.TaskThread$WrappingRunnable.run(TaskThread.java:63)
	at java.base/java.lang.Thread.run(Thread.java:1583)
Caused by: java.lang.NumberFormatException: For input string: "null"
	at java.base/java.lang.NumberFormatException.forInputString(NumberFormatException.java:67)
	at java.base/java.lang.Integer.parseInt(Integer.java:662)
	at java.base/java.lang.Integer.valueOf(Integer.java:989)
	at org.springframework.util.NumberUtils.parseNumber(NumberUtils.java:201)
	at org.springframework.beans.propertyeditors.CustomNumberEditor.setAsText(CustomNumberEditor.java:115)
	at org.springframework.beans.TypeConverterDelegate.doConvertTextValue(TypeConverterDelegate.java:439)
	at org.springframework.beans.TypeConverterDelegate.doConvertValue(TypeConverterDelegate.java:412)
	at org.springframework.beans.TypeConverterDelegate.convertIfNecessary(TypeConverterDelegate.java:161)
	at org.springframework.beans.TypeConverterSupport.convertIfNecessary(TypeConverterSupport.java:80)
	at org.springframework.beans.TypeConverterSupport.convertIfNecessary(TypeConverterSupport.java:53)
	at org.springframework.validation.DataBinder.convertIfNecessary(DataBinder.java:867)
	at org.springframework.web.method.annotation.AbstractNamedValueMethodArgumentResolver.convertIfNecessary(AbstractNamedValueMethodArgumentResolver.java:293)
	... 52 common frames omitted
2026-08-11 17:36:32 INFO  [http-nio-8091-exec-3] c.t.e.controller.AccountController - Received deposit request for account id: 1
2026-08-11 17:36:32 INFO  [http-nio-8091-exec-3] c.t.e.service.AccountService - Depositing 1000.0 into account id: 1
2026-08-11 17:36:32 DEBUG [http-nio-8091-exec-3] org.hibernate.SQL - 
    select
        a1_0.id,
        a1_0.account_holder_name,
        a1_0.account_number,
        a1_0.balance 
    from
        account_details5 a1_0 
    where
        a1_0.id=?
2026-08-11 17:36:32 TRACE [http-nio-8091-exec-3] org.hibernate.orm.jdbc.bind - binding parameter (1:INTEGER) <- [1]
2026-08-11 17:36:32 DEBUG [http-nio-8091-exec-3] org.hibernate.SQL - 
    update
        account_details5 
    set
        account_holder_name=?,
        account_number=?,
        balance=? 
    where
        id=?
2026-08-11 17:36:32 TRACE [http-nio-8091-exec-3] org.hibernate.orm.jdbc.bind - binding parameter (1:VARCHAR) <- [Satya Prakash]
2026-08-11 17:36:32 TRACE [http-nio-8091-exec-3] org.hibernate.orm.jdbc.bind - binding parameter (2:VARCHAR) <- [ACC123456]
2026-08-11 17:36:32 TRACE [http-nio-8091-exec-3] org.hibernate.orm.jdbc.bind - binding parameter (3:DOUBLE) <- [21000.0]
2026-08-11 17:36:32 TRACE [http-nio-8091-exec-3] org.hibernate.orm.jdbc.bind - binding parameter (4:INTEGER) <- [1]
2026-08-11 17:36:33 INFO  [http-nio-8091-exec-4] c.t.e.controller.AccountController - Received balance request for account id: 1
2026-08-11 17:36:33 INFO  [http-nio-8091-exec-4] c.t.e.service.AccountService - Fetching account balance for id: 1 from Database
2026-08-11 17:36:33 DEBUG [http-nio-8091-exec-4] org.hibernate.SQL - 
    select
        a1_0.id,
        a1_0.account_holder_name,
        a1_0.account_number,
        a1_0.balance 
    from
        account_details5 a1_0 
    where
        a1_0.id=?
2026-08-11 17:36:33 TRACE [http-nio-8091-exec-4] org.hibernate.orm.jdbc.bind - binding parameter (1:INTEGER) <- [1]
2026-08-11 17:36:33 INFO  [http-nio-8091-exec-5] c.t.e.controller.AccountController - Received withdraw request for account id: 1
2026-08-11 17:36:33 INFO  [http-nio-8091-exec-5] c.t.e.service.AccountService - Withdrawing 1000.0 from account id: 1
2026-08-11 17:36:33 DEBUG [http-nio-8091-exec-5] org.hibernate.SQL - 
    select
        a1_0.id,
        a1_0.account_holder_name,
        a1_0.account_number,
        a1_0.balance 
    from
        account_details5 a1_0 
    where
        a1_0.id=?
2026-08-11 17:36:33 TRACE [http-nio-8091-exec-5] org.hibernate.orm.jdbc.bind - binding parameter (1:INTEGER) <- [1]
2026-08-11 17:36:33 DEBUG [http-nio-8091-exec-5] org.hibernate.SQL - 
    update
        account_details5 
    set
        account_holder_name=?,
        account_number=?,
        balance=? 
    where
        id=?
2026-08-11 17:36:33 TRACE [http-nio-8091-exec-5] org.hibernate.orm.jdbc.bind - binding parameter (1:VARCHAR) <- [Satya Prakash]
2026-08-11 17:36:33 TRACE [http-nio-8091-exec-5] org.hibernate.orm.jdbc.bind - binding parameter (2:VARCHAR) <- [ACC123456]
2026-08-11 17:36:33 TRACE [http-nio-8091-exec-5] org.hibernate.orm.jdbc.bind - binding parameter (3:DOUBLE) <- [20000.0]
2026-08-11 17:36:33 TRACE [http-nio-8091-exec-5] org.hibernate.orm.jdbc.bind - binding parameter (4:INTEGER) <- [1]
2026-08-11 17:36:42 DEBUG [EmployeeBankingHikariPool:housekeeper] com.zaxxer.hikari.pool.HikariPool - EmployeeBankingHikariPool - keepalive: connection ConnectionID:2 ClientConnectionId: ee9cc780-9ff7-43a0-813e-a2e49c7da7a1 is alive
2026-08-11 17:36:51 DEBUG [EmployeeBankingHikariPool:housekeeper] com.zaxxer.hikari.pool.HikariPool - EmployeeBankingHikariPool - Before cleanup stats (total=5/10, idle=5/5, active=0, waiting=0)
2026-08-11 17:36:51 DEBUG [EmployeeBankingHikariPool:housekeeper] com.zaxxer.hikari.pool.HikariPool - EmployeeBankingHikariPool - After  cleanup stats (total=5/10, idle=5/5, active=0, waiting=0)
2026-08-11 17:36:51 DEBUG [EmployeeBankingHikariPool:housekeeper] com.zaxxer.hikari.pool.HikariPool - EmployeeBankingHikariPool - Fill pool skipped, pool has sufficient level or currently being filled.
2026-08-11 17:37:16 DEBUG [EmployeeBankingHikariPool:housekeeper] com.zaxxer.hikari.pool.HikariPool - EmployeeBankingHikariPool - keepalive: connection ConnectionID:1 ClientConnectionId: fef3562c-c129-4fe9-a6dc-ec49bbb7756b is alive
2026-08-11 17:37:21 DEBUG [EmployeeBankingHikariPool:housekeeper] com.zaxxer.hikari.pool.HikariPool - EmployeeBankingHikariPool - Before cleanup stats (total=5/10, idle=5/5, active=0, waiting=0)
2026-08-11 17:37:21 DEBUG [EmployeeBankingHikariPool:housekeeper] com.zaxxer.hikari.pool.HikariPool - EmployeeBankingHikariPool - After  cleanup stats (total=5/10, idle=5/5, active=0, waiting=0)
2026-08-11 17:37:21 DEBUG [EmployeeBankingHikariPool:housekeeper] com.zaxxer.hikari.pool.HikariPool - EmployeeBankingHikariPool - Fill pool skipped, pool has sufficient level or currently being filled.
2026-08-11 17:37:39 DEBUG [EmployeeBankingHikariPool:housekeeper] com.zaxxer.hikari.pool.HikariPool - EmployeeBankingHikariPool - keepalive: connection ConnectionID:5 ClientConnectionId: 9144e5c0-f5cc-47ac-aa53-89ccbc38d484 is alive
2026-08-11 17:37:51 DEBUG [EmployeeBankingHikariPool:housekeeper] com.zaxxer.hikari.pool.HikariPool - EmployeeBankingHikariPool - Before cleanup stats (total=5/10, idle=5/5, active=0, waiting=0)
2026-08-11 17:37:51 DEBUG [EmployeeBankingHikariPool:housekeeper] com.zaxxer.hikari.pool.HikariPool - EmployeeBankingHikariPool - After  cleanup stats (total=5/10, idle=5/5, active=0, waiting=0)
2026-08-11 17:37:51 DEBUG [EmployeeBankingHikariPool:housekeeper] com.zaxxer.hikari.pool.HikariPool - EmployeeBankingHikariPool - Fill pool skipped, pool has sufficient level or currently being filled.
2026-08-11 17:38:03 DEBUG [EmployeeBankingHikariPool:housekeeper] com.zaxxer.hikari.pool.HikariPool - EmployeeBankingHikariPool - keepalive: connection ConnectionID:3 ClientConnectionId: feb5f6c4-dca8-43ac-850d-e4be02419ce1 is alive
2026-08-11 17:38:10 DEBUG [EmployeeBankingHikariPool:housekeeper] com.zaxxer.hikari.pool.HikariPool - EmployeeBankingHikariPool - keepalive: connection ConnectionID:4 ClientConnectionId: 52180f3c-b379-4199-8b74-708ddc3948cf is alive
2026-08-11 17:38:21 DEBUG [EmployeeBankingHikariPool:housekeeper] com.zaxxer.hikari.pool.HikariPool - EmployeeBankingHikariPool - Before cleanup stats (total=5/10, idle=5/5, active=0, waiting=0)
2026-08-11 17:38:21 DEBUG [EmployeeBankingHikariPool:housekeeper] com.zaxxer.hikari.pool.HikariPool - EmployeeBankingHikariPool - After  cleanup stats (total=5/10, idle=5/5, active=0, waiting=0)
2026-08-11 17:38:21 DEBUG [EmployeeBankingHikariPool:housekeeper] com.zaxxer.hikari.pool.HikariPool - EmployeeBankingHikariPool - Fill pool skipped, pool has sufficient level or currently being filled.
2026-08-11 17:38:39 DEBUG [EmployeeBankingHikariPool:housekeeper] com.zaxxer.hikari.pool.HikariPool - EmployeeBankingHikariPool - keepalive: connection ConnectionID:2 ClientConnectionId: ee9cc780-9ff7-43a0-813e-a2e49c7da7a1 is alive
2026-08-11 17:38:51 DEBUG [EmployeeBankingHikariPool:housekeeper] com.zaxxer.hikari.pool.HikariPool - EmployeeBankingHikariPool - Before cleanup stats (total=5/10, idle=5/5, active=0, waiting=0)
2026-08-11 17:38:51 DEBUG [EmployeeBankingHikariPool:housekeeper] com.zaxxer.hikari.pool.HikariPool - EmployeeBankingHikariPool - After  cleanup stats (total=5/10, idle=5/5, active=0, waiting=0)
2026-08-11 17:38:51 DEBUG [EmployeeBankingHikariPool:housekeeper] com.zaxxer.hikari.pool.HikariPool - EmployeeBankingHikariPool - Fill pool skipped, pool has sufficient level or currently being filled.
2026-08-11 17:38:52 DEBUG [EmployeeBankingHikariPool:housekeeper] com.zaxxer.hikari.pool.HikariPool - EmployeeBankingHikariPool - keepalive: connection ConnectionID:1 ClientConnectionId: fef3562c-c129-4fe9-a6dc-ec49bbb7756b is alive
2026-08-11 17:39:21 DEBUG [EmployeeBankingHikariPool:housekeeper] com.zaxxer.hikari.pool.HikariPool - EmployeeBankingHikariPool - keepalive: connection ConnectionID:5 ClientConnectionId: 9144e5c0-f5cc-47ac-aa53-89ccbc38d484 is alive
2026-08-11 17:39:21 DEBUG [EmployeeBankingHikariPool:housekeeper] com.zaxxer.hikari.pool.HikariPool - EmployeeBankingHikariPool - Before cleanup stats (total=5/10, idle=5/5, active=0, waiting=0)
2026-08-11 17:39:21 DEBUG [EmployeeBankingHikariPool:housekeeper] com.zaxxer.hikari.pool.HikariPool - EmployeeBankingHikariPool - After  cleanup stats (total=5/10, idle=5/5, active=0, waiting=0)
2026-08-11 17:39:21 DEBUG [EmployeeBankingHikariPool:housekeeper] com.zaxxer.hikari.pool.HikariPool - EmployeeBankingHikariPool - Fill pool skipped, pool has sufficient level or currently being filled.
2026-08-11 17:39:51 DEBUG [EmployeeBankingHikariPool:housekeeper] com.zaxxer.hikari.pool.HikariPool - EmployeeBankingHikariPool - keepalive: connection ConnectionID:3 ClientConnectionId: feb5f6c4-dca8-43ac-850d-e4be02419ce1 is alive
2026-08-11 17:39:51 DEBUG [EmployeeBankingHikariPool:housekeeper] com.zaxxer.hikari.pool.HikariPool - EmployeeBankingHikariPool - Before cleanup stats (total=5/10, idle=5/5, active=0, waiting=0)
2026-08-11 17:39:51 DEBUG [EmployeeBankingHikariPool:housekeeper] com.zaxxer.hikari.pool.HikariPool - EmployeeBankingHikariPool - After  cleanup stats (total=5/10, idle=5/5, active=0, waiting=0)
2026-08-11 17:39:51 DEBUG [EmployeeBankingHikariPool:housekeeper] com.zaxxer.hikari.pool.HikariPool - EmployeeBankingHikariPool - Fill pool skipped, pool has sufficient level or currently being filled.
2026-08-11 17:39:59 DEBUG [EmployeeBankingHikariPool:housekeeper] com.zaxxer.hikari.pool.HikariPool - EmployeeBankingHikariPool - keepalive: connection ConnectionID:4 ClientConnectionId: 52180f3c-b379-4199-8b74-708ddc3948cf is alive
2026-08-11 17:39:59 INFO  [http-nio-8091-exec-8] c.t.e.controller.EmployeeController - Received request to fetch all employees.
2026-08-11 17:39:59 DEBUG [http-nio-8091-exec-8] org.hibernate.SQL - 
    select
        e1_0.id,
        e1_0.department,
        e1_0.email,
        e1_0.name,
        e1_0.salary 
    from
        employee_details5 e1_0 
    order by
        (select
            0) 
    offset
        ? rows 
    fetch
        first ? rows only
2026-08-11 17:39:59 TRACE [http-nio-8091-exec-8] org.hibernate.orm.jdbc.bind - binding parameter (1:INTEGER) <- [0]
2026-08-11 17:39:59 TRACE [http-nio-8091-exec-8] org.hibernate.orm.jdbc.bind - binding parameter (2:INTEGER) <- [20]
2026-08-11 17:40:00 INFO  [http-nio-8091-exec-10] c.t.e.controller.EmployeeController - Received request to fetch employee with id: 1
2026-08-11 17:40:00 INFO  [http-nio-8091-exec-1] c.t.e.controller.EmployeeController - Received request to create employee.
2026-08-11 17:40:00 INFO  [http-nio-8091-exec-1] c.t.e.service.EmployeeService - Creating employee with email: biranchi@example.com
2026-08-11 17:40:00 DEBUG [http-nio-8091-exec-1] org.hibernate.SQL - 
    select
        top (?) e1_0.id 
    from
        employee_details5 e1_0 
    where
        e1_0.email=?
2026-08-11 17:40:00 TRACE [http-nio-8091-exec-1] org.hibernate.orm.jdbc.bind - binding parameter (1:INTEGER) <- [1]
2026-08-11 17:40:00 TRACE [http-nio-8091-exec-1] org.hibernate.orm.jdbc.bind - binding parameter (2:VARCHAR) <- [biranchi@example.com]
2026-08-11 17:40:00 WARN  [http-nio-8091-exec-1] c.t.e.e.GlobalExceptionHandler - Duplicate resource: Employee with this email already exists.
2026-08-11 17:40:00 ERROR [http-nio-8091-exec-2] c.t.e.e.GlobalExceptionHandler - Unexpected exception
org.springframework.web.method.annotation.MethodArgumentTypeMismatchException: Method parameter 'id': Failed to convert value of type 'java.lang.String' to required type 'java.lang.Integer'; For input string: "null"
	at org.springframework.web.method.annotation.AbstractNamedValueMethodArgumentResolver.convertIfNecessary(AbstractNamedValueMethodArgumentResolver.java:301)
	at org.springframework.web.method.annotation.AbstractNamedValueMethodArgumentResolver.resolveArgument(AbstractNamedValueMethodArgumentResolver.java:136)
	at org.springframework.web.method.support.HandlerMethodArgumentResolverComposite.resolveArgument(HandlerMethodArgumentResolverComposite.java:122)
	at org.springframework.web.method.support.InvocableHandlerMethod.getMethodArgumentValues(InvocableHandlerMethod.java:227)
	at org.springframework.web.method.support.InvocableHandlerMethod.invokeForRequest(InvocableHandlerMethod.java:181)
	at org.springframework.web.servlet.mvc.method.annotation.ServletInvocableHandlerMethod.invokeAndHandle(ServletInvocableHandlerMethod.java:118)
	at org.springframework.web.servlet.mvc.method.annotation.RequestMappingHandlerAdapter.invokeHandlerMethod(RequestMappingHandlerAdapter.java:991)
	at org.springframework.web.servlet.mvc.method.annotation.RequestMappingHandlerAdapter.handleInternal(RequestMappingHandlerAdapter.java:896)
	at org.springframework.web.servlet.mvc.method.AbstractHandlerMethodAdapter.handle(AbstractHandlerMethodAdapter.java:87)
	at org.springframework.web.servlet.DispatcherServlet.doDispatch(DispatcherServlet.java:1089)
	at org.springframework.web.servlet.DispatcherServlet.doService(DispatcherServlet.java:979)
	at org.springframework.web.servlet.FrameworkServlet.processRequest(FrameworkServlet.java:1014)
	at org.springframework.web.servlet.FrameworkServlet.doGet(FrameworkServlet.java:903)
	at jakarta.servlet.http.HttpServlet.service(HttpServlet.java:564)
	at org.springframework.web.servlet.FrameworkServlet.service(FrameworkServlet.java:885)
	at jakarta.servlet.http.HttpServlet.service(HttpServlet.java:658)
	at org.apache.catalina.core.ApplicationFilterChain.internalDoFilter(ApplicationFilterChain.java:195)
	at org.apache.catalina.core.ApplicationFilterChain.doFilter(ApplicationFilterChain.java:140)
	at org.apache.tomcat.websocket.server.WsFilter.doFilter(WsFilter.java:51)
	at org.apache.catalina.core.ApplicationFilterChain.internalDoFilter(ApplicationFilterChain.java:164)
	at org.apache.catalina.core.ApplicationFilterChain.doFilter(ApplicationFilterChain.java:140)
	at org.springframework.web.filter.RequestContextFilter.doFilterInternal(RequestContextFilter.java:100)
	at org.springframework.web.filter.OncePerRequestFilter.doFilter(OncePerRequestFilter.java:116)
	at org.apache.catalina.core.ApplicationFilterChain.internalDoFilter(ApplicationFilterChain.java:164)
	at org.apache.catalina.core.ApplicationFilterChain.doFilter(ApplicationFilterChain.java:140)
	at org.springframework.web.filter.FormContentFilter.doFilterInternal(FormContentFilter.java:93)
	at org.springframework.web.filter.OncePerRequestFilter.doFilter(OncePerRequestFilter.java:116)
	at org.apache.catalina.core.ApplicationFilterChain.internalDoFilter(ApplicationFilterChain.java:164)
	at org.apache.catalina.core.ApplicationFilterChain.doFilter(ApplicationFilterChain.java:140)
	at org.springframework.web.filter.ServerHttpObservationFilter.doFilterInternal(ServerHttpObservationFilter.java:110)
	at org.springframework.web.filter.OncePerRequestFilter.doFilter(OncePerRequestFilter.java:116)
	at org.apache.catalina.core.ApplicationFilterChain.internalDoFilter(ApplicationFilterChain.java:164)
	at org.apache.catalina.core.ApplicationFilterChain.doFilter(ApplicationFilterChain.java:140)
	at org.springframework.web.filter.CharacterEncodingFilter.doFilterInternal(CharacterEncodingFilter.java:201)
	at org.springframework.web.filter.OncePerRequestFilter.doFilter(OncePerRequestFilter.java:116)
	at org.apache.catalina.core.ApplicationFilterChain.internalDoFilter(ApplicationFilterChain.java:164)
	at org.apache.catalina.core.ApplicationFilterChain.doFilter(ApplicationFilterChain.java:140)
	at org.apache.catalina.core.StandardWrapperValve.invoke(StandardWrapperValve.java:167)
	at org.apache.catalina.core.StandardContextValve.invoke(StandardContextValve.java:90)
	at org.apache.catalina.authenticator.AuthenticatorBase.invoke(AuthenticatorBase.java:483)
	at org.apache.catalina.core.StandardHostValve.invoke(StandardHostValve.java:116)
	at org.apache.catalina.valves.ErrorReportValve.invoke(ErrorReportValve.java:93)
	at org.apache.catalina.core.StandardEngineValve.invoke(StandardEngineValve.java:74)
	at org.apache.catalina.connector.CoyoteAdapter.service(CoyoteAdapter.java:344)
	at org.apache.coyote.http11.Http11Processor.service(Http11Processor.java:398)
	at org.apache.coyote.AbstractProcessorLight.process(AbstractProcessorLight.java:63)
	at org.apache.coyote.AbstractProtocol$ConnectionHandler.process(AbstractProtocol.java:903)
	at org.apache.tomcat.util.net.NioEndpoint$SocketProcessor.doRun(NioEndpoint.java:1769)
	at org.apache.tomcat.util.net.SocketProcessorBase.run(SocketProcessorBase.java:52)
	at org.apache.tomcat.util.threads.ThreadPoolExecutor.runWorker(ThreadPoolExecutor.java:1189)
	at org.apache.tomcat.util.threads.ThreadPoolExecutor$Worker.run(ThreadPoolExecutor.java:658)
	at org.apache.tomcat.util.threads.TaskThread$WrappingRunnable.run(TaskThread.java:63)
	at java.base/java.lang.Thread.run(Thread.java:1583)
Caused by: java.lang.NumberFormatException: For input string: "null"
	at java.base/java.lang.NumberFormatException.forInputString(NumberFormatException.java:67)
	at java.base/java.lang.Integer.parseInt(Integer.java:662)
	at java.base/java.lang.Integer.valueOf(Integer.java:989)
	at org.springframework.util.NumberUtils.parseNumber(NumberUtils.java:201)
	at org.springframework.beans.propertyeditors.CustomNumberEditor.setAsText(CustomNumberEditor.java:115)
	at org.springframework.beans.TypeConverterDelegate.doConvertTextValue(TypeConverterDelegate.java:439)
	at org.springframework.beans.TypeConverterDelegate.doConvertValue(TypeConverterDelegate.java:412)
	at org.springframework.beans.TypeConverterDelegate.convertIfNecessary(TypeConverterDelegate.java:161)
	at org.springframework.beans.TypeConverterSupport.convertIfNecessary(TypeConverterSupport.java:80)
	at org.springframework.beans.TypeConverterSupport.convertIfNecessary(TypeConverterSupport.java:53)
	at org.springframework.validation.DataBinder.convertIfNecessary(DataBinder.java:867)
	at org.springframework.web.method.annotation.AbstractNamedValueMethodArgumentResolver.convertIfNecessary(AbstractNamedValueMethodArgumentResolver.java:293)
	... 52 common frames omitted
2026-08-11 17:40:00 ERROR [http-nio-8091-exec-3] c.t.e.e.GlobalExceptionHandler - Unexpected exception
org.springframework.web.method.annotation.MethodArgumentTypeMismatchException: Method parameter 'id': Failed to convert value of type 'java.lang.String' to required type 'java.lang.Integer'; For input string: "null"
	at org.springframework.web.method.annotation.AbstractNamedValueMethodArgumentResolver.convertIfNecessary(AbstractNamedValueMethodArgumentResolver.java:301)
	at org.springframework.web.method.annotation.AbstractNamedValueMethodArgumentResolver.resolveArgument(AbstractNamedValueMethodArgumentResolver.java:136)
	at org.springframework.web.method.support.HandlerMethodArgumentResolverComposite.resolveArgument(HandlerMethodArgumentResolverComposite.java:122)
	at org.springframework.web.method.support.InvocableHandlerMethod.getMethodArgumentValues(InvocableHandlerMethod.java:227)
	at org.springframework.web.method.support.InvocableHandlerMethod.invokeForRequest(InvocableHandlerMethod.java:181)
	at org.springframework.web.servlet.mvc.method.annotation.ServletInvocableHandlerMethod.invokeAndHandle(ServletInvocableHandlerMethod.java:118)
	at org.springframework.web.servlet.mvc.method.annotation.RequestMappingHandlerAdapter.invokeHandlerMethod(RequestMappingHandlerAdapter.java:991)
	at org.springframework.web.servlet.mvc.method.annotation.RequestMappingHandlerAdapter.handleInternal(RequestMappingHandlerAdapter.java:896)
	at org.springframework.web.servlet.mvc.method.AbstractHandlerMethodAdapter.handle(AbstractHandlerMethodAdapter.java:87)
	at org.springframework.web.servlet.DispatcherServlet.doDispatch(DispatcherServlet.java:1089)
	at org.springframework.web.servlet.DispatcherServlet.doService(DispatcherServlet.java:979)
	at org.springframework.web.servlet.FrameworkServlet.processRequest(FrameworkServlet.java:1014)
	at org.springframework.web.servlet.FrameworkServlet.doDelete(FrameworkServlet.java:936)
	at jakarta.servlet.http.HttpServlet.service(HttpServlet.java:596)
	at org.springframework.web.servlet.FrameworkServlet.service(FrameworkServlet.java:885)
	at jakarta.servlet.http.HttpServlet.service(HttpServlet.java:658)
	at org.apache.catalina.core.ApplicationFilterChain.internalDoFilter(ApplicationFilterChain.java:195)
	at org.apache.catalina.core.ApplicationFilterChain.doFilter(ApplicationFilterChain.java:140)
	at org.apache.tomcat.websocket.server.WsFilter.doFilter(WsFilter.java:51)
	at org.apache.catalina.core.ApplicationFilterChain.internalDoFilter(ApplicationFilterChain.java:164)
	at org.apache.catalina.core.ApplicationFilterChain.doFilter(ApplicationFilterChain.java:140)
	at org.springframework.web.filter.RequestContextFilter.doFilterInternal(RequestContextFilter.java:100)
	at org.springframework.web.filter.OncePerRequestFilter.doFilter(OncePerRequestFilter.java:116)
	at org.apache.catalina.core.ApplicationFilterChain.internalDoFilter(ApplicationFilterChain.java:164)
	at org.apache.catalina.core.ApplicationFilterChain.doFilter(ApplicationFilterChain.java:140)
	at org.springframework.web.filter.FormContentFilter.doFilterInternal(FormContentFilter.java:93)
	at org.springframework.web.filter.OncePerRequestFilter.doFilter(OncePerRequestFilter.java:116)
	at org.apache.catalina.core.ApplicationFilterChain.internalDoFilter(ApplicationFilterChain.java:164)
	at org.apache.catalina.core.ApplicationFilterChain.doFilter(ApplicationFilterChain.java:140)
	at org.springframework.web.filter.ServerHttpObservationFilter.doFilterInternal(ServerHttpObservationFilter.java:110)
	at org.springframework.web.filter.OncePerRequestFilter.doFilter(OncePerRequestFilter.java:116)
	at org.apache.catalina.core.ApplicationFilterChain.internalDoFilter(ApplicationFilterChain.java:164)
	at org.apache.catalina.core.ApplicationFilterChain.doFilter(ApplicationFilterChain.java:140)
	at org.springframework.web.filter.CharacterEncodingFilter.doFilterInternal(CharacterEncodingFilter.java:201)
	at org.springframework.web.filter.OncePerRequestFilter.doFilter(OncePerRequestFilter.java:116)
	at org.apache.catalina.core.ApplicationFilterChain.internalDoFilter(ApplicationFilterChain.java:164)
	at org.apache.catalina.core.ApplicationFilterChain.doFilter(ApplicationFilterChain.java:140)
	at org.apache.catalina.core.StandardWrapperValve.invoke(StandardWrapperValve.java:167)
	at org.apache.catalina.core.StandardContextValve.invoke(StandardContextValve.java:90)
	at org.apache.catalina.authenticator.AuthenticatorBase.invoke(AuthenticatorBase.java:483)
	at org.apache.catalina.core.StandardHostValve.invoke(StandardHostValve.java:116)
	at org.apache.catalina.valves.ErrorReportValve.invoke(ErrorReportValve.java:93)
	at org.apache.catalina.core.StandardEngineValve.invoke(StandardEngineValve.java:74)
	at org.apache.catalina.connector.CoyoteAdapter.service(CoyoteAdapter.java:344)
	at org.apache.coyote.http11.Http11Processor.service(Http11Processor.java:398)
	at org.apache.coyote.AbstractProcessorLight.process(AbstractProcessorLight.java:63)
	at org.apache.coyote.AbstractProtocol$ConnectionHandler.process(AbstractProtocol.java:903)
	at org.apache.tomcat.util.net.NioEndpoint$SocketProcessor.doRun(NioEndpoint.java:1769)
	at org.apache.tomcat.util.net.SocketProcessorBase.run(SocketProcessorBase.java:52)
	at org.apache.tomcat.util.threads.ThreadPoolExecutor.runWorker(ThreadPoolExecutor.java:1189)
	at org.apache.tomcat.util.threads.ThreadPoolExecutor$Worker.run(ThreadPoolExecutor.java:658)
	at org.apache.tomcat.util.threads.TaskThread$WrappingRunnable.run(TaskThread.java:63)
	at java.base/java.lang.Thread.run(Thread.java:1583)
Caused by: java.lang.NumberFormatException: For input string: "null"
	at java.base/java.lang.NumberFormatException.forInputString(NumberFormatException.java:67)
	at java.base/java.lang.Integer.parseInt(Integer.java:662)
	at java.base/java.lang.Integer.valueOf(Integer.java:989)
	at org.springframework.util.NumberUtils.parseNumber(NumberUtils.java:201)
	at org.springframework.beans.propertyeditors.CustomNumberEditor.setAsText(CustomNumberEditor.java:115)
	at org.springframework.beans.TypeConverterDelegate.doConvertTextValue(TypeConverterDelegate.java:439)
	at org.springframework.beans.TypeConverterDelegate.doConvertValue(TypeConverterDelegate.java:412)
	at org.springframework.beans.TypeConverterDelegate.convertIfNecessary(TypeConverterDelegate.java:161)
	at org.springframework.beans.TypeConverterSupport.convertIfNecessary(TypeConverterSupport.java:80)
	at org.springframework.beans.TypeConverterSupport.convertIfNecessary(TypeConverterSupport.java:53)
	at org.springframework.validation.DataBinder.convertIfNecessary(DataBinder.java:867)
	at org.springframework.web.method.annotation.AbstractNamedValueMethodArgumentResolver.convertIfNecessary(AbstractNamedValueMethodArgumentResolver.java:293)
	... 52 common frames omitted
2026-08-11 17:40:00 INFO  [http-nio-8091-exec-5] c.t.e.controller.AccountController - Received deposit request for account id: 1
2026-08-11 17:40:00 INFO  [http-nio-8091-exec-5] c.t.e.service.AccountService - Depositing 1000.0 into account id: 1
2026-08-11 17:40:00 DEBUG [http-nio-8091-exec-5] org.hibernate.SQL - 
    select
        a1_0.id,
        a1_0.account_holder_name,
        a1_0.account_number,
        a1_0.balance 
    from
        account_details5 a1_0 
    where
        a1_0.id=?
2026-08-11 17:40:00 TRACE [http-nio-8091-exec-5] org.hibernate.orm.jdbc.bind - binding parameter (1:INTEGER) <- [1]
2026-08-11 17:40:00 DEBUG [http-nio-8091-exec-5] org.hibernate.SQL - 
    update
        account_details5 
    set
        account_holder_name=?,
        account_number=?,
        balance=? 
    where
        id=?
2026-08-11 17:40:00 TRACE [http-nio-8091-exec-5] org.hibernate.orm.jdbc.bind - binding parameter (1:VARCHAR) <- [Satya Prakash]
2026-08-11 17:40:00 TRACE [http-nio-8091-exec-5] org.hibernate.orm.jdbc.bind - binding parameter (2:VARCHAR) <- [ACC123456]
2026-08-11 17:40:00 TRACE [http-nio-8091-exec-5] org.hibernate.orm.jdbc.bind - binding parameter (3:DOUBLE) <- [21000.0]
2026-08-11 17:40:00 TRACE [http-nio-8091-exec-5] org.hibernate.orm.jdbc.bind - binding parameter (4:INTEGER) <- [1]
2026-08-11 17:40:01 INFO  [http-nio-8091-exec-7] c.t.e.controller.AccountController - Received balance request for account id: 1
2026-08-11 17:40:01 INFO  [http-nio-8091-exec-7] c.t.e.service.AccountService - Fetching account balance for id: 1 from Database
2026-08-11 17:40:01 DEBUG [http-nio-8091-exec-7] org.hibernate.SQL - 
    select
        a1_0.id,
        a1_0.account_holder_name,
        a1_0.account_number,
        a1_0.balance 
    from
        account_details5 a1_0 
    where
        a1_0.id=?
2026-08-11 17:40:01 TRACE [http-nio-8091-exec-7] org.hibernate.orm.jdbc.bind - binding parameter (1:INTEGER) <- [1]
2026-08-11 17:40:01 INFO  [http-nio-8091-exec-9] c.t.e.controller.AccountController - Received withdraw request for account id: 1
2026-08-11 17:40:01 INFO  [http-nio-8091-exec-9] c.t.e.service.AccountService - Withdrawing 1000.0 from account id: 1
2026-08-11 17:40:01 DEBUG [http-nio-8091-exec-9] org.hibernate.SQL - 
    select
        a1_0.id,
        a1_0.account_holder_name,
        a1_0.account_number,
        a1_0.balance 
    from
        account_details5 a1_0 
    where
        a1_0.id=?
2026-08-11 17:40:01 TRACE [http-nio-8091-exec-9] org.hibernate.orm.jdbc.bind - binding parameter (1:INTEGER) <- [1]
2026-08-11 17:40:01 DEBUG [http-nio-8091-exec-9] org.hibernate.SQL - 
    update
        account_details5 
    set
        account_holder_name=?,
        account_number=?,
        balance=? 
    where
        id=?
2026-08-11 17:40:01 TRACE [http-nio-8091-exec-9] org.hibernate.orm.jdbc.bind - binding parameter (1:VARCHAR) <- [Satya Prakash]
2026-08-11 17:40:01 TRACE [http-nio-8091-exec-9] org.hibernate.orm.jdbc.bind - binding parameter (2:VARCHAR) <- [ACC123456]
2026-08-11 17:40:01 TRACE [http-nio-8091-exec-9] org.hibernate.orm.jdbc.bind - binding parameter (3:DOUBLE) <- [20000.0]
2026-08-11 17:40:01 TRACE [http-nio-8091-exec-9] org.hibernate.orm.jdbc.bind - binding parameter (4:INTEGER) <- [1]
2026-08-11 17:40:21 DEBUG [EmployeeBankingHikariPool:housekeeper] com.zaxxer.hikari.pool.HikariPool - EmployeeBankingHikariPool - Before cleanup stats (total=5/10, idle=5/5, active=0, waiting=0)
2026-08-11 17:40:21 DEBUG [EmployeeBankingHikariPool:housekeeper] com.zaxxer.hikari.pool.HikariPool - EmployeeBankingHikariPool - After  cleanup stats (total=5/10, idle=5/5, active=0, waiting=0)
2026-08-11 17:40:21 DEBUG [EmployeeBankingHikariPool:housekeeper] com.zaxxer.hikari.pool.HikariPool - EmployeeBankingHikariPool - Fill pool skipped, pool has sufficient level or currently being filled.
2026-08-11 17:40:28 DEBUG [EmployeeBankingHikariPool:housekeeper] com.zaxxer.hikari.pool.HikariPool - EmployeeBankingHikariPool - keepalive: connection ConnectionID:1 ClientConnectionId: fef3562c-c129-4fe9-a6dc-ec49bbb7756b is alive
2026-08-11 17:40:36 DEBUG [EmployeeBankingHikariPool:housekeeper] com.zaxxer.hikari.pool.HikariPool - EmployeeBankingHikariPool - keepalive: connection ConnectionID:2 ClientConnectionId: ee9cc780-9ff7-43a0-813e-a2e49c7da7a1 is alive
2026-08-11 17:40:51 DEBUG [EmployeeBankingHikariPool:housekeeper] com.zaxxer.hikari.pool.HikariPool - EmployeeBankingHikariPool - Before cleanup stats (total=5/10, idle=5/5, active=0, waiting=0)
2026-08-11 17:40:51 DEBUG [EmployeeBankingHikariPool:housekeeper] com.zaxxer.hikari.pool.HikariPool - EmployeeBankingHikariPool - After  cleanup stats (total=5/10, idle=5/5, active=0, waiting=0)
2026-08-11 17:40:51 DEBUG [EmployeeBankingHikariPool:housekeeper] com.zaxxer.hikari.pool.HikariPool - EmployeeBankingHikariPool - Fill pool skipped, pool has sufficient level or currently being filled.
2026-08-11 17:41:03 DEBUG [EmployeeBankingHikariPool:housekeeper] com.zaxxer.hikari.pool.HikariPool - EmployeeBankingHikariPool - keepalive: connection ConnectionID:5 ClientConnectionId: 9144e5c0-f5cc-47ac-aa53-89ccbc38d484 is alive
2026-08-11 17:41:21 DEBUG [EmployeeBankingHikariPool:housekeeper] com.zaxxer.hikari.pool.HikariPool - EmployeeBankingHikariPool - Before cleanup stats (total=5/10, idle=5/5, active=0, waiting=0)
2026-08-11 17:41:21 DEBUG [EmployeeBankingHikariPool:housekeeper] com.zaxxer.hikari.pool.HikariPool - EmployeeBankingHikariPool - After  cleanup stats (total=5/10, idle=5/5, active=0, waiting=0)
2026-08-11 17:41:21 DEBUG [EmployeeBankingHikariPool:housekeeper] com.zaxxer.hikari.pool.HikariPool - EmployeeBankingHikariPool - Fill pool skipped, pool has sufficient level or currently being filled.
2026-08-11 17:41:37 INFO  [http-nio-8091-exec-1] c.t.e.controller.EmployeeController - Received request to create employee.
2026-08-11 17:41:37 INFO  [http-nio-8091-exec-1] c.t.e.service.EmployeeService - Creating employee with email: gulson@gmail.com
2026-08-11 17:41:37 DEBUG [http-nio-8091-exec-1] org.hibernate.SQL - 
    select
        top (?) e1_0.id 
    from
        employee_details5 e1_0 
    where
        e1_0.email=?
2026-08-11 17:41:37 TRACE [http-nio-8091-exec-1] org.hibernate.orm.jdbc.bind - binding parameter (1:INTEGER) <- [1]
2026-08-11 17:41:37 TRACE [http-nio-8091-exec-1] org.hibernate.orm.jdbc.bind - binding parameter (2:VARCHAR) <- [gulson@gmail.com]
2026-08-11 17:41:37 DEBUG [http-nio-8091-exec-1] org.hibernate.SQL - 
    insert 
    into
        employee_details5
        (department, email, name, salary) 
    values
        (?, ?, ?, ?)
2026-08-11 17:41:37 TRACE [http-nio-8091-exec-1] org.hibernate.orm.jdbc.bind - binding parameter (1:VARCHAR) <- [HR]
2026-08-11 17:41:37 TRACE [http-nio-8091-exec-1] org.hibernate.orm.jdbc.bind - binding parameter (2:VARCHAR) <- [gulson@gmail.com]
2026-08-11 17:41:37 TRACE [http-nio-8091-exec-1] org.hibernate.orm.jdbc.bind - binding parameter (3:VARCHAR) <- [Gulson kumar das]
2026-08-11 17:41:37 TRACE [http-nio-8091-exec-1] org.hibernate.orm.jdbc.bind - binding parameter (4:DOUBLE) <- [95000.0]
2026-08-11 17:41:39 DEBUG [EmployeeBankingHikariPool:housekeeper] com.zaxxer.hikari.pool.HikariPool - EmployeeBankingHikariPool - keepalive: connection ConnectionID:3 ClientConnectionId: feb5f6c4-dca8-43ac-850d-e4be02419ce1 is alive
2026-08-11 17:41:48 DEBUG [EmployeeBankingHikariPool:housekeeper] com.zaxxer.hikari.pool.HikariPool - EmployeeBankingHikariPool - keepalive: connection ConnectionID:4 ClientConnectionId: 52180f3c-b379-4199-8b74-708ddc3948cf is alive
2026-08-11 17:41:51 DEBUG [EmployeeBankingHikariPool:housekeeper] com.zaxxer.hikari.pool.HikariPool - EmployeeBankingHikariPool - Before cleanup stats (total=5/10, idle=5/5, active=0, waiting=0)
2026-08-11 17:41:51 DEBUG [EmployeeBankingHikariPool:housekeeper] com.zaxxer.hikari.pool.HikariPool - EmployeeBankingHikariPool - After  cleanup stats (total=5/10, idle=5/5, active=0, waiting=0)
2026-08-11 17:41:51 DEBUG [EmployeeBankingHikariPool:housekeeper] com.zaxxer.hikari.pool.HikariPool - EmployeeBankingHikariPool - Fill pool skipped, pool has sufficient level or currently being filled.
2026-08-11 17:42:05 DEBUG [EmployeeBankingHikariPool:housekeeper] com.zaxxer.hikari.pool.HikariPool - EmployeeBankingHikariPool - keepalive: connection ConnectionID:1 ClientConnectionId: fef3562c-c129-4fe9-a6dc-ec49bbb7756b is alive
2026-08-11 17:42:21 DEBUG [EmployeeBankingHikariPool:housekeeper] com.zaxxer.hikari.pool.HikariPool - EmployeeBankingHikariPool - Before cleanup stats (total=5/10, idle=5/5, active=0, waiting=0)
2026-08-11 17:42:21 DEBUG [EmployeeBankingHikariPool:housekeeper] com.zaxxer.hikari.pool.HikariPool - EmployeeBankingHikariPool - After  cleanup stats (total=5/10, idle=5/5, active=0, waiting=0)
2026-08-11 17:42:21 DEBUG [EmployeeBankingHikariPool:housekeeper] com.zaxxer.hikari.pool.HikariPool - EmployeeBankingHikariPool - Fill pool skipped, pool has sufficient level or currently being filled.
2026-08-11 17:42:32 DEBUG [EmployeeBankingHikariPool:housekeeper] com.zaxxer.hikari.pool.HikariPool - EmployeeBankingHikariPool - keepalive: connection ConnectionID:2 ClientConnectionId: ee9cc780-9ff7-43a0-813e-a2e49c7da7a1 is alive
2026-08-11 17:42:44 DEBUG [EmployeeBankingHikariPool:housekeeper] com.zaxxer.hikari.pool.HikariPool - EmployeeBankingHikariPool - keepalive: connection ConnectionID:5 ClientConnectionId: 9144e5c0-f5cc-47ac-aa53-89ccbc38d484 is alive
2026-08-11 17:42:51 DEBUG [EmployeeBankingHikariPool:housekeeper] com.zaxxer.hikari.pool.HikariPool - EmployeeBankingHikariPool - Before cleanup stats (total=5/10, idle=5/5, active=0, waiting=0)
2026-08-11 17:42:51 DEBUG [EmployeeBankingHikariPool:housekeeper] com.zaxxer.hikari.pool.HikariPool - EmployeeBankingHikariPool - After  cleanup stats (total=5/10, idle=5/5, active=0, waiting=0)
2026-08-11 17:42:51 DEBUG [EmployeeBankingHikariPool:housekeeper] com.zaxxer.hikari.pool.HikariPool - EmployeeBankingHikariPool - Fill pool skipped, pool has sufficient level or currently being filled.
2026-08-11 17:43:21 DEBUG [EmployeeBankingHikariPool:housekeeper] com.zaxxer.hikari.pool.HikariPool - EmployeeBankingHikariPool - Before cleanup stats (total=5/10, idle=5/5, active=0, waiting=0)
2026-08-11 17:43:21 DEBUG [EmployeeBankingHikariPool:housekeeper] com.zaxxer.hikari.pool.HikariPool - EmployeeBankingHikariPool - After  cleanup stats (total=5/10, idle=5/5, active=0, waiting=0)
2026-08-11 17:43:21 DEBUG [EmployeeBankingHikariPool:housekeeper] com.zaxxer.hikari.pool.HikariPool - EmployeeBankingHikariPool - Fill pool skipped, pool has sufficient level or currently being filled.
2026-08-11 17:43:27 DEBUG [EmployeeBankingHikariPool:housekeeper] com.zaxxer.hikari.pool.HikariPool - EmployeeBankingHikariPool - keepalive: connection ConnectionID:3 ClientConnectionId: feb5f6c4-dca8-43ac-850d-e4be02419ce1 is alive
2026-08-11 17:43:37 DEBUG [EmployeeBankingHikariPool:housekeeper] com.zaxxer.hikari.pool.HikariPool - EmployeeBankingHikariPool - keepalive: connection ConnectionID:4 ClientConnectionId: 52180f3c-b379-4199-8b74-708ddc3948cf is alive
2026-08-11 17:43:41 DEBUG [EmployeeBankingHikariPool:housekeeper] com.zaxxer.hikari.pool.HikariPool - EmployeeBankingHikariPool - keepalive: connection ConnectionID:1 ClientConnectionId: fef3562c-c129-4fe9-a6dc-ec49bbb7756b is alive
2026-08-11 17:43:51 DEBUG [EmployeeBankingHikariPool:housekeeper] com.zaxxer.hikari.pool.HikariPool - EmployeeBankingHikariPool - Before cleanup stats (total=5/10, idle=5/5, active=0, waiting=0)
2026-08-11 17:43:51 DEBUG [EmployeeBankingHikariPool:housekeeper] com.zaxxer.hikari.pool.HikariPool - EmployeeBankingHikariPool - After  cleanup stats (total=5/10, idle=5/5, active=0, waiting=0)
2026-08-11 17:43:51 DEBUG [EmployeeBankingHikariPool:housekeeper] com.zaxxer.hikari.pool.HikariPool - EmployeeBankingHikariPool - Fill pool skipped, pool has sufficient level or currently being filled.
2026-08-11 17:43:56 INFO  [http-nio-8091-exec-3] c.t.e.controller.EmployeeController - Received request to fetch all employees.
2026-08-11 17:43:56 DEBUG [http-nio-8091-exec-3] org.hibernate.SQL - 
    select
        e1_0.id,
        e1_0.department,
        e1_0.email,
        e1_0.name,
        e1_0.salary 
    from
        employee_details5 e1_0 
    order by
        (select
            0) 
    offset
        ? rows 
    fetch
        first ? rows only
2026-08-11 17:43:56 TRACE [http-nio-8091-exec-3] org.hibernate.orm.jdbc.bind - binding parameter (1:INTEGER) <- [0]
2026-08-11 17:43:56 TRACE [http-nio-8091-exec-3] org.hibernate.orm.jdbc.bind - binding parameter (2:INTEGER) <- [20]
2026-08-11 17:43:57 INFO  [http-nio-8091-exec-6] c.t.e.controller.EmployeeController - Received request to fetch employee with id: 1
2026-08-11 17:43:57 INFO  [http-nio-8091-exec-6] c.t.e.service.EmployeeService - Fetching employee with id: 1 from Database
2026-08-11 17:43:57 DEBUG [http-nio-8091-exec-6] org.hibernate.SQL - 
    select
        e1_0.id,
        e1_0.department,
        e1_0.email,
        e1_0.name,
        e1_0.salary 
    from
        employee_details5 e1_0 
    where
        e1_0.id=?
2026-08-11 17:43:57 TRACE [http-nio-8091-exec-6] org.hibernate.orm.jdbc.bind - binding parameter (1:INTEGER) <- [1]
2026-08-11 17:43:57 INFO  [http-nio-8091-exec-5] c.t.e.controller.EmployeeController - Received request to create employee.
2026-08-11 17:43:57 INFO  [http-nio-8091-exec-5] c.t.e.service.EmployeeService - Creating employee with email: gulsonkumar@gmail.com
2026-08-11 17:43:57 DEBUG [http-nio-8091-exec-5] org.hibernate.SQL - 
    select
        top (?) e1_0.id 
    from
        employee_details5 e1_0 
    where
        e1_0.email=?
2026-08-11 17:43:57 TRACE [http-nio-8091-exec-5] org.hibernate.orm.jdbc.bind - binding parameter (1:INTEGER) <- [1]
2026-08-11 17:43:57 TRACE [http-nio-8091-exec-5] org.hibernate.orm.jdbc.bind - binding parameter (2:VARCHAR) <- [gulsonkumar@gmail.com]
2026-08-11 17:43:57 DEBUG [http-nio-8091-exec-5] org.hibernate.SQL - 
    insert 
    into
        employee_details5
        (department, email, name, salary) 
    values
        (?, ?, ?, ?)
2026-08-11 17:43:57 TRACE [http-nio-8091-exec-5] org.hibernate.orm.jdbc.bind - binding parameter (1:VARCHAR) <- [SALES]
2026-08-11 17:43:57 TRACE [http-nio-8091-exec-5] org.hibernate.orm.jdbc.bind - binding parameter (2:VARCHAR) <- [gulsonkumar@gmail.com]
2026-08-11 17:43:57 TRACE [http-nio-8091-exec-5] org.hibernate.orm.jdbc.bind - binding parameter (3:VARCHAR) <- [Gulsonkumar Mohanty]
2026-08-11 17:43:57 TRACE [http-nio-8091-exec-5] org.hibernate.orm.jdbc.bind - binding parameter (4:DOUBLE) <- [95000.0]
2026-08-11 17:43:57 INFO  [http-nio-8091-exec-7] c.t.e.controller.EmployeeController - Received request to fetch employee with id: 16
2026-08-11 17:43:57 INFO  [http-nio-8091-exec-7] c.t.e.service.EmployeeService - Fetching employee with id: 16 from Database
2026-08-11 17:43:57 DEBUG [http-nio-8091-exec-7] org.hibernate.SQL - 
    select
        e1_0.id,
        e1_0.department,
        e1_0.email,
        e1_0.name,
        e1_0.salary 
    from
        employee_details5 e1_0 
    where
        e1_0.id=?
2026-08-11 17:43:57 TRACE [http-nio-8091-exec-7] org.hibernate.orm.jdbc.bind - binding parameter (1:INTEGER) <- [16]
2026-08-11 17:43:58 INFO  [http-nio-8091-exec-9] c.t.e.controller.EmployeeController - Received request to delete employee with id: 16
2026-08-11 17:43:58 INFO  [http-nio-8091-exec-9] c.t.e.service.EmployeeService - Deleting employee with id: 16 from Database and Cache
2026-08-11 17:43:58 DEBUG [http-nio-8091-exec-9] org.hibernate.SQL - 
    select
        e1_0.id,
        e1_0.department,
        e1_0.email,
        e1_0.name,
        e1_0.salary 
    from
        employee_details5 e1_0 
    where
        e1_0.id=?
2026-08-11 17:43:58 TRACE [http-nio-8091-exec-9] org.hibernate.orm.jdbc.bind - binding parameter (1:INTEGER) <- [16]
2026-08-11 17:43:58 DEBUG [http-nio-8091-exec-9] org.hibernate.SQL - 
    delete 
    from
        employee_details5 
    where
        id=?
2026-08-11 17:43:58 TRACE [http-nio-8091-exec-9] org.hibernate.orm.jdbc.bind - binding parameter (1:INTEGER) <- [16]
2026-08-11 17:43:58 INFO  [http-nio-8091-exec-8] c.t.e.controller.AccountController - Received deposit request for account id: 1
2026-08-11 17:43:58 INFO  [http-nio-8091-exec-8] c.t.e.service.AccountService - Depositing 1000.0 into account id: 1
2026-08-11 17:43:58 DEBUG [http-nio-8091-exec-8] org.hibernate.SQL - 
    select
        a1_0.id,
        a1_0.account_holder_name,
        a1_0.account_number,
        a1_0.balance 
    from
        account_details5 a1_0 
    where
        a1_0.id=?
2026-08-11 17:43:58 TRACE [http-nio-8091-exec-8] org.hibernate.orm.jdbc.bind - binding parameter (1:INTEGER) <- [1]
2026-08-11 17:43:58 DEBUG [http-nio-8091-exec-8] org.hibernate.SQL - 
    update
        account_details5 
    set
        account_holder_name=?,
        account_number=?,
        balance=? 
    where
        id=?
2026-08-11 17:43:58 TRACE [http-nio-8091-exec-8] org.hibernate.orm.jdbc.bind - binding parameter (1:VARCHAR) <- [Satya Prakash]
2026-08-11 17:43:58 TRACE [http-nio-8091-exec-8] org.hibernate.orm.jdbc.bind - binding parameter (2:VARCHAR) <- [ACC123456]
2026-08-11 17:43:58 TRACE [http-nio-8091-exec-8] org.hibernate.orm.jdbc.bind - binding parameter (3:DOUBLE) <- [21000.0]
2026-08-11 17:43:58 TRACE [http-nio-8091-exec-8] org.hibernate.orm.jdbc.bind - binding parameter (4:INTEGER) <- [1]
2026-08-11 17:43:58 INFO  [http-nio-8091-exec-10] c.t.e.controller.AccountController - Received balance request for account id: 1
2026-08-11 17:43:58 INFO  [http-nio-8091-exec-10] c.t.e.service.AccountService - Fetching account balance for id: 1 from Database
2026-08-11 17:43:58 DEBUG [http-nio-8091-exec-10] org.hibernate.SQL - 
    select
        a1_0.id,
        a1_0.account_holder_name,
        a1_0.account_number,
        a1_0.balance 
    from
        account_details5 a1_0 
    where
        a1_0.id=?
2026-08-11 17:43:58 TRACE [http-nio-8091-exec-10] org.hibernate.orm.jdbc.bind - binding parameter (1:INTEGER) <- [1]
2026-08-11 17:43:58 INFO  [http-nio-8091-exec-1] c.t.e.controller.AccountController - Received withdraw request for account id: 1
2026-08-11 17:43:58 INFO  [http-nio-8091-exec-1] c.t.e.service.AccountService - Withdrawing 1000.0 from account id: 1
2026-08-11 17:43:58 DEBUG [http-nio-8091-exec-1] org.hibernate.SQL - 
    select
        a1_0.id,
        a1_0.account_holder_name,
        a1_0.account_number,
        a1_0.balance 
    from
        account_details5 a1_0 
    where
        a1_0.id=?
2026-08-11 17:43:58 TRACE [http-nio-8091-exec-1] org.hibernate.orm.jdbc.bind - binding parameter (1:INTEGER) <- [1]
2026-08-11 17:43:59 DEBUG [http-nio-8091-exec-1] org.hibernate.SQL - 
    update
        account_details5 
    set
        account_holder_name=?,
        account_number=?,
        balance=? 
    where
        id=?
2026-08-11 17:43:59 TRACE [http-nio-8091-exec-1] org.hibernate.orm.jdbc.bind - binding parameter (1:VARCHAR) <- [Satya Prakash]
2026-08-11 17:43:59 TRACE [http-nio-8091-exec-1] org.hibernate.orm.jdbc.bind - binding parameter (2:VARCHAR) <- [ACC123456]
2026-08-11 17:43:59 TRACE [http-nio-8091-exec-1] org.hibernate.orm.jdbc.bind - binding parameter (3:DOUBLE) <- [20000.0]
2026-08-11 17:43:59 TRACE [http-nio-8091-exec-1] org.hibernate.orm.jdbc.bind - binding parameter (4:INTEGER) <- [1]
2026-08-11 17:44:21 DEBUG [EmployeeBankingHikariPool:housekeeper] com.zaxxer.hikari.pool.HikariPool - EmployeeBankingHikariPool - Before cleanup stats (total=5/10, idle=5/5, active=0, waiting=0)
2026-08-11 17:44:21 DEBUG [EmployeeBankingHikariPool:housekeeper] com.zaxxer.hikari.pool.HikariPool - EmployeeBankingHikariPool - After  cleanup stats (total=5/10, idle=5/5, active=0, waiting=0)
2026-08-11 17:44:21 DEBUG [EmployeeBankingHikariPool:housekeeper] com.zaxxer.hikari.pool.HikariPool - EmployeeBankingHikariPool - Fill pool skipped, pool has sufficient level or currently being filled.
2026-08-11 17:44:26 DEBUG [EmployeeBankingHikariPool:housekeeper] com.zaxxer.hikari.pool.HikariPool - EmployeeBankingHikariPool - keepalive: connection ConnectionID:5 ClientConnectionId: 9144e5c0-f5cc-47ac-aa53-89ccbc38d484 is alive
2026-08-11 17:44:29 DEBUG [EmployeeBankingHikariPool:housekeeper] com.zaxxer.hikari.pool.HikariPool - EmployeeBankingHikariPool - keepalive: connection ConnectionID:2 ClientConnectionId: ee9cc780-9ff7-43a0-813e-a2e49c7da7a1 is alive
2026-08-11 17:44:51 DEBUG [EmployeeBankingHikariPool:housekeeper] com.zaxxer.hikari.pool.HikariPool - EmployeeBankingHikariPool - Before cleanup stats (total=5/10, idle=5/5, active=0, waiting=0)
2026-08-11 17:44:51 DEBUG [EmployeeBankingHikariPool:housekeeper] com.zaxxer.hikari.pool.HikariPool - EmployeeBankingHikariPool - After  cleanup stats (total=5/10, idle=5/5, active=0, waiting=0)
2026-08-11 17:44:51 DEBUG [EmployeeBankingHikariPool:housekeeper] com.zaxxer.hikari.pool.HikariPool - EmployeeBankingHikariPool - Fill pool skipped, pool has sufficient level or currently being filled.
2026-08-11 17:45:14 DEBUG [EmployeeBankingHikariPool:housekeeper] com.zaxxer.hikari.pool.HikariPool - EmployeeBankingHikariPool - keepalive: connection ConnectionID:3 ClientConnectionId: feb5f6c4-dca8-43ac-850d-e4be02419ce1 is alive
2026-08-11 17:45:17 DEBUG [EmployeeBankingHikariPool:housekeeper] com.zaxxer.hikari.pool.HikariPool - EmployeeBankingHikariPool - keepalive: connection ConnectionID:1 ClientConnectionId: fef3562c-c129-4fe9-a6dc-ec49bbb7756b is alive
2026-08-11 17:45:21 DEBUG [EmployeeBankingHikariPool:housekeeper] com.zaxxer.hikari.pool.HikariPool - EmployeeBankingHikariPool - Before cleanup stats (total=5/10, idle=5/5, active=0, waiting=0)
2026-08-11 17:45:21 DEBUG [EmployeeBankingHikariPool:housekeeper] com.zaxxer.hikari.pool.HikariPool - EmployeeBankingHikariPool - After  cleanup stats (total=5/10, idle=5/5, active=0, waiting=0)
2026-08-11 17:45:21 DEBUG [EmployeeBankingHikariPool:housekeeper] com.zaxxer.hikari.pool.HikariPool - EmployeeBankingHikariPool - Fill pool skipped, pool has sufficient level or currently being filled.
2026-08-11 17:45:27 DEBUG [EmployeeBankingHikariPool:housekeeper] com.zaxxer.hikari.pool.HikariPool - EmployeeBankingHikariPool - keepalive: connection ConnectionID:4 ClientConnectionId: 52180f3c-b379-4199-8b74-708ddc3948cf is alive
2026-08-11 17:45:51 DEBUG [EmployeeBankingHikariPool:housekeeper] com.zaxxer.hikari.pool.HikariPool - EmployeeBankingHikariPool - Before cleanup stats (total=5/10, idle=5/5, active=0, waiting=0)
2026-08-11 17:45:51 DEBUG [EmployeeBankingHikariPool:housekeeper] com.zaxxer.hikari.pool.HikariPool - EmployeeBankingHikariPool - After  cleanup stats (total=5/10, idle=5/5, active=0, waiting=0)
2026-08-11 17:45:51 DEBUG [EmployeeBankingHikariPool:housekeeper] com.zaxxer.hikari.pool.HikariPool - EmployeeBankingHikariPool - Fill pool skipped, pool has sufficient level or currently being filled.
2026-08-11 17:46:08 DEBUG [EmployeeBankingHikariPool:housekeeper] com.zaxxer.hikari.pool.HikariPool - EmployeeBankingHikariPool - keepalive: connection ConnectionID:5 ClientConnectionId: 9144e5c0-f5cc-47ac-aa53-89ccbc38d484 is alive
2026-08-11 17:46:22 DEBUG [EmployeeBankingHikariPool:housekeeper] com.zaxxer.hikari.pool.HikariPool - EmployeeBankingHikariPool - Before cleanup stats (total=5/10, idle=5/5, active=0, waiting=0)
2026-08-11 17:46:22 DEBUG [EmployeeBankingHikariPool:housekeeper] com.zaxxer.hikari.pool.HikariPool - EmployeeBankingHikariPool - After  cleanup stats (total=5/10, idle=5/5, active=0, waiting=0)
2026-08-11 17:46:22 DEBUG [EmployeeBankingHikariPool:housekeeper] com.zaxxer.hikari.pool.HikariPool - EmployeeBankingHikariPool - Fill pool skipped, pool has sufficient level or currently being filled.
2026-08-11 17:46:26 DEBUG [EmployeeBankingHikariPool:housekeeper] com.zaxxer.hikari.pool.HikariPool - EmployeeBankingHikariPool - keepalive: connection ConnectionID:2 ClientConnectionId: ee9cc780-9ff7-43a0-813e-a2e49c7da7a1 is alive
2026-08-11 17:46:47 INFO  [http-nio-8091-exec-3] c.t.e.controller.EmployeeController - Received request to fetch all employees.
2026-08-11 17:46:47 DEBUG [http-nio-8091-exec-3] org.hibernate.SQL - 
    select
        e1_0.id,
        e1_0.department,
        e1_0.email,
        e1_0.name,
        e1_0.salary 
    from
        employee_details5 e1_0 
    order by
        (select
            0) 
    offset
        ? rows 
    fetch
        first ? rows only
2026-08-11 17:46:47 TRACE [http-nio-8091-exec-3] org.hibernate.orm.jdbc.bind - binding parameter (1:INTEGER) <- [0]
2026-08-11 17:46:47 TRACE [http-nio-8091-exec-3] org.hibernate.orm.jdbc.bind - binding parameter (2:INTEGER) <- [20]
2026-08-11 17:46:47 INFO  [http-nio-8091-exec-6] c.t.e.controller.EmployeeController - Received request to fetch employee with id: 1
2026-08-11 17:46:47 INFO  [http-nio-8091-exec-6] c.t.e.service.EmployeeService - Fetching employee with id: 1 from Database
2026-08-11 17:46:47 DEBUG [http-nio-8091-exec-6] org.hibernate.SQL - 
    select
        e1_0.id,
        e1_0.department,
        e1_0.email,
        e1_0.name,
        e1_0.salary 
    from
        employee_details5 e1_0 
    where
        e1_0.id=?
2026-08-11 17:46:47 TRACE [http-nio-8091-exec-6] org.hibernate.orm.jdbc.bind - binding parameter (1:INTEGER) <- [1]
2026-08-11 17:46:48 INFO  [http-nio-8091-exec-5] c.t.e.controller.EmployeeController - Received request to create employee.
2026-08-11 17:46:48 INFO  [http-nio-8091-exec-5] c.t.e.service.EmployeeService - Creating employee with email: gulsonkumar@gmail.com
2026-08-11 17:46:48 DEBUG [http-nio-8091-exec-5] org.hibernate.SQL - 
    select
        top (?) e1_0.id 
    from
        employee_details5 e1_0 
    where
        e1_0.email=?
2026-08-11 17:46:48 TRACE [http-nio-8091-exec-5] org.hibernate.orm.jdbc.bind - binding parameter (1:INTEGER) <- [1]
2026-08-11 17:46:48 TRACE [http-nio-8091-exec-5] org.hibernate.orm.jdbc.bind - binding parameter (2:VARCHAR) <- [gulsonkumar@gmail.com]
2026-08-11 17:46:48 DEBUG [http-nio-8091-exec-5] org.hibernate.SQL - 
    insert 
    into
        employee_details5
        (department, email, name, salary) 
    values
        (?, ?, ?, ?)
2026-08-11 17:46:48 TRACE [http-nio-8091-exec-5] org.hibernate.orm.jdbc.bind - binding parameter (1:VARCHAR) <- [SALES]
2026-08-11 17:46:48 TRACE [http-nio-8091-exec-5] org.hibernate.orm.jdbc.bind - binding parameter (2:VARCHAR) <- [gulsonkumar@gmail.com]
2026-08-11 17:46:48 TRACE [http-nio-8091-exec-5] org.hibernate.orm.jdbc.bind - binding parameter (3:VARCHAR) <- [Gulsonkumar Mohanty]
2026-08-11 17:46:48 TRACE [http-nio-8091-exec-5] org.hibernate.orm.jdbc.bind - binding parameter (4:DOUBLE) <- [95000.0]
2026-08-11 17:46:48 INFO  [http-nio-8091-exec-7] c.t.e.controller.EmployeeController - Received request to fetch employee with id: 17
2026-08-11 17:46:48 INFO  [http-nio-8091-exec-7] c.t.e.service.EmployeeService - Fetching employee with id: 17 from Database
2026-08-11 17:46:48 DEBUG [http-nio-8091-exec-7] org.hibernate.SQL - 
    select
        e1_0.id,
        e1_0.department,
        e1_0.email,
        e1_0.name,
        e1_0.salary 
    from
        employee_details5 e1_0 
    where
        e1_0.id=?
2026-08-11 17:46:48 TRACE [http-nio-8091-exec-7] org.hibernate.orm.jdbc.bind - binding parameter (1:INTEGER) <- [17]
2026-08-11 17:46:48 INFO  [http-nio-8091-exec-9] c.t.e.controller.EmployeeController - Received request to delete employee with id: 17
2026-08-11 17:46:48 INFO  [http-nio-8091-exec-9] c.t.e.service.EmployeeService - Deleting employee with id: 17 from Database and Cache
2026-08-11 17:46:48 DEBUG [http-nio-8091-exec-9] org.hibernate.SQL - 
    select
        e1_0.id,
        e1_0.department,
        e1_0.email,
        e1_0.name,
        e1_0.salary 
    from
        employee_details5 e1_0 
    where
        e1_0.id=?
2026-08-11 17:46:48 TRACE [http-nio-8091-exec-9] org.hibernate.orm.jdbc.bind - binding parameter (1:INTEGER) <- [17]
2026-08-11 17:46:48 DEBUG [http-nio-8091-exec-9] org.hibernate.SQL - 
    delete 
    from
        employee_details5 
    where
        id=?
2026-08-11 17:46:48 TRACE [http-nio-8091-exec-9] org.hibernate.orm.jdbc.bind - binding parameter (1:INTEGER) <- [17]
2026-08-11 17:46:49 INFO  [http-nio-8091-exec-8] c.t.e.controller.AccountController - Received deposit request for account id: 1
2026-08-11 17:46:49 INFO  [http-nio-8091-exec-8] c.t.e.service.AccountService - Depositing 1000.0 into account id: 1
2026-08-11 17:46:49 DEBUG [http-nio-8091-exec-8] org.hibernate.SQL - 
    select
        a1_0.id,
        a1_0.account_holder_name,
        a1_0.account_number,
        a1_0.balance 
    from
        account_details5 a1_0 
    where
        a1_0.id=?
2026-08-11 17:46:49 TRACE [http-nio-8091-exec-8] org.hibernate.orm.jdbc.bind - binding parameter (1:INTEGER) <- [1]
2026-08-11 17:46:49 DEBUG [http-nio-8091-exec-8] org.hibernate.SQL - 
    update
        account_details5 
    set
        account_holder_name=?,
        account_number=?,
        balance=? 
    where
        id=?
2026-08-11 17:46:49 TRACE [http-nio-8091-exec-8] org.hibernate.orm.jdbc.bind - binding parameter (1:VARCHAR) <- [Satya Prakash]
2026-08-11 17:46:49 TRACE [http-nio-8091-exec-8] org.hibernate.orm.jdbc.bind - binding parameter (2:VARCHAR) <- [ACC123456]
2026-08-11 17:46:49 TRACE [http-nio-8091-exec-8] org.hibernate.orm.jdbc.bind - binding parameter (3:DOUBLE) <- [21000.0]
2026-08-11 17:46:49 TRACE [http-nio-8091-exec-8] org.hibernate.orm.jdbc.bind - binding parameter (4:INTEGER) <- [1]
2026-08-11 17:46:49 INFO  [http-nio-8091-exec-10] c.t.e.controller.AccountController - Received balance request for account id: 1
2026-08-11 17:46:49 INFO  [http-nio-8091-exec-10] c.t.e.service.AccountService - Fetching account balance for id: 1 from Database
2026-08-11 17:46:49 DEBUG [http-nio-8091-exec-10] org.hibernate.SQL - 
    select
        a1_0.id,
        a1_0.account_holder_name,
        a1_0.account_number,
        a1_0.balance 
    from
        account_details5 a1_0 
    where
        a1_0.id=?
2026-08-11 17:46:49 TRACE [http-nio-8091-exec-10] org.hibernate.orm.jdbc.bind - binding parameter (1:INTEGER) <- [1]
2026-08-11 17:46:49 INFO  [http-nio-8091-exec-1] c.t.e.controller.AccountController - Received withdraw request for account id: 1
2026-08-11 17:46:49 INFO  [http-nio-8091-exec-1] c.t.e.service.AccountService - Withdrawing 1000.0 from account id: 1
2026-08-11 17:46:49 DEBUG [http-nio-8091-exec-1] org.hibernate.SQL - 
    select
        a1_0.id,
        a1_0.account_holder_name,
        a1_0.account_number,
        a1_0.balance 
    from
        account_details5 a1_0 
    where
        a1_0.id=?
2026-08-11 17:46:49 TRACE [http-nio-8091-exec-1] org.hibernate.orm.jdbc.bind - binding parameter (1:INTEGER) <- [1]
2026-08-11 17:46:49 DEBUG [http-nio-8091-exec-1] org.hibernate.SQL - 
    update
        account_details5 
    set
        account_holder_name=?,
        account_number=?,
        balance=? 
    where
        id=?
2026-08-11 17:46:49 TRACE [http-nio-8091-exec-1] org.hibernate.orm.jdbc.bind - binding parameter (1:VARCHAR) <- [Satya Prakash]
2026-08-11 17:46:49 TRACE [http-nio-8091-exec-1] org.hibernate.orm.jdbc.bind - binding parameter (2:VARCHAR) <- [ACC123456]
2026-08-11 17:46:49 TRACE [http-nio-8091-exec-1] org.hibernate.orm.jdbc.bind - binding parameter (3:DOUBLE) <- [20000.0]
2026-08-11 17:46:49 TRACE [http-nio-8091-exec-1] org.hibernate.orm.jdbc.bind - binding parameter (4:INTEGER) <- [1]
2026-08-11 17:46:52 DEBUG [EmployeeBankingHikariPool:housekeeper] com.zaxxer.hikari.pool.HikariPool - EmployeeBankingHikariPool - Before cleanup stats (total=5/10, idle=5/5, active=0, waiting=0)
2026-08-11 17:46:52 DEBUG [EmployeeBankingHikariPool:housekeeper] com.zaxxer.hikari.pool.HikariPool - EmployeeBankingHikariPool - After  cleanup stats (total=5/10, idle=5/5, active=0, waiting=0)
2026-08-11 17:46:52 DEBUG [EmployeeBankingHikariPool:housekeeper] com.zaxxer.hikari.pool.HikariPool - EmployeeBankingHikariPool - Fill pool skipped, pool has sufficient level or currently being filled.
2026-08-11 17:46:53 DEBUG [EmployeeBankingHikariPool:housekeeper] com.zaxxer.hikari.pool.HikariPool - EmployeeBankingHikariPool - keepalive: connection ConnectionID:1 ClientConnectionId: fef3562c-c129-4fe9-a6dc-ec49bbb7756b is alive
2026-08-11 17:47:02 DEBUG [EmployeeBankingHikariPool:housekeeper] com.zaxxer.hikari.pool.HikariPool - EmployeeBankingHikariPool - keepalive: connection ConnectionID:3 ClientConnectionId: feb5f6c4-dca8-43ac-850d-e4be02419ce1 is alive
2026-08-11 17:47:16 DEBUG [EmployeeBankingHikariPool:housekeeper] com.zaxxer.hikari.pool.HikariPool - EmployeeBankingHikariPool - keepalive: connection ConnectionID:4 ClientConnectionId: 52180f3c-b379-4199-8b74-708ddc3948cf is alive
2026-08-11 17:47:22 DEBUG [EmployeeBankingHikariPool:housekeeper] com.zaxxer.hikari.pool.HikariPool - EmployeeBankingHikariPool - Before cleanup stats (total=5/10, idle=5/5, active=0, waiting=0)
2026-08-11 17:47:22 DEBUG [EmployeeBankingHikariPool:housekeeper] com.zaxxer.hikari.pool.HikariPool - EmployeeBankingHikariPool - After  cleanup stats (total=5/10, idle=5/5, active=0, waiting=0)
2026-08-11 17:47:22 DEBUG [EmployeeBankingHikariPool:housekeeper] com.zaxxer.hikari.pool.HikariPool - EmployeeBankingHikariPool - Fill pool skipped, pool has sufficient level or currently being filled.
2026-08-11 17:47:49 DEBUG [EmployeeBankingHikariPool:housekeeper] com.zaxxer.hikari.pool.HikariPool - EmployeeBankingHikariPool - keepalive: connection ConnectionID:5 ClientConnectionId: 9144e5c0-f5cc-47ac-aa53-89ccbc38d484 is alive
2026-08-11 17:47:52 DEBUG [EmployeeBankingHikariPool:housekeeper] com.zaxxer.hikari.pool.HikariPool - EmployeeBankingHikariPool - Before cleanup stats (total=5/10, idle=5/5, active=0, waiting=0)
2026-08-11 17:47:52 DEBUG [EmployeeBankingHikariPool:housekeeper] com.zaxxer.hikari.pool.HikariPool - EmployeeBankingHikariPool - After  cleanup stats (total=5/10, idle=5/5, active=0, waiting=0)
2026-08-11 17:47:52 DEBUG [EmployeeBankingHikariPool:housekeeper] com.zaxxer.hikari.pool.HikariPool - EmployeeBankingHikariPool - Fill pool skipped, pool has sufficient level or currently being filled.
2026-08-11 17:48:22 DEBUG [EmployeeBankingHikariPool:housekeeper] com.zaxxer.hikari.pool.HikariPool - EmployeeBankingHikariPool - Before cleanup stats (total=5/10, idle=5/5, active=0, waiting=0)
2026-08-11 17:48:22 DEBUG [EmployeeBankingHikariPool:housekeeper] com.zaxxer.hikari.pool.HikariPool - EmployeeBankingHikariPool - After  cleanup stats (total=5/10, idle=5/5, active=0, waiting=0)
2026-08-11 17:48:22 DEBUG [EmployeeBankingHikariPool:housekeeper] com.zaxxer.hikari.pool.HikariPool - EmployeeBankingHikariPool - Fill pool skipped, pool has sufficient level or currently being filled.
2026-08-11 17:48:23 DEBUG [EmployeeBankingHikariPool:housekeeper] com.zaxxer.hikari.pool.HikariPool - EmployeeBankingHikariPool - keepalive: connection ConnectionID:2 ClientConnectionId: ee9cc780-9ff7-43a0-813e-a2e49c7da7a1 is alive
2026-08-11 17:48:29 DEBUG [EmployeeBankingHikariPool:housekeeper] com.zaxxer.hikari.pool.HikariPool - EmployeeBankingHikariPool - keepalive: connection ConnectionID:1 ClientConnectionId: fef3562c-c129-4fe9-a6dc-ec49bbb7756b is alive
2026-08-11 17:48:50 DEBUG [EmployeeBankingHikariPool:housekeeper] com.zaxxer.hikari.pool.HikariPool - EmployeeBankingHikariPool - keepalive: connection ConnectionID:3 ClientConnectionId: feb5f6c4-dca8-43ac-850d-e4be02419ce1 is alive
2026-08-11 17:48:52 DEBUG [EmployeeBankingHikariPool:housekeeper] com.zaxxer.hikari.pool.HikariPool - EmployeeBankingHikariPool - Before cleanup stats (total=5/10, idle=5/5, active=0, waiting=0)
2026-08-11 17:48:52 DEBUG [EmployeeBankingHikariPool:housekeeper] com.zaxxer.hikari.pool.HikariPool - EmployeeBankingHikariPool - After  cleanup stats (total=5/10, idle=5/5, active=0, waiting=0)
2026-08-11 17:48:52 DEBUG [EmployeeBankingHikariPool:housekeeper] com.zaxxer.hikari.pool.HikariPool - EmployeeBankingHikariPool - Fill pool skipped, pool has sufficient level or currently being filled.
2026-08-11 18:08:41 WARN  [EmployeeBankingHikariPool:housekeeper] com.zaxxer.hikari.pool.PoolBase - EmployeeBankingHikariPool - Failed to validate connection ConnectionID:4 ClientConnectionId: 52180f3c-b379-4199-8b74-708ddc3948cf (The connection is closed.). Possibly consider using a shorter maxLifetime value.
2026-08-11 18:08:41 WARN  [EmployeeBankingHikariPool:housekeeper] com.zaxxer.hikari.pool.HikariPool - EmployeeBankingHikariPool - Thread starvation or clock leap detected (housekeeper delta=19m49s159ms97µs800ns).
2026-08-11 18:08:41 DEBUG [EmployeeBankingHikariPool:housekeeper] com.zaxxer.hikari.pool.HikariPool - EmployeeBankingHikariPool - Before cleanup stats (total=4/10, idle=4/5, active=0, waiting=0)
2026-08-11 18:08:41 DEBUG [EmployeeBankingHikariPool:housekeeper] com.zaxxer.hikari.pool.HikariPool - EmployeeBankingHikariPool - After  cleanup stats (total=4/10, idle=4/5, active=0, waiting=0)
2026-08-11 18:08:41 WARN  [EmployeeBankingHikariPool:housekeeper] com.zaxxer.hikari.pool.PoolBase - EmployeeBankingHikariPool - Failed to validate connection ConnectionID:5 ClientConnectionId: 9144e5c0-f5cc-47ac-aa53-89ccbc38d484 (The connection is closed.). Possibly consider using a shorter maxLifetime value.
2026-08-11 18:08:41 WARN  [EmployeeBankingHikariPool:housekeeper] com.zaxxer.hikari.pool.PoolBase - EmployeeBankingHikariPool - Failed to validate connection ConnectionID:1 ClientConnectionId: fef3562c-c129-4fe9-a6dc-ec49bbb7756b (The connection is closed.). Possibly consider using a shorter maxLifetime value.
2026-08-11 18:08:41 WARN  [EmployeeBankingHikariPool:housekeeper] com.zaxxer.hikari.pool.PoolBase - EmployeeBankingHikariPool - Failed to validate connection ConnectionID:2 ClientConnectionId: ee9cc780-9ff7-43a0-813e-a2e49c7da7a1 (The connection is closed.). Possibly consider using a shorter maxLifetime value.
2026-08-11 18:08:41 WARN  [EmployeeBankingHikariPool:housekeeper] com.zaxxer.hikari.pool.PoolBase - EmployeeBankingHikariPool - Failed to validate connection ConnectionID:3 ClientConnectionId: feb5f6c4-dca8-43ac-850d-e4be02419ce1 (The connection is closed.). Possibly consider using a shorter maxLifetime value.
2026-08-11 18:08:41 DEBUG [EmployeeBankingHikariPool:connection-closer] com.zaxxer.hikari.pool.PoolBase - EmployeeBankingHikariPool - Closing connection ConnectionID:4 ClientConnectionId: 52180f3c-b379-4199-8b74-708ddc3948cf: (connection is dead)
2026-08-11 18:08:41 DEBUG [EmployeeBankingHikariPool:connection-adder] com.zaxxer.hikari.pool.PoolBase - EmployeeBankingHikariPool - Attempting to create/setup new connection (425153bc-16fa-4a91-a24a-ad9759ca39dc)
2026-08-11 18:08:41 DEBUG [EmployeeBankingHikariPool:connection-closer] com.zaxxer.hikari.pool.PoolBase - EmployeeBankingHikariPool - Closing connection ConnectionID:5 ClientConnectionId: 9144e5c0-f5cc-47ac-aa53-89ccbc38d484: (connection is dead)
2026-08-11 18:08:41 DEBUG [EmployeeBankingHikariPool:connection-closer] com.zaxxer.hikari.pool.PoolBase - EmployeeBankingHikariPool - Closing connection ConnectionID:1 ClientConnectionId: fef3562c-c129-4fe9-a6dc-ec49bbb7756b: (connection is dead)
2026-08-11 18:08:41 DEBUG [EmployeeBankingHikariPool:connection-closer] com.zaxxer.hikari.pool.PoolBase - EmployeeBankingHikariPool - Closing connection ConnectionID:2 ClientConnectionId: ee9cc780-9ff7-43a0-813e-a2e49c7da7a1: (connection is dead)
2026-08-11 18:08:41 DEBUG [EmployeeBankingHikariPool:connection-closer] com.zaxxer.hikari.pool.PoolBase - EmployeeBankingHikariPool - Closing connection ConnectionID:3 ClientConnectionId: feb5f6c4-dca8-43ac-850d-e4be02419ce1: (connection is dead)
2026-08-11 18:08:49 DEBUG [EmployeeBankingHikariPool:connection-adder] com.zaxxer.hikari.pool.PoolBase - EmployeeBankingHikariPool - Established new connection (425153bc-16fa-4a91-a24a-ad9759ca39dc)
2026-08-11 18:08:49 DEBUG [EmployeeBankingHikariPool:connection-adder] com.zaxxer.hikari.pool.HikariPool - EmployeeBankingHikariPool - Added connection ConnectionID:6 ClientConnectionId: 620aa4f8-66c0-405d-98a8-6ddc5b2327f0
2026-08-11 18:08:49 DEBUG [EmployeeBankingHikariPool:connection-adder] com.zaxxer.hikari.pool.HikariPool - EmployeeBankingHikariPool - After adding stats (total=1/10, idle=1/5, active=0, waiting=0)
2026-08-11 18:08:49 DEBUG [EmployeeBankingHikariPool:connection-adder] com.zaxxer.hikari.pool.PoolBase - EmployeeBankingHikariPool - Attempting to create/setup new connection (4e290223-524b-42e2-8a56-ea941ab709a6)
2026-08-11 18:08:50 DEBUG [EmployeeBankingHikariPool:connection-adder] com.zaxxer.hikari.pool.PoolBase - EmployeeBankingHikariPool - Established new connection (4e290223-524b-42e2-8a56-ea941ab709a6)
2026-08-11 18:08:50 DEBUG [EmployeeBankingHikariPool:connection-adder] com.zaxxer.hikari.pool.HikariPool - EmployeeBankingHikariPool - Added connection ConnectionID:7 ClientConnectionId: ea97d01e-c338-4ad7-adef-71e559c9f35f
2026-08-11 18:08:50 DEBUG [EmployeeBankingHikariPool:connection-adder] com.zaxxer.hikari.pool.PoolBase - EmployeeBankingHikariPool - Attempting to create/setup new connection (752078b0-a0f5-4068-91a9-1c70033adcf7)
2026-08-11 18:08:50 DEBUG [EmployeeBankingHikariPool:connection-adder] com.zaxxer.hikari.pool.PoolBase - EmployeeBankingHikariPool - Established new connection (752078b0-a0f5-4068-91a9-1c70033adcf7)
2026-08-11 18:08:50 DEBUG [EmployeeBankingHikariPool:connection-adder] com.zaxxer.hikari.pool.HikariPool - EmployeeBankingHikariPool - Added connection ConnectionID:8 ClientConnectionId: 9017423b-0fe0-4a0f-979d-88936ffa7550
2026-08-11 18:08:50 DEBUG [EmployeeBankingHikariPool:connection-adder] com.zaxxer.hikari.pool.PoolBase - EmployeeBankingHikariPool - Attempting to create/setup new connection (239af441-b8ee-4f2c-ac5c-89e572bde4e0)
2026-08-11 18:08:51 DEBUG [EmployeeBankingHikariPool:connection-adder] com.zaxxer.hikari.pool.PoolBase - EmployeeBankingHikariPool - Established new connection (239af441-b8ee-4f2c-ac5c-89e572bde4e0)
2026-08-11 18:08:51 DEBUG [EmployeeBankingHikariPool:connection-adder] com.zaxxer.hikari.pool.HikariPool - EmployeeBankingHikariPool - Added connection ConnectionID:9 ClientConnectionId: fde02cf1-d4d2-47a2-ae8c-3b8147f8d4c6
2026-08-11 18:08:51 DEBUG [EmployeeBankingHikariPool:connection-adder] com.zaxxer.hikari.pool.PoolBase - EmployeeBankingHikariPool - Attempting to create/setup new connection (c90f7e35-7ee5-4b75-9733-99f02a508acc)
2026-08-11 18:09:04 DEBUG [EmployeeBankingHikariPool:connection-adder] com.zaxxer.hikari.pool.PoolBase - EmployeeBankingHikariPool - Established new connection (c90f7e35-7ee5-4b75-9733-99f02a508acc)
2026-08-11 18:09:04 DEBUG [EmployeeBankingHikariPool:connection-adder] com.zaxxer.hikari.pool.HikariPool - EmployeeBankingHikariPool - Added connection ConnectionID:10 ClientConnectionId: d82df5c7-5e3f-49c0-816c-7ae8e0e11a25
2026-08-11 18:09:04 DEBUG [EmployeeBankingHikariPool:connection-adder] com.zaxxer.hikari.pool.HikariPool - EmployeeBankingHikariPool - Connection not added, stats (total=5/10, idle=5/5, active=0, waiting=0)
2026-08-11 18:09:04 DEBUG [EmployeeBankingHikariPool:connection-adder] com.zaxxer.hikari.pool.HikariPool - EmployeeBankingHikariPool - Connection not added, stats (total=5/10, idle=5/5, active=0, waiting=0)
2026-08-11 18:09:04 DEBUG [EmployeeBankingHikariPool:connection-adder] com.zaxxer.hikari.pool.HikariPool - EmployeeBankingHikariPool - Connection not added, stats (total=5/10, idle=5/5, active=0, waiting=0)
2026-08-11 18:09:04 DEBUG [EmployeeBankingHikariPool:connection-adder] com.zaxxer.hikari.pool.HikariPool - EmployeeBankingHikariPool - Connection not added, stats (total=5/10, idle=5/5, active=0, waiting=0)
2026-08-11 18:09:04 DEBUG [EmployeeBankingHikariPool:connection-adder] com.zaxxer.hikari.pool.HikariPool - EmployeeBankingHikariPool - Connection not added, stats (total=5/10, idle=5/5, active=0, waiting=0)
2026-08-11 18:09:04 DEBUG [EmployeeBankingHikariPool:connection-adder] com.zaxxer.hikari.pool.HikariPool - EmployeeBankingHikariPool - Connection not added, stats (total=5/10, idle=5/5, active=0, waiting=0)
2026-08-11 18:09:11 DEBUG [EmployeeBankingHikariPool:housekeeper] com.zaxxer.hikari.pool.HikariPool - EmployeeBankingHikariPool - Before cleanup stats (total=5/10, idle=5/5, active=0, waiting=0)
2026-08-11 18:09:11 DEBUG [EmployeeBankingHikariPool:housekeeper] com.zaxxer.hikari.pool.HikariPool - EmployeeBankingHikariPool - After  cleanup stats (total=5/10, idle=5/5, active=0, waiting=0)
2026-08-11 18:09:11 DEBUG [EmployeeBankingHikariPool:housekeeper] com.zaxxer.hikari.pool.HikariPool - EmployeeBankingHikariPool - Fill pool skipped, pool has sufficient level or currently being filled.
2026-08-11 18:09:41 DEBUG [EmployeeBankingHikariPool:housekeeper] com.zaxxer.hikari.pool.HikariPool - EmployeeBankingHikariPool - Before cleanup stats (total=5/10, idle=5/5, active=0, waiting=0)
2026-08-11 18:09:41 DEBUG [EmployeeBankingHikariPool:housekeeper] com.zaxxer.hikari.pool.HikariPool - EmployeeBankingHikariPool - After  cleanup stats (total=5/10, idle=5/5, active=0, waiting=0)
2026-08-11 18:09:41 DEBUG [EmployeeBankingHikariPool:housekeeper] com.zaxxer.hikari.pool.HikariPool - EmployeeBankingHikariPool - Fill pool skipped, pool has sufficient level or currently being filled.
2026-08-11 18:10:11 DEBUG [EmployeeBankingHikariPool:housekeeper] com.zaxxer.hikari.pool.HikariPool - EmployeeBankingHikariPool - Before cleanup stats (total=5/10, idle=5/5, active=0, waiting=0)
2026-08-11 18:10:11 DEBUG [EmployeeBankingHikariPool:housekeeper] com.zaxxer.hikari.pool.HikariPool - EmployeeBankingHikariPool - After  cleanup stats (total=5/10, idle=5/5, active=0, waiting=0)
2026-08-11 18:10:11 DEBUG [EmployeeBankingHikariPool:housekeeper] com.zaxxer.hikari.pool.HikariPool - EmployeeBankingHikariPool - Fill pool skipped, pool has sufficient level or currently being filled.
2026-08-11 18:10:25 DEBUG [EmployeeBankingHikariPool:housekeeper] com.zaxxer.hikari.pool.HikariPool - EmployeeBankingHikariPool - keepalive: connection ConnectionID:6 ClientConnectionId: 620aa4f8-66c0-405d-98a8-6ddc5b2327f0 is alive
2026-08-11 18:10:38 DEBUG [EmployeeBankingHikariPool:housekeeper] com.zaxxer.hikari.pool.HikariPool - EmployeeBankingHikariPool - keepalive: connection ConnectionID:9 ClientConnectionId: fde02cf1-d4d2-47a2-ae8c-3b8147f8d4c6 is alive
2026-08-11 18:10:41 DEBUG [EmployeeBankingHikariPool:housekeeper] com.zaxxer.hikari.pool.HikariPool - EmployeeBankingHikariPool - Before cleanup stats (total=5/10, idle=5/5, active=0, waiting=0)
2026-08-11 18:10:41 DEBUG [EmployeeBankingHikariPool:housekeeper] com.zaxxer.hikari.pool.HikariPool - EmployeeBankingHikariPool - After  cleanup stats (total=5/10, idle=5/5, active=0, waiting=0)
2026-08-11 18:10:41 DEBUG [EmployeeBankingHikariPool:housekeeper] com.zaxxer.hikari.pool.HikariPool - EmployeeBankingHikariPool - Fill pool skipped, pool has sufficient level or currently being filled.
2026-08-11 18:10:43 DEBUG [EmployeeBankingHikariPool:housekeeper] com.zaxxer.hikari.pool.HikariPool - EmployeeBankingHikariPool - keepalive: connection ConnectionID:8 ClientConnectionId: 9017423b-0fe0-4a0f-979d-88936ffa7550 is alive
2026-08-11 18:10:46 DEBUG [EmployeeBankingHikariPool:housekeeper] com.zaxxer.hikari.pool.HikariPool - EmployeeBankingHikariPool - keepalive: connection ConnectionID:7 ClientConnectionId: ea97d01e-c338-4ad7-adef-71e559c9f35f is alive
2026-08-11 18:11:01 DEBUG [EmployeeBankingHikariPool:housekeeper] com.zaxxer.hikari.pool.HikariPool - EmployeeBankingHikariPool - keepalive: connection ConnectionID:10 ClientConnectionId: d82df5c7-5e3f-49c0-816c-7ae8e0e11a25 is alive
2026-08-11 18:11:11 DEBUG [EmployeeBankingHikariPool:housekeeper] com.zaxxer.hikari.pool.HikariPool - EmployeeBankingHikariPool - Before cleanup stats (total=5/10, idle=5/5, active=0, waiting=0)
2026-08-11 18:11:11 DEBUG [EmployeeBankingHikariPool:housekeeper] com.zaxxer.hikari.pool.HikariPool - EmployeeBankingHikariPool - After  cleanup stats (total=5/10, idle=5/5, active=0, waiting=0)
2026-08-11 18:11:11 DEBUG [EmployeeBankingHikariPool:housekeeper] com.zaxxer.hikari.pool.HikariPool - EmployeeBankingHikariPool - Fill pool skipped, pool has sufficient level or currently being filled.
2026-08-11 18:11:41 DEBUG [EmployeeBankingHikariPool:housekeeper] com.zaxxer.hikari.pool.HikariPool - EmployeeBankingHikariPool - Before cleanup stats (total=5/10, idle=5/5, active=0, waiting=0)
2026-08-11 18:11:41 DEBUG [EmployeeBankingHikariPool:housekeeper] com.zaxxer.hikari.pool.HikariPool - EmployeeBankingHikariPool - After  cleanup stats (total=5/10, idle=5/5, active=0, waiting=0)
2026-08-11 18:11:41 DEBUG [EmployeeBankingHikariPool:housekeeper] com.zaxxer.hikari.pool.HikariPool - EmployeeBankingHikariPool - Fill pool skipped, pool has sufficient level or currently being filled.
2026-08-11 18:12:01 DEBUG [EmployeeBankingHikariPool:housekeeper] com.zaxxer.hikari.pool.HikariPool - EmployeeBankingHikariPool - keepalive: connection ConnectionID:6 ClientConnectionId: 620aa4f8-66c0-405d-98a8-6ddc5b2327f0 is alive
2026-08-11 18:12:11 DEBUG [EmployeeBankingHikariPool:housekeeper] com.zaxxer.hikari.pool.HikariPool - EmployeeBankingHikariPool - Before cleanup stats (total=5/10, idle=5/5, active=0, waiting=0)
2026-08-11 18:12:11 DEBUG [EmployeeBankingHikariPool:housekeeper] com.zaxxer.hikari.pool.HikariPool - EmployeeBankingHikariPool - After  cleanup stats (total=5/10, idle=5/5, active=0, waiting=0)
2026-08-11 18:12:11 DEBUG [EmployeeBankingHikariPool:housekeeper] com.zaxxer.hikari.pool.HikariPool - EmployeeBankingHikariPool - Fill pool skipped, pool has sufficient level or currently being filled.
2026-08-11 18:12:25 DEBUG [EmployeeBankingHikariPool:housekeeper] com.zaxxer.hikari.pool.HikariPool - EmployeeBankingHikariPool - keepalive: connection ConnectionID:9 ClientConnectionId: fde02cf1-d4d2-47a2-ae8c-3b8147f8d4c6 is alive
2026-08-11 18:12:35 DEBUG [EmployeeBankingHikariPool:housekeeper] com.zaxxer.hikari.pool.HikariPool - EmployeeBankingHikariPool - keepalive: connection ConnectionID:8 ClientConnectionId: 9017423b-0fe0-4a0f-979d-88936ffa7550 is alive
2026-08-11 18:12:41 DEBUG [EmployeeBankingHikariPool:housekeeper] com.zaxxer.hikari.pool.HikariPool - EmployeeBankingHikariPool - Before cleanup stats (total=5/10, idle=5/5, active=0, waiting=0)
2026-08-11 18:12:41 DEBUG [EmployeeBankingHikariPool:housekeeper] com.zaxxer.hikari.pool.HikariPool - EmployeeBankingHikariPool - After  cleanup stats (total=5/10, idle=5/5, active=0, waiting=0)
2026-08-11 18:12:41 DEBUG [EmployeeBankingHikariPool:housekeeper] com.zaxxer.hikari.pool.HikariPool - EmployeeBankingHikariPool - Fill pool skipped, pool has sufficient level or currently being filled.
2026-08-11 18:12:43 DEBUG [EmployeeBankingHikariPool:housekeeper] com.zaxxer.hikari.pool.HikariPool - EmployeeBankingHikariPool - keepalive: connection ConnectionID:7 ClientConnectionId: ea97d01e-c338-4ad7-adef-71e559c9f35f is alive
2026-08-11 18:12:58 DEBUG [EmployeeBankingHikariPool:housekeeper] com.zaxxer.hikari.pool.HikariPool - EmployeeBankingHikariPool - keepalive: connection ConnectionID:10 ClientConnectionId: d82df5c7-5e3f-49c0-816c-7ae8e0e11a25 is alive
2026-08-11 18:13:11 DEBUG [EmployeeBankingHikariPool:housekeeper] com.zaxxer.hikari.pool.HikariPool - EmployeeBankingHikariPool - Before cleanup stats (total=5/10, idle=5/5, active=0, waiting=0)
2026-08-11 18:13:11 DEBUG [EmployeeBankingHikariPool:housekeeper] com.zaxxer.hikari.pool.HikariPool - EmployeeBankingHikariPool - After  cleanup stats (total=5/10, idle=5/5, active=0, waiting=0)
2026-08-11 18:13:11 DEBUG [EmployeeBankingHikariPool:housekeeper] com.zaxxer.hikari.pool.HikariPool - EmployeeBankingHikariPool - Fill pool skipped, pool has sufficient level or currently being filled.
2026-08-11 18:13:38 DEBUG [EmployeeBankingHikariPool:housekeeper] com.zaxxer.hikari.pool.HikariPool - EmployeeBankingHikariPool - keepalive: connection ConnectionID:6 ClientConnectionId: 620aa4f8-66c0-405d-98a8-6ddc5b2327f0 is alive
2026-08-11 18:13:41 DEBUG [EmployeeBankingHikariPool:housekeeper] com.zaxxer.hikari.pool.HikariPool - EmployeeBankingHikariPool - Before cleanup stats (total=5/10, idle=5/5, active=0, waiting=0)
2026-08-11 18:13:41 DEBUG [EmployeeBankingHikariPool:housekeeper] com.zaxxer.hikari.pool.HikariPool - EmployeeBankingHikariPool - After  cleanup stats (total=5/10, idle=5/5, active=0, waiting=0)
2026-08-11 18:13:41 DEBUG [EmployeeBankingHikariPool:housekeeper] com.zaxxer.hikari.pool.HikariPool - EmployeeBankingHikariPool - Fill pool skipped, pool has sufficient level or currently being filled.
2026-08-11 18:14:11 DEBUG [EmployeeBankingHikariPool:housekeeper] com.zaxxer.hikari.pool.HikariPool - EmployeeBankingHikariPool - Before cleanup stats (total=5/10, idle=5/5, active=0, waiting=0)
2026-08-11 18:14:11 DEBUG [EmployeeBankingHikariPool:housekeeper] com.zaxxer.hikari.pool.HikariPool - EmployeeBankingHikariPool - After  cleanup stats (total=5/10, idle=5/5, active=0, waiting=0)
2026-08-11 18:14:11 DEBUG [EmployeeBankingHikariPool:housekeeper] com.zaxxer.hikari.pool.HikariPool - EmployeeBankingHikariPool - Fill pool skipped, pool has sufficient level or currently being filled.
2026-08-11 18:14:12 DEBUG [EmployeeBankingHikariPool:housekeeper] com.zaxxer.hikari.pool.HikariPool - EmployeeBankingHikariPool - keepalive: connection ConnectionID:9 ClientConnectionId: fde02cf1-d4d2-47a2-ae8c-3b8147f8d4c6 is alive
2026-08-11 18:14:28 DEBUG [EmployeeBankingHikariPool:housekeeper] com.zaxxer.hikari.pool.HikariPool - EmployeeBankingHikariPool - keepalive: connection ConnectionID:8 ClientConnectionId: 9017423b-0fe0-4a0f-979d-88936ffa7550 is alive
2026-08-11 18:14:40 DEBUG [EmployeeBankingHikariPool:housekeeper] com.zaxxer.hikari.pool.HikariPool - EmployeeBankingHikariPool - keepalive: connection ConnectionID:7 ClientConnectionId: ea97d01e-c338-4ad7-adef-71e559c9f35f is alive
2026-08-11 18:14:41 DEBUG [EmployeeBankingHikariPool:housekeeper] com.zaxxer.hikari.pool.HikariPool - EmployeeBankingHikariPool - Before cleanup stats (total=5/10, idle=5/5, active=0, waiting=0)
2026-08-11 18:14:41 DEBUG [EmployeeBankingHikariPool:housekeeper] com.zaxxer.hikari.pool.HikariPool - EmployeeBankingHikariPool - After  cleanup stats (total=5/10, idle=5/5, active=0, waiting=0)
2026-08-11 18:14:41 DEBUG [EmployeeBankingHikariPool:housekeeper] com.zaxxer.hikari.pool.HikariPool - EmployeeBankingHikariPool - Fill pool skipped, pool has sufficient level or currently being filled.
2026-08-11 18:14:54 DEBUG [EmployeeBankingHikariPool:housekeeper] com.zaxxer.hikari.pool.HikariPool - EmployeeBankingHikariPool - keepalive: connection ConnectionID:10 ClientConnectionId: d82df5c7-5e3f-49c0-816c-7ae8e0e11a25 is alive
2026-08-11 18:15:11 DEBUG [EmployeeBankingHikariPool:housekeeper] com.zaxxer.hikari.pool.HikariPool - EmployeeBankingHikariPool - Before cleanup stats (total=5/10, idle=5/5, active=0, waiting=0)
2026-08-11 18:15:11 DEBUG [EmployeeBankingHikariPool:housekeeper] com.zaxxer.hikari.pool.HikariPool - EmployeeBankingHikariPool - After  cleanup stats (total=5/10, idle=5/5, active=0, waiting=0)
2026-08-11 18:15:11 DEBUG [EmployeeBankingHikariPool:housekeeper] com.zaxxer.hikari.pool.HikariPool - EmployeeBankingHikariPool - Fill pool skipped, pool has sufficient level or currently being filled.
2026-08-11 18:15:14 DEBUG [EmployeeBankingHikariPool:housekeeper] com.zaxxer.hikari.pool.HikariPool - EmployeeBankingHikariPool - keepalive: connection ConnectionID:6 ClientConnectionId: 620aa4f8-66c0-405d-98a8-6ddc5b2327f0 is alive
2026-08-11 18:15:41 DEBUG [EmployeeBankingHikariPool:housekeeper] com.zaxxer.hikari.pool.HikariPool - EmployeeBankingHikariPool - Before cleanup stats (total=5/10, idle=5/5, active=0, waiting=0)
2026-08-11 18:15:41 DEBUG [EmployeeBankingHikariPool:housekeeper] com.zaxxer.hikari.pool.HikariPool - EmployeeBankingHikariPool - After  cleanup stats (total=5/10, idle=5/5, active=0, waiting=0)
2026-08-11 18:15:41 DEBUG [EmployeeBankingHikariPool:housekeeper] com.zaxxer.hikari.pool.HikariPool - EmployeeBankingHikariPool - Fill pool skipped, pool has sufficient level or currently being filled.
2026-08-11 18:15:59 DEBUG [EmployeeBankingHikariPool:housekeeper] com.zaxxer.hikari.pool.HikariPool - EmployeeBankingHikariPool - keepalive: connection ConnectionID:9 ClientConnectionId: fde02cf1-d4d2-47a2-ae8c-3b8147f8d4c6 is alive
2026-08-11 18:16:11 DEBUG [EmployeeBankingHikariPool:housekeeper] com.zaxxer.hikari.pool.HikariPool - EmployeeBankingHikariPool - Before cleanup stats (total=5/10, idle=5/5, active=0, waiting=0)
2026-08-11 18:16:11 DEBUG [EmployeeBankingHikariPool:housekeeper] com.zaxxer.hikari.pool.HikariPool - EmployeeBankingHikariPool - After  cleanup stats (total=5/10, idle=5/5, active=0, waiting=0)
2026-08-11 18:16:11 DEBUG [EmployeeBankingHikariPool:housekeeper] com.zaxxer.hikari.pool.HikariPool - EmployeeBankingHikariPool - Fill pool skipped, pool has sufficient level or currently being filled.
2026-08-11 18:16:20 DEBUG [EmployeeBankingHikariPool:housekeeper] com.zaxxer.hikari.pool.HikariPool - EmployeeBankingHikariPool - keepalive: connection ConnectionID:8 ClientConnectionId: 9017423b-0fe0-4a0f-979d-88936ffa7550 is alive
2026-08-11 18:16:37 DEBUG [EmployeeBankingHikariPool:housekeeper] com.zaxxer.hikari.pool.HikariPool - EmployeeBankingHikariPool - keepalive: connection ConnectionID:7 ClientConnectionId: ea97d01e-c338-4ad7-adef-71e559c9f35f is alive
2026-08-11 18:16:41 DEBUG [EmployeeBankingHikariPool:housekeeper] com.zaxxer.hikari.pool.HikariPool - EmployeeBankingHikariPool - Before cleanup stats (total=5/10, idle=5/5, active=0, waiting=0)
2026-08-11 18:16:41 DEBUG [EmployeeBankingHikariPool:housekeeper] com.zaxxer.hikari.pool.HikariPool - EmployeeBankingHikariPool - After  cleanup stats (total=5/10, idle=5/5, active=0, waiting=0)
2026-08-11 18:16:41 DEBUG [EmployeeBankingHikariPool:housekeeper] com.zaxxer.hikari.pool.HikariPool - EmployeeBankingHikariPool - Fill pool skipped, pool has sufficient level or currently being filled.
2026-08-11 18:16:50 DEBUG [EmployeeBankingHikariPool:housekeeper] com.zaxxer.hikari.pool.HikariPool - EmployeeBankingHikariPool - keepalive: connection ConnectionID:6 ClientConnectionId: 620aa4f8-66c0-405d-98a8-6ddc5b2327f0 is alive
2026-08-11 18:16:51 DEBUG [EmployeeBankingHikariPool:housekeeper] com.zaxxer.hikari.pool.HikariPool - EmployeeBankingHikariPool - keepalive: connection ConnectionID:10 ClientConnectionId: d82df5c7-5e3f-49c0-816c-7ae8e0e11a25 is alive
2026-08-11 18:17:11 DEBUG [EmployeeBankingHikariPool:housekeeper] com.zaxxer.hikari.pool.HikariPool - EmployeeBankingHikariPool - Before cleanup stats (total=5/10, idle=5/5, active=0, waiting=0)
2026-08-11 18:17:11 DEBUG [EmployeeBankingHikariPool:housekeeper] com.zaxxer.hikari.pool.HikariPool - EmployeeBankingHikariPool - After  cleanup stats (total=5/10, idle=5/5, active=0, waiting=0)
2026-08-11 18:17:11 DEBUG [EmployeeBankingHikariPool:housekeeper] com.zaxxer.hikari.pool.HikariPool - EmployeeBankingHikariPool - Fill pool skipped, pool has sufficient level or currently being filled.
2026-08-11 18:17:41 DEBUG [EmployeeBankingHikariPool:housekeeper] com.zaxxer.hikari.pool.HikariPool - EmployeeBankingHikariPool - Before cleanup stats (total=5/10, idle=5/5, active=0, waiting=0)
2026-08-11 18:17:41 DEBUG [EmployeeBankingHikariPool:housekeeper] com.zaxxer.hikari.pool.HikariPool - EmployeeBankingHikariPool - After  cleanup stats (total=5/10, idle=5/5, active=0, waiting=0)
2026-08-11 18:17:41 DEBUG [EmployeeBankingHikariPool:housekeeper] com.zaxxer.hikari.pool.HikariPool - EmployeeBankingHikariPool - Fill pool skipped, pool has sufficient level or currently being filled.
2026-08-11 18:17:46 DEBUG [EmployeeBankingHikariPool:housekeeper] com.zaxxer.hikari.pool.HikariPool - EmployeeBankingHikariPool - keepalive: connection ConnectionID:9 ClientConnectionId: fde02cf1-d4d2-47a2-ae8c-3b8147f8d4c6 is alive
2026-08-11 18:18:11 DEBUG [EmployeeBankingHikariPool:housekeeper] com.zaxxer.hikari.pool.HikariPool - EmployeeBankingHikariPool - Before cleanup stats (total=5/10, idle=5/5, active=0, waiting=0)
2026-08-11 18:18:11 DEBUG [EmployeeBankingHikariPool:housekeeper] com.zaxxer.hikari.pool.HikariPool - EmployeeBankingHikariPool - After  cleanup stats (total=5/10, idle=5/5, active=0, waiting=0)
2026-08-11 18:18:11 DEBUG [EmployeeBankingHikariPool:housekeeper] com.zaxxer.hikari.pool.HikariPool - EmployeeBankingHikariPool - Fill pool skipped, pool has sufficient level or currently being filled.
2026-08-11 18:18:13 DEBUG [EmployeeBankingHikariPool:housekeeper] com.zaxxer.hikari.pool.HikariPool - EmployeeBankingHikariPool - keepalive: connection ConnectionID:8 ClientConnectionId: 9017423b-0fe0-4a0f-979d-88936ffa7550 is alive
2026-08-11 18:18:26 DEBUG [EmployeeBankingHikariPool:housekeeper] com.zaxxer.hikari.pool.HikariPool - EmployeeBankingHikariPool - keepalive: connection ConnectionID:6 ClientConnectionId: 620aa4f8-66c0-405d-98a8-6ddc5b2327f0 is alive
2026-08-11 18:18:34 DEBUG [EmployeeBankingHikariPool:housekeeper] com.zaxxer.hikari.pool.HikariPool - EmployeeBankingHikariPool - keepalive: connection ConnectionID:7 ClientConnectionId: ea97d01e-c338-4ad7-adef-71e559c9f35f is alive
2026-08-11 18:18:41 DEBUG [EmployeeBankingHikariPool:housekeeper] com.zaxxer.hikari.pool.HikariPool - EmployeeBankingHikariPool - Before cleanup stats (total=5/10, idle=5/5, active=0, waiting=0)
2026-08-11 18:18:41 DEBUG [EmployeeBankingHikariPool:housekeeper] com.zaxxer.hikari.pool.HikariPool - EmployeeBankingHikariPool - After  cleanup stats (total=5/10, idle=5/5, active=0, waiting=0)
2026-08-11 18:18:41 DEBUG [EmployeeBankingHikariPool:housekeeper] com.zaxxer.hikari.pool.HikariPool - EmployeeBankingHikariPool - Fill pool skipped, pool has sufficient level or currently being filled.
2026-08-11 18:18:48 DEBUG [EmployeeBankingHikariPool:housekeeper] com.zaxxer.hikari.pool.HikariPool - EmployeeBankingHikariPool - keepalive: connection ConnectionID:10 ClientConnectionId: d82df5c7-5e3f-49c0-816c-7ae8e0e11a25 is alive
2026-08-11 18:19:11 DEBUG [EmployeeBankingHikariPool:housekeeper] com.zaxxer.hikari.pool.HikariPool - EmployeeBankingHikariPool - Before cleanup stats (total=5/10, idle=5/5, active=0, waiting=0)
2026-08-11 18:19:11 DEBUG [EmployeeBankingHikariPool:housekeeper] com.zaxxer.hikari.pool.HikariPool - EmployeeBankingHikariPool - After  cleanup stats (total=5/10, idle=5/5, active=0, waiting=0)
2026-08-11 18:19:11 DEBUG [EmployeeBankingHikariPool:housekeeper] com.zaxxer.hikari.pool.HikariPool - EmployeeBankingHikariPool - Fill pool skipped, pool has sufficient level or currently being filled.
2026-08-11 18:19:33 DEBUG [EmployeeBankingHikariPool:housekeeper] com.zaxxer.hikari.pool.HikariPool - EmployeeBankingHikariPool - keepalive: connection ConnectionID:9 ClientConnectionId: fde02cf1-d4d2-47a2-ae8c-3b8147f8d4c6 is alive
2026-08-11 18:19:41 DEBUG [EmployeeBankingHikariPool:housekeeper] com.zaxxer.hikari.pool.HikariPool - EmployeeBankingHikariPool - Before cleanup stats (total=5/10, idle=5/5, active=0, waiting=0)
2026-08-11 18:19:41 DEBUG [EmployeeBankingHikariPool:housekeeper] com.zaxxer.hikari.pool.HikariPool - EmployeeBankingHikariPool - After  cleanup stats (total=5/10, idle=5/5, active=0, waiting=0)
2026-08-11 18:19:41 DEBUG [EmployeeBankingHikariPool:housekeeper] com.zaxxer.hikari.pool.HikariPool - EmployeeBankingHikariPool - Fill pool skipped, pool has sufficient level or currently being filled.
2026-08-11 18:20:03 DEBUG [EmployeeBankingHikariPool:housekeeper] com.zaxxer.hikari.pool.HikariPool - EmployeeBankingHikariPool - keepalive: connection ConnectionID:6 ClientConnectionId: 620aa4f8-66c0-405d-98a8-6ddc5b2327f0 is alive
2026-08-11 18:20:05 DEBUG [EmployeeBankingHikariPool:housekeeper] com.zaxxer.hikari.pool.HikariPool - EmployeeBankingHikariPool - keepalive: connection ConnectionID:8 ClientConnectionId: 9017423b-0fe0-4a0f-979d-88936ffa7550 is alive
2026-08-11 18:20:11 DEBUG [EmployeeBankingHikariPool:housekeeper] com.zaxxer.hikari.pool.HikariPool - EmployeeBankingHikariPool - Before cleanup stats (total=5/10, idle=5/5, active=0, waiting=0)
2026-08-11 18:20:11 DEBUG [EmployeeBankingHikariPool:housekeeper] com.zaxxer.hikari.pool.HikariPool - EmployeeBankingHikariPool - After  cleanup stats (total=5/10, idle=5/5, active=0, waiting=0)
2026-08-11 18:20:11 DEBUG [EmployeeBankingHikariPool:housekeeper] com.zaxxer.hikari.pool.HikariPool - EmployeeBankingHikariPool - Fill pool skipped, pool has sufficient level or currently being filled.
2026-08-11 18:20:31 DEBUG [EmployeeBankingHikariPool:housekeeper] com.zaxxer.hikari.pool.HikariPool - EmployeeBankingHikariPool - keepalive: connection ConnectionID:7 ClientConnectionId: ea97d01e-c338-4ad7-adef-71e559c9f35f is alive
2026-08-11 18:20:41 DEBUG [EmployeeBankingHikariPool:housekeeper] com.zaxxer.hikari.pool.HikariPool - EmployeeBankingHikariPool - Before cleanup stats (total=5/10, idle=5/5, active=0, waiting=0)
2026-08-11 18:20:41 DEBUG [EmployeeBankingHikariPool:housekeeper] com.zaxxer.hikari.pool.HikariPool - EmployeeBankingHikariPool - After  cleanup stats (total=5/10, idle=5/5, active=0, waiting=0)
2026-08-11 18:20:41 DEBUG [EmployeeBankingHikariPool:housekeeper] com.zaxxer.hikari.pool.HikariPool - EmployeeBankingHikariPool - Fill pool skipped, pool has sufficient level or currently being filled.
2026-08-11 18:20:44 DEBUG [EmployeeBankingHikariPool:housekeeper] com.zaxxer.hikari.pool.HikariPool - EmployeeBankingHikariPool - keepalive: connection ConnectionID:10 ClientConnectionId: d82df5c7-5e3f-49c0-816c-7ae8e0e11a25 is alive
2026-08-11 18:21:11 DEBUG [EmployeeBankingHikariPool:housekeeper] com.zaxxer.hikari.pool.HikariPool - EmployeeBankingHikariPool - Before cleanup stats (total=5/10, idle=5/5, active=0, waiting=0)
2026-08-11 18:21:11 DEBUG [EmployeeBankingHikariPool:housekeeper] com.zaxxer.hikari.pool.HikariPool - EmployeeBankingHikariPool - After  cleanup stats (total=5/10, idle=5/5, active=0, waiting=0)
2026-08-11 18:21:11 DEBUG [EmployeeBankingHikariPool:housekeeper] com.zaxxer.hikari.pool.HikariPool - EmployeeBankingHikariPool - Fill pool skipped, pool has sufficient level or currently being filled.
2026-08-11 18:21:20 DEBUG [EmployeeBankingHikariPool:housekeeper] com.zaxxer.hikari.pool.HikariPool - EmployeeBankingHikariPool - keepalive: connection ConnectionID:9 ClientConnectionId: fde02cf1-d4d2-47a2-ae8c-3b8147f8d4c6 is alive
2026-08-11 18:21:39 DEBUG [EmployeeBankingHikariPool:housekeeper] com.zaxxer.hikari.pool.HikariPool - EmployeeBankingHikariPool - keepalive: connection ConnectionID:6 ClientConnectionId: 620aa4f8-66c0-405d-98a8-6ddc5b2327f0 is alive
2026-08-11 18:21:41 DEBUG [EmployeeBankingHikariPool:housekeeper] com.zaxxer.hikari.pool.HikariPool - EmployeeBankingHikariPool - Before cleanup stats (total=5/10, idle=5/5, active=0, waiting=0)
2026-08-11 18:21:41 DEBUG [EmployeeBankingHikariPool:housekeeper] com.zaxxer.hikari.pool.HikariPool - EmployeeBankingHikariPool - After  cleanup stats (total=5/10, idle=5/5, active=0, waiting=0)
2026-08-11 18:21:41 DEBUG [EmployeeBankingHikariPool:housekeeper] com.zaxxer.hikari.pool.HikariPool - EmployeeBankingHikariPool - Fill pool skipped, pool has sufficient level or currently being filled.
2026-08-11 18:21:57 DEBUG [EmployeeBankingHikariPool:housekeeper] com.zaxxer.hikari.pool.HikariPool - EmployeeBankingHikariPool - keepalive: connection ConnectionID:8 ClientConnectionId: 9017423b-0fe0-4a0f-979d-88936ffa7550 is alive
2026-08-11 18:22:11 DEBUG [EmployeeBankingHikariPool:housekeeper] com.zaxxer.hikari.pool.HikariPool - EmployeeBankingHikariPool - Before cleanup stats (total=5/10, idle=5/5, active=0, waiting=0)
2026-08-11 18:22:11 DEBUG [EmployeeBankingHikariPool:housekeeper] com.zaxxer.hikari.pool.HikariPool - EmployeeBankingHikariPool - After  cleanup stats (total=5/10, idle=5/5, active=0, waiting=0)
2026-08-11 18:22:11 DEBUG [EmployeeBankingHikariPool:housekeeper] com.zaxxer.hikari.pool.HikariPool - EmployeeBankingHikariPool - Fill pool skipped, pool has sufficient level or currently being filled.
2026-08-11 18:22:28 DEBUG [EmployeeBankingHikariPool:housekeeper] com.zaxxer.hikari.pool.HikariPool - EmployeeBankingHikariPool - keepalive: connection ConnectionID:7 ClientConnectionId: ea97d01e-c338-4ad7-adef-71e559c9f35f is alive
2026-08-11 18:22:41 DEBUG [EmployeeBankingHikariPool:housekeeper] com.zaxxer.hikari.pool.HikariPool - EmployeeBankingHikariPool - keepalive: connection ConnectionID:10 ClientConnectionId: d82df5c7-5e3f-49c0-816c-7ae8e0e11a25 is alive
2026-08-11 18:22:41 DEBUG [EmployeeBankingHikariPool:housekeeper] com.zaxxer.hikari.pool.HikariPool - EmployeeBankingHikariPool - Before cleanup stats (total=5/10, idle=5/5, active=0, waiting=0)
2026-08-11 18:22:41 DEBUG [EmployeeBankingHikariPool:housekeeper] com.zaxxer.hikari.pool.HikariPool - EmployeeBankingHikariPool - After  cleanup stats (total=5/10, idle=5/5, active=0, waiting=0)
2026-08-11 18:22:41 DEBUG [EmployeeBankingHikariPool:housekeeper] com.zaxxer.hikari.pool.HikariPool - EmployeeBankingHikariPool - Fill pool skipped, pool has sufficient level or currently being filled.
2026-08-11 18:22:57 INFO  [http-nio-8091-exec-3] c.t.e.controller.AccountController - Received withdraw request for account id: 1
2026-08-11 18:22:57 INFO  [http-nio-8091-exec-3] c.t.e.service.AccountService - Withdrawing 1000.0 from account id: 1
2026-08-11 18:22:57 DEBUG [http-nio-8091-exec-3] org.hibernate.SQL - 
    select
        a1_0.id,
        a1_0.account_holder_name,
        a1_0.account_number,
        a1_0.balance 
    from
        account_details5 a1_0 
    where
        a1_0.id=?
2026-08-11 18:22:57 TRACE [http-nio-8091-exec-3] org.hibernate.orm.jdbc.bind - binding parameter (1:INTEGER) <- [1]
2026-08-11 18:22:57 DEBUG [http-nio-8091-exec-3] org.hibernate.SQL - 
    update
        account_details5 
    set
        account_holder_name=?,
        account_number=?,
        balance=? 
    where
        id=?
2026-08-11 18:22:57 TRACE [http-nio-8091-exec-3] org.hibernate.orm.jdbc.bind - binding parameter (1:VARCHAR) <- [Satya Prakash]
2026-08-11 18:22:57 TRACE [http-nio-8091-exec-3] org.hibernate.orm.jdbc.bind - binding parameter (2:VARCHAR) <- [ACC123456]
2026-08-11 18:22:57 TRACE [http-nio-8091-exec-3] org.hibernate.orm.jdbc.bind - binding parameter (3:DOUBLE) <- [19000.0]
2026-08-11 18:22:57 TRACE [http-nio-8091-exec-3] org.hibernate.orm.jdbc.bind - binding parameter (4:INTEGER) <- [1]
2026-08-11 18:23:08 DEBUG [EmployeeBankingHikariPool:housekeeper] com.zaxxer.hikari.pool.HikariPool - EmployeeBankingHikariPool - keepalive: connection ConnectionID:9 ClientConnectionId: fde02cf1-d4d2-47a2-ae8c-3b8147f8d4c6 is alive
2026-08-11 18:23:09 INFO  [http-nio-8091-exec-6] c.t.e.controller.EmployeeController - Received request to fetch all employees.
2026-08-11 18:23:09 DEBUG [http-nio-8091-exec-6] org.hibernate.SQL - 
    select
        e1_0.id,
        e1_0.department,
        e1_0.email,
        e1_0.name,
        e1_0.salary 
    from
        employee_details5 e1_0 
    order by
        (select
            0) 
    offset
        ? rows 
    fetch
        first ? rows only
2026-08-11 18:23:09 TRACE [http-nio-8091-exec-6] org.hibernate.orm.jdbc.bind - binding parameter (1:INTEGER) <- [0]
2026-08-11 18:23:09 TRACE [http-nio-8091-exec-6] org.hibernate.orm.jdbc.bind - binding parameter (2:INTEGER) <- [20]
2026-08-11 18:23:11 DEBUG [EmployeeBankingHikariPool:housekeeper] com.zaxxer.hikari.pool.HikariPool - EmployeeBankingHikariPool - Before cleanup stats (total=5/10, idle=5/5, active=0, waiting=0)
2026-08-11 18:23:11 DEBUG [EmployeeBankingHikariPool:housekeeper] com.zaxxer.hikari.pool.HikariPool - EmployeeBankingHikariPool - After  cleanup stats (total=5/10, idle=5/5, active=0, waiting=0)
2026-08-11 18:23:11 DEBUG [EmployeeBankingHikariPool:housekeeper] com.zaxxer.hikari.pool.HikariPool - EmployeeBankingHikariPool - Fill pool skipped, pool has sufficient level or currently being filled.
2026-08-11 18:23:15 DEBUG [EmployeeBankingHikariPool:housekeeper] com.zaxxer.hikari.pool.HikariPool - EmployeeBankingHikariPool - keepalive: connection ConnectionID:6 ClientConnectionId: 620aa4f8-66c0-405d-98a8-6ddc5b2327f0 is alive
2026-08-11 18:23:41 DEBUG [EmployeeBankingHikariPool:housekeeper] com.zaxxer.hikari.pool.HikariPool - EmployeeBankingHikariPool - Before cleanup stats (total=5/10, idle=5/5, active=0, waiting=0)
2026-08-11 18:23:41 DEBUG [EmployeeBankingHikariPool:housekeeper] com.zaxxer.hikari.pool.HikariPool - EmployeeBankingHikariPool - After  cleanup stats (total=5/10, idle=5/5, active=0, waiting=0)
2026-08-11 18:23:41 DEBUG [EmployeeBankingHikariPool:housekeeper] com.zaxxer.hikari.pool.HikariPool - EmployeeBankingHikariPool - Fill pool skipped, pool has sufficient level or currently being filled.
2026-08-11 18:23:50 DEBUG [EmployeeBankingHikariPool:housekeeper] com.zaxxer.hikari.pool.HikariPool - EmployeeBankingHikariPool - keepalive: connection ConnectionID:8 ClientConnectionId: 9017423b-0fe0-4a0f-979d-88936ffa7550 is alive
2026-08-11 18:24:11 DEBUG [EmployeeBankingHikariPool:housekeeper] com.zaxxer.hikari.pool.HikariPool - EmployeeBankingHikariPool - Before cleanup stats (total=5/10, idle=5/5, active=0, waiting=0)
2026-08-11 18:24:11 DEBUG [EmployeeBankingHikariPool:housekeeper] com.zaxxer.hikari.pool.HikariPool - EmployeeBankingHikariPool - After  cleanup stats (total=5/10, idle=5/5, active=0, waiting=0)
2026-08-11 18:24:11 DEBUG [EmployeeBankingHikariPool:housekeeper] com.zaxxer.hikari.pool.HikariPool - EmployeeBankingHikariPool - Fill pool skipped, pool has sufficient level or currently being filled.
2026-08-11 18:24:24 DEBUG [EmployeeBankingHikariPool:housekeeper] com.zaxxer.hikari.pool.HikariPool - EmployeeBankingHikariPool - keepalive: connection ConnectionID:7 ClientConnectionId: ea97d01e-c338-4ad7-adef-71e559c9f35f is alive
2026-08-11 18:24:37 DEBUG [EmployeeBankingHikariPool:housekeeper] com.zaxxer.hikari.pool.HikariPool - EmployeeBankingHikariPool - keepalive: connection ConnectionID:10 ClientConnectionId: d82df5c7-5e3f-49c0-816c-7ae8e0e11a25 is alive
2026-08-11 18:24:41 DEBUG [EmployeeBankingHikariPool:housekeeper] com.zaxxer.hikari.pool.HikariPool - EmployeeBankingHikariPool - Before cleanup stats (total=5/10, idle=5/5, active=0, waiting=0)
2026-08-11 18:24:41 DEBUG [EmployeeBankingHikariPool:housekeeper] com.zaxxer.hikari.pool.HikariPool - EmployeeBankingHikariPool - After  cleanup stats (total=5/10, idle=5/5, active=0, waiting=0)
2026-08-11 18:24:41 DEBUG [EmployeeBankingHikariPool:housekeeper] com.zaxxer.hikari.pool.HikariPool - EmployeeBankingHikariPool - Fill pool skipped, pool has sufficient level or currently being filled.
2026-08-11 18:24:51 DEBUG [EmployeeBankingHikariPool:housekeeper] com.zaxxer.hikari.pool.HikariPool - EmployeeBankingHikariPool - keepalive: connection ConnectionID:6 ClientConnectionId: 620aa4f8-66c0-405d-98a8-6ddc5b2327f0 is alive
2026-08-11 18:24:55 DEBUG [EmployeeBankingHikariPool:housekeeper] com.zaxxer.hikari.pool.HikariPool - EmployeeBankingHikariPool - keepalive: connection ConnectionID:9 ClientConnectionId: fde02cf1-d4d2-47a2-ae8c-3b8147f8d4c6 is alive
2026-08-11 18:25:11 DEBUG [EmployeeBankingHikariPool:housekeeper] com.zaxxer.hikari.pool.HikariPool - EmployeeBankingHikariPool - Before cleanup stats (total=5/10, idle=5/5, active=0, waiting=0)
2026-08-11 18:25:11 DEBUG [EmployeeBankingHikariPool:housekeeper] com.zaxxer.hikari.pool.HikariPool - EmployeeBankingHikariPool - After  cleanup stats (total=5/10, idle=5/5, active=0, waiting=0)
2026-08-11 18:25:11 DEBUG [EmployeeBankingHikariPool:housekeeper] com.zaxxer.hikari.pool.HikariPool - EmployeeBankingHikariPool - Fill pool skipped, pool has sufficient level or currently being filled.
2026-08-11 18:25:41 DEBUG [EmployeeBankingHikariPool:housekeeper] com.zaxxer.hikari.pool.HikariPool - EmployeeBankingHikariPool - Before cleanup stats (total=5/10, idle=5/5, active=0, waiting=0)
2026-08-11 18:25:41 DEBUG [EmployeeBankingHikariPool:housekeeper] com.zaxxer.hikari.pool.HikariPool - EmployeeBankingHikariPool - After  cleanup stats (total=5/10, idle=5/5, active=0, waiting=0)
2026-08-11 18:25:41 DEBUG [EmployeeBankingHikariPool:housekeeper] com.zaxxer.hikari.pool.HikariPool - EmployeeBankingHikariPool - Fill pool skipped, pool has sufficient level or currently being filled.
2026-08-11 18:25:42 DEBUG [EmployeeBankingHikariPool:housekeeper] com.zaxxer.hikari.pool.HikariPool - EmployeeBankingHikariPool - keepalive: connection ConnectionID:8 ClientConnectionId: 9017423b-0fe0-4a0f-979d-88936ffa7550 is alive
2026-08-11 18:26:11 DEBUG [EmployeeBankingHikariPool:housekeeper] com.zaxxer.hikari.pool.HikariPool - EmployeeBankingHikariPool - Before cleanup stats (total=5/10, idle=5/5, active=0, waiting=0)
2026-08-11 18:26:11 DEBUG [EmployeeBankingHikariPool:housekeeper] com.zaxxer.hikari.pool.HikariPool - EmployeeBankingHikariPool - After  cleanup stats (total=5/10, idle=5/5, active=0, waiting=0)
2026-08-11 18:26:11 DEBUG [EmployeeBankingHikariPool:housekeeper] com.zaxxer.hikari.pool.HikariPool - EmployeeBankingHikariPool - Fill pool skipped, pool has sufficient level or currently being filled.
2026-08-11 18:26:21 DEBUG [EmployeeBankingHikariPool:housekeeper] com.zaxxer.hikari.pool.HikariPool - EmployeeBankingHikariPool - keepalive: connection ConnectionID:7 ClientConnectionId: ea97d01e-c338-4ad7-adef-71e559c9f35f is alive
2026-08-11 18:26:27 DEBUG [EmployeeBankingHikariPool:housekeeper] com.zaxxer.hikari.pool.HikariPool - EmployeeBankingHikariPool - keepalive: connection ConnectionID:6 ClientConnectionId: 620aa4f8-66c0-405d-98a8-6ddc5b2327f0 is alive
2026-08-11 18:26:34 DEBUG [EmployeeBankingHikariPool:housekeeper] com.zaxxer.hikari.pool.HikariPool - EmployeeBankingHikariPool - keepalive: connection ConnectionID:10 ClientConnectionId: d82df5c7-5e3f-49c0-816c-7ae8e0e11a25 is alive
2026-08-11 18:26:41 DEBUG [EmployeeBankingHikariPool:housekeeper] com.zaxxer.hikari.pool.HikariPool - EmployeeBankingHikariPool - Before cleanup stats (total=5/10, idle=5/5, active=0, waiting=0)
2026-08-11 18:26:41 DEBUG [EmployeeBankingHikariPool:housekeeper] com.zaxxer.hikari.pool.HikariPool - EmployeeBankingHikariPool - After  cleanup stats (total=5/10, idle=5/5, active=0, waiting=0)
2026-08-11 18:26:41 DEBUG [EmployeeBankingHikariPool:housekeeper] com.zaxxer.hikari.pool.HikariPool - EmployeeBankingHikariPool - Fill pool skipped, pool has sufficient level or currently being filled.
2026-08-11 18:26:42 DEBUG [EmployeeBankingHikariPool:housekeeper] com.zaxxer.hikari.pool.HikariPool - EmployeeBankingHikariPool - keepalive: connection ConnectionID:9 ClientConnectionId: fde02cf1-d4d2-47a2-ae8c-3b8147f8d4c6 is alive
2026-08-11 18:27:11 DEBUG [EmployeeBankingHikariPool:housekeeper] com.zaxxer.hikari.pool.HikariPool - EmployeeBankingHikariPool - Before cleanup stats (total=5/10, idle=5/5, active=0, waiting=0)
2026-08-11 18:27:11 DEBUG [EmployeeBankingHikariPool:housekeeper] com.zaxxer.hikari.pool.HikariPool - EmployeeBankingHikariPool - After  cleanup stats (total=5/10, idle=5/5, active=0, waiting=0)
2026-08-11 18:27:11 DEBUG [EmployeeBankingHikariPool:housekeeper] com.zaxxer.hikari.pool.HikariPool - EmployeeBankingHikariPool - Fill pool skipped, pool has sufficient level or currently being filled.
2026-08-11 18:27:35 DEBUG [EmployeeBankingHikariPool:housekeeper] com.zaxxer.hikari.pool.HikariPool - EmployeeBankingHikariPool - keepalive: connection ConnectionID:8 ClientConnectionId: 9017423b-0fe0-4a0f-979d-88936ffa7550 is alive
2026-08-11 18:27:41 DEBUG [EmployeeBankingHikariPool:housekeeper] com.zaxxer.hikari.pool.HikariPool - EmployeeBankingHikariPool - Before cleanup stats (total=5/10, idle=5/5, active=0, waiting=0)
2026-08-11 18:27:41 DEBUG [EmployeeBankingHikariPool:housekeeper] com.zaxxer.hikari.pool.HikariPool - EmployeeBankingHikariPool - After  cleanup stats (total=5/10, idle=5/5, active=0, waiting=0)
2026-08-11 18:27:41 DEBUG [EmployeeBankingHikariPool:housekeeper] com.zaxxer.hikari.pool.HikariPool - EmployeeBankingHikariPool - Fill pool skipped, pool has sufficient level or currently being filled.
2026-08-11 18:28:04 DEBUG [EmployeeBankingHikariPool:housekeeper] com.zaxxer.hikari.pool.HikariPool - EmployeeBankingHikariPool - keepalive: connection ConnectionID:6 ClientConnectionId: 620aa4f8-66c0-405d-98a8-6ddc5b2327f0 is alive
2026-08-11 18:28:11 DEBUG [EmployeeBankingHikariPool:housekeeper] com.zaxxer.hikari.pool.HikariPool - EmployeeBankingHikariPool - Before cleanup stats (total=5/10, idle=5/5, active=0, waiting=0)
2026-08-11 18:28:11 DEBUG [EmployeeBankingHikariPool:housekeeper] com.zaxxer.hikari.pool.HikariPool - EmployeeBankingHikariPool - After  cleanup stats (total=5/10, idle=5/5, active=0, waiting=0)
2026-08-11 18:28:11 DEBUG [EmployeeBankingHikariPool:housekeeper] com.zaxxer.hikari.pool.HikariPool - EmployeeBankingHikariPool - Fill pool skipped, pool has sufficient level or currently being filled.
2026-08-11 18:28:18 DEBUG [EmployeeBankingHikariPool:housekeeper] com.zaxxer.hikari.pool.HikariPool - EmployeeBankingHikariPool - keepalive: connection ConnectionID:7 ClientConnectionId: ea97d01e-c338-4ad7-adef-71e559c9f35f is alive
2026-08-11 18:28:29 DEBUG [EmployeeBankingHikariPool:housekeeper] com.zaxxer.hikari.pool.HikariPool - EmployeeBankingHikariPool - keepalive: connection ConnectionID:9 ClientConnectionId: fde02cf1-d4d2-47a2-ae8c-3b8147f8d4c6 is alive
2026-08-11 18:28:31 DEBUG [EmployeeBankingHikariPool:housekeeper] com.zaxxer.hikari.pool.HikariPool - EmployeeBankingHikariPool - keepalive: connection ConnectionID:10 ClientConnectionId: d82df5c7-5e3f-49c0-816c-7ae8e0e11a25 is alive
2026-08-11 18:28:41 DEBUG [EmployeeBankingHikariPool:housekeeper] com.zaxxer.hikari.pool.HikariPool - EmployeeBankingHikariPool - Before cleanup stats (total=5/10, idle=5/5, active=0, waiting=0)
2026-08-11 18:28:41 DEBUG [EmployeeBankingHikariPool:housekeeper] com.zaxxer.hikari.pool.HikariPool - EmployeeBankingHikariPool - After  cleanup stats (total=5/10, idle=5/5, active=0, waiting=0)
2026-08-11 18:28:41 DEBUG [EmployeeBankingHikariPool:housekeeper] com.zaxxer.hikari.pool.HikariPool - EmployeeBankingHikariPool - Fill pool skipped, pool has sufficient level or currently being filled.
2026-08-11 18:28:43 INFO  [http-nio-8091-exec-9] c.t.e.controller.EmployeeController - Received request to fetch all employees.
2026-08-11 18:28:43 DEBUG [http-nio-8091-exec-9] org.hibernate.SQL - 
    select
        e1_0.id,
        e1_0.department,
        e1_0.email,
        e1_0.name,
        e1_0.salary 
    from
        employee_details5 e1_0 
    order by
        (select
            0) 
    offset
        ? rows 
    fetch
        first ? rows only
2026-08-11 18:28:43 TRACE [http-nio-8091-exec-9] org.hibernate.orm.jdbc.bind - binding parameter (1:INTEGER) <- [0]
2026-08-11 18:28:43 TRACE [http-nio-8091-exec-9] org.hibernate.orm.jdbc.bind - binding parameter (2:INTEGER) <- [20]
2026-08-11 18:29:00 INFO  [http-nio-8091-exec-8] c.t.e.controller.EmployeeController - Received request to fetch employee with id: 15
2026-08-11 18:29:00 INFO  [http-nio-8091-exec-8] c.t.e.service.EmployeeService - Fetching employee with id: 15 from Database
2026-08-11 18:29:00 DEBUG [http-nio-8091-exec-8] org.hibernate.SQL - 
    select
        e1_0.id,
        e1_0.department,
        e1_0.email,
        e1_0.name,
        e1_0.salary 
    from
        employee_details5 e1_0 
    where
        e1_0.id=?
2026-08-11 18:29:00 TRACE [http-nio-8091-exec-8] org.hibernate.orm.jdbc.bind - binding parameter (1:INTEGER) <- [15]
2026-08-11 18:29:11 DEBUG [EmployeeBankingHikariPool:housekeeper] com.zaxxer.hikari.pool.HikariPool - EmployeeBankingHikariPool - Before cleanup stats (total=5/10, idle=5/5, active=0, waiting=0)
2026-08-11 18:29:11 DEBUG [EmployeeBankingHikariPool:housekeeper] com.zaxxer.hikari.pool.HikariPool - EmployeeBankingHikariPool - After  cleanup stats (total=5/10, idle=5/5, active=0, waiting=0)
2026-08-11 18:29:11 DEBUG [EmployeeBankingHikariPool:housekeeper] com.zaxxer.hikari.pool.HikariPool - EmployeeBankingHikariPool - Fill pool skipped, pool has sufficient level or currently being filled.
2026-08-11 18:29:27 DEBUG [EmployeeBankingHikariPool:housekeeper] com.zaxxer.hikari.pool.HikariPool - EmployeeBankingHikariPool - keepalive: connection ConnectionID:8 ClientConnectionId: 9017423b-0fe0-4a0f-979d-88936ffa7550 is alive
2026-08-11 18:46:09 INFO  [background-preinit] o.h.validator.internal.util.Version - HV000001: Hibernate Validator 8.0.2.Final
2026-08-11 18:46:09 INFO  [main] c.t.e.c.EmployeeControllerTest - Starting EmployeeControllerTest using Java 21.0.11 with PID 11968 (started by s.samantray in C:\Users\s.samantray\Desktop\Eclipse_Workspace\EmployeeBankRestApiPostman_Collection)
2026-08-11 18:46:09 DEBUG [main] c.t.e.c.EmployeeControllerTest - Running with Spring Boot v3.5.4, Spring v6.2.9
2026-08-11 18:46:09 INFO  [main] c.t.e.c.EmployeeControllerTest - No active profile set, falling back to 1 default profile: "default"
2026-08-11 18:46:16 INFO  [main] o.s.b.t.m.w.SpringBootMockServletContext - Initializing Spring TestDispatcherServlet ''
2026-08-11 18:46:16 INFO  [main] o.s.t.w.s.TestDispatcherServlet - Initializing Servlet ''
2026-08-11 18:46:16 INFO  [main] o.s.t.w.s.TestDispatcherServlet - Completed initialization in 4 ms
2026-08-11 18:46:16 INFO  [main] c.t.e.c.EmployeeControllerTest - Started EmployeeControllerTest in 9.734 seconds (process running for 24.729)
2026-08-11 18:46:18 INFO  [main] c.t.e.controller.EmployeeController - Received request to create employee.
2026-08-11 18:46:18 WARN  [main] c.t.e.e.GlobalExceptionHandler - Business rule violation: Salary must be greater than or equal to 1000.
2026-08-11 18:46:18 INFO  [main] c.t.e.controller.EmployeeController - Received request to delete employee with id: 1
2026-08-11 18:46:18 WARN  [main] c.t.e.e.GlobalExceptionHandler - Resource not found: Employee not found.
2026-08-11 18:46:18 WARN  [main] c.t.e.e.GlobalExceptionHandler - Validation failed: {name=Name is required, department=Department is required, salary=Salary must be greater than zero, email=Invalid email format}
2026-08-11 18:46:18 INFO  [main] c.t.e.controller.EmployeeController - Received request to create employee.
2026-08-11 18:46:18 ERROR [main] c.t.e.e.GlobalExceptionHandler - Unexpected exception
java.lang.RuntimeException: Database down
	at com.tns.employeeapi.service.EmployeeService.addEmployee(EmployeeService.java:47)
	at com.tns.employeeapi.controller.EmployeeController.addEmployee(EmployeeController.java:65)
	at java.base/jdk.internal.reflect.DirectMethodHandleAccessor.invoke(DirectMethodHandleAccessor.java:103)
	at java.base/java.lang.reflect.Method.invoke(Method.java:580)
	at org.springframework.aop.support.AopUtils.invokeJoinpointUsingReflection(AopUtils.java:360)
	at org.springframework.aop.framework.ReflectiveMethodInvocation.invokeJoinpoint(ReflectiveMethodInvocation.java:196)
	at org.springframework.aop.framework.ReflectiveMethodInvocation.proceed(ReflectiveMethodInvocation.java:163)
	at org.springframework.validation.beanvalidation.MethodValidationInterceptor.invoke(MethodValidationInterceptor.java:174)
	at org.springframework.aop.framework.ReflectiveMethodInvocation.proceed(ReflectiveMethodInvocation.java:184)
	at org.springframework.aop.framework.CglibAopProxy$DynamicAdvisedInterceptor.intercept(CglibAopProxy.java:728)
	at com.tns.employeeapi.controller.EmployeeController$$SpringCGLIB$$0.addEmployee(<generated>)
	at java.base/jdk.internal.reflect.DirectMethodHandleAccessor.invoke(DirectMethodHandleAccessor.java:103)
	at java.base/java.lang.reflect.Method.invoke(Method.java:580)
	at org.springframework.web.method.support.InvocableHandlerMethod.doInvoke(InvocableHandlerMethod.java:258)
	at org.springframework.web.method.support.InvocableHandlerMethod.invokeForRequest(InvocableHandlerMethod.java:191)
	at org.springframework.web.servlet.mvc.method.annotation.ServletInvocableHandlerMethod.invokeAndHandle(ServletInvocableHandlerMethod.java:118)
	at org.springframework.web.servlet.mvc.method.annotation.RequestMappingHandlerAdapter.invokeHandlerMethod(RequestMappingHandlerAdapter.java:991)
	at org.springframework.web.servlet.mvc.method.annotation.RequestMappingHandlerAdapter.handleInternal(RequestMappingHandlerAdapter.java:896)
	at org.springframework.web.servlet.mvc.method.AbstractHandlerMethodAdapter.handle(AbstractHandlerMethodAdapter.java:87)
	at org.springframework.web.servlet.DispatcherServlet.doDispatch(DispatcherServlet.java:1089)
	at org.springframework.web.servlet.DispatcherServlet.doService(DispatcherServlet.java:979)
	at org.springframework.web.servlet.FrameworkServlet.processRequest(FrameworkServlet.java:1014)
	at org.springframework.web.servlet.FrameworkServlet.doPost(FrameworkServlet.java:914)
	at jakarta.servlet.http.HttpServlet.service(HttpServlet.java:590)
	at org.springframework.web.servlet.FrameworkServlet.service(FrameworkServlet.java:885)
	at org.springframework.test.web.servlet.TestDispatcherServlet.service(TestDispatcherServlet.java:72)
	at jakarta.servlet.http.HttpServlet.service(HttpServlet.java:658)
	at org.springframework.mock.web.MockFilterChain$ServletFilterProxy.doFilter(MockFilterChain.java:165)
	at org.springframework.mock.web.MockFilterChain.doFilter(MockFilterChain.java:132)
	at org.springframework.web.filter.RequestContextFilter.doFilterInternal(RequestContextFilter.java:100)
	at org.springframework.web.filter.OncePerRequestFilter.doFilter(OncePerRequestFilter.java:116)
	at org.springframework.test.web.servlet.setup.MockMvcFilterDecorator.doFilter(MockMvcFilterDecorator.java:162)
	at org.springframework.mock.web.MockFilterChain.doFilter(MockFilterChain.java:132)
	at org.springframework.web.filter.FormContentFilter.doFilterInternal(FormContentFilter.java:93)
	at org.springframework.web.filter.OncePerRequestFilter.doFilter(OncePerRequestFilter.java:116)
	at org.springframework.test.web.servlet.setup.MockMvcFilterDecorator.doFilter(MockMvcFilterDecorator.java:162)
	at org.springframework.mock.web.MockFilterChain.doFilter(MockFilterChain.java:132)
	at org.springframework.web.filter.CharacterEncodingFilter.doFilterInternal(CharacterEncodingFilter.java:201)
	at org.springframework.web.filter.OncePerRequestFilter.doFilter(OncePerRequestFilter.java:116)
	at org.springframework.test.web.servlet.setup.MockMvcFilterDecorator.doFilter(MockMvcFilterDecorator.java:162)
	at org.springframework.mock.web.MockFilterChain.doFilter(MockFilterChain.java:132)
	at org.springframework.test.web.servlet.MockMvc.perform(MockMvc.java:201)
	at com.tns.employeeapi.controller.EmployeeControllerTest.shouldReturn500ForUnexpectedException(EmployeeControllerTest.java:122)
	at java.base/jdk.internal.reflect.DirectMethodHandleAccessor.invoke(DirectMethodHandleAccessor.java:103)
	at java.base/java.lang.reflect.Method.invoke(Method.java:580)
	at org.junit.platform.commons.util.ReflectionUtils.invokeMethod(ReflectionUtils.java:775)
	at org.junit.platform.commons.support.ReflectionSupport.invokeMethod(ReflectionSupport.java:479)
	at org.junit.jupiter.engine.execution.MethodInvocation.proceed(MethodInvocation.java:60)
	at org.junit.jupiter.engine.execution.InvocationInterceptorChain$ValidatingInvocation.proceed(InvocationInterceptorChain.java:131)
	at org.junit.jupiter.engine.extension.TimeoutExtension.intercept(TimeoutExtension.java:161)
	at org.junit.jupiter.engine.extension.TimeoutExtension.interceptTestableMethod(TimeoutExtension.java:152)
	at org.junit.jupiter.engine.extension.TimeoutExtension.interceptTestMethod(TimeoutExtension.java:91)
	at org.junit.jupiter.engine.execution.InterceptingExecutableInvoker$ReflectiveInterceptorCall.lambda$ofVoidMethod$0(InterceptingExecutableInvoker.java:112)
	at org.junit.jupiter.engine.execution.InterceptingExecutableInvoker.lambda$invoke$0(InterceptingExecutableInvoker.java:94)
	at org.junit.jupiter.engine.execution.InvocationInterceptorChain$InterceptedInvocation.proceed(InvocationInterceptorChain.java:106)
	at org.junit.jupiter.engine.execution.InvocationInterceptorChain.proceed(InvocationInterceptorChain.java:64)
	at org.junit.jupiter.engine.execution.InvocationInterceptorChain.chainAndInvoke(InvocationInterceptorChain.java:45)
	at org.junit.jupiter.engine.execution.InvocationInterceptorChain.invoke(InvocationInterceptorChain.java:37)
	at org.junit.jupiter.engine.execution.InterceptingExecutableInvoker.invoke(InterceptingExecutableInvoker.java:93)
	at org.junit.jupiter.engine.execution.InterceptingExecutableInvoker.invoke(InterceptingExecutableInvoker.java:87)
	at org.junit.jupiter.engine.descriptor.TestMethodTestDescriptor.lambda$invokeTestMethod$7(TestMethodTestDescriptor.java:216)
	at org.junit.platform.engine.support.hierarchical.ThrowableCollector.execute(ThrowableCollector.java:73)
	at org.junit.jupiter.engine.descriptor.TestMethodTestDescriptor.invokeTestMethod(TestMethodTestDescriptor.java:212)
	at org.junit.jupiter.engine.descriptor.TestMethodTestDescriptor.execute(TestMethodTestDescriptor.java:137)
	at org.junit.jupiter.engine.descriptor.TestMethodTestDescriptor.execute(TestMethodTestDescriptor.java:69)
	at org.junit.platform.engine.support.hierarchical.NodeTestTask.lambda$executeRecursively$6(NodeTestTask.java:156)
	at org.junit.platform.engine.support.hierarchical.ThrowableCollector.execute(ThrowableCollector.java:73)
	at org.junit.platform.engine.support.hierarchical.NodeTestTask.lambda$executeRecursively$8(NodeTestTask.java:146)
	at org.junit.platform.engine.support.hierarchical.Node.around(Node.java:137)
	at org.junit.platform.engine.support.hierarchical.NodeTestTask.lambda$executeRecursively$9(NodeTestTask.java:144)
	at org.junit.platform.engine.support.hierarchical.ThrowableCollector.execute(ThrowableCollector.java:73)
	at org.junit.platform.engine.support.hierarchical.NodeTestTask.executeRecursively(NodeTestTask.java:143)
	at org.junit.platform.engine.support.hierarchical.NodeTestTask.execute(NodeTestTask.java:100)
	at java.base/java.util.ArrayList.forEach(ArrayList.java:1596)
	at org.junit.platform.engine.support.hierarchical.SameThreadHierarchicalTestExecutorService.invokeAll(SameThreadHierarchicalTestExecutorService.java:41)
	at org.junit.platform.engine.support.hierarchical.NodeTestTask.lambda$executeRecursively$6(NodeTestTask.java:160)
	at org.junit.platform.engine.support.hierarchical.ThrowableCollector.execute(ThrowableCollector.java:73)
	at org.junit.platform.engine.support.hierarchical.NodeTestTask.lambda$executeRecursively$8(NodeTestTask.java:146)
	at org.junit.platform.engine.support.hierarchical.Node.around(Node.java:137)
	at org.junit.platform.engine.support.hierarchical.NodeTestTask.lambda$executeRecursively$9(NodeTestTask.java:144)
	at org.junit.platform.engine.support.hierarchical.ThrowableCollector.execute(ThrowableCollector.java:73)
	at org.junit.platform.engine.support.hierarchical.NodeTestTask.executeRecursively(NodeTestTask.java:143)
	at org.junit.platform.engine.support.hierarchical.NodeTestTask.execute(NodeTestTask.java:100)
	at java.base/java.util.ArrayList.forEach(ArrayList.java:1596)
	at org.junit.platform.engine.support.hierarchical.SameThreadHierarchicalTestExecutorService.invokeAll(SameThreadHierarchicalTestExecutorService.java:41)
	at org.junit.platform.engine.support.hierarchical.NodeTestTask.lambda$executeRecursively$6(NodeTestTask.java:160)
	at org.junit.platform.engine.support.hierarchical.ThrowableCollector.execute(ThrowableCollector.java:73)
	at org.junit.platform.engine.support.hierarchical.NodeTestTask.lambda$executeRecursively$8(NodeTestTask.java:146)
	at org.junit.platform.engine.support.hierarchical.Node.around(Node.java:137)
	at org.junit.platform.engine.support.hierarchical.NodeTestTask.lambda$executeRecursively$9(NodeTestTask.java:144)
	at org.junit.platform.engine.support.hierarchical.ThrowableCollector.execute(ThrowableCollector.java:73)
	at org.junit.platform.engine.support.hierarchical.NodeTestTask.executeRecursively(NodeTestTask.java:143)
	at org.junit.platform.engine.support.hierarchical.NodeTestTask.execute(NodeTestTask.java:100)
	at org.junit.platform.engine.support.hierarchical.SameThreadHierarchicalTestExecutorService.submit(SameThreadHierarchicalTestExecutorService.java:35)
	at org.junit.platform.engine.support.hierarchical.HierarchicalTestExecutor.execute(HierarchicalTestExecutor.java:57)
	at org.junit.platform.engine.support.hierarchical.HierarchicalTestEngine.execute(HierarchicalTestEngine.java:54)
	at org.junit.platform.launcher.core.EngineExecutionOrchestrator.execute(EngineExecutionOrchestrator.java:201)
	at org.junit.platform.launcher.core.EngineExecutionOrchestrator.execute(EngineExecutionOrchestrator.java:170)
	at org.junit.platform.launcher.core.EngineExecutionOrchestrator.execute(EngineExecutionOrchestrator.java:94)
	at org.junit.platform.launcher.core.EngineExecutionOrchestrator.lambda$execute$0(EngineExecutionOrchestrator.java:59)
	at org.junit.platform.launcher.core.EngineExecutionOrchestrator.withInterceptedStreams(EngineExecutionOrchestrator.java:142)
	at org.junit.platform.launcher.core.EngineExecutionOrchestrator.execute(EngineExecutionOrchestrator.java:58)
	at org.junit.platform.launcher.core.DefaultLauncher.execute(DefaultLauncher.java:103)
	at org.junit.platform.launcher.core.DefaultLauncher.execute(DefaultLauncher.java:94)
	at org.junit.platform.launcher.core.DelegatingLauncher.execute(DelegatingLauncher.java:52)
	at org.junit.platform.launcher.core.InterceptingLauncher.lambda$execute$2(InterceptingLauncher.java:47)
	at org.junit.platform.launcher.core.ClasspathAlignmentCheckingLauncherInterceptor.intercept(ClasspathAlignmentCheckingLauncherInterceptor.java:25)
	at org.junit.platform.launcher.core.InterceptingLauncher.execute(InterceptingLauncher.java:46)
	at org.junit.platform.launcher.core.DelegatingLauncher.execute(DelegatingLauncher.java:52)
	at org.junit.platform.launcher.core.SessionPerRequestLauncher.execute(SessionPerRequestLauncher.java:70)
	at org.eclipse.jdt.internal.junit5.runner.JUnit5TestReference.run(JUnit5TestReference.java:100)
	at org.eclipse.jdt.internal.junit.runner.TestExecution.run(TestExecution.java:40)
	at org.eclipse.jdt.internal.junit.runner.RemoteTestRunner.runTests(RemoteTestRunner.java:596)
	at org.eclipse.jdt.internal.junit.runner.RemoteTestRunner.runTests(RemoteTestRunner.java:824)
	at org.eclipse.jdt.internal.junit.runner.RemoteTestRunner.run(RemoteTestRunner.java:494)
	at org.eclipse.jdt.internal.junit.runner.RemoteTestRunner.main(RemoteTestRunner.java:225)
2026-08-11 18:46:18 INFO  [main] c.t.e.controller.EmployeeController - Received request to create employee.
2026-08-11 18:46:18 WARN  [main] c.t.e.e.GlobalExceptionHandler - Duplicate resource: Employee with this email already exists.
