2026-08-06 10:20:18 INFO  [background-preinit] o.h.validator.internal.util.Version - HV000001: Hibernate Validator 8.0.2.Final
2026-08-06 10:20:19 INFO  [main] c.t.e.EmployeeApiApplication - Starting EmployeeApiApplication using Java 21.0.11 with PID 7328 (C:\Users\s.samantray\Desktop\Eclipse_Workspace\EmployeeBankRestApiUnitTest\target\classes started by s.samantray in C:\Users\s.samantray\Desktop\Eclipse_Workspace\EmployeeBankRestApiUnitTest)
2026-08-06 10:20:19 DEBUG [main] c.t.e.EmployeeApiApplication - Running with Spring Boot v3.5.4, Spring v6.2.9
2026-08-06 10:20:19 INFO  [main] c.t.e.EmployeeApiApplication - No active profile set, falling back to 1 default profile: "default"
2026-08-06 10:20:24 INFO  [main] o.s.d.r.c.RepositoryConfigurationDelegate - Multiple Spring Data modules found, entering strict repository configuration mode
2026-08-06 10:20:24 INFO  [main] o.s.d.r.c.RepositoryConfigurationDelegate - Bootstrapping Spring Data JPA repositories in DEFAULT mode.
2026-08-06 10:20:25 INFO  [main] o.s.d.r.c.RepositoryConfigurationDelegate - Finished Spring Data repository scanning in 416 ms. Found 2 JPA repository interfaces.
2026-08-06 10:20:25 INFO  [main] o.s.d.r.c.RepositoryConfigurationDelegate - Multiple Spring Data modules found, entering strict repository configuration mode
2026-08-06 10:20:25 INFO  [main] o.s.d.r.c.RepositoryConfigurationDelegate - Bootstrapping Spring Data Redis repositories in DEFAULT mode.
2026-08-06 10:20:25 INFO  [main] o.s.d.r.c.RepositoryConfigurationExtensionSupport - Spring Data Redis - Could not safely identify store assignment for repository candidate interface com.tns.employeeapi.repository.AccountRepository; If you want this repository to be a Redis repository, consider annotating your entities with one of these annotations: org.springframework.data.redis.core.RedisHash (preferred), or consider extending one of the following types with your repository: org.springframework.data.keyvalue.repository.KeyValueRepository
2026-08-06 10:20:25 INFO  [main] o.s.d.r.c.RepositoryConfigurationExtensionSupport - Spring Data Redis - Could not safely identify store assignment for repository candidate interface com.tns.employeeapi.repository.EmployeeRepository; If you want this repository to be a Redis repository, consider annotating your entities with one of these annotations: org.springframework.data.redis.core.RedisHash (preferred), or consider extending one of the following types with your repository: org.springframework.data.keyvalue.repository.KeyValueRepository
2026-08-06 10:20:25 INFO  [main] o.s.d.r.c.RepositoryConfigurationDelegate - Finished Spring Data repository scanning in 36 ms. Found 0 Redis repository interfaces.
2026-08-06 10:20:27 INFO  [main] o.s.b.w.e.tomcat.TomcatWebServer - Tomcat initialized with port 8090 (http)
2026-08-06 10:20:27 INFO  [main] o.a.coyote.http11.Http11NioProtocol - Initializing ProtocolHandler ["http-nio-8090"]
2026-08-06 10:20:27 INFO  [main] o.a.catalina.core.StandardService - Starting service [Tomcat]
2026-08-06 10:20:27 INFO  [main] o.a.catalina.core.StandardEngine - Starting Servlet engine: [Apache Tomcat/10.1.43]
2026-08-06 10:20:27 INFO  [main] o.a.c.c.C.[Tomcat].[localhost].[/] - Initializing Spring embedded WebApplicationContext
2026-08-06 10:20:27 INFO  [main] o.s.b.w.s.c.ServletWebServerApplicationContext - Root WebApplicationContext: initialization completed in 8506 ms
2026-08-06 10:20:28 DEBUG [main] com.zaxxer.hikari.HikariConfig - Class com.microsoft.sqlserver.jdbc.SQLServerDriver found in Thread context class loader jdk.internal.loader.ClassLoaders$AppClassLoader@5c647e05
2026-08-06 10:20:29 INFO  [main] o.h.jpa.internal.util.LogHelper - HHH000204: Processing PersistenceUnitInfo [name: default]
2026-08-06 10:20:29 INFO  [main] org.hibernate.Version - HHH000412: Hibernate ORM core version 6.6.22.Final
2026-08-06 10:20:29 INFO  [main] o.h.c.i.RegionFactoryInitiator - HHH000026: Second-level cache disabled
2026-08-06 10:20:30 INFO  [main] o.s.o.j.p.SpringPersistenceUnitInfo - No LoadTimeWeaver setup: ignoring JPA class transformer
2026-08-06 10:20:30 DEBUG [main] com.zaxxer.hikari.HikariConfig - EmployeeBankingHikariPool - configuration:
2026-08-06 10:20:30 DEBUG [main] com.zaxxer.hikari.HikariConfig - allowPoolSuspension.............false
2026-08-06 10:20:30 DEBUG [main] com.zaxxer.hikari.HikariConfig - autoCommit......................true
2026-08-06 10:20:30 DEBUG [main] com.zaxxer.hikari.HikariConfig - catalog.........................none
2026-08-06 10:20:30 DEBUG [main] com.zaxxer.hikari.HikariConfig - connectionInitSql...............none
2026-08-06 10:20:30 DEBUG [main] com.zaxxer.hikari.HikariConfig - connectionTestQuery.............none
2026-08-06 10:20:30 DEBUG [main] com.zaxxer.hikari.HikariConfig - connectionTimeout...............30000
2026-08-06 10:20:30 DEBUG [main] com.zaxxer.hikari.HikariConfig - credentials.....................com.zaxxer.hikari.util.Credentials@2954c429
2026-08-06 10:20:30 DEBUG [main] com.zaxxer.hikari.HikariConfig - dataSource......................none
2026-08-06 10:20:30 DEBUG [main] com.zaxxer.hikari.HikariConfig - dataSourceClassName.............none
2026-08-06 10:20:30 DEBUG [main] com.zaxxer.hikari.HikariConfig - dataSourceJNDI..................none
2026-08-06 10:20:30 DEBUG [main] com.zaxxer.hikari.HikariConfig - dataSourceProperties............{password=<masked>}
2026-08-06 10:20:30 DEBUG [main] com.zaxxer.hikari.HikariConfig - driverClassName................."com.microsoft.sqlserver.jdbc.SQLServerDriver"
2026-08-06 10:20:30 DEBUG [main] com.zaxxer.hikari.HikariConfig - exceptionOverride...............none
2026-08-06 10:20:30 DEBUG [main] com.zaxxer.hikari.HikariConfig - exceptionOverrideClassName......none
2026-08-06 10:20:30 DEBUG [main] com.zaxxer.hikari.HikariConfig - healthCheckProperties...........{}
2026-08-06 10:20:30 DEBUG [main] com.zaxxer.hikari.HikariConfig - healthCheckRegistry.............none
2026-08-06 10:20:30 DEBUG [main] com.zaxxer.hikari.HikariConfig - idleTimeout.....................600000
2026-08-06 10:20:30 DEBUG [main] com.zaxxer.hikari.HikariConfig - initializationFailTimeout.......1
2026-08-06 10:20:30 DEBUG [main] com.zaxxer.hikari.HikariConfig - isolateInternalQueries..........false
2026-08-06 10:20:30 DEBUG [main] com.zaxxer.hikari.HikariConfig - jdbcUrl.........................jdbc:sqlserver://TNS-IT-DESKTOP\SQLEXPRESS;databaseName=SpringBootRestApi;integratedSecurity=true;encrypt=true;trustServerCertificate=true
2026-08-06 10:20:30 DEBUG [main] com.zaxxer.hikari.HikariConfig - keepaliveTime...................120000
2026-08-06 10:20:30 DEBUG [main] com.zaxxer.hikari.HikariConfig - leakDetectionThreshold..........2000
2026-08-06 10:20:30 DEBUG [main] com.zaxxer.hikari.HikariConfig - maxLifetime.....................1800000
2026-08-06 10:20:30 DEBUG [main] com.zaxxer.hikari.HikariConfig - maximumPoolSize.................10
2026-08-06 10:20:30 DEBUG [main] com.zaxxer.hikari.HikariConfig - metricRegistry..................none
2026-08-06 10:20:30 DEBUG [main] com.zaxxer.hikari.HikariConfig - metricsTrackerFactory...........none
2026-08-06 10:20:30 DEBUG [main] com.zaxxer.hikari.HikariConfig - minimumIdle.....................5
2026-08-06 10:20:30 DEBUG [main] com.zaxxer.hikari.HikariConfig - password........................<masked>
2026-08-06 10:20:30 DEBUG [main] com.zaxxer.hikari.HikariConfig - poolName........................"EmployeeBankingHikariPool"
2026-08-06 10:20:30 DEBUG [main] com.zaxxer.hikari.HikariConfig - readOnly........................false
2026-08-06 10:20:30 DEBUG [main] com.zaxxer.hikari.HikariConfig - registerMbeans..................false
2026-08-06 10:20:30 DEBUG [main] com.zaxxer.hikari.HikariConfig - scheduledExecutor...............none
2026-08-06 10:20:30 DEBUG [main] com.zaxxer.hikari.HikariConfig - schema..........................none
2026-08-06 10:20:30 DEBUG [main] com.zaxxer.hikari.HikariConfig - threadFactory...................internal
2026-08-06 10:20:30 DEBUG [main] com.zaxxer.hikari.HikariConfig - transactionIsolation............default
2026-08-06 10:20:30 DEBUG [main] com.zaxxer.hikari.HikariConfig - username........................none
2026-08-06 10:20:30 DEBUG [main] com.zaxxer.hikari.HikariConfig - validationTimeout...............5000
2026-08-06 10:20:30 INFO  [main] com.zaxxer.hikari.HikariDataSource - EmployeeBankingHikariPool - Starting...
2026-08-06 10:20:30 DEBUG [main] com.zaxxer.hikari.pool.PoolBase - EmployeeBankingHikariPool - Attempting to create/setup new connection (3bcbfddf-4810-4634-afc7-93d566b9824a)
2026-08-06 10:20:31 DEBUG [main] com.zaxxer.hikari.pool.PoolBase - EmployeeBankingHikariPool - Failed to create/setup connection (3bcbfddf-4810-4634-afc7-93d566b9824a): This driver is not configured for integrated authentication. ClientConnectionId:11b09007-d435-41f6-9e82-c21f7b654650
2026-08-06 10:20:31 DEBUG [main] com.zaxxer.hikari.pool.HikariPool - EmployeeBankingHikariPool - Cannot acquire connection from data source
com.microsoft.sqlserver.jdbc.SQLServerException: This driver is not configured for integrated authentication. ClientConnectionId:11b09007-d435-41f6-9e82-c21f7b654650
	at com.microsoft.sqlserver.jdbc.SQLServerConnection.terminate(SQLServerConnection.java:4904)
	at com.microsoft.sqlserver.jdbc.AuthenticationJNI.<init>(AuthenticationJNI.java:78)
	at com.microsoft.sqlserver.jdbc.SQLServerConnection.logon(SQLServerConnection.java:6090)
	at com.microsoft.sqlserver.jdbc.SQLServerConnection$LogonCommand.doExecute(SQLServerConnection.java:6079)
	at com.microsoft.sqlserver.jdbc.TDSCommand.execute(IOBuffer.java:7832)
	at com.microsoft.sqlserver.jdbc.SQLServerConnection.executeCommand(SQLServerConnection.java:5024)
	at com.microsoft.sqlserver.jdbc.SQLServerConnection.connectHelper(SQLServerConnection.java:4412)
	at com.microsoft.sqlserver.jdbc.SQLServerConnection.login(SQLServerConnection.java:3937)
	at com.microsoft.sqlserver.jdbc.SQLServerConnection.connectInternal(SQLServerConnection.java:3700)
	at com.microsoft.sqlserver.jdbc.SQLServerConnection.connect(SQLServerConnection.java:2385)
	at com.microsoft.sqlserver.jdbc.SQLServerDriver.connect(SQLServerDriver.java:1453)
	at com.zaxxer.hikari.util.DriverDataSource.getConnection(DriverDataSource.java:127)
	at com.zaxxer.hikari.pool.PoolBase.newConnection(PoolBase.java:368)
	at com.zaxxer.hikari.pool.PoolBase.newPoolEntry(PoolBase.java:205)
	at com.zaxxer.hikari.pool.HikariPool.createPoolEntry(HikariPool.java:488)
	at com.zaxxer.hikari.pool.HikariPool.checkFailFast(HikariPool.java:576)
	at com.zaxxer.hikari.pool.HikariPool.<init>(HikariPool.java:97)
	at com.zaxxer.hikari.HikariDataSource.getConnection(HikariDataSource.java:111)
	at org.hibernate.engine.jdbc.connections.internal.DatasourceConnectionProviderImpl.getConnection(DatasourceConnectionProviderImpl.java:126)
	at org.hibernate.engine.jdbc.env.internal.JdbcEnvironmentInitiator$ConnectionProviderJdbcConnectionAccess.obtainConnection(JdbcEnvironmentInitiator.java:483)
	at org.hibernate.resource.transaction.backend.jdbc.internal.JdbcIsolationDelegate.delegateWork(JdbcIsolationDelegate.java:61)
	at org.hibernate.engine.jdbc.env.internal.JdbcEnvironmentInitiator.getJdbcEnvironmentUsingJdbcMetadata(JdbcEnvironmentInitiator.java:336)
	at org.hibernate.engine.jdbc.env.internal.JdbcEnvironmentInitiator.initiateService(JdbcEnvironmentInitiator.java:129)
	at org.hibernate.engine.jdbc.env.internal.JdbcEnvironmentInitiator.initiateService(JdbcEnvironmentInitiator.java:81)
	at org.hibernate.boot.registry.internal.StandardServiceRegistryImpl.initiateService(StandardServiceRegistryImpl.java:130)
	at org.hibernate.service.internal.AbstractServiceRegistryImpl.createService(AbstractServiceRegistryImpl.java:263)
	at org.hibernate.service.internal.AbstractServiceRegistryImpl.initializeService(AbstractServiceRegistryImpl.java:238)
	at org.hibernate.service.internal.AbstractServiceRegistryImpl.getService(AbstractServiceRegistryImpl.java:215)
	at org.hibernate.boot.model.relational.Database.<init>(Database.java:45)
	at org.hibernate.boot.internal.InFlightMetadataCollectorImpl.getDatabase(InFlightMetadataCollectorImpl.java:226)
	at org.hibernate.boot.internal.InFlightMetadataCollectorImpl.<init>(InFlightMetadataCollectorImpl.java:194)
	at org.hibernate.boot.model.process.spi.MetadataBuildingProcess.complete(MetadataBuildingProcess.java:171)
	at org.hibernate.jpa.boot.internal.EntityManagerFactoryBuilderImpl.metadata(EntityManagerFactoryBuilderImpl.java:1442)
	at org.hibernate.jpa.boot.internal.EntityManagerFactoryBuilderImpl.build(EntityManagerFactoryBuilderImpl.java:1513)
	at org.springframework.orm.jpa.vendor.SpringHibernateJpaPersistenceProvider.createContainerEntityManagerFactory(SpringHibernateJpaPersistenceProvider.java:66)
	at org.springframework.orm.jpa.LocalContainerEntityManagerFactoryBean.createNativeEntityManagerFactory(LocalContainerEntityManagerFactoryBean.java:390)
	at org.springframework.orm.jpa.AbstractEntityManagerFactoryBean.buildNativeEntityManagerFactory(AbstractEntityManagerFactoryBean.java:419)
	at org.springframework.orm.jpa.AbstractEntityManagerFactoryBean.afterPropertiesSet(AbstractEntityManagerFactoryBean.java:400)
	at org.springframework.orm.jpa.LocalContainerEntityManagerFactoryBean.afterPropertiesSet(LocalContainerEntityManagerFactoryBean.java:366)
	at org.springframework.beans.factory.support.AbstractAutowireCapableBeanFactory.invokeInitMethods(AbstractAutowireCapableBeanFactory.java:1873)
	at org.springframework.beans.factory.support.AbstractAutowireCapableBeanFactory.initializeBean(AbstractAutowireCapableBeanFactory.java:1822)
	at org.springframework.beans.factory.support.AbstractAutowireCapableBeanFactory.doCreateBean(AbstractAutowireCapableBeanFactory.java:607)
	at org.springframework.beans.factory.support.AbstractAutowireCapableBeanFactory.createBean(AbstractAutowireCapableBeanFactory.java:529)
	at org.springframework.beans.factory.support.AbstractBeanFactory.lambda$doGetBean$0(AbstractBeanFactory.java:339)
	at org.springframework.beans.factory.support.DefaultSingletonBeanRegistry.getSingleton(DefaultSingletonBeanRegistry.java:373)
	at org.springframework.beans.factory.support.AbstractBeanFactory.doGetBean(AbstractBeanFactory.java:337)
	at org.springframework.beans.factory.support.AbstractBeanFactory.getBean(AbstractBeanFactory.java:207)
	at org.springframework.context.support.AbstractApplicationContext.finishBeanFactoryInitialization(AbstractApplicationContext.java:970)
	at org.springframework.context.support.AbstractApplicationContext.refresh(AbstractApplicationContext.java:627)
	at org.springframework.boot.web.servlet.context.ServletWebServerApplicationContext.refresh(ServletWebServerApplicationContext.java:146)
	at org.springframework.boot.SpringApplication.refresh(SpringApplication.java:752)
	at org.springframework.boot.SpringApplication.refreshContext(SpringApplication.java:439)
	at org.springframework.boot.SpringApplication.run(SpringApplication.java:318)
	at org.springframework.boot.SpringApplication.run(SpringApplication.java:1361)
	at org.springframework.boot.SpringApplication.run(SpringApplication.java:1350)
	at com.tns.employeeapi.EmployeeApiApplication.main(EmployeeApiApplication.java:10)
Caused by: java.lang.UnsatisfiedLinkError: Unable to load authentication DLL mssql-jdbc_auth-13.4.0.x64
	at com.microsoft.sqlserver.jdbc.AuthenticationJNI.<clinit>(AuthenticationJNI.java:67)
	at com.microsoft.sqlserver.jdbc.SQLServerConnection.logon(SQLServerConnection.java:6089)
	... 53 common frames omitted
2026-08-06 10:20:33 WARN  [main] o.h.e.jdbc.spi.SqlExceptionHelper - SQL Error: 0, SQLState: 08S01
2026-08-06 10:20:33 ERROR [main] o.h.e.jdbc.spi.SqlExceptionHelper - This driver is not configured for integrated authentication. ClientConnectionId:11b09007-d435-41f6-9e82-c21f7b654650
2026-08-06 10:20:33 WARN  [main] o.h.e.j.e.i.JdbcEnvironmentInitiator - HHH000342: Could not obtain connection to query metadata
org.hibernate.exception.JDBCConnectionException: unable to obtain isolated JDBC connection [This driver is not configured for integrated authentication. ClientConnectionId:11b09007-d435-41f6-9e82-c21f7b654650] [n/a]
	at org.hibernate.exception.internal.SQLStateConversionDelegate.convert(SQLStateConversionDelegate.java:100)
	at org.hibernate.exception.internal.StandardSQLExceptionConverter.convert(StandardSQLExceptionConverter.java:58)
	at org.hibernate.engine.jdbc.spi.SqlExceptionHelper.convert(SqlExceptionHelper.java:108)
	at org.hibernate.engine.jdbc.spi.SqlExceptionHelper.convert(SqlExceptionHelper.java:94)
	at org.hibernate.resource.transaction.backend.jdbc.internal.JdbcIsolationDelegate.delegateWork(JdbcIsolationDelegate.java:116)
	at org.hibernate.engine.jdbc.env.internal.JdbcEnvironmentInitiator.getJdbcEnvironmentUsingJdbcMetadata(JdbcEnvironmentInitiator.java:336)
	at org.hibernate.engine.jdbc.env.internal.JdbcEnvironmentInitiator.initiateService(JdbcEnvironmentInitiator.java:129)
	at org.hibernate.engine.jdbc.env.internal.JdbcEnvironmentInitiator.initiateService(JdbcEnvironmentInitiator.java:81)
	at org.hibernate.boot.registry.internal.StandardServiceRegistryImpl.initiateService(StandardServiceRegistryImpl.java:130)
	at org.hibernate.service.internal.AbstractServiceRegistryImpl.createService(AbstractServiceRegistryImpl.java:263)
	at org.hibernate.service.internal.AbstractServiceRegistryImpl.initializeService(AbstractServiceRegistryImpl.java:238)
	at org.hibernate.service.internal.AbstractServiceRegistryImpl.getService(AbstractServiceRegistryImpl.java:215)
	at org.hibernate.boot.model.relational.Database.<init>(Database.java:45)
	at org.hibernate.boot.internal.InFlightMetadataCollectorImpl.getDatabase(InFlightMetadataCollectorImpl.java:226)
	at org.hibernate.boot.internal.InFlightMetadataCollectorImpl.<init>(InFlightMetadataCollectorImpl.java:194)
	at org.hibernate.boot.model.process.spi.MetadataBuildingProcess.complete(MetadataBuildingProcess.java:171)
	at org.hibernate.jpa.boot.internal.EntityManagerFactoryBuilderImpl.metadata(EntityManagerFactoryBuilderImpl.java:1442)
	at org.hibernate.jpa.boot.internal.EntityManagerFactoryBuilderImpl.build(EntityManagerFactoryBuilderImpl.java:1513)
	at org.springframework.orm.jpa.vendor.SpringHibernateJpaPersistenceProvider.createContainerEntityManagerFactory(SpringHibernateJpaPersistenceProvider.java:66)
	at org.springframework.orm.jpa.LocalContainerEntityManagerFactoryBean.createNativeEntityManagerFactory(LocalContainerEntityManagerFactoryBean.java:390)
	at org.springframework.orm.jpa.AbstractEntityManagerFactoryBean.buildNativeEntityManagerFactory(AbstractEntityManagerFactoryBean.java:419)
	at org.springframework.orm.jpa.AbstractEntityManagerFactoryBean.afterPropertiesSet(AbstractEntityManagerFactoryBean.java:400)
	at org.springframework.orm.jpa.LocalContainerEntityManagerFactoryBean.afterPropertiesSet(LocalContainerEntityManagerFactoryBean.java:366)
	at org.springframework.beans.factory.support.AbstractAutowireCapableBeanFactory.invokeInitMethods(AbstractAutowireCapableBeanFactory.java:1873)
	at org.springframework.beans.factory.support.AbstractAutowireCapableBeanFactory.initializeBean(AbstractAutowireCapableBeanFactory.java:1822)
	at org.springframework.beans.factory.support.AbstractAutowireCapableBeanFactory.doCreateBean(AbstractAutowireCapableBeanFactory.java:607)
	at org.springframework.beans.factory.support.AbstractAutowireCapableBeanFactory.createBean(AbstractAutowireCapableBeanFactory.java:529)
	at org.springframework.beans.factory.support.AbstractBeanFactory.lambda$doGetBean$0(AbstractBeanFactory.java:339)
	at org.springframework.beans.factory.support.DefaultSingletonBeanRegistry.getSingleton(DefaultSingletonBeanRegistry.java:373)
	at org.springframework.beans.factory.support.AbstractBeanFactory.doGetBean(AbstractBeanFactory.java:337)
	at org.springframework.beans.factory.support.AbstractBeanFactory.getBean(AbstractBeanFactory.java:207)
	at org.springframework.context.support.AbstractApplicationContext.finishBeanFactoryInitialization(AbstractApplicationContext.java:970)
	at org.springframework.context.support.AbstractApplicationContext.refresh(AbstractApplicationContext.java:627)
	at org.springframework.boot.web.servlet.context.ServletWebServerApplicationContext.refresh(ServletWebServerApplicationContext.java:146)
	at org.springframework.boot.SpringApplication.refresh(SpringApplication.java:752)
	at org.springframework.boot.SpringApplication.refreshContext(SpringApplication.java:439)
	at org.springframework.boot.SpringApplication.run(SpringApplication.java:318)
	at org.springframework.boot.SpringApplication.run(SpringApplication.java:1361)
	at org.springframework.boot.SpringApplication.run(SpringApplication.java:1350)
	at com.tns.employeeapi.EmployeeApiApplication.main(EmployeeApiApplication.java:10)
Caused by: com.microsoft.sqlserver.jdbc.SQLServerException: This driver is not configured for integrated authentication. ClientConnectionId:11b09007-d435-41f6-9e82-c21f7b654650
	at com.microsoft.sqlserver.jdbc.SQLServerConnection.terminate(SQLServerConnection.java:4904)
	at com.microsoft.sqlserver.jdbc.AuthenticationJNI.<init>(AuthenticationJNI.java:78)
	at com.microsoft.sqlserver.jdbc.SQLServerConnection.logon(SQLServerConnection.java:6090)
	at com.microsoft.sqlserver.jdbc.SQLServerConnection$LogonCommand.doExecute(SQLServerConnection.java:6079)
	at com.microsoft.sqlserver.jdbc.TDSCommand.execute(IOBuffer.java:7832)
	at com.microsoft.sqlserver.jdbc.SQLServerConnection.executeCommand(SQLServerConnection.java:5024)
	at com.microsoft.sqlserver.jdbc.SQLServerConnection.connectHelper(SQLServerConnection.java:4412)
	at com.microsoft.sqlserver.jdbc.SQLServerConnection.login(SQLServerConnection.java:3937)
	at com.microsoft.sqlserver.jdbc.SQLServerConnection.connectInternal(SQLServerConnection.java:3700)
	at com.microsoft.sqlserver.jdbc.SQLServerConnection.connect(SQLServerConnection.java:2385)
	at com.microsoft.sqlserver.jdbc.SQLServerDriver.connect(SQLServerDriver.java:1453)
	at com.zaxxer.hikari.util.DriverDataSource.getConnection(DriverDataSource.java:127)
	at com.zaxxer.hikari.pool.PoolBase.newConnection(PoolBase.java:368)
	at com.zaxxer.hikari.pool.PoolBase.newPoolEntry(PoolBase.java:205)
	at com.zaxxer.hikari.pool.HikariPool.createPoolEntry(HikariPool.java:488)
	at com.zaxxer.hikari.pool.HikariPool.checkFailFast(HikariPool.java:576)
	at com.zaxxer.hikari.pool.HikariPool.<init>(HikariPool.java:97)
	at com.zaxxer.hikari.HikariDataSource.getConnection(HikariDataSource.java:111)
	at org.hibernate.engine.jdbc.connections.internal.DatasourceConnectionProviderImpl.getConnection(DatasourceConnectionProviderImpl.java:126)
	at org.hibernate.engine.jdbc.env.internal.JdbcEnvironmentInitiator$ConnectionProviderJdbcConnectionAccess.obtainConnection(JdbcEnvironmentInitiator.java:483)
	at org.hibernate.resource.transaction.backend.jdbc.internal.JdbcIsolationDelegate.delegateWork(JdbcIsolationDelegate.java:61)
	... 35 common frames omitted
Caused by: java.lang.UnsatisfiedLinkError: Unable to load authentication DLL mssql-jdbc_auth-13.4.0.x64
	at com.microsoft.sqlserver.jdbc.AuthenticationJNI.<clinit>(AuthenticationJNI.java:67)
	at com.microsoft.sqlserver.jdbc.SQLServerConnection.logon(SQLServerConnection.java:6089)
	... 53 common frames omitted
2026-08-06 10:20:33 ERROR [main] o.s.o.j.LocalContainerEntityManagerFactoryBean - Failed to initialize JPA EntityManagerFactory: Unable to create requested service [org.hibernate.engine.jdbc.env.spi.JdbcEnvironment] due to: Unable to determine Dialect without JDBC metadata (please set 'jakarta.persistence.jdbc.url' for common cases or 'hibernate.dialect' when a custom Dialect implementation must be provided)
2026-08-06 10:20:33 WARN  [main] o.s.b.w.s.c.AnnotationConfigServletWebServerApplicationContext - Exception encountered during context initialization - cancelling refresh attempt: org.springframework.beans.factory.BeanCreationException: Error creating bean with name 'entityManagerFactory' defined in class path resource [org/springframework/boot/autoconfigure/orm/jpa/HibernateJpaConfiguration.class]: Unable to create requested service [org.hibernate.engine.jdbc.env.spi.JdbcEnvironment] due to: Unable to determine Dialect without JDBC metadata (please set 'jakarta.persistence.jdbc.url' for common cases or 'hibernate.dialect' when a custom Dialect implementation must be provided)
2026-08-06 10:20:33 INFO  [main] o.a.catalina.core.StandardService - Stopping service [Tomcat]
2026-08-06 10:20:33 INFO  [main] o.s.b.a.l.ConditionEvaluationReportLogger - 

Error starting ApplicationContext. To display the condition evaluation report re-run your application with 'debug' enabled.
2026-08-06 10:20:33 ERROR [main] o.s.boot.SpringApplication - Application run failed
org.springframework.beans.factory.BeanCreationException: Error creating bean with name 'entityManagerFactory' defined in class path resource [org/springframework/boot/autoconfigure/orm/jpa/HibernateJpaConfiguration.class]: Unable to create requested service [org.hibernate.engine.jdbc.env.spi.JdbcEnvironment] due to: Unable to determine Dialect without JDBC metadata (please set 'jakarta.persistence.jdbc.url' for common cases or 'hibernate.dialect' when a custom Dialect implementation must be provided)
	at org.springframework.beans.factory.support.AbstractAutowireCapableBeanFactory.initializeBean(AbstractAutowireCapableBeanFactory.java:1826)
	at org.springframework.beans.factory.support.AbstractAutowireCapableBeanFactory.doCreateBean(AbstractAutowireCapableBeanFactory.java:607)
	at org.springframework.beans.factory.support.AbstractAutowireCapableBeanFactory.createBean(AbstractAutowireCapableBeanFactory.java:529)
	at org.springframework.beans.factory.support.AbstractBeanFactory.lambda$doGetBean$0(AbstractBeanFactory.java:339)
	at org.springframework.beans.factory.support.DefaultSingletonBeanRegistry.getSingleton(DefaultSingletonBeanRegistry.java:373)
	at org.springframework.beans.factory.support.AbstractBeanFactory.doGetBean(AbstractBeanFactory.java:337)
	at org.springframework.beans.factory.support.AbstractBeanFactory.getBean(AbstractBeanFactory.java:207)
	at org.springframework.context.support.AbstractApplicationContext.finishBeanFactoryInitialization(AbstractApplicationContext.java:970)
	at org.springframework.context.support.AbstractApplicationContext.refresh(AbstractApplicationContext.java:627)
	at org.springframework.boot.web.servlet.context.ServletWebServerApplicationContext.refresh(ServletWebServerApplicationContext.java:146)
	at org.springframework.boot.SpringApplication.refresh(SpringApplication.java:752)
	at org.springframework.boot.SpringApplication.refreshContext(SpringApplication.java:439)
	at org.springframework.boot.SpringApplication.run(SpringApplication.java:318)
	at org.springframework.boot.SpringApplication.run(SpringApplication.java:1361)
	at org.springframework.boot.SpringApplication.run(SpringApplication.java:1350)
	at com.tns.employeeapi.EmployeeApiApplication.main(EmployeeApiApplication.java:10)
Caused by: org.hibernate.service.spi.ServiceException: Unable to create requested service [org.hibernate.engine.jdbc.env.spi.JdbcEnvironment] due to: Unable to determine Dialect without JDBC metadata (please set 'jakarta.persistence.jdbc.url' for common cases or 'hibernate.dialect' when a custom Dialect implementation must be provided)
	at org.hibernate.service.internal.AbstractServiceRegistryImpl.createService(AbstractServiceRegistryImpl.java:276)
	at org.hibernate.service.internal.AbstractServiceRegistryImpl.initializeService(AbstractServiceRegistryImpl.java:238)
	at org.hibernate.service.internal.AbstractServiceRegistryImpl.getService(AbstractServiceRegistryImpl.java:215)
	at org.hibernate.boot.model.relational.Database.<init>(Database.java:45)
	at org.hibernate.boot.internal.InFlightMetadataCollectorImpl.getDatabase(InFlightMetadataCollectorImpl.java:226)
	at org.hibernate.boot.internal.InFlightMetadataCollectorImpl.<init>(InFlightMetadataCollectorImpl.java:194)
	at org.hibernate.boot.model.process.spi.MetadataBuildingProcess.complete(MetadataBuildingProcess.java:171)
	at org.hibernate.jpa.boot.internal.EntityManagerFactoryBuilderImpl.metadata(EntityManagerFactoryBuilderImpl.java:1442)
	at org.hibernate.jpa.boot.internal.EntityManagerFactoryBuilderImpl.build(EntityManagerFactoryBuilderImpl.java:1513)
	at org.springframework.orm.jpa.vendor.SpringHibernateJpaPersistenceProvider.createContainerEntityManagerFactory(SpringHibernateJpaPersistenceProvider.java:66)
	at org.springframework.orm.jpa.LocalContainerEntityManagerFactoryBean.createNativeEntityManagerFactory(LocalContainerEntityManagerFactoryBean.java:390)
	at org.springframework.orm.jpa.AbstractEntityManagerFactoryBean.buildNativeEntityManagerFactory(AbstractEntityManagerFactoryBean.java:419)
	at org.springframework.orm.jpa.AbstractEntityManagerFactoryBean.afterPropertiesSet(AbstractEntityManagerFactoryBean.java:400)
	at org.springframework.orm.jpa.LocalContainerEntityManagerFactoryBean.afterPropertiesSet(LocalContainerEntityManagerFactoryBean.java:366)
	at org.springframework.beans.factory.support.AbstractAutowireCapableBeanFactory.invokeInitMethods(AbstractAutowireCapableBeanFactory.java:1873)
	at org.springframework.beans.factory.support.AbstractAutowireCapableBeanFactory.initializeBean(AbstractAutowireCapableBeanFactory.java:1822)
	... 15 common frames omitted
Caused by: org.hibernate.HibernateException: Unable to determine Dialect without JDBC metadata (please set 'jakarta.persistence.jdbc.url' for common cases or 'hibernate.dialect' when a custom Dialect implementation must be provided)
	at org.hibernate.engine.jdbc.dialect.internal.DialectFactoryImpl.determineDialect(DialectFactoryImpl.java:191)
	at org.hibernate.engine.jdbc.dialect.internal.DialectFactoryImpl.buildDialect(DialectFactoryImpl.java:87)
	at org.hibernate.engine.jdbc.env.internal.JdbcEnvironmentInitiator.getJdbcEnvironmentWithDefaults(JdbcEnvironmentInitiator.java:186)
	at org.hibernate.engine.jdbc.env.internal.JdbcEnvironmentInitiator.getJdbcEnvironmentUsingJdbcMetadata(JdbcEnvironmentInitiator.java:408)
	at org.hibernate.engine.jdbc.env.internal.JdbcEnvironmentInitiator.initiateService(JdbcEnvironmentInitiator.java:129)
	at org.hibernate.engine.jdbc.env.internal.JdbcEnvironmentInitiator.initiateService(JdbcEnvironmentInitiator.java:81)
	at org.hibernate.boot.registry.internal.StandardServiceRegistryImpl.initiateService(StandardServiceRegistryImpl.java:130)
	at org.hibernate.service.internal.AbstractServiceRegistryImpl.createService(AbstractServiceRegistryImpl.java:263)
	... 30 common frames omitted
2026-08-06 10:22:14 INFO  [background-preinit] o.h.validator.internal.util.Version - HV000001: Hibernate Validator 8.0.2.Final
2026-08-06 10:22:14 INFO  [main] c.t.e.EmployeeApiApplication - Starting EmployeeApiApplication using Java 21.0.11 with PID 20340 (C:\Users\s.samantray\Desktop\Eclipse_Workspace\EmployeeBankRestApiUnitTest\target\classes started by s.samantray in C:\Users\s.samantray\Desktop\Eclipse_Workspace\EmployeeBankRestApiUnitTest)
2026-08-06 10:22:14 DEBUG [main] c.t.e.EmployeeApiApplication - Running with Spring Boot v3.5.4, Spring v6.2.9
2026-08-06 10:22:14 INFO  [main] c.t.e.EmployeeApiApplication - No active profile set, falling back to 1 default profile: "default"
2026-08-06 10:22:18 INFO  [main] o.s.d.r.c.RepositoryConfigurationDelegate - Multiple Spring Data modules found, entering strict repository configuration mode
2026-08-06 10:22:18 INFO  [main] o.s.d.r.c.RepositoryConfigurationDelegate - Bootstrapping Spring Data JPA repositories in DEFAULT mode.
2026-08-06 10:22:18 INFO  [main] o.s.d.r.c.RepositoryConfigurationDelegate - Finished Spring Data repository scanning in 484 ms. Found 2 JPA repository interfaces.
2026-08-06 10:22:18 INFO  [main] o.s.d.r.c.RepositoryConfigurationDelegate - Multiple Spring Data modules found, entering strict repository configuration mode
2026-08-06 10:22:18 INFO  [main] o.s.d.r.c.RepositoryConfigurationDelegate - Bootstrapping Spring Data Redis repositories in DEFAULT mode.
2026-08-06 10:22:18 INFO  [main] o.s.d.r.c.RepositoryConfigurationExtensionSupport - Spring Data Redis - Could not safely identify store assignment for repository candidate interface com.tns.employeeapi.repository.AccountRepository; If you want this repository to be a Redis repository, consider annotating your entities with one of these annotations: org.springframework.data.redis.core.RedisHash (preferred), or consider extending one of the following types with your repository: org.springframework.data.keyvalue.repository.KeyValueRepository
2026-08-06 10:22:18 INFO  [main] o.s.d.r.c.RepositoryConfigurationExtensionSupport - Spring Data Redis - Could not safely identify store assignment for repository candidate interface com.tns.employeeapi.repository.EmployeeRepository; If you want this repository to be a Redis repository, consider annotating your entities with one of these annotations: org.springframework.data.redis.core.RedisHash (preferred), or consider extending one of the following types with your repository: org.springframework.data.keyvalue.repository.KeyValueRepository
2026-08-06 10:22:18 INFO  [main] o.s.d.r.c.RepositoryConfigurationDelegate - Finished Spring Data repository scanning in 39 ms. Found 0 Redis repository interfaces.
2026-08-06 10:22:20 INFO  [main] o.s.b.w.e.tomcat.TomcatWebServer - Tomcat initialized with port 8090 (http)
2026-08-06 10:22:20 INFO  [main] o.a.coyote.http11.Http11NioProtocol - Initializing ProtocolHandler ["http-nio-8090"]
2026-08-06 10:22:20 INFO  [main] o.a.catalina.core.StandardService - Starting service [Tomcat]
2026-08-06 10:22:20 INFO  [main] o.a.catalina.core.StandardEngine - Starting Servlet engine: [Apache Tomcat/10.1.43]
2026-08-06 10:22:20 INFO  [main] o.a.c.c.C.[Tomcat].[localhost].[/] - Initializing Spring embedded WebApplicationContext
2026-08-06 10:22:20 INFO  [main] o.s.b.w.s.c.ServletWebServerApplicationContext - Root WebApplicationContext: initialization completed in 5985 ms
2026-08-06 10:22:21 DEBUG [main] com.zaxxer.hikari.HikariConfig - Class com.microsoft.sqlserver.jdbc.SQLServerDriver found in Thread context class loader jdk.internal.loader.ClassLoaders$AppClassLoader@5c647e05
2026-08-06 10:22:21 INFO  [main] o.h.jpa.internal.util.LogHelper - HHH000204: Processing PersistenceUnitInfo [name: default]
2026-08-06 10:22:21 INFO  [main] org.hibernate.Version - HHH000412: Hibernate ORM core version 6.6.22.Final
2026-08-06 10:22:22 INFO  [main] o.h.c.i.RegionFactoryInitiator - HHH000026: Second-level cache disabled
2026-08-06 10:22:22 INFO  [main] o.s.o.j.p.SpringPersistenceUnitInfo - No LoadTimeWeaver setup: ignoring JPA class transformer
2026-08-06 10:22:22 DEBUG [main] com.zaxxer.hikari.HikariConfig - EmployeeBankingHikariPool - configuration:
2026-08-06 10:22:22 DEBUG [main] com.zaxxer.hikari.HikariConfig - allowPoolSuspension.............false
2026-08-06 10:22:22 DEBUG [main] com.zaxxer.hikari.HikariConfig - autoCommit......................true
2026-08-06 10:22:22 DEBUG [main] com.zaxxer.hikari.HikariConfig - catalog.........................none
2026-08-06 10:22:22 DEBUG [main] com.zaxxer.hikari.HikariConfig - connectionInitSql...............none
2026-08-06 10:22:22 DEBUG [main] com.zaxxer.hikari.HikariConfig - connectionTestQuery.............none
2026-08-06 10:22:22 DEBUG [main] com.zaxxer.hikari.HikariConfig - connectionTimeout...............30000
2026-08-06 10:22:22 DEBUG [main] com.zaxxer.hikari.HikariConfig - credentials.....................com.zaxxer.hikari.util.Credentials@75da2db
2026-08-06 10:22:22 DEBUG [main] com.zaxxer.hikari.HikariConfig - dataSource......................none
2026-08-06 10:22:22 DEBUG [main] com.zaxxer.hikari.HikariConfig - dataSourceClassName.............none
2026-08-06 10:22:22 DEBUG [main] com.zaxxer.hikari.HikariConfig - dataSourceJNDI..................none
2026-08-06 10:22:22 DEBUG [main] com.zaxxer.hikari.HikariConfig - dataSourceProperties............{password=<masked>}
2026-08-06 10:22:22 DEBUG [main] com.zaxxer.hikari.HikariConfig - driverClassName................."com.microsoft.sqlserver.jdbc.SQLServerDriver"
2026-08-06 10:22:22 DEBUG [main] com.zaxxer.hikari.HikariConfig - exceptionOverride...............none
2026-08-06 10:22:22 DEBUG [main] com.zaxxer.hikari.HikariConfig - exceptionOverrideClassName......none
2026-08-06 10:22:22 DEBUG [main] com.zaxxer.hikari.HikariConfig - healthCheckProperties...........{}
2026-08-06 10:22:22 DEBUG [main] com.zaxxer.hikari.HikariConfig - healthCheckRegistry.............none
2026-08-06 10:22:22 DEBUG [main] com.zaxxer.hikari.HikariConfig - idleTimeout.....................600000
2026-08-06 10:22:22 DEBUG [main] com.zaxxer.hikari.HikariConfig - initializationFailTimeout.......1
2026-08-06 10:22:22 DEBUG [main] com.zaxxer.hikari.HikariConfig - isolateInternalQueries..........false
2026-08-06 10:22:22 DEBUG [main] com.zaxxer.hikari.HikariConfig - jdbcUrl.........................jdbc:sqlserver://TNS-IT-DESKTOP\SQLEXPRESS;databaseName=SpringBootRestApi;integratedSecurity=true;encrypt=true;trustServerCertificate=true
2026-08-06 10:22:22 DEBUG [main] com.zaxxer.hikari.HikariConfig - keepaliveTime...................120000
2026-08-06 10:22:22 DEBUG [main] com.zaxxer.hikari.HikariConfig - leakDetectionThreshold..........2000
2026-08-06 10:22:22 DEBUG [main] com.zaxxer.hikari.HikariConfig - maxLifetime.....................1800000
2026-08-06 10:22:22 DEBUG [main] com.zaxxer.hikari.HikariConfig - maximumPoolSize.................10
2026-08-06 10:22:22 DEBUG [main] com.zaxxer.hikari.HikariConfig - metricRegistry..................none
2026-08-06 10:22:22 DEBUG [main] com.zaxxer.hikari.HikariConfig - metricsTrackerFactory...........none
2026-08-06 10:22:22 DEBUG [main] com.zaxxer.hikari.HikariConfig - minimumIdle.....................5
2026-08-06 10:22:22 DEBUG [main] com.zaxxer.hikari.HikariConfig - password........................<masked>
2026-08-06 10:22:22 DEBUG [main] com.zaxxer.hikari.HikariConfig - poolName........................"EmployeeBankingHikariPool"
2026-08-06 10:22:22 DEBUG [main] com.zaxxer.hikari.HikariConfig - readOnly........................false
2026-08-06 10:22:22 DEBUG [main] com.zaxxer.hikari.HikariConfig - registerMbeans..................false
2026-08-06 10:22:22 DEBUG [main] com.zaxxer.hikari.HikariConfig - scheduledExecutor...............none
2026-08-06 10:22:22 DEBUG [main] com.zaxxer.hikari.HikariConfig - schema..........................none
2026-08-06 10:22:22 DEBUG [main] com.zaxxer.hikari.HikariConfig - threadFactory...................internal
2026-08-06 10:22:22 DEBUG [main] com.zaxxer.hikari.HikariConfig - transactionIsolation............default
2026-08-06 10:22:22 DEBUG [main] com.zaxxer.hikari.HikariConfig - username........................none
2026-08-06 10:22:22 DEBUG [main] com.zaxxer.hikari.HikariConfig - validationTimeout...............5000
2026-08-06 10:22:22 INFO  [main] com.zaxxer.hikari.HikariDataSource - EmployeeBankingHikariPool - Starting...
2026-08-06 10:22:23 DEBUG [main] com.zaxxer.hikari.pool.PoolBase - EmployeeBankingHikariPool - Attempting to create/setup new connection (69062f8e-27d6-4224-89fa-d4959511932d)
2026-08-06 10:22:25 DEBUG [main] com.zaxxer.hikari.pool.PoolBase - EmployeeBankingHikariPool - Established new connection (69062f8e-27d6-4224-89fa-d4959511932d)
2026-08-06 10:22:25 INFO  [main] com.zaxxer.hikari.pool.HikariPool - EmployeeBankingHikariPool - Added connection ConnectionID:1 ClientConnectionId: 244e71ee-7610-466a-8144-184e849120f3
2026-08-06 10:22:25 INFO  [main] com.zaxxer.hikari.HikariDataSource - EmployeeBankingHikariPool - Start completed.
2026-08-06 10:22:25 DEBUG [EmployeeBankingHikariPool:housekeeper] com.zaxxer.hikari.pool.HikariPool - EmployeeBankingHikariPool - Before cleanup stats (total=1/10, idle=0/5, active=1, waiting=0)
2026-08-06 10:22:25 DEBUG [EmployeeBankingHikariPool:housekeeper] com.zaxxer.hikari.pool.HikariPool - EmployeeBankingHikariPool - After  cleanup stats (total=1/10, idle=0/5, active=1, waiting=0)
2026-08-06 10:22:25 DEBUG [EmployeeBankingHikariPool:connection-adder] com.zaxxer.hikari.pool.PoolBase - EmployeeBankingHikariPool - Attempting to create/setup new connection (cf3bcb0a-61eb-47e5-9077-ec3c91573b81)
2026-08-06 10:22:25 INFO  [main] o.hibernate.orm.connections.pooling - HHH10001005: Database info:
	Database JDBC URL [Connecting through datasource 'HikariDataSource (EmployeeBankingHikariPool)']
	Database driver: undefined/unknown
	Database version: 15.0
	Autocommit mode: undefined/unknown
	Isolation level: undefined/unknown
	Minimum pool size: undefined/unknown
	Maximum pool size: undefined/unknown
2026-08-06 10:22:25 DEBUG [EmployeeBankingHikariPool:connection-adder] com.zaxxer.hikari.pool.PoolBase - EmployeeBankingHikariPool - Established new connection (cf3bcb0a-61eb-47e5-9077-ec3c91573b81)
2026-08-06 10:22:25 DEBUG [EmployeeBankingHikariPool:connection-adder] com.zaxxer.hikari.pool.HikariPool - EmployeeBankingHikariPool - Added connection ConnectionID:2 ClientConnectionId: 5ff53d8a-e2b8-4e9e-8b09-30a4f153c13c
2026-08-06 10:22:25 DEBUG [EmployeeBankingHikariPool:connection-adder] com.zaxxer.hikari.pool.HikariPool - EmployeeBankingHikariPool - After adding stats (total=2/10, idle=2/5, active=0, waiting=0)
2026-08-06 10:22:25 DEBUG [EmployeeBankingHikariPool:connection-adder] com.zaxxer.hikari.pool.PoolBase - EmployeeBankingHikariPool - Attempting to create/setup new connection (4a735f10-6d3c-4c58-8abe-9a73eade72d6)
2026-08-06 10:22:25 DEBUG [EmployeeBankingHikariPool:connection-adder] com.zaxxer.hikari.pool.PoolBase - EmployeeBankingHikariPool - Established new connection (4a735f10-6d3c-4c58-8abe-9a73eade72d6)
2026-08-06 10:22:25 DEBUG [EmployeeBankingHikariPool:connection-adder] com.zaxxer.hikari.pool.HikariPool - EmployeeBankingHikariPool - Added connection ConnectionID:3 ClientConnectionId: e872852e-a982-4fdd-8e41-85c75fbdf9cc
2026-08-06 10:22:26 DEBUG [EmployeeBankingHikariPool:connection-adder] com.zaxxer.hikari.pool.HikariPool - EmployeeBankingHikariPool - After adding stats (total=3/10, idle=3/5, active=0, waiting=0)
2026-08-06 10:22:26 DEBUG [EmployeeBankingHikariPool:connection-adder] com.zaxxer.hikari.pool.PoolBase - EmployeeBankingHikariPool - Attempting to create/setup new connection (9526a221-4559-42b8-94ee-fec0fcfbfc2d)
2026-08-06 10:22:26 DEBUG [EmployeeBankingHikariPool:connection-adder] com.zaxxer.hikari.pool.PoolBase - EmployeeBankingHikariPool - Established new connection (9526a221-4559-42b8-94ee-fec0fcfbfc2d)
2026-08-06 10:22:26 DEBUG [EmployeeBankingHikariPool:connection-adder] com.zaxxer.hikari.pool.HikariPool - EmployeeBankingHikariPool - Added connection ConnectionID:4 ClientConnectionId: 5f459517-98f6-4e9d-93a1-4212e5239099
2026-08-06 10:22:26 DEBUG [EmployeeBankingHikariPool:connection-adder] com.zaxxer.hikari.pool.HikariPool - EmployeeBankingHikariPool - After adding stats (total=4/10, idle=4/5, active=0, waiting=0)
2026-08-06 10:22:26 DEBUG [EmployeeBankingHikariPool:connection-adder] com.zaxxer.hikari.pool.PoolBase - EmployeeBankingHikariPool - Attempting to create/setup new connection (4d6ff898-42e9-430f-b5e3-f9bf3223751f)
2026-08-06 10:22:26 DEBUG [EmployeeBankingHikariPool:connection-adder] com.zaxxer.hikari.pool.PoolBase - EmployeeBankingHikariPool - Established new connection (4d6ff898-42e9-430f-b5e3-f9bf3223751f)
2026-08-06 10:22:26 DEBUG [EmployeeBankingHikariPool:connection-adder] com.zaxxer.hikari.pool.HikariPool - EmployeeBankingHikariPool - Added connection ConnectionID:5 ClientConnectionId: 2c6a115b-a148-406d-b95f-42acac228219
2026-08-06 10:22:26 DEBUG [EmployeeBankingHikariPool:connection-adder] com.zaxxer.hikari.pool.HikariPool - EmployeeBankingHikariPool - After adding stats (total=5/10, idle=5/5, active=0, waiting=0)
2026-08-06 10:22:26 DEBUG [EmployeeBankingHikariPool:connection-adder] com.zaxxer.hikari.pool.HikariPool - EmployeeBankingHikariPool - Connection not added, stats (total=5/10, idle=5/5, active=0, waiting=0)
2026-08-06 10:22:27 INFO  [main] o.h.e.t.j.p.i.JtaPlatformInitiator - HHH000489: No JTA platform available (set 'hibernate.transaction.jta.platform' to enable JTA platform integration)
2026-08-06 10:22:28 DEBUG [main] org.hibernate.SQL - 
    create table account_details4 (
        id int identity not null,
        account_holder_name varchar(255) not null,
        account_number varchar(255) not null,
        balance float(53) not null,
        primary key (id)
    )
2026-08-06 10:22:28 DEBUG [main] org.hibernate.SQL - 
    create table employee_details4 (
        id int identity not null,
        department varchar(100) not null,
        email varchar(100) not null,
        name varchar(100) not null,
        salary float(53) not null,
        primary key (id)
    )
2026-08-06 10:22:28 DEBUG [main] org.hibernate.SQL - 
    alter table account_details4 
       drop constraint UKjyh0id0wahn2mofp8vurjj9g9
2026-08-06 10:22:28 DEBUG [main] org.hibernate.SQL - 
    alter table account_details4 
       add constraint UKjyh0id0wahn2mofp8vurjj9g9 unique (account_number)
2026-08-06 10:22:28 DEBUG [main] org.hibernate.SQL - 
    alter table employee_details4 
       drop constraint UKppr047e48k5yarycltt64lt9u
2026-08-06 10:22:28 DEBUG [main] org.hibernate.SQL - 
    alter table employee_details4 
       add constraint UKppr047e48k5yarycltt64lt9u unique (email)
2026-08-06 10:22:28 INFO  [main] o.s.o.j.LocalContainerEntityManagerFactoryBean - Initialized JPA EntityManagerFactory for persistence unit 'default'
2026-08-06 10:22:31 INFO  [main] o.s.b.a.e.web.EndpointLinksResolver - Exposing 5 endpoints beneath base path '/actuator'
2026-08-06 10:22:32 INFO  [main] o.a.coyote.http11.Http11NioProtocol - Starting ProtocolHandler ["http-nio-8090"]
2026-08-06 10:22:32 INFO  [main] o.s.b.w.e.tomcat.TomcatWebServer - Tomcat started on port 8090 (http) with context path '/'
2026-08-06 10:22:32 INFO  [main] c.t.e.EmployeeApiApplication - Started EmployeeApiApplication in 19.197 seconds (process running for 20.496)
2026-08-06 10:22:55 DEBUG [EmployeeBankingHikariPool:housekeeper] com.zaxxer.hikari.pool.HikariPool - EmployeeBankingHikariPool - Before cleanup stats (total=5/10, idle=5/5, active=0, waiting=0)
2026-08-06 10:22:55 DEBUG [EmployeeBankingHikariPool:housekeeper] com.zaxxer.hikari.pool.HikariPool - EmployeeBankingHikariPool - After  cleanup stats (total=5/10, idle=5/5, active=0, waiting=0)
2026-08-06 10:22:55 DEBUG [EmployeeBankingHikariPool:housekeeper] com.zaxxer.hikari.pool.HikariPool - EmployeeBankingHikariPool - Fill pool skipped, pool has sufficient level or currently being filled.
2026-08-06 10:23:25 DEBUG [EmployeeBankingHikariPool:housekeeper] com.zaxxer.hikari.pool.HikariPool - EmployeeBankingHikariPool - Before cleanup stats (total=5/10, idle=5/5, active=0, waiting=0)
2026-08-06 10:23:25 DEBUG [EmployeeBankingHikariPool:housekeeper] com.zaxxer.hikari.pool.HikariPool - EmployeeBankingHikariPool - After  cleanup stats (total=5/10, idle=5/5, active=0, waiting=0)
2026-08-06 10:23:25 DEBUG [EmployeeBankingHikariPool:housekeeper] com.zaxxer.hikari.pool.HikariPool - EmployeeBankingHikariPool - Fill pool skipped, pool has sufficient level or currently being filled.
2026-08-06 10:23:55 DEBUG [EmployeeBankingHikariPool:housekeeper] com.zaxxer.hikari.pool.HikariPool - EmployeeBankingHikariPool - Before cleanup stats (total=5/10, idle=5/5, active=0, waiting=0)
2026-08-06 10:23:55 DEBUG [EmployeeBankingHikariPool:housekeeper] com.zaxxer.hikari.pool.HikariPool - EmployeeBankingHikariPool - After  cleanup stats (total=5/10, idle=5/5, active=0, waiting=0)
2026-08-06 10:23:55 DEBUG [EmployeeBankingHikariPool:housekeeper] com.zaxxer.hikari.pool.HikariPool - EmployeeBankingHikariPool - Fill pool skipped, pool has sufficient level or currently being filled.
2026-08-06 10:24:03 DEBUG [EmployeeBankingHikariPool:housekeeper] com.zaxxer.hikari.pool.HikariPool - EmployeeBankingHikariPool - keepalive: connection ConnectionID:1 ClientConnectionId: 244e71ee-7610-466a-8144-184e849120f3 is alive
2026-08-06 10:24:10 DEBUG [EmployeeBankingHikariPool:housekeeper] com.zaxxer.hikari.pool.HikariPool - EmployeeBankingHikariPool - keepalive: connection ConnectionID:2 ClientConnectionId: 5ff53d8a-e2b8-4e9e-8b09-30a4f153c13c is alive
2026-08-06 10:24:13 DEBUG [EmployeeBankingHikariPool:housekeeper] com.zaxxer.hikari.pool.HikariPool - EmployeeBankingHikariPool - keepalive: connection ConnectionID:5 ClientConnectionId: 2c6a115b-a148-406d-b95f-42acac228219 is alive
2026-08-06 10:24:13 DEBUG [EmployeeBankingHikariPool:housekeeper] com.zaxxer.hikari.pool.HikariPool - EmployeeBankingHikariPool - keepalive: connection ConnectionID:4 ClientConnectionId: 5f459517-98f6-4e9d-93a1-4212e5239099 is alive
2026-08-06 10:24:15 DEBUG [EmployeeBankingHikariPool:housekeeper] com.zaxxer.hikari.pool.HikariPool - EmployeeBankingHikariPool - keepalive: connection ConnectionID:3 ClientConnectionId: e872852e-a982-4fdd-8e41-85c75fbdf9cc is alive
2026-08-06 10:24:25 DEBUG [EmployeeBankingHikariPool:housekeeper] com.zaxxer.hikari.pool.HikariPool - EmployeeBankingHikariPool - Before cleanup stats (total=5/10, idle=5/5, active=0, waiting=0)
2026-08-06 10:24:25 DEBUG [EmployeeBankingHikariPool:housekeeper] com.zaxxer.hikari.pool.HikariPool - EmployeeBankingHikariPool - After  cleanup stats (total=5/10, idle=5/5, active=0, waiting=0)
2026-08-06 10:24:25 DEBUG [EmployeeBankingHikariPool:housekeeper] com.zaxxer.hikari.pool.HikariPool - EmployeeBankingHikariPool - Fill pool skipped, pool has sufficient level or currently being filled.
2026-08-06 10:24:55 DEBUG [EmployeeBankingHikariPool:housekeeper] com.zaxxer.hikari.pool.HikariPool - EmployeeBankingHikariPool - Before cleanup stats (total=5/10, idle=5/5, active=0, waiting=0)
2026-08-06 10:24:55 DEBUG [EmployeeBankingHikariPool:housekeeper] com.zaxxer.hikari.pool.HikariPool - EmployeeBankingHikariPool - After  cleanup stats (total=5/10, idle=5/5, active=0, waiting=0)
2026-08-06 10:24:55 DEBUG [EmployeeBankingHikariPool:housekeeper] com.zaxxer.hikari.pool.HikariPool - EmployeeBankingHikariPool - Fill pool skipped, pool has sufficient level or currently being filled.
2026-08-06 10:25:25 DEBUG [EmployeeBankingHikariPool:housekeeper] com.zaxxer.hikari.pool.HikariPool - EmployeeBankingHikariPool - Before cleanup stats (total=5/10, idle=5/5, active=0, waiting=0)
2026-08-06 10:25:25 DEBUG [EmployeeBankingHikariPool:housekeeper] com.zaxxer.hikari.pool.HikariPool - EmployeeBankingHikariPool - After  cleanup stats (total=5/10, idle=5/5, active=0, waiting=0)
2026-08-06 10:25:25 DEBUG [EmployeeBankingHikariPool:housekeeper] com.zaxxer.hikari.pool.HikariPool - EmployeeBankingHikariPool - Fill pool skipped, pool has sufficient level or currently being filled.
2026-08-06 10:25:42 DEBUG [EmployeeBankingHikariPool:housekeeper] com.zaxxer.hikari.pool.HikariPool - EmployeeBankingHikariPool - keepalive: connection ConnectionID:1 ClientConnectionId: 244e71ee-7610-466a-8144-184e849120f3 is alive
2026-08-06 10:25:55 DEBUG [EmployeeBankingHikariPool:housekeeper] com.zaxxer.hikari.pool.HikariPool - EmployeeBankingHikariPool - Before cleanup stats (total=5/10, idle=5/5, active=0, waiting=0)
2026-08-06 10:25:55 DEBUG [EmployeeBankingHikariPool:housekeeper] com.zaxxer.hikari.pool.HikariPool - EmployeeBankingHikariPool - After  cleanup stats (total=5/10, idle=5/5, active=0, waiting=0)
2026-08-06 10:25:55 DEBUG [EmployeeBankingHikariPool:housekeeper] com.zaxxer.hikari.pool.HikariPool - EmployeeBankingHikariPool - Fill pool skipped, pool has sufficient level or currently being filled.
2026-08-06 10:25:56 DEBUG [EmployeeBankingHikariPool:housekeeper] com.zaxxer.hikari.pool.HikariPool - EmployeeBankingHikariPool - keepalive: connection ConnectionID:2 ClientConnectionId: 5ff53d8a-e2b8-4e9e-8b09-30a4f153c13c is alive
2026-08-06 10:25:59 DEBUG [EmployeeBankingHikariPool:housekeeper] com.zaxxer.hikari.pool.HikariPool - EmployeeBankingHikariPool - keepalive: connection ConnectionID:5 ClientConnectionId: 2c6a115b-a148-406d-b95f-42acac228219 is alive
2026-08-06 10:26:00 DEBUG [EmployeeBankingHikariPool:housekeeper] com.zaxxer.hikari.pool.HikariPool - EmployeeBankingHikariPool - keepalive: connection ConnectionID:4 ClientConnectionId: 5f459517-98f6-4e9d-93a1-4212e5239099 is alive
2026-08-06 10:26:05 DEBUG [EmployeeBankingHikariPool:housekeeper] com.zaxxer.hikari.pool.HikariPool - EmployeeBankingHikariPool - keepalive: connection ConnectionID:3 ClientConnectionId: e872852e-a982-4fdd-8e41-85c75fbdf9cc is alive
2026-08-06 10:26:25 DEBUG [EmployeeBankingHikariPool:housekeeper] com.zaxxer.hikari.pool.HikariPool - EmployeeBankingHikariPool - Before cleanup stats (total=5/10, idle=5/5, active=0, waiting=0)
2026-08-06 10:26:25 DEBUG [EmployeeBankingHikariPool:housekeeper] com.zaxxer.hikari.pool.HikariPool - EmployeeBankingHikariPool - After  cleanup stats (total=5/10, idle=5/5, active=0, waiting=0)
2026-08-06 10:26:25 DEBUG [EmployeeBankingHikariPool:housekeeper] com.zaxxer.hikari.pool.HikariPool - EmployeeBankingHikariPool - Fill pool skipped, pool has sufficient level or currently being filled.
2026-08-06 10:26:55 DEBUG [EmployeeBankingHikariPool:housekeeper] com.zaxxer.hikari.pool.HikariPool - EmployeeBankingHikariPool - Before cleanup stats (total=5/10, idle=5/5, active=0, waiting=0)
2026-08-06 10:26:55 DEBUG [EmployeeBankingHikariPool:housekeeper] com.zaxxer.hikari.pool.HikariPool - EmployeeBankingHikariPool - After  cleanup stats (total=5/10, idle=5/5, active=0, waiting=0)
2026-08-06 10:26:55 DEBUG [EmployeeBankingHikariPool:housekeeper] com.zaxxer.hikari.pool.HikariPool - EmployeeBankingHikariPool - Fill pool skipped, pool has sufficient level or currently being filled.
2026-08-06 10:27:20 DEBUG [EmployeeBankingHikariPool:housekeeper] com.zaxxer.hikari.pool.HikariPool - EmployeeBankingHikariPool - keepalive: connection ConnectionID:1 ClientConnectionId: 244e71ee-7610-466a-8144-184e849120f3 is alive
2026-08-06 10:27:25 DEBUG [EmployeeBankingHikariPool:housekeeper] com.zaxxer.hikari.pool.HikariPool - EmployeeBankingHikariPool - Before cleanup stats (total=5/10, idle=5/5, active=0, waiting=0)
2026-08-06 10:27:25 DEBUG [EmployeeBankingHikariPool:housekeeper] com.zaxxer.hikari.pool.HikariPool - EmployeeBankingHikariPool - After  cleanup stats (total=5/10, idle=5/5, active=0, waiting=0)
2026-08-06 10:27:25 DEBUG [EmployeeBankingHikariPool:housekeeper] com.zaxxer.hikari.pool.HikariPool - EmployeeBankingHikariPool - Fill pool skipped, pool has sufficient level or currently being filled.
2026-08-06 10:27:41 DEBUG [EmployeeBankingHikariPool:housekeeper] com.zaxxer.hikari.pool.HikariPool - EmployeeBankingHikariPool - keepalive: connection ConnectionID:2 ClientConnectionId: 5ff53d8a-e2b8-4e9e-8b09-30a4f153c13c is alive
2026-08-06 10:27:45 DEBUG [EmployeeBankingHikariPool:housekeeper] com.zaxxer.hikari.pool.HikariPool - EmployeeBankingHikariPool - keepalive: connection ConnectionID:5 ClientConnectionId: 2c6a115b-a148-406d-b95f-42acac228219 is alive
2026-08-06 10:27:46 DEBUG [EmployeeBankingHikariPool:housekeeper] com.zaxxer.hikari.pool.HikariPool - EmployeeBankingHikariPool - keepalive: connection ConnectionID:4 ClientConnectionId: 5f459517-98f6-4e9d-93a1-4212e5239099 is alive
2026-08-06 10:27:54 DEBUG [EmployeeBankingHikariPool:housekeeper] com.zaxxer.hikari.pool.HikariPool - EmployeeBankingHikariPool - keepalive: connection ConnectionID:3 ClientConnectionId: e872852e-a982-4fdd-8e41-85c75fbdf9cc is alive
2026-08-06 10:27:55 DEBUG [EmployeeBankingHikariPool:housekeeper] com.zaxxer.hikari.pool.HikariPool - EmployeeBankingHikariPool - Before cleanup stats (total=5/10, idle=5/5, active=0, waiting=0)
2026-08-06 10:27:55 DEBUG [EmployeeBankingHikariPool:housekeeper] com.zaxxer.hikari.pool.HikariPool - EmployeeBankingHikariPool - After  cleanup stats (total=5/10, idle=5/5, active=0, waiting=0)
2026-08-06 10:27:55 DEBUG [EmployeeBankingHikariPool:housekeeper] com.zaxxer.hikari.pool.HikariPool - EmployeeBankingHikariPool - Fill pool skipped, pool has sufficient level or currently being filled.
2026-08-06 10:28:25 DEBUG [EmployeeBankingHikariPool:housekeeper] com.zaxxer.hikari.pool.HikariPool - EmployeeBankingHikariPool - Before cleanup stats (total=5/10, idle=5/5, active=0, waiting=0)
2026-08-06 10:28:25 DEBUG [EmployeeBankingHikariPool:housekeeper] com.zaxxer.hikari.pool.HikariPool - EmployeeBankingHikariPool - After  cleanup stats (total=5/10, idle=5/5, active=0, waiting=0)
2026-08-06 10:28:25 DEBUG [EmployeeBankingHikariPool:housekeeper] com.zaxxer.hikari.pool.HikariPool - EmployeeBankingHikariPool - Fill pool skipped, pool has sufficient level or currently being filled.
2026-08-06 10:28:55 DEBUG [EmployeeBankingHikariPool:housekeeper] com.zaxxer.hikari.pool.HikariPool - EmployeeBankingHikariPool - Before cleanup stats (total=5/10, idle=5/5, active=0, waiting=0)
2026-08-06 10:28:55 DEBUG [EmployeeBankingHikariPool:housekeeper] com.zaxxer.hikari.pool.HikariPool - EmployeeBankingHikariPool - After  cleanup stats (total=5/10, idle=5/5, active=0, waiting=0)
2026-08-06 10:28:55 DEBUG [EmployeeBankingHikariPool:housekeeper] com.zaxxer.hikari.pool.HikariPool - EmployeeBankingHikariPool - Fill pool skipped, pool has sufficient level or currently being filled.
2026-08-06 10:28:59 DEBUG [EmployeeBankingHikariPool:housekeeper] com.zaxxer.hikari.pool.HikariPool - EmployeeBankingHikariPool - keepalive: connection ConnectionID:1 ClientConnectionId: 244e71ee-7610-466a-8144-184e849120f3 is alive
2026-08-06 10:29:25 DEBUG [EmployeeBankingHikariPool:housekeeper] com.zaxxer.hikari.pool.HikariPool - EmployeeBankingHikariPool - Before cleanup stats (total=5/10, idle=5/5, active=0, waiting=0)
2026-08-06 10:29:25 DEBUG [EmployeeBankingHikariPool:housekeeper] com.zaxxer.hikari.pool.HikariPool - EmployeeBankingHikariPool - After  cleanup stats (total=5/10, idle=5/5, active=0, waiting=0)
2026-08-06 10:29:25 DEBUG [EmployeeBankingHikariPool:housekeeper] com.zaxxer.hikari.pool.HikariPool - EmployeeBankingHikariPool - Fill pool skipped, pool has sufficient level or currently being filled.
2026-08-06 10:29:27 DEBUG [EmployeeBankingHikariPool:housekeeper] com.zaxxer.hikari.pool.HikariPool - EmployeeBankingHikariPool - keepalive: connection ConnectionID:2 ClientConnectionId: 5ff53d8a-e2b8-4e9e-8b09-30a4f153c13c is alive
2026-08-06 10:29:32 DEBUG [EmployeeBankingHikariPool:housekeeper] com.zaxxer.hikari.pool.HikariPool - EmployeeBankingHikariPool - keepalive: connection ConnectionID:5 ClientConnectionId: 2c6a115b-a148-406d-b95f-42acac228219 is alive
2026-08-06 10:29:33 DEBUG [EmployeeBankingHikariPool:housekeeper] com.zaxxer.hikari.pool.HikariPool - EmployeeBankingHikariPool - keepalive: connection ConnectionID:4 ClientConnectionId: 5f459517-98f6-4e9d-93a1-4212e5239099 is alive
2026-08-06 10:29:44 DEBUG [EmployeeBankingHikariPool:housekeeper] com.zaxxer.hikari.pool.HikariPool - EmployeeBankingHikariPool - keepalive: connection ConnectionID:3 ClientConnectionId: e872852e-a982-4fdd-8e41-85c75fbdf9cc is alive
2026-08-06 10:29:55 DEBUG [EmployeeBankingHikariPool:housekeeper] com.zaxxer.hikari.pool.HikariPool - EmployeeBankingHikariPool - Before cleanup stats (total=5/10, idle=5/5, active=0, waiting=0)
2026-08-06 10:29:55 DEBUG [EmployeeBankingHikariPool:housekeeper] com.zaxxer.hikari.pool.HikariPool - EmployeeBankingHikariPool - After  cleanup stats (total=5/10, idle=5/5, active=0, waiting=0)
2026-08-06 10:29:55 DEBUG [EmployeeBankingHikariPool:housekeeper] com.zaxxer.hikari.pool.HikariPool - EmployeeBankingHikariPool - Fill pool skipped, pool has sufficient level or currently being filled.
2026-08-06 10:30:25 DEBUG [EmployeeBankingHikariPool:housekeeper] com.zaxxer.hikari.pool.HikariPool - EmployeeBankingHikariPool - Before cleanup stats (total=5/10, idle=5/5, active=0, waiting=0)
2026-08-06 10:30:25 DEBUG [EmployeeBankingHikariPool:housekeeper] com.zaxxer.hikari.pool.HikariPool - EmployeeBankingHikariPool - After  cleanup stats (total=5/10, idle=5/5, active=0, waiting=0)
2026-08-06 10:30:25 DEBUG [EmployeeBankingHikariPool:housekeeper] com.zaxxer.hikari.pool.HikariPool - EmployeeBankingHikariPool - Fill pool skipped, pool has sufficient level or currently being filled.
2026-08-06 10:30:37 DEBUG [EmployeeBankingHikariPool:housekeeper] com.zaxxer.hikari.pool.HikariPool - EmployeeBankingHikariPool - keepalive: connection ConnectionID:1 ClientConnectionId: 244e71ee-7610-466a-8144-184e849120f3 is alive
2026-08-06 10:30:55 DEBUG [EmployeeBankingHikariPool:housekeeper] com.zaxxer.hikari.pool.HikariPool - EmployeeBankingHikariPool - Before cleanup stats (total=5/10, idle=5/5, active=0, waiting=0)
2026-08-06 10:30:55 DEBUG [EmployeeBankingHikariPool:housekeeper] com.zaxxer.hikari.pool.HikariPool - EmployeeBankingHikariPool - After  cleanup stats (total=5/10, idle=5/5, active=0, waiting=0)
2026-08-06 10:30:55 DEBUG [EmployeeBankingHikariPool:housekeeper] com.zaxxer.hikari.pool.HikariPool - EmployeeBankingHikariPool - Fill pool skipped, pool has sufficient level or currently being filled.
2026-08-06 10:31:12 DEBUG [EmployeeBankingHikariPool:housekeeper] com.zaxxer.hikari.pool.HikariPool - EmployeeBankingHikariPool - keepalive: connection ConnectionID:2 ClientConnectionId: 5ff53d8a-e2b8-4e9e-8b09-30a4f153c13c is alive
2026-08-06 10:31:18 DEBUG [EmployeeBankingHikariPool:housekeeper] com.zaxxer.hikari.pool.HikariPool - EmployeeBankingHikariPool - keepalive: connection ConnectionID:5 ClientConnectionId: 2c6a115b-a148-406d-b95f-42acac228219 is alive
2026-08-06 10:31:20 DEBUG [EmployeeBankingHikariPool:housekeeper] com.zaxxer.hikari.pool.HikariPool - EmployeeBankingHikariPool - keepalive: connection ConnectionID:4 ClientConnectionId: 5f459517-98f6-4e9d-93a1-4212e5239099 is alive
2026-08-06 10:31:25 DEBUG [EmployeeBankingHikariPool:housekeeper] com.zaxxer.hikari.pool.HikariPool - EmployeeBankingHikariPool - Before cleanup stats (total=5/10, idle=5/5, active=0, waiting=0)
2026-08-06 10:31:25 DEBUG [EmployeeBankingHikariPool:housekeeper] com.zaxxer.hikari.pool.HikariPool - EmployeeBankingHikariPool - After  cleanup stats (total=5/10, idle=5/5, active=0, waiting=0)
2026-08-06 10:31:25 DEBUG [EmployeeBankingHikariPool:housekeeper] com.zaxxer.hikari.pool.HikariPool - EmployeeBankingHikariPool - Fill pool skipped, pool has sufficient level or currently being filled.
2026-08-06 10:31:34 DEBUG [EmployeeBankingHikariPool:housekeeper] com.zaxxer.hikari.pool.HikariPool - EmployeeBankingHikariPool - keepalive: connection ConnectionID:3 ClientConnectionId: e872852e-a982-4fdd-8e41-85c75fbdf9cc is alive
2026-08-06 10:31:55 DEBUG [EmployeeBankingHikariPool:housekeeper] com.zaxxer.hikari.pool.HikariPool - EmployeeBankingHikariPool - Before cleanup stats (total=5/10, idle=5/5, active=0, waiting=0)
2026-08-06 10:31:55 DEBUG [EmployeeBankingHikariPool:housekeeper] com.zaxxer.hikari.pool.HikariPool - EmployeeBankingHikariPool - After  cleanup stats (total=5/10, idle=5/5, active=0, waiting=0)
2026-08-06 10:31:55 DEBUG [EmployeeBankingHikariPool:housekeeper] com.zaxxer.hikari.pool.HikariPool - EmployeeBankingHikariPool - Fill pool skipped, pool has sufficient level or currently being filled.
2026-08-06 10:32:16 DEBUG [EmployeeBankingHikariPool:housekeeper] com.zaxxer.hikari.pool.HikariPool - EmployeeBankingHikariPool - keepalive: connection ConnectionID:1 ClientConnectionId: 244e71ee-7610-466a-8144-184e849120f3 is alive
2026-08-06 10:32:25 DEBUG [EmployeeBankingHikariPool:housekeeper] com.zaxxer.hikari.pool.HikariPool - EmployeeBankingHikariPool - Before cleanup stats (total=5/10, idle=5/5, active=0, waiting=0)
2026-08-06 10:32:25 DEBUG [EmployeeBankingHikariPool:housekeeper] com.zaxxer.hikari.pool.HikariPool - EmployeeBankingHikariPool - After  cleanup stats (total=5/10, idle=5/5, active=0, waiting=0)
2026-08-06 10:32:25 DEBUG [EmployeeBankingHikariPool:housekeeper] com.zaxxer.hikari.pool.HikariPool - EmployeeBankingHikariPool - Fill pool skipped, pool has sufficient level or currently being filled.
2026-08-06 10:32:55 DEBUG [EmployeeBankingHikariPool:housekeeper] com.zaxxer.hikari.pool.HikariPool - EmployeeBankingHikariPool - Before cleanup stats (total=5/10, idle=5/5, active=0, waiting=0)
2026-08-06 10:32:55 DEBUG [EmployeeBankingHikariPool:housekeeper] com.zaxxer.hikari.pool.HikariPool - EmployeeBankingHikariPool - After  cleanup stats (total=5/10, idle=5/5, active=0, waiting=0)
2026-08-06 10:32:55 DEBUG [EmployeeBankingHikariPool:housekeeper] com.zaxxer.hikari.pool.HikariPool - EmployeeBankingHikariPool - Fill pool skipped, pool has sufficient level or currently being filled.
2026-08-06 10:32:57 DEBUG [EmployeeBankingHikariPool:housekeeper] com.zaxxer.hikari.pool.HikariPool - EmployeeBankingHikariPool - keepalive: connection ConnectionID:2 ClientConnectionId: 5ff53d8a-e2b8-4e9e-8b09-30a4f153c13c is alive
2026-08-06 10:33:04 DEBUG [EmployeeBankingHikariPool:housekeeper] com.zaxxer.hikari.pool.HikariPool - EmployeeBankingHikariPool - keepalive: connection ConnectionID:5 ClientConnectionId: 2c6a115b-a148-406d-b95f-42acac228219 is alive
2026-08-06 10:33:07 DEBUG [EmployeeBankingHikariPool:housekeeper] com.zaxxer.hikari.pool.HikariPool - EmployeeBankingHikariPool - keepalive: connection ConnectionID:4 ClientConnectionId: 5f459517-98f6-4e9d-93a1-4212e5239099 is alive
2026-08-06 10:33:23 DEBUG [EmployeeBankingHikariPool:housekeeper] com.zaxxer.hikari.pool.HikariPool - EmployeeBankingHikariPool - keepalive: connection ConnectionID:3 ClientConnectionId: e872852e-a982-4fdd-8e41-85c75fbdf9cc is alive
2026-08-06 10:33:25 DEBUG [EmployeeBankingHikariPool:housekeeper] com.zaxxer.hikari.pool.HikariPool - EmployeeBankingHikariPool - Before cleanup stats (total=5/10, idle=5/5, active=0, waiting=0)
2026-08-06 10:33:25 DEBUG [EmployeeBankingHikariPool:housekeeper] com.zaxxer.hikari.pool.HikariPool - EmployeeBankingHikariPool - After  cleanup stats (total=5/10, idle=5/5, active=0, waiting=0)
2026-08-06 10:33:25 DEBUG [EmployeeBankingHikariPool:housekeeper] com.zaxxer.hikari.pool.HikariPool - EmployeeBankingHikariPool - Fill pool skipped, pool has sufficient level or currently being filled.
2026-08-06 10:33:54 DEBUG [EmployeeBankingHikariPool:housekeeper] com.zaxxer.hikari.pool.HikariPool - EmployeeBankingHikariPool - keepalive: connection ConnectionID:1 ClientConnectionId: 244e71ee-7610-466a-8144-184e849120f3 is alive
2026-08-06 10:33:55 DEBUG [EmployeeBankingHikariPool:housekeeper] com.zaxxer.hikari.pool.HikariPool - EmployeeBankingHikariPool - Before cleanup stats (total=5/10, idle=5/5, active=0, waiting=0)
2026-08-06 10:33:55 DEBUG [EmployeeBankingHikariPool:housekeeper] com.zaxxer.hikari.pool.HikariPool - EmployeeBankingHikariPool - After  cleanup stats (total=5/10, idle=5/5, active=0, waiting=0)
2026-08-06 10:33:55 DEBUG [EmployeeBankingHikariPool:housekeeper] com.zaxxer.hikari.pool.HikariPool - EmployeeBankingHikariPool - Fill pool skipped, pool has sufficient level or currently being filled.
2026-08-06 10:34:25 DEBUG [EmployeeBankingHikariPool:housekeeper] com.zaxxer.hikari.pool.HikariPool - EmployeeBankingHikariPool - Before cleanup stats (total=5/10, idle=5/5, active=0, waiting=0)
2026-08-06 10:34:25 DEBUG [EmployeeBankingHikariPool:housekeeper] com.zaxxer.hikari.pool.HikariPool - EmployeeBankingHikariPool - After  cleanup stats (total=5/10, idle=5/5, active=0, waiting=0)
2026-08-06 10:34:25 DEBUG [EmployeeBankingHikariPool:housekeeper] com.zaxxer.hikari.pool.HikariPool - EmployeeBankingHikariPool - Fill pool skipped, pool has sufficient level or currently being filled.
2026-08-06 10:34:43 DEBUG [EmployeeBankingHikariPool:housekeeper] com.zaxxer.hikari.pool.HikariPool - EmployeeBankingHikariPool - keepalive: connection ConnectionID:2 ClientConnectionId: 5ff53d8a-e2b8-4e9e-8b09-30a4f153c13c is alive
2026-08-06 10:34:51 DEBUG [EmployeeBankingHikariPool:housekeeper] com.zaxxer.hikari.pool.HikariPool - EmployeeBankingHikariPool - keepalive: connection ConnectionID:5 ClientConnectionId: 2c6a115b-a148-406d-b95f-42acac228219 is alive
2026-08-06 10:34:54 DEBUG [EmployeeBankingHikariPool:housekeeper] com.zaxxer.hikari.pool.HikariPool - EmployeeBankingHikariPool - keepalive: connection ConnectionID:4 ClientConnectionId: 5f459517-98f6-4e9d-93a1-4212e5239099 is alive
2026-08-06 10:34:55 DEBUG [EmployeeBankingHikariPool:housekeeper] com.zaxxer.hikari.pool.HikariPool - EmployeeBankingHikariPool - Before cleanup stats (total=5/10, idle=5/5, active=0, waiting=0)
2026-08-06 10:34:55 DEBUG [EmployeeBankingHikariPool:housekeeper] com.zaxxer.hikari.pool.HikariPool - EmployeeBankingHikariPool - After  cleanup stats (total=5/10, idle=5/5, active=0, waiting=0)
2026-08-06 10:34:55 DEBUG [EmployeeBankingHikariPool:housekeeper] com.zaxxer.hikari.pool.HikariPool - EmployeeBankingHikariPool - Fill pool skipped, pool has sufficient level or currently being filled.
2026-08-06 10:35:13 DEBUG [EmployeeBankingHikariPool:housekeeper] com.zaxxer.hikari.pool.HikariPool - EmployeeBankingHikariPool - keepalive: connection ConnectionID:3 ClientConnectionId: e872852e-a982-4fdd-8e41-85c75fbdf9cc is alive
2026-08-06 10:35:25 DEBUG [EmployeeBankingHikariPool:housekeeper] com.zaxxer.hikari.pool.HikariPool - EmployeeBankingHikariPool - Before cleanup stats (total=5/10, idle=5/5, active=0, waiting=0)
2026-08-06 10:35:25 DEBUG [EmployeeBankingHikariPool:housekeeper] com.zaxxer.hikari.pool.HikariPool - EmployeeBankingHikariPool - After  cleanup stats (total=5/10, idle=5/5, active=0, waiting=0)
2026-08-06 10:35:25 DEBUG [EmployeeBankingHikariPool:housekeeper] com.zaxxer.hikari.pool.HikariPool - EmployeeBankingHikariPool - Fill pool skipped, pool has sufficient level or currently being filled.
2026-08-06 10:35:33 DEBUG [EmployeeBankingHikariPool:housekeeper] com.zaxxer.hikari.pool.HikariPool - EmployeeBankingHikariPool - keepalive: connection ConnectionID:1 ClientConnectionId: 244e71ee-7610-466a-8144-184e849120f3 is alive
2026-08-06 10:35:55 DEBUG [EmployeeBankingHikariPool:housekeeper] com.zaxxer.hikari.pool.HikariPool - EmployeeBankingHikariPool - Before cleanup stats (total=5/10, idle=5/5, active=0, waiting=0)
2026-08-06 10:35:55 DEBUG [EmployeeBankingHikariPool:housekeeper] com.zaxxer.hikari.pool.HikariPool - EmployeeBankingHikariPool - After  cleanup stats (total=5/10, idle=5/5, active=0, waiting=0)
2026-08-06 10:35:55 DEBUG [EmployeeBankingHikariPool:housekeeper] com.zaxxer.hikari.pool.HikariPool - EmployeeBankingHikariPool - Fill pool skipped, pool has sufficient level or currently being filled.
2026-08-06 10:36:25 DEBUG [EmployeeBankingHikariPool:housekeeper] com.zaxxer.hikari.pool.HikariPool - EmployeeBankingHikariPool - Before cleanup stats (total=5/10, idle=5/5, active=0, waiting=0)
2026-08-06 10:36:25 DEBUG [EmployeeBankingHikariPool:housekeeper] com.zaxxer.hikari.pool.HikariPool - EmployeeBankingHikariPool - After  cleanup stats (total=5/10, idle=5/5, active=0, waiting=0)
2026-08-06 10:36:25 DEBUG [EmployeeBankingHikariPool:housekeeper] com.zaxxer.hikari.pool.HikariPool - EmployeeBankingHikariPool - Fill pool skipped, pool has sufficient level or currently being filled.
2026-08-06 10:36:28 DEBUG [EmployeeBankingHikariPool:housekeeper] com.zaxxer.hikari.pool.HikariPool - EmployeeBankingHikariPool - keepalive: connection ConnectionID:2 ClientConnectionId: 5ff53d8a-e2b8-4e9e-8b09-30a4f153c13c is alive
2026-08-06 10:36:37 DEBUG [EmployeeBankingHikariPool:housekeeper] com.zaxxer.hikari.pool.HikariPool - EmployeeBankingHikariPool - keepalive: connection ConnectionID:5 ClientConnectionId: 2c6a115b-a148-406d-b95f-42acac228219 is alive
2026-08-06 10:36:40 DEBUG [EmployeeBankingHikariPool:housekeeper] com.zaxxer.hikari.pool.HikariPool - EmployeeBankingHikariPool - keepalive: connection ConnectionID:4 ClientConnectionId: 5f459517-98f6-4e9d-93a1-4212e5239099 is alive
2026-08-06 10:36:55 DEBUG [EmployeeBankingHikariPool:housekeeper] com.zaxxer.hikari.pool.HikariPool - EmployeeBankingHikariPool - Before cleanup stats (total=5/10, idle=5/5, active=0, waiting=0)
2026-08-06 10:36:55 DEBUG [EmployeeBankingHikariPool:housekeeper] com.zaxxer.hikari.pool.HikariPool - EmployeeBankingHikariPool - After  cleanup stats (total=5/10, idle=5/5, active=0, waiting=0)
2026-08-06 10:36:55 DEBUG [EmployeeBankingHikariPool:housekeeper] com.zaxxer.hikari.pool.HikariPool - EmployeeBankingHikariPool - Fill pool skipped, pool has sufficient level or currently being filled.
2026-08-06 10:37:03 DEBUG [EmployeeBankingHikariPool:housekeeper] com.zaxxer.hikari.pool.HikariPool - EmployeeBankingHikariPool - keepalive: connection ConnectionID:3 ClientConnectionId: e872852e-a982-4fdd-8e41-85c75fbdf9cc is alive
2026-08-06 10:37:11 DEBUG [EmployeeBankingHikariPool:housekeeper] com.zaxxer.hikari.pool.HikariPool - EmployeeBankingHikariPool - keepalive: connection ConnectionID:1 ClientConnectionId: 244e71ee-7610-466a-8144-184e849120f3 is alive
2026-08-06 10:37:25 DEBUG [EmployeeBankingHikariPool:housekeeper] com.zaxxer.hikari.pool.HikariPool - EmployeeBankingHikariPool - Before cleanup stats (total=5/10, idle=5/5, active=0, waiting=0)
2026-08-06 10:37:25 DEBUG [EmployeeBankingHikariPool:housekeeper] com.zaxxer.hikari.pool.HikariPool - EmployeeBankingHikariPool - After  cleanup stats (total=5/10, idle=5/5, active=0, waiting=0)
2026-08-06 10:37:25 DEBUG [EmployeeBankingHikariPool:housekeeper] com.zaxxer.hikari.pool.HikariPool - EmployeeBankingHikariPool - Fill pool skipped, pool has sufficient level or currently being filled.
2026-08-06 10:37:55 DEBUG [EmployeeBankingHikariPool:housekeeper] com.zaxxer.hikari.pool.HikariPool - EmployeeBankingHikariPool - Before cleanup stats (total=5/10, idle=5/5, active=0, waiting=0)
2026-08-06 10:37:55 DEBUG [EmployeeBankingHikariPool:housekeeper] com.zaxxer.hikari.pool.HikariPool - EmployeeBankingHikariPool - After  cleanup stats (total=5/10, idle=5/5, active=0, waiting=0)
2026-08-06 10:37:55 DEBUG [EmployeeBankingHikariPool:housekeeper] com.zaxxer.hikari.pool.HikariPool - EmployeeBankingHikariPool - Fill pool skipped, pool has sufficient level or currently being filled.
2026-08-06 10:38:13 DEBUG [EmployeeBankingHikariPool:housekeeper] com.zaxxer.hikari.pool.HikariPool - EmployeeBankingHikariPool - keepalive: connection ConnectionID:2 ClientConnectionId: 5ff53d8a-e2b8-4e9e-8b09-30a4f153c13c is alive
2026-08-06 10:38:23 DEBUG [EmployeeBankingHikariPool:housekeeper] com.zaxxer.hikari.pool.HikariPool - EmployeeBankingHikariPool - keepalive: connection ConnectionID:5 ClientConnectionId: 2c6a115b-a148-406d-b95f-42acac228219 is alive
2026-08-06 10:38:25 DEBUG [EmployeeBankingHikariPool:housekeeper] com.zaxxer.hikari.pool.HikariPool - EmployeeBankingHikariPool - Before cleanup stats (total=5/10, idle=5/5, active=0, waiting=0)
2026-08-06 10:38:25 DEBUG [EmployeeBankingHikariPool:housekeeper] com.zaxxer.hikari.pool.HikariPool - EmployeeBankingHikariPool - After  cleanup stats (total=5/10, idle=5/5, active=0, waiting=0)
2026-08-06 10:38:25 DEBUG [EmployeeBankingHikariPool:housekeeper] com.zaxxer.hikari.pool.HikariPool - EmployeeBankingHikariPool - Fill pool skipped, pool has sufficient level or currently being filled.
2026-08-06 10:38:27 DEBUG [EmployeeBankingHikariPool:housekeeper] com.zaxxer.hikari.pool.HikariPool - EmployeeBankingHikariPool - keepalive: connection ConnectionID:4 ClientConnectionId: 5f459517-98f6-4e9d-93a1-4212e5239099 is alive
2026-08-06 10:38:50 DEBUG [EmployeeBankingHikariPool:housekeeper] com.zaxxer.hikari.pool.HikariPool - EmployeeBankingHikariPool - keepalive: connection ConnectionID:1 ClientConnectionId: 244e71ee-7610-466a-8144-184e849120f3 is alive
2026-08-06 10:38:52 DEBUG [EmployeeBankingHikariPool:housekeeper] com.zaxxer.hikari.pool.HikariPool - EmployeeBankingHikariPool - keepalive: connection ConnectionID:3 ClientConnectionId: e872852e-a982-4fdd-8e41-85c75fbdf9cc is alive
2026-08-06 10:38:55 DEBUG [EmployeeBankingHikariPool:housekeeper] com.zaxxer.hikari.pool.HikariPool - EmployeeBankingHikariPool - Before cleanup stats (total=5/10, idle=5/5, active=0, waiting=0)
2026-08-06 10:38:55 DEBUG [EmployeeBankingHikariPool:housekeeper] com.zaxxer.hikari.pool.HikariPool - EmployeeBankingHikariPool - After  cleanup stats (total=5/10, idle=5/5, active=0, waiting=0)
2026-08-06 10:38:55 DEBUG [EmployeeBankingHikariPool:housekeeper] com.zaxxer.hikari.pool.HikariPool - EmployeeBankingHikariPool - Fill pool skipped, pool has sufficient level or currently being filled.
2026-08-06 10:39:25 DEBUG [EmployeeBankingHikariPool:housekeeper] com.zaxxer.hikari.pool.HikariPool - EmployeeBankingHikariPool - Before cleanup stats (total=5/10, idle=5/5, active=0, waiting=0)
2026-08-06 10:39:25 DEBUG [EmployeeBankingHikariPool:housekeeper] com.zaxxer.hikari.pool.HikariPool - EmployeeBankingHikariPool - After  cleanup stats (total=5/10, idle=5/5, active=0, waiting=0)
2026-08-06 10:39:25 DEBUG [EmployeeBankingHikariPool:housekeeper] com.zaxxer.hikari.pool.HikariPool - EmployeeBankingHikariPool - Fill pool skipped, pool has sufficient level or currently being filled.
2026-08-06 10:39:55 DEBUG [EmployeeBankingHikariPool:housekeeper] com.zaxxer.hikari.pool.HikariPool - EmployeeBankingHikariPool - Before cleanup stats (total=5/10, idle=5/5, active=0, waiting=0)
2026-08-06 10:39:55 DEBUG [EmployeeBankingHikariPool:housekeeper] com.zaxxer.hikari.pool.HikariPool - EmployeeBankingHikariPool - After  cleanup stats (total=5/10, idle=5/5, active=0, waiting=0)
2026-08-06 10:39:55 DEBUG [EmployeeBankingHikariPool:housekeeper] com.zaxxer.hikari.pool.HikariPool - EmployeeBankingHikariPool - Fill pool skipped, pool has sufficient level or currently being filled.
2026-08-06 10:39:59 DEBUG [EmployeeBankingHikariPool:housekeeper] com.zaxxer.hikari.pool.HikariPool - EmployeeBankingHikariPool - keepalive: connection ConnectionID:2 ClientConnectionId: 5ff53d8a-e2b8-4e9e-8b09-30a4f153c13c is alive
2026-08-06 10:40:10 DEBUG [EmployeeBankingHikariPool:housekeeper] com.zaxxer.hikari.pool.HikariPool - EmployeeBankingHikariPool - keepalive: connection ConnectionID:5 ClientConnectionId: 2c6a115b-a148-406d-b95f-42acac228219 is alive
2026-08-06 10:40:14 DEBUG [EmployeeBankingHikariPool:housekeeper] com.zaxxer.hikari.pool.HikariPool - EmployeeBankingHikariPool - keepalive: connection ConnectionID:4 ClientConnectionId: 5f459517-98f6-4e9d-93a1-4212e5239099 is alive
2026-08-06 10:40:25 DEBUG [EmployeeBankingHikariPool:housekeeper] com.zaxxer.hikari.pool.HikariPool - EmployeeBankingHikariPool - Before cleanup stats (total=5/10, idle=5/5, active=0, waiting=0)
2026-08-06 10:40:25 DEBUG [EmployeeBankingHikariPool:housekeeper] com.zaxxer.hikari.pool.HikariPool - EmployeeBankingHikariPool - After  cleanup stats (total=5/10, idle=5/5, active=0, waiting=0)
2026-08-06 10:40:25 DEBUG [EmployeeBankingHikariPool:housekeeper] com.zaxxer.hikari.pool.HikariPool - EmployeeBankingHikariPool - Fill pool skipped, pool has sufficient level or currently being filled.
2026-08-06 10:40:29 DEBUG [EmployeeBankingHikariPool:housekeeper] com.zaxxer.hikari.pool.HikariPool - EmployeeBankingHikariPool - keepalive: connection ConnectionID:1 ClientConnectionId: 244e71ee-7610-466a-8144-184e849120f3 is alive
2026-08-06 10:40:42 DEBUG [EmployeeBankingHikariPool:housekeeper] com.zaxxer.hikari.pool.HikariPool - EmployeeBankingHikariPool - keepalive: connection ConnectionID:3 ClientConnectionId: e872852e-a982-4fdd-8e41-85c75fbdf9cc is alive
2026-08-06 10:40:55 DEBUG [EmployeeBankingHikariPool:housekeeper] com.zaxxer.hikari.pool.HikariPool - EmployeeBankingHikariPool - Before cleanup stats (total=5/10, idle=5/5, active=0, waiting=0)
2026-08-06 10:40:55 DEBUG [EmployeeBankingHikariPool:housekeeper] com.zaxxer.hikari.pool.HikariPool - EmployeeBankingHikariPool - After  cleanup stats (total=5/10, idle=5/5, active=0, waiting=0)
2026-08-06 10:40:55 DEBUG [EmployeeBankingHikariPool:housekeeper] com.zaxxer.hikari.pool.HikariPool - EmployeeBankingHikariPool - Fill pool skipped, pool has sufficient level or currently being filled.
2026-08-06 10:41:25 DEBUG [EmployeeBankingHikariPool:housekeeper] com.zaxxer.hikari.pool.HikariPool - EmployeeBankingHikariPool - Before cleanup stats (total=5/10, idle=5/5, active=0, waiting=0)
2026-08-06 10:41:25 DEBUG [EmployeeBankingHikariPool:housekeeper] com.zaxxer.hikari.pool.HikariPool - EmployeeBankingHikariPool - After  cleanup stats (total=5/10, idle=5/5, active=0, waiting=0)
2026-08-06 10:41:25 DEBUG [EmployeeBankingHikariPool:housekeeper] com.zaxxer.hikari.pool.HikariPool - EmployeeBankingHikariPool - Fill pool skipped, pool has sufficient level or currently being filled.
2026-08-06 10:41:44 DEBUG [EmployeeBankingHikariPool:housekeeper] com.zaxxer.hikari.pool.HikariPool - EmployeeBankingHikariPool - keepalive: connection ConnectionID:2 ClientConnectionId: 5ff53d8a-e2b8-4e9e-8b09-30a4f153c13c is alive
2026-08-06 10:41:55 DEBUG [EmployeeBankingHikariPool:housekeeper] com.zaxxer.hikari.pool.HikariPool - EmployeeBankingHikariPool - Before cleanup stats (total=5/10, idle=5/5, active=0, waiting=0)
2026-08-06 10:41:55 DEBUG [EmployeeBankingHikariPool:housekeeper] com.zaxxer.hikari.pool.HikariPool - EmployeeBankingHikariPool - After  cleanup stats (total=5/10, idle=5/5, active=0, waiting=0)
2026-08-06 10:41:55 DEBUG [EmployeeBankingHikariPool:housekeeper] com.zaxxer.hikari.pool.HikariPool - EmployeeBankingHikariPool - Fill pool skipped, pool has sufficient level or currently being filled.
2026-08-06 10:41:56 DEBUG [EmployeeBankingHikariPool:housekeeper] com.zaxxer.hikari.pool.HikariPool - EmployeeBankingHikariPool - keepalive: connection ConnectionID:5 ClientConnectionId: 2c6a115b-a148-406d-b95f-42acac228219 is alive
2026-08-06 10:42:01 DEBUG [EmployeeBankingHikariPool:housekeeper] com.zaxxer.hikari.pool.HikariPool - EmployeeBankingHikariPool - keepalive: connection ConnectionID:4 ClientConnectionId: 5f459517-98f6-4e9d-93a1-4212e5239099 is alive
2026-08-06 10:42:07 DEBUG [EmployeeBankingHikariPool:housekeeper] com.zaxxer.hikari.pool.HikariPool - EmployeeBankingHikariPool - keepalive: connection ConnectionID:1 ClientConnectionId: 244e71ee-7610-466a-8144-184e849120f3 is alive
2026-08-06 10:42:25 DEBUG [EmployeeBankingHikariPool:housekeeper] com.zaxxer.hikari.pool.HikariPool - EmployeeBankingHikariPool - Before cleanup stats (total=5/10, idle=5/5, active=0, waiting=0)
2026-08-06 10:42:25 DEBUG [EmployeeBankingHikariPool:housekeeper] com.zaxxer.hikari.pool.HikariPool - EmployeeBankingHikariPool - After  cleanup stats (total=5/10, idle=5/5, active=0, waiting=0)
2026-08-06 10:42:25 DEBUG [EmployeeBankingHikariPool:housekeeper] com.zaxxer.hikari.pool.HikariPool - EmployeeBankingHikariPool - Fill pool skipped, pool has sufficient level or currently being filled.
2026-08-06 10:42:32 DEBUG [EmployeeBankingHikariPool:housekeeper] com.zaxxer.hikari.pool.HikariPool - EmployeeBankingHikariPool - keepalive: connection ConnectionID:3 ClientConnectionId: e872852e-a982-4fdd-8e41-85c75fbdf9cc is alive
2026-08-06 10:42:55 DEBUG [EmployeeBankingHikariPool:housekeeper] com.zaxxer.hikari.pool.HikariPool - EmployeeBankingHikariPool - Before cleanup stats (total=5/10, idle=5/5, active=0, waiting=0)
2026-08-06 10:42:55 DEBUG [EmployeeBankingHikariPool:housekeeper] com.zaxxer.hikari.pool.HikariPool - EmployeeBankingHikariPool - After  cleanup stats (total=5/10, idle=5/5, active=0, waiting=0)
2026-08-06 10:42:55 DEBUG [EmployeeBankingHikariPool:housekeeper] com.zaxxer.hikari.pool.HikariPool - EmployeeBankingHikariPool - Fill pool skipped, pool has sufficient level or currently being filled.
2026-08-06 10:43:25 DEBUG [EmployeeBankingHikariPool:housekeeper] com.zaxxer.hikari.pool.HikariPool - EmployeeBankingHikariPool - Before cleanup stats (total=5/10, idle=5/5, active=0, waiting=0)
2026-08-06 10:43:25 DEBUG [EmployeeBankingHikariPool:housekeeper] com.zaxxer.hikari.pool.HikariPool - EmployeeBankingHikariPool - After  cleanup stats (total=5/10, idle=5/5, active=0, waiting=0)
2026-08-06 10:43:25 DEBUG [EmployeeBankingHikariPool:housekeeper] com.zaxxer.hikari.pool.HikariPool - EmployeeBankingHikariPool - Fill pool skipped, pool has sufficient level or currently being filled.
2026-08-06 10:43:30 DEBUG [EmployeeBankingHikariPool:housekeeper] com.zaxxer.hikari.pool.HikariPool - EmployeeBankingHikariPool - keepalive: connection ConnectionID:2 ClientConnectionId: 5ff53d8a-e2b8-4e9e-8b09-30a4f153c13c is alive
2026-08-06 10:43:43 DEBUG [EmployeeBankingHikariPool:housekeeper] com.zaxxer.hikari.pool.HikariPool - EmployeeBankingHikariPool - keepalive: connection ConnectionID:5 ClientConnectionId: 2c6a115b-a148-406d-b95f-42acac228219 is alive
2026-08-06 10:43:46 DEBUG [EmployeeBankingHikariPool:housekeeper] com.zaxxer.hikari.pool.HikariPool - EmployeeBankingHikariPool - keepalive: connection ConnectionID:1 ClientConnectionId: 244e71ee-7610-466a-8144-184e849120f3 is alive
2026-08-06 10:43:48 DEBUG [EmployeeBankingHikariPool:housekeeper] com.zaxxer.hikari.pool.HikariPool - EmployeeBankingHikariPool - keepalive: connection ConnectionID:4 ClientConnectionId: 5f459517-98f6-4e9d-93a1-4212e5239099 is alive
2026-08-06 10:43:55 DEBUG [EmployeeBankingHikariPool:housekeeper] com.zaxxer.hikari.pool.HikariPool - EmployeeBankingHikariPool - Before cleanup stats (total=5/10, idle=5/5, active=0, waiting=0)
2026-08-06 10:43:55 DEBUG [EmployeeBankingHikariPool:housekeeper] com.zaxxer.hikari.pool.HikariPool - EmployeeBankingHikariPool - After  cleanup stats (total=5/10, idle=5/5, active=0, waiting=0)
2026-08-06 10:43:55 DEBUG [EmployeeBankingHikariPool:housekeeper] com.zaxxer.hikari.pool.HikariPool - EmployeeBankingHikariPool - Fill pool skipped, pool has sufficient level or currently being filled.
2026-08-06 10:44:21 DEBUG [EmployeeBankingHikariPool:housekeeper] com.zaxxer.hikari.pool.HikariPool - EmployeeBankingHikariPool - keepalive: connection ConnectionID:3 ClientConnectionId: e872852e-a982-4fdd-8e41-85c75fbdf9cc is alive
2026-08-06 10:44:25 DEBUG [EmployeeBankingHikariPool:housekeeper] com.zaxxer.hikari.pool.HikariPool - EmployeeBankingHikariPool - Before cleanup stats (total=5/10, idle=5/5, active=0, waiting=0)
2026-08-06 10:44:25 DEBUG [EmployeeBankingHikariPool:housekeeper] com.zaxxer.hikari.pool.HikariPool - EmployeeBankingHikariPool - After  cleanup stats (total=5/10, idle=5/5, active=0, waiting=0)
2026-08-06 10:44:25 DEBUG [EmployeeBankingHikariPool:housekeeper] com.zaxxer.hikari.pool.HikariPool - EmployeeBankingHikariPool - Fill pool skipped, pool has sufficient level or currently being filled.
2026-08-06 10:44:55 DEBUG [EmployeeBankingHikariPool:housekeeper] com.zaxxer.hikari.pool.HikariPool - EmployeeBankingHikariPool - Before cleanup stats (total=5/10, idle=5/5, active=0, waiting=0)
2026-08-06 10:44:55 DEBUG [EmployeeBankingHikariPool:housekeeper] com.zaxxer.hikari.pool.HikariPool - EmployeeBankingHikariPool - After  cleanup stats (total=5/10, idle=5/5, active=0, waiting=0)
2026-08-06 10:44:55 DEBUG [EmployeeBankingHikariPool:housekeeper] com.zaxxer.hikari.pool.HikariPool - EmployeeBankingHikariPool - Fill pool skipped, pool has sufficient level or currently being filled.
2026-08-06 10:45:14 DEBUG [EmployeeBankingHikariPool:connection-closer] com.zaxxer.hikari.pool.PoolBase - EmployeeBankingHikariPool - Closing connection ConnectionID:1 ClientConnectionId: 244e71ee-7610-466a-8144-184e849120f3: (connection has passed maxLifetime)
2026-08-06 10:45:14 DEBUG [EmployeeBankingHikariPool:connection-adder] com.zaxxer.hikari.pool.PoolBase - EmployeeBankingHikariPool - Attempting to create/setup new connection (629ee746-eb98-4595-833a-480b8fddf21d)
2026-08-06 10:45:14 DEBUG [EmployeeBankingHikariPool:connection-adder] com.zaxxer.hikari.pool.PoolBase - EmployeeBankingHikariPool - Established new connection (629ee746-eb98-4595-833a-480b8fddf21d)
2026-08-06 10:45:14 DEBUG [EmployeeBankingHikariPool:connection-adder] com.zaxxer.hikari.pool.HikariPool - EmployeeBankingHikariPool - Added connection ConnectionID:6 ClientConnectionId: 7040993f-7923-4c3e-9087-4e3952739ea2
2026-08-06 10:45:15 DEBUG [EmployeeBankingHikariPool:housekeeper] com.zaxxer.hikari.pool.HikariPool - EmployeeBankingHikariPool - keepalive: connection ConnectionID:2 ClientConnectionId: 5ff53d8a-e2b8-4e9e-8b09-30a4f153c13c is alive
2026-08-06 10:45:25 DEBUG [EmployeeBankingHikariPool:housekeeper] com.zaxxer.hikari.pool.HikariPool - EmployeeBankingHikariPool - Before cleanup stats (total=5/10, idle=5/5, active=0, waiting=0)
2026-08-06 10:45:25 DEBUG [EmployeeBankingHikariPool:housekeeper] com.zaxxer.hikari.pool.HikariPool - EmployeeBankingHikariPool - After  cleanup stats (total=5/10, idle=5/5, active=0, waiting=0)
2026-08-06 10:45:25 DEBUG [EmployeeBankingHikariPool:housekeeper] com.zaxxer.hikari.pool.HikariPool - EmployeeBankingHikariPool - Fill pool skipped, pool has sufficient level or currently being filled.
2026-08-06 10:45:29 DEBUG [EmployeeBankingHikariPool:housekeeper] com.zaxxer.hikari.pool.HikariPool - EmployeeBankingHikariPool - keepalive: connection ConnectionID:5 ClientConnectionId: 2c6a115b-a148-406d-b95f-42acac228219 is alive
2026-08-06 10:45:34 DEBUG [EmployeeBankingHikariPool:housekeeper] com.zaxxer.hikari.pool.HikariPool - EmployeeBankingHikariPool - keepalive: connection ConnectionID:4 ClientConnectionId: 5f459517-98f6-4e9d-93a1-4212e5239099 is alive
2026-08-06 10:45:55 DEBUG [EmployeeBankingHikariPool:housekeeper] com.zaxxer.hikari.pool.HikariPool - EmployeeBankingHikariPool - Before cleanup stats (total=5/10, idle=5/5, active=0, waiting=0)
2026-08-06 10:45:55 DEBUG [EmployeeBankingHikariPool:housekeeper] com.zaxxer.hikari.pool.HikariPool - EmployeeBankingHikariPool - After  cleanup stats (total=5/10, idle=5/5, active=0, waiting=0)
2026-08-06 10:45:55 DEBUG [EmployeeBankingHikariPool:housekeeper] com.zaxxer.hikari.pool.HikariPool - EmployeeBankingHikariPool - Fill pool skipped, pool has sufficient level or currently being filled.
2026-08-06 10:46:11 DEBUG [EmployeeBankingHikariPool:housekeeper] com.zaxxer.hikari.pool.HikariPool - EmployeeBankingHikariPool - keepalive: connection ConnectionID:3 ClientConnectionId: e872852e-a982-4fdd-8e41-85c75fbdf9cc is alive
2026-08-06 10:46:25 DEBUG [EmployeeBankingHikariPool:housekeeper] com.zaxxer.hikari.pool.HikariPool - EmployeeBankingHikariPool - Before cleanup stats (total=5/10, idle=5/5, active=0, waiting=0)
2026-08-06 10:46:25 DEBUG [EmployeeBankingHikariPool:housekeeper] com.zaxxer.hikari.pool.HikariPool - EmployeeBankingHikariPool - After  cleanup stats (total=5/10, idle=5/5, active=0, waiting=0)
2026-08-06 10:46:25 DEBUG [EmployeeBankingHikariPool:housekeeper] com.zaxxer.hikari.pool.HikariPool - EmployeeBankingHikariPool - Fill pool skipped, pool has sufficient level or currently being filled.
2026-08-06 10:46:46 DEBUG [EmployeeBankingHikariPool:connection-closer] com.zaxxer.hikari.pool.PoolBase - EmployeeBankingHikariPool - Closing connection ConnectionID:3 ClientConnectionId: e872852e-a982-4fdd-8e41-85c75fbdf9cc: (connection has passed maxLifetime)
2026-08-06 10:46:46 DEBUG [EmployeeBankingHikariPool:connection-adder] com.zaxxer.hikari.pool.PoolBase - EmployeeBankingHikariPool - Attempting to create/setup new connection (b2dc8b51-50ad-4872-86af-79aee497166c)
2026-08-06 10:46:46 DEBUG [EmployeeBankingHikariPool:connection-adder] com.zaxxer.hikari.pool.PoolBase - EmployeeBankingHikariPool - Established new connection (b2dc8b51-50ad-4872-86af-79aee497166c)
2026-08-06 10:46:46 DEBUG [EmployeeBankingHikariPool:connection-adder] com.zaxxer.hikari.pool.HikariPool - EmployeeBankingHikariPool - Added connection ConnectionID:7 ClientConnectionId: 466f1e08-3419-4998-8d48-d8f72a6a422b
2026-08-06 10:46:55 DEBUG [EmployeeBankingHikariPool:housekeeper] com.zaxxer.hikari.pool.HikariPool - EmployeeBankingHikariPool - Before cleanup stats (total=5/10, idle=5/5, active=0, waiting=0)
2026-08-06 10:46:55 DEBUG [EmployeeBankingHikariPool:housekeeper] com.zaxxer.hikari.pool.HikariPool - EmployeeBankingHikariPool - After  cleanup stats (total=5/10, idle=5/5, active=0, waiting=0)
2026-08-06 10:46:55 DEBUG [EmployeeBankingHikariPool:housekeeper] com.zaxxer.hikari.pool.HikariPool - EmployeeBankingHikariPool - Fill pool skipped, pool has sufficient level or currently being filled.
2026-08-06 10:47:00 DEBUG [EmployeeBankingHikariPool:housekeeper] com.zaxxer.hikari.pool.HikariPool - EmployeeBankingHikariPool - keepalive: connection ConnectionID:2 ClientConnectionId: 5ff53d8a-e2b8-4e9e-8b09-30a4f153c13c is alive
2026-08-06 10:47:04 DEBUG [EmployeeBankingHikariPool:housekeeper] com.zaxxer.hikari.pool.HikariPool - EmployeeBankingHikariPool - keepalive: connection ConnectionID:6 ClientConnectionId: 7040993f-7923-4c3e-9087-4e3952739ea2 is alive
2026-08-06 10:47:15 DEBUG [EmployeeBankingHikariPool:housekeeper] com.zaxxer.hikari.pool.HikariPool - EmployeeBankingHikariPool - keepalive: connection ConnectionID:5 ClientConnectionId: 2c6a115b-a148-406d-b95f-42acac228219 is alive
2026-08-06 10:47:21 DEBUG [EmployeeBankingHikariPool:housekeeper] com.zaxxer.hikari.pool.HikariPool - EmployeeBankingHikariPool - keepalive: connection ConnectionID:4 ClientConnectionId: 5f459517-98f6-4e9d-93a1-4212e5239099 is alive
2026-08-06 10:47:25 DEBUG [EmployeeBankingHikariPool:housekeeper] com.zaxxer.hikari.pool.HikariPool - EmployeeBankingHikariPool - Before cleanup stats (total=5/10, idle=5/5, active=0, waiting=0)
2026-08-06 10:47:25 DEBUG [EmployeeBankingHikariPool:housekeeper] com.zaxxer.hikari.pool.HikariPool - EmployeeBankingHikariPool - After  cleanup stats (total=5/10, idle=5/5, active=0, waiting=0)
2026-08-06 10:47:25 DEBUG [EmployeeBankingHikariPool:housekeeper] com.zaxxer.hikari.pool.HikariPool - EmployeeBankingHikariPool - Fill pool skipped, pool has sufficient level or currently being filled.
2026-08-06 10:47:55 DEBUG [EmployeeBankingHikariPool:housekeeper] com.zaxxer.hikari.pool.HikariPool - EmployeeBankingHikariPool - Before cleanup stats (total=5/10, idle=5/5, active=0, waiting=0)
2026-08-06 10:47:55 DEBUG [EmployeeBankingHikariPool:housekeeper] com.zaxxer.hikari.pool.HikariPool - EmployeeBankingHikariPool - After  cleanup stats (total=5/10, idle=5/5, active=0, waiting=0)
2026-08-06 10:47:55 DEBUG [EmployeeBankingHikariPool:housekeeper] com.zaxxer.hikari.pool.HikariPool - EmployeeBankingHikariPool - Fill pool skipped, pool has sufficient level or currently being filled.
2026-08-06 10:48:21 DEBUG [EmployeeBankingHikariPool:connection-closer] com.zaxxer.hikari.pool.PoolBase - EmployeeBankingHikariPool - Closing connection ConnectionID:2 ClientConnectionId: 5ff53d8a-e2b8-4e9e-8b09-30a4f153c13c: (connection has passed maxLifetime)
2026-08-06 10:48:21 DEBUG [EmployeeBankingHikariPool:connection-adder] com.zaxxer.hikari.pool.PoolBase - EmployeeBankingHikariPool - Attempting to create/setup new connection (24b4d78e-8e48-4b18-8aee-bf6df469679d)
2026-08-06 10:48:21 DEBUG [EmployeeBankingHikariPool:connection-adder] com.zaxxer.hikari.pool.PoolBase - EmployeeBankingHikariPool - Established new connection (24b4d78e-8e48-4b18-8aee-bf6df469679d)
2026-08-06 10:48:21 DEBUG [EmployeeBankingHikariPool:connection-adder] com.zaxxer.hikari.pool.HikariPool - EmployeeBankingHikariPool - Added connection ConnectionID:8 ClientConnectionId: 851d741f-d8b0-46cf-a9e8-b04bf4cfcac3
2026-08-06 10:48:25 DEBUG [EmployeeBankingHikariPool:housekeeper] com.zaxxer.hikari.pool.HikariPool - EmployeeBankingHikariPool - Before cleanup stats (total=5/10, idle=5/5, active=0, waiting=0)
2026-08-06 10:48:25 DEBUG [EmployeeBankingHikariPool:housekeeper] com.zaxxer.hikari.pool.HikariPool - EmployeeBankingHikariPool - After  cleanup stats (total=5/10, idle=5/5, active=0, waiting=0)
2026-08-06 10:48:25 DEBUG [EmployeeBankingHikariPool:housekeeper] com.zaxxer.hikari.pool.HikariPool - EmployeeBankingHikariPool - Fill pool skipped, pool has sufficient level or currently being filled.
2026-08-06 10:48:28 DEBUG [EmployeeBankingHikariPool:connection-closer] com.zaxxer.hikari.pool.PoolBase - EmployeeBankingHikariPool - Closing connection ConnectionID:4 ClientConnectionId: 5f459517-98f6-4e9d-93a1-4212e5239099: (connection has passed maxLifetime)
2026-08-06 10:48:28 DEBUG [EmployeeBankingHikariPool:connection-adder] com.zaxxer.hikari.pool.PoolBase - EmployeeBankingHikariPool - Attempting to create/setup new connection (4bd2236f-9459-42cc-bfbd-a427c78103c6)
2026-08-06 10:48:28 DEBUG [EmployeeBankingHikariPool:connection-adder] com.zaxxer.hikari.pool.PoolBase - EmployeeBankingHikariPool - Established new connection (4bd2236f-9459-42cc-bfbd-a427c78103c6)
2026-08-06 10:48:28 DEBUG [EmployeeBankingHikariPool:connection-adder] com.zaxxer.hikari.pool.HikariPool - EmployeeBankingHikariPool - Added connection ConnectionID:9 ClientConnectionId: cf51d534-b9a0-4749-843b-b14a16ae8071
2026-08-06 10:48:29 DEBUG [EmployeeBankingHikariPool:housekeeper] com.zaxxer.hikari.pool.HikariPool - EmployeeBankingHikariPool - keepalive: connection ConnectionID:7 ClientConnectionId: 466f1e08-3419-4998-8d48-d8f72a6a422b is alive
2026-08-06 10:48:54 DEBUG [EmployeeBankingHikariPool:housekeeper] com.zaxxer.hikari.pool.HikariPool - EmployeeBankingHikariPool - keepalive: connection ConnectionID:6 ClientConnectionId: 7040993f-7923-4c3e-9087-4e3952739ea2 is alive
2026-08-06 10:48:55 DEBUG [EmployeeBankingHikariPool:housekeeper] com.zaxxer.hikari.pool.HikariPool - EmployeeBankingHikariPool - Before cleanup stats (total=5/10, idle=5/5, active=0, waiting=0)
2026-08-06 10:48:55 DEBUG [EmployeeBankingHikariPool:housekeeper] com.zaxxer.hikari.pool.HikariPool - EmployeeBankingHikariPool - After  cleanup stats (total=5/10, idle=5/5, active=0, waiting=0)
2026-08-06 10:48:55 DEBUG [EmployeeBankingHikariPool:housekeeper] com.zaxxer.hikari.pool.HikariPool - EmployeeBankingHikariPool - Fill pool skipped, pool has sufficient level or currently being filled.
2026-08-06 10:49:02 DEBUG [EmployeeBankingHikariPool:housekeeper] com.zaxxer.hikari.pool.HikariPool - EmployeeBankingHikariPool - keepalive: connection ConnectionID:5 ClientConnectionId: 2c6a115b-a148-406d-b95f-42acac228219 is alive
2026-08-06 10:49:25 DEBUG [EmployeeBankingHikariPool:housekeeper] com.zaxxer.hikari.pool.HikariPool - EmployeeBankingHikariPool - Before cleanup stats (total=5/10, idle=5/5, active=0, waiting=0)
2026-08-06 10:49:25 DEBUG [EmployeeBankingHikariPool:housekeeper] com.zaxxer.hikari.pool.HikariPool - EmployeeBankingHikariPool - After  cleanup stats (total=5/10, idle=5/5, active=0, waiting=0)
2026-08-06 10:49:25 DEBUG [EmployeeBankingHikariPool:housekeeper] com.zaxxer.hikari.pool.HikariPool - EmployeeBankingHikariPool - Fill pool skipped, pool has sufficient level or currently being filled.
2026-08-06 10:49:55 DEBUG [EmployeeBankingHikariPool:housekeeper] com.zaxxer.hikari.pool.HikariPool - EmployeeBankingHikariPool - Before cleanup stats (total=5/10, idle=5/5, active=0, waiting=0)
2026-08-06 10:49:55 DEBUG [EmployeeBankingHikariPool:housekeeper] com.zaxxer.hikari.pool.HikariPool - EmployeeBankingHikariPool - After  cleanup stats (total=5/10, idle=5/5, active=0, waiting=0)
2026-08-06 10:49:55 DEBUG [EmployeeBankingHikariPool:housekeeper] com.zaxxer.hikari.pool.HikariPool - EmployeeBankingHikariPool - Fill pool skipped, pool has sufficient level or currently being filled.
2026-08-06 10:50:01 DEBUG [EmployeeBankingHikariPool:housekeeper] com.zaxxer.hikari.pool.HikariPool - EmployeeBankingHikariPool - keepalive: connection ConnectionID:8 ClientConnectionId: 851d741f-d8b0-46cf-a9e8-b04bf4cfcac3 is alive
2026-08-06 10:50:12 DEBUG [EmployeeBankingHikariPool:housekeeper] com.zaxxer.hikari.pool.HikariPool - EmployeeBankingHikariPool - keepalive: connection ConnectionID:7 ClientConnectionId: 466f1e08-3419-4998-8d48-d8f72a6a422b is alive
2026-08-06 10:50:21 DEBUG [EmployeeBankingHikariPool:housekeeper] com.zaxxer.hikari.pool.HikariPool - EmployeeBankingHikariPool - keepalive: connection ConnectionID:9 ClientConnectionId: cf51d534-b9a0-4749-843b-b14a16ae8071 is alive
2026-08-06 10:50:25 DEBUG [EmployeeBankingHikariPool:housekeeper] com.zaxxer.hikari.pool.HikariPool - EmployeeBankingHikariPool - Before cleanup stats (total=5/10, idle=5/5, active=0, waiting=0)
2026-08-06 10:50:25 DEBUG [EmployeeBankingHikariPool:housekeeper] com.zaxxer.hikari.pool.HikariPool - EmployeeBankingHikariPool - After  cleanup stats (total=5/10, idle=5/5, active=0, waiting=0)
2026-08-06 10:50:25 DEBUG [EmployeeBankingHikariPool:housekeeper] com.zaxxer.hikari.pool.HikariPool - EmployeeBankingHikariPool - Fill pool skipped, pool has sufficient level or currently being filled.
2026-08-06 10:50:45 DEBUG [EmployeeBankingHikariPool:housekeeper] com.zaxxer.hikari.pool.HikariPool - EmployeeBankingHikariPool - keepalive: connection ConnectionID:6 ClientConnectionId: 7040993f-7923-4c3e-9087-4e3952739ea2 is alive
2026-08-06 10:50:48 DEBUG [EmployeeBankingHikariPool:housekeeper] com.zaxxer.hikari.pool.HikariPool - EmployeeBankingHikariPool - keepalive: connection ConnectionID:5 ClientConnectionId: 2c6a115b-a148-406d-b95f-42acac228219 is alive
2026-08-06 10:50:55 DEBUG [EmployeeBankingHikariPool:housekeeper] com.zaxxer.hikari.pool.HikariPool - EmployeeBankingHikariPool - Before cleanup stats (total=5/10, idle=5/5, active=0, waiting=0)
2026-08-06 10:50:55 DEBUG [EmployeeBankingHikariPool:housekeeper] com.zaxxer.hikari.pool.HikariPool - EmployeeBankingHikariPool - After  cleanup stats (total=5/10, idle=5/5, active=0, waiting=0)
2026-08-06 10:50:55 DEBUG [EmployeeBankingHikariPool:housekeeper] com.zaxxer.hikari.pool.HikariPool - EmployeeBankingHikariPool - Fill pool skipped, pool has sufficient level or currently being filled.
2026-08-06 10:51:25 DEBUG [EmployeeBankingHikariPool:housekeeper] com.zaxxer.hikari.pool.HikariPool - EmployeeBankingHikariPool - Before cleanup stats (total=5/10, idle=5/5, active=0, waiting=0)
2026-08-06 10:51:25 DEBUG [EmployeeBankingHikariPool:housekeeper] com.zaxxer.hikari.pool.HikariPool - EmployeeBankingHikariPool - After  cleanup stats (total=5/10, idle=5/5, active=0, waiting=0)
2026-08-06 10:51:25 DEBUG [EmployeeBankingHikariPool:housekeeper] com.zaxxer.hikari.pool.HikariPool - EmployeeBankingHikariPool - Fill pool skipped, pool has sufficient level or currently being filled.
2026-08-06 10:51:40 DEBUG [EmployeeBankingHikariPool:housekeeper] com.zaxxer.hikari.pool.HikariPool - EmployeeBankingHikariPool - keepalive: connection ConnectionID:8 ClientConnectionId: 851d741f-d8b0-46cf-a9e8-b04bf4cfcac3 is alive
2026-08-06 10:51:55 DEBUG [EmployeeBankingHikariPool:housekeeper] com.zaxxer.hikari.pool.HikariPool - EmployeeBankingHikariPool - keepalive: connection ConnectionID:7 ClientConnectionId: 466f1e08-3419-4998-8d48-d8f72a6a422b is alive
2026-08-06 10:51:55 DEBUG [EmployeeBankingHikariPool:housekeeper] com.zaxxer.hikari.pool.HikariPool - EmployeeBankingHikariPool - Before cleanup stats (total=5/10, idle=5/5, active=0, waiting=0)
2026-08-06 10:51:55 DEBUG [EmployeeBankingHikariPool:housekeeper] com.zaxxer.hikari.pool.HikariPool - EmployeeBankingHikariPool - After  cleanup stats (total=5/10, idle=5/5, active=0, waiting=0)
2026-08-06 10:51:55 DEBUG [EmployeeBankingHikariPool:housekeeper] com.zaxxer.hikari.pool.HikariPool - EmployeeBankingHikariPool - Fill pool skipped, pool has sufficient level or currently being filled.
2026-08-06 10:52:14 DEBUG [EmployeeBankingHikariPool:housekeeper] com.zaxxer.hikari.pool.HikariPool - EmployeeBankingHikariPool - keepalive: connection ConnectionID:9 ClientConnectionId: cf51d534-b9a0-4749-843b-b14a16ae8071 is alive
2026-08-06 10:52:20 DEBUG [EmployeeBankingHikariPool:connection-closer] com.zaxxer.hikari.pool.PoolBase - EmployeeBankingHikariPool - Closing connection ConnectionID:5 ClientConnectionId: 2c6a115b-a148-406d-b95f-42acac228219: (connection has passed maxLifetime)
2026-08-06 10:52:20 DEBUG [EmployeeBankingHikariPool:connection-adder] com.zaxxer.hikari.pool.PoolBase - EmployeeBankingHikariPool - Attempting to create/setup new connection (3b996cec-2930-435b-ae6b-2de0556ce899)
2026-08-06 10:52:20 DEBUG [EmployeeBankingHikariPool:connection-adder] com.zaxxer.hikari.pool.PoolBase - EmployeeBankingHikariPool - Established new connection (3b996cec-2930-435b-ae6b-2de0556ce899)
2026-08-06 10:52:20 DEBUG [EmployeeBankingHikariPool:connection-adder] com.zaxxer.hikari.pool.HikariPool - EmployeeBankingHikariPool - Added connection ConnectionID:10 ClientConnectionId: 92cf9cd2-e459-42ce-a58f-0d5230305f90
2026-08-06 10:52:25 DEBUG [EmployeeBankingHikariPool:housekeeper] com.zaxxer.hikari.pool.HikariPool - EmployeeBankingHikariPool - Before cleanup stats (total=5/10, idle=5/5, active=0, waiting=0)
2026-08-06 10:52:25 DEBUG [EmployeeBankingHikariPool:housekeeper] com.zaxxer.hikari.pool.HikariPool - EmployeeBankingHikariPool - After  cleanup stats (total=5/10, idle=5/5, active=0, waiting=0)
2026-08-06 10:52:25 DEBUG [EmployeeBankingHikariPool:housekeeper] com.zaxxer.hikari.pool.HikariPool - EmployeeBankingHikariPool - Fill pool skipped, pool has sufficient level or currently being filled.
2026-08-06 10:52:35 DEBUG [EmployeeBankingHikariPool:housekeeper] com.zaxxer.hikari.pool.HikariPool - EmployeeBankingHikariPool - keepalive: connection ConnectionID:6 ClientConnectionId: 7040993f-7923-4c3e-9087-4e3952739ea2 is alive
2026-08-06 10:52:55 DEBUG [EmployeeBankingHikariPool:housekeeper] com.zaxxer.hikari.pool.HikariPool - EmployeeBankingHikariPool - Before cleanup stats (total=5/10, idle=5/5, active=0, waiting=0)
2026-08-06 10:52:55 DEBUG [EmployeeBankingHikariPool:housekeeper] com.zaxxer.hikari.pool.HikariPool - EmployeeBankingHikariPool - After  cleanup stats (total=5/10, idle=5/5, active=0, waiting=0)
2026-08-06 10:52:55 DEBUG [EmployeeBankingHikariPool:housekeeper] com.zaxxer.hikari.pool.HikariPool - EmployeeBankingHikariPool - Fill pool skipped, pool has sufficient level or currently being filled.
2026-08-06 10:53:19 DEBUG [EmployeeBankingHikariPool:housekeeper] com.zaxxer.hikari.pool.HikariPool - EmployeeBankingHikariPool - keepalive: connection ConnectionID:8 ClientConnectionId: 851d741f-d8b0-46cf-a9e8-b04bf4cfcac3 is alive
2026-08-06 10:53:25 DEBUG [EmployeeBankingHikariPool:housekeeper] com.zaxxer.hikari.pool.HikariPool - EmployeeBankingHikariPool - Before cleanup stats (total=5/10, idle=5/5, active=0, waiting=0)
2026-08-06 10:53:25 DEBUG [EmployeeBankingHikariPool:housekeeper] com.zaxxer.hikari.pool.HikariPool - EmployeeBankingHikariPool - After  cleanup stats (total=5/10, idle=5/5, active=0, waiting=0)
2026-08-06 10:53:25 DEBUG [EmployeeBankingHikariPool:housekeeper] com.zaxxer.hikari.pool.HikariPool - EmployeeBankingHikariPool - Fill pool skipped, pool has sufficient level or currently being filled.
2026-08-06 10:53:38 DEBUG [EmployeeBankingHikariPool:housekeeper] com.zaxxer.hikari.pool.HikariPool - EmployeeBankingHikariPool - keepalive: connection ConnectionID:7 ClientConnectionId: 466f1e08-3419-4998-8d48-d8f72a6a422b is alive
2026-08-06 10:53:55 DEBUG [EmployeeBankingHikariPool:housekeeper] com.zaxxer.hikari.pool.HikariPool - EmployeeBankingHikariPool - Before cleanup stats (total=5/10, idle=5/5, active=0, waiting=0)
2026-08-06 10:53:55 DEBUG [EmployeeBankingHikariPool:housekeeper] com.zaxxer.hikari.pool.HikariPool - EmployeeBankingHikariPool - After  cleanup stats (total=5/10, idle=5/5, active=0, waiting=0)
2026-08-06 10:53:55 DEBUG [EmployeeBankingHikariPool:housekeeper] com.zaxxer.hikari.pool.HikariPool - EmployeeBankingHikariPool - Fill pool skipped, pool has sufficient level or currently being filled.
2026-08-06 10:54:07 DEBUG [EmployeeBankingHikariPool:housekeeper] com.zaxxer.hikari.pool.HikariPool - EmployeeBankingHikariPool - keepalive: connection ConnectionID:10 ClientConnectionId: 92cf9cd2-e459-42ce-a58f-0d5230305f90 is alive
2026-08-06 10:54:08 DEBUG [EmployeeBankingHikariPool:housekeeper] com.zaxxer.hikari.pool.HikariPool - EmployeeBankingHikariPool - keepalive: connection ConnectionID:9 ClientConnectionId: cf51d534-b9a0-4749-843b-b14a16ae8071 is alive
2026-08-06 10:54:25 DEBUG [EmployeeBankingHikariPool:housekeeper] com.zaxxer.hikari.pool.HikariPool - EmployeeBankingHikariPool - keepalive: connection ConnectionID:6 ClientConnectionId: 7040993f-7923-4c3e-9087-4e3952739ea2 is alive
2026-08-06 10:54:25 DEBUG [EmployeeBankingHikariPool:housekeeper] com.zaxxer.hikari.pool.HikariPool - EmployeeBankingHikariPool - Before cleanup stats (total=5/10, idle=5/5, active=0, waiting=0)
2026-08-06 10:54:25 DEBUG [EmployeeBankingHikariPool:housekeeper] com.zaxxer.hikari.pool.HikariPool - EmployeeBankingHikariPool - After  cleanup stats (total=5/10, idle=5/5, active=0, waiting=0)
2026-08-06 10:54:25 DEBUG [EmployeeBankingHikariPool:housekeeper] com.zaxxer.hikari.pool.HikariPool - EmployeeBankingHikariPool - Fill pool skipped, pool has sufficient level or currently being filled.
2026-08-06 10:54:55 DEBUG [EmployeeBankingHikariPool:housekeeper] com.zaxxer.hikari.pool.HikariPool - EmployeeBankingHikariPool - Before cleanup stats (total=5/10, idle=5/5, active=0, waiting=0)
2026-08-06 10:54:55 DEBUG [EmployeeBankingHikariPool:housekeeper] com.zaxxer.hikari.pool.HikariPool - EmployeeBankingHikariPool - After  cleanup stats (total=5/10, idle=5/5, active=0, waiting=0)
2026-08-06 10:54:55 DEBUG [EmployeeBankingHikariPool:housekeeper] com.zaxxer.hikari.pool.HikariPool - EmployeeBankingHikariPool - Fill pool skipped, pool has sufficient level or currently being filled.
2026-08-06 10:54:58 DEBUG [EmployeeBankingHikariPool:housekeeper] com.zaxxer.hikari.pool.HikariPool - EmployeeBankingHikariPool - keepalive: connection ConnectionID:8 ClientConnectionId: 851d741f-d8b0-46cf-a9e8-b04bf4cfcac3 is alive
2026-08-06 10:55:21 DEBUG [EmployeeBankingHikariPool:housekeeper] com.zaxxer.hikari.pool.HikariPool - EmployeeBankingHikariPool - keepalive: connection ConnectionID:7 ClientConnectionId: 466f1e08-3419-4998-8d48-d8f72a6a422b is alive
2026-08-06 10:55:25 DEBUG [EmployeeBankingHikariPool:housekeeper] com.zaxxer.hikari.pool.HikariPool - EmployeeBankingHikariPool - Before cleanup stats (total=5/10, idle=5/5, active=0, waiting=0)
2026-08-06 10:55:25 DEBUG [EmployeeBankingHikariPool:housekeeper] com.zaxxer.hikari.pool.HikariPool - EmployeeBankingHikariPool - After  cleanup stats (total=5/10, idle=5/5, active=0, waiting=0)
2026-08-06 10:55:25 DEBUG [EmployeeBankingHikariPool:housekeeper] com.zaxxer.hikari.pool.HikariPool - EmployeeBankingHikariPool - Fill pool skipped, pool has sufficient level or currently being filled.
2026-08-06 10:55:54 DEBUG [EmployeeBankingHikariPool:housekeeper] com.zaxxer.hikari.pool.HikariPool - EmployeeBankingHikariPool - keepalive: connection ConnectionID:10 ClientConnectionId: 92cf9cd2-e459-42ce-a58f-0d5230305f90 is alive
2026-08-06 10:55:55 DEBUG [EmployeeBankingHikariPool:housekeeper] com.zaxxer.hikari.pool.HikariPool - EmployeeBankingHikariPool - Before cleanup stats (total=5/10, idle=5/5, active=0, waiting=0)
2026-08-06 10:55:55 DEBUG [EmployeeBankingHikariPool:housekeeper] com.zaxxer.hikari.pool.HikariPool - EmployeeBankingHikariPool - After  cleanup stats (total=5/10, idle=5/5, active=0, waiting=0)
2026-08-06 10:55:55 DEBUG [EmployeeBankingHikariPool:housekeeper] com.zaxxer.hikari.pool.HikariPool - EmployeeBankingHikariPool - Fill pool skipped, pool has sufficient level or currently being filled.
2026-08-06 10:56:01 DEBUG [EmployeeBankingHikariPool:housekeeper] com.zaxxer.hikari.pool.HikariPool - EmployeeBankingHikariPool - keepalive: connection ConnectionID:9 ClientConnectionId: cf51d534-b9a0-4749-843b-b14a16ae8071 is alive
2026-08-06 10:56:15 DEBUG [EmployeeBankingHikariPool:housekeeper] com.zaxxer.hikari.pool.HikariPool - EmployeeBankingHikariPool - keepalive: connection ConnectionID:6 ClientConnectionId: 7040993f-7923-4c3e-9087-4e3952739ea2 is alive
2026-08-06 10:56:25 DEBUG [EmployeeBankingHikariPool:housekeeper] com.zaxxer.hikari.pool.HikariPool - EmployeeBankingHikariPool - Before cleanup stats (total=5/10, idle=5/5, active=0, waiting=0)
2026-08-06 10:56:25 DEBUG [EmployeeBankingHikariPool:housekeeper] com.zaxxer.hikari.pool.HikariPool - EmployeeBankingHikariPool - After  cleanup stats (total=5/10, idle=5/5, active=0, waiting=0)
2026-08-06 10:56:25 DEBUG [EmployeeBankingHikariPool:housekeeper] com.zaxxer.hikari.pool.HikariPool - EmployeeBankingHikariPool - Fill pool skipped, pool has sufficient level or currently being filled.
2026-08-06 10:56:38 DEBUG [EmployeeBankingHikariPool:housekeeper] com.zaxxer.hikari.pool.HikariPool - EmployeeBankingHikariPool - keepalive: connection ConnectionID:8 ClientConnectionId: 851d741f-d8b0-46cf-a9e8-b04bf4cfcac3 is alive
2026-08-06 10:56:55 DEBUG [EmployeeBankingHikariPool:housekeeper] com.zaxxer.hikari.pool.HikariPool - EmployeeBankingHikariPool - Before cleanup stats (total=5/10, idle=5/5, active=0, waiting=0)
2026-08-06 10:56:55 DEBUG [EmployeeBankingHikariPool:housekeeper] com.zaxxer.hikari.pool.HikariPool - EmployeeBankingHikariPool - After  cleanup stats (total=5/10, idle=5/5, active=0, waiting=0)
2026-08-06 10:56:55 DEBUG [EmployeeBankingHikariPool:housekeeper] com.zaxxer.hikari.pool.HikariPool - EmployeeBankingHikariPool - Fill pool skipped, pool has sufficient level or currently being filled.
2026-08-06 10:57:04 DEBUG [EmployeeBankingHikariPool:housekeeper] com.zaxxer.hikari.pool.HikariPool - EmployeeBankingHikariPool - keepalive: connection ConnectionID:7 ClientConnectionId: 466f1e08-3419-4998-8d48-d8f72a6a422b is alive
2026-08-06 10:57:25 DEBUG [EmployeeBankingHikariPool:housekeeper] com.zaxxer.hikari.pool.HikariPool - EmployeeBankingHikariPool - Before cleanup stats (total=5/10, idle=5/5, active=0, waiting=0)
2026-08-06 10:57:25 DEBUG [EmployeeBankingHikariPool:housekeeper] com.zaxxer.hikari.pool.HikariPool - EmployeeBankingHikariPool - After  cleanup stats (total=5/10, idle=5/5, active=0, waiting=0)
2026-08-06 10:57:25 DEBUG [EmployeeBankingHikariPool:housekeeper] com.zaxxer.hikari.pool.HikariPool - EmployeeBankingHikariPool - Fill pool skipped, pool has sufficient level or currently being filled.
2026-08-06 10:57:41 DEBUG [EmployeeBankingHikariPool:housekeeper] com.zaxxer.hikari.pool.HikariPool - EmployeeBankingHikariPool - keepalive: connection ConnectionID:10 ClientConnectionId: 92cf9cd2-e459-42ce-a58f-0d5230305f90 is alive
2026-08-06 10:57:54 DEBUG [EmployeeBankingHikariPool:housekeeper] com.zaxxer.hikari.pool.HikariPool - EmployeeBankingHikariPool - keepalive: connection ConnectionID:9 ClientConnectionId: cf51d534-b9a0-4749-843b-b14a16ae8071 is alive
2026-08-06 10:57:55 DEBUG [EmployeeBankingHikariPool:housekeeper] com.zaxxer.hikari.pool.HikariPool - EmployeeBankingHikariPool - Before cleanup stats (total=5/10, idle=5/5, active=0, waiting=0)
2026-08-06 10:57:55 DEBUG [EmployeeBankingHikariPool:housekeeper] com.zaxxer.hikari.pool.HikariPool - EmployeeBankingHikariPool - After  cleanup stats (total=5/10, idle=5/5, active=0, waiting=0)
2026-08-06 10:57:55 DEBUG [EmployeeBankingHikariPool:housekeeper] com.zaxxer.hikari.pool.HikariPool - EmployeeBankingHikariPool - Fill pool skipped, pool has sufficient level or currently being filled.
2026-08-06 10:58:05 DEBUG [EmployeeBankingHikariPool:housekeeper] com.zaxxer.hikari.pool.HikariPool - EmployeeBankingHikariPool - keepalive: connection ConnectionID:6 ClientConnectionId: 7040993f-7923-4c3e-9087-4e3952739ea2 is alive
2026-08-06 10:58:17 DEBUG [EmployeeBankingHikariPool:housekeeper] com.zaxxer.hikari.pool.HikariPool - EmployeeBankingHikariPool - keepalive: connection ConnectionID:8 ClientConnectionId: 851d741f-d8b0-46cf-a9e8-b04bf4cfcac3 is alive
2026-08-06 10:58:25 DEBUG [EmployeeBankingHikariPool:housekeeper] com.zaxxer.hikari.pool.HikariPool - EmployeeBankingHikariPool - Before cleanup stats (total=5/10, idle=5/5, active=0, waiting=0)
2026-08-06 10:58:25 DEBUG [EmployeeBankingHikariPool:housekeeper] com.zaxxer.hikari.pool.HikariPool - EmployeeBankingHikariPool - After  cleanup stats (total=5/10, idle=5/5, active=0, waiting=0)
2026-08-06 10:58:25 DEBUG [EmployeeBankingHikariPool:housekeeper] com.zaxxer.hikari.pool.HikariPool - EmployeeBankingHikariPool - Fill pool skipped, pool has sufficient level or currently being filled.
2026-08-06 10:58:47 DEBUG [EmployeeBankingHikariPool:housekeeper] com.zaxxer.hikari.pool.HikariPool - EmployeeBankingHikariPool - keepalive: connection ConnectionID:7 ClientConnectionId: 466f1e08-3419-4998-8d48-d8f72a6a422b is alive
2026-08-06 10:58:55 DEBUG [EmployeeBankingHikariPool:housekeeper] com.zaxxer.hikari.pool.HikariPool - EmployeeBankingHikariPool - Before cleanup stats (total=5/10, idle=5/5, active=0, waiting=0)
2026-08-06 10:58:55 DEBUG [EmployeeBankingHikariPool:housekeeper] com.zaxxer.hikari.pool.HikariPool - EmployeeBankingHikariPool - After  cleanup stats (total=5/10, idle=5/5, active=0, waiting=0)
2026-08-06 10:58:55 DEBUG [EmployeeBankingHikariPool:housekeeper] com.zaxxer.hikari.pool.HikariPool - EmployeeBankingHikariPool - Fill pool skipped, pool has sufficient level or currently being filled.
2026-08-06 10:59:26 DEBUG [EmployeeBankingHikariPool:housekeeper] com.zaxxer.hikari.pool.HikariPool - EmployeeBankingHikariPool - Before cleanup stats (total=5/10, idle=5/5, active=0, waiting=0)
2026-08-06 10:59:26 DEBUG [EmployeeBankingHikariPool:housekeeper] com.zaxxer.hikari.pool.HikariPool - EmployeeBankingHikariPool - After  cleanup stats (total=5/10, idle=5/5, active=0, waiting=0)
2026-08-06 10:59:26 DEBUG [EmployeeBankingHikariPool:housekeeper] com.zaxxer.hikari.pool.HikariPool - EmployeeBankingHikariPool - Fill pool skipped, pool has sufficient level or currently being filled.
2026-08-06 10:59:28 DEBUG [EmployeeBankingHikariPool:housekeeper] com.zaxxer.hikari.pool.HikariPool - EmployeeBankingHikariPool - keepalive: connection ConnectionID:10 ClientConnectionId: 92cf9cd2-e459-42ce-a58f-0d5230305f90 is alive
2026-08-06 10:59:47 DEBUG [EmployeeBankingHikariPool:housekeeper] com.zaxxer.hikari.pool.HikariPool - EmployeeBankingHikariPool - keepalive: connection ConnectionID:9 ClientConnectionId: cf51d534-b9a0-4749-843b-b14a16ae8071 is alive
2026-08-06 10:59:55 DEBUG [EmployeeBankingHikariPool:housekeeper] com.zaxxer.hikari.pool.HikariPool - EmployeeBankingHikariPool - keepalive: connection ConnectionID:6 ClientConnectionId: 7040993f-7923-4c3e-9087-4e3952739ea2 is alive
2026-08-06 10:59:56 DEBUG [EmployeeBankingHikariPool:housekeeper] com.zaxxer.hikari.pool.HikariPool - EmployeeBankingHikariPool - Before cleanup stats (total=5/10, idle=5/5, active=0, waiting=0)
2026-08-06 10:59:56 DEBUG [EmployeeBankingHikariPool:housekeeper] com.zaxxer.hikari.pool.HikariPool - EmployeeBankingHikariPool - After  cleanup stats (total=5/10, idle=5/5, active=0, waiting=0)
2026-08-06 10:59:56 DEBUG [EmployeeBankingHikariPool:housekeeper] com.zaxxer.hikari.pool.HikariPool - EmployeeBankingHikariPool - Fill pool skipped, pool has sufficient level or currently being filled.
2026-08-06 10:59:56 DEBUG [EmployeeBankingHikariPool:housekeeper] com.zaxxer.hikari.pool.HikariPool - EmployeeBankingHikariPool - keepalive: connection ConnectionID:8 ClientConnectionId: 851d741f-d8b0-46cf-a9e8-b04bf4cfcac3 is alive
2026-08-06 11:00:26 DEBUG [EmployeeBankingHikariPool:housekeeper] com.zaxxer.hikari.pool.HikariPool - EmployeeBankingHikariPool - Before cleanup stats (total=5/10, idle=5/5, active=0, waiting=0)
2026-08-06 11:00:26 DEBUG [EmployeeBankingHikariPool:housekeeper] com.zaxxer.hikari.pool.HikariPool - EmployeeBankingHikariPool - After  cleanup stats (total=5/10, idle=5/5, active=0, waiting=0)
2026-08-06 11:00:26 DEBUG [EmployeeBankingHikariPool:housekeeper] com.zaxxer.hikari.pool.HikariPool - EmployeeBankingHikariPool - Fill pool skipped, pool has sufficient level or currently being filled.
2026-08-06 11:00:30 DEBUG [EmployeeBankingHikariPool:housekeeper] com.zaxxer.hikari.pool.HikariPool - EmployeeBankingHikariPool - keepalive: connection ConnectionID:7 ClientConnectionId: 466f1e08-3419-4998-8d48-d8f72a6a422b is alive
2026-08-06 11:00:56 DEBUG [EmployeeBankingHikariPool:housekeeper] com.zaxxer.hikari.pool.HikariPool - EmployeeBankingHikariPool - Before cleanup stats (total=5/10, idle=5/5, active=0, waiting=0)
2026-08-06 11:00:56 DEBUG [EmployeeBankingHikariPool:housekeeper] com.zaxxer.hikari.pool.HikariPool - EmployeeBankingHikariPool - After  cleanup stats (total=5/10, idle=5/5, active=0, waiting=0)
2026-08-06 11:00:56 DEBUG [EmployeeBankingHikariPool:housekeeper] com.zaxxer.hikari.pool.HikariPool - EmployeeBankingHikariPool - Fill pool skipped, pool has sufficient level or currently being filled.
2026-08-06 11:01:16 DEBUG [EmployeeBankingHikariPool:housekeeper] com.zaxxer.hikari.pool.HikariPool - EmployeeBankingHikariPool - keepalive: connection ConnectionID:10 ClientConnectionId: 92cf9cd2-e459-42ce-a58f-0d5230305f90 is alive
2026-08-06 11:01:26 DEBUG [EmployeeBankingHikariPool:housekeeper] com.zaxxer.hikari.pool.HikariPool - EmployeeBankingHikariPool - Before cleanup stats (total=5/10, idle=5/5, active=0, waiting=0)
2026-08-06 11:01:26 DEBUG [EmployeeBankingHikariPool:housekeeper] com.zaxxer.hikari.pool.HikariPool - EmployeeBankingHikariPool - After  cleanup stats (total=5/10, idle=5/5, active=0, waiting=0)
2026-08-06 11:01:26 DEBUG [EmployeeBankingHikariPool:housekeeper] com.zaxxer.hikari.pool.HikariPool - EmployeeBankingHikariPool - Fill pool skipped, pool has sufficient level or currently being filled.
2026-08-06 11:01:35 DEBUG [EmployeeBankingHikariPool:housekeeper] com.zaxxer.hikari.pool.HikariPool - EmployeeBankingHikariPool - keepalive: connection ConnectionID:8 ClientConnectionId: 851d741f-d8b0-46cf-a9e8-b04bf4cfcac3 is alive
2026-08-06 11:01:40 DEBUG [EmployeeBankingHikariPool:housekeeper] com.zaxxer.hikari.pool.HikariPool - EmployeeBankingHikariPool - keepalive: connection ConnectionID:9 ClientConnectionId: cf51d534-b9a0-4749-843b-b14a16ae8071 is alive
2026-08-06 11:01:45 DEBUG [EmployeeBankingHikariPool:housekeeper] com.zaxxer.hikari.pool.HikariPool - EmployeeBankingHikariPool - keepalive: connection ConnectionID:6 ClientConnectionId: 7040993f-7923-4c3e-9087-4e3952739ea2 is alive
2026-08-06 11:01:56 DEBUG [EmployeeBankingHikariPool:housekeeper] com.zaxxer.hikari.pool.HikariPool - EmployeeBankingHikariPool - Before cleanup stats (total=5/10, idle=5/5, active=0, waiting=0)
2026-08-06 11:01:56 DEBUG [EmployeeBankingHikariPool:housekeeper] com.zaxxer.hikari.pool.HikariPool - EmployeeBankingHikariPool - After  cleanup stats (total=5/10, idle=5/5, active=0, waiting=0)
2026-08-06 11:01:56 DEBUG [EmployeeBankingHikariPool:housekeeper] com.zaxxer.hikari.pool.HikariPool - EmployeeBankingHikariPool - Fill pool skipped, pool has sufficient level or currently being filled.
2026-08-06 11:02:12 DEBUG [EmployeeBankingHikariPool:housekeeper] com.zaxxer.hikari.pool.HikariPool - EmployeeBankingHikariPool - keepalive: connection ConnectionID:7 ClientConnectionId: 466f1e08-3419-4998-8d48-d8f72a6a422b is alive
2026-08-06 11:02:26 DEBUG [EmployeeBankingHikariPool:housekeeper] com.zaxxer.hikari.pool.HikariPool - EmployeeBankingHikariPool - Before cleanup stats (total=5/10, idle=5/5, active=0, waiting=0)
2026-08-06 11:02:26 DEBUG [EmployeeBankingHikariPool:housekeeper] com.zaxxer.hikari.pool.HikariPool - EmployeeBankingHikariPool - After  cleanup stats (total=5/10, idle=5/5, active=0, waiting=0)
2026-08-06 11:02:26 DEBUG [EmployeeBankingHikariPool:housekeeper] com.zaxxer.hikari.pool.HikariPool - EmployeeBankingHikariPool - Fill pool skipped, pool has sufficient level or currently being filled.
2026-08-06 11:02:56 DEBUG [EmployeeBankingHikariPool:housekeeper] com.zaxxer.hikari.pool.HikariPool - EmployeeBankingHikariPool - Before cleanup stats (total=5/10, idle=5/5, active=0, waiting=0)
2026-08-06 11:02:56 DEBUG [EmployeeBankingHikariPool:housekeeper] com.zaxxer.hikari.pool.HikariPool - EmployeeBankingHikariPool - After  cleanup stats (total=5/10, idle=5/5, active=0, waiting=0)
2026-08-06 11:02:56 DEBUG [EmployeeBankingHikariPool:housekeeper] com.zaxxer.hikari.pool.HikariPool - EmployeeBankingHikariPool - Fill pool skipped, pool has sufficient level or currently being filled.
2026-08-06 11:03:03 DEBUG [EmployeeBankingHikariPool:housekeeper] com.zaxxer.hikari.pool.HikariPool - EmployeeBankingHikariPool - keepalive: connection ConnectionID:10 ClientConnectionId: 92cf9cd2-e459-42ce-a58f-0d5230305f90 is alive
2026-08-06 11:03:15 DEBUG [EmployeeBankingHikariPool:housekeeper] com.zaxxer.hikari.pool.HikariPool - EmployeeBankingHikariPool - keepalive: connection ConnectionID:8 ClientConnectionId: 851d741f-d8b0-46cf-a9e8-b04bf4cfcac3 is alive
2026-08-06 11:03:26 DEBUG [EmployeeBankingHikariPool:housekeeper] com.zaxxer.hikari.pool.HikariPool - EmployeeBankingHikariPool - Before cleanup stats (total=5/10, idle=5/5, active=0, waiting=0)
2026-08-06 11:03:26 DEBUG [EmployeeBankingHikariPool:housekeeper] com.zaxxer.hikari.pool.HikariPool - EmployeeBankingHikariPool - After  cleanup stats (total=5/10, idle=5/5, active=0, waiting=0)
2026-08-06 11:03:26 DEBUG [EmployeeBankingHikariPool:housekeeper] com.zaxxer.hikari.pool.HikariPool - EmployeeBankingHikariPool - Fill pool skipped, pool has sufficient level or currently being filled.
2026-08-06 11:03:33 DEBUG [EmployeeBankingHikariPool:housekeeper] com.zaxxer.hikari.pool.HikariPool - EmployeeBankingHikariPool - keepalive: connection ConnectionID:9 ClientConnectionId: cf51d534-b9a0-4749-843b-b14a16ae8071 is alive
2026-08-06 11:03:35 DEBUG [EmployeeBankingHikariPool:housekeeper] com.zaxxer.hikari.pool.HikariPool - EmployeeBankingHikariPool - keepalive: connection ConnectionID:6 ClientConnectionId: 7040993f-7923-4c3e-9087-4e3952739ea2 is alive
2026-08-06 11:03:55 DEBUG [EmployeeBankingHikariPool:housekeeper] com.zaxxer.hikari.pool.HikariPool - EmployeeBankingHikariPool - keepalive: connection ConnectionID:7 ClientConnectionId: 466f1e08-3419-4998-8d48-d8f72a6a422b is alive
2026-08-06 11:03:56 DEBUG [EmployeeBankingHikariPool:housekeeper] com.zaxxer.hikari.pool.HikariPool - EmployeeBankingHikariPool - Before cleanup stats (total=5/10, idle=5/5, active=0, waiting=0)
2026-08-06 11:03:56 DEBUG [EmployeeBankingHikariPool:housekeeper] com.zaxxer.hikari.pool.HikariPool - EmployeeBankingHikariPool - After  cleanup stats (total=5/10, idle=5/5, active=0, waiting=0)
2026-08-06 11:03:56 DEBUG [EmployeeBankingHikariPool:housekeeper] com.zaxxer.hikari.pool.HikariPool - EmployeeBankingHikariPool - Fill pool skipped, pool has sufficient level or currently being filled.
2026-08-06 11:04:26 DEBUG [EmployeeBankingHikariPool:housekeeper] com.zaxxer.hikari.pool.HikariPool - EmployeeBankingHikariPool - Before cleanup stats (total=5/10, idle=5/5, active=0, waiting=0)
2026-08-06 11:04:26 DEBUG [EmployeeBankingHikariPool:housekeeper] com.zaxxer.hikari.pool.HikariPool - EmployeeBankingHikariPool - After  cleanup stats (total=5/10, idle=5/5, active=0, waiting=0)
2026-08-06 11:04:26 DEBUG [EmployeeBankingHikariPool:housekeeper] com.zaxxer.hikari.pool.HikariPool - EmployeeBankingHikariPool - Fill pool skipped, pool has sufficient level or currently being filled.
2026-08-06 11:04:50 DEBUG [EmployeeBankingHikariPool:housekeeper] com.zaxxer.hikari.pool.HikariPool - EmployeeBankingHikariPool - keepalive: connection ConnectionID:10 ClientConnectionId: 92cf9cd2-e459-42ce-a58f-0d5230305f90 is alive
2026-08-06 11:04:54 DEBUG [EmployeeBankingHikariPool:housekeeper] com.zaxxer.hikari.pool.HikariPool - EmployeeBankingHikariPool - keepalive: connection ConnectionID:8 ClientConnectionId: 851d741f-d8b0-46cf-a9e8-b04bf4cfcac3 is alive
2026-08-06 11:04:56 DEBUG [EmployeeBankingHikariPool:housekeeper] com.zaxxer.hikari.pool.HikariPool - EmployeeBankingHikariPool - Before cleanup stats (total=5/10, idle=5/5, active=0, waiting=0)
2026-08-06 11:04:56 DEBUG [EmployeeBankingHikariPool:housekeeper] com.zaxxer.hikari.pool.HikariPool - EmployeeBankingHikariPool - After  cleanup stats (total=5/10, idle=5/5, active=0, waiting=0)
2026-08-06 11:04:56 DEBUG [EmployeeBankingHikariPool:housekeeper] com.zaxxer.hikari.pool.HikariPool - EmployeeBankingHikariPool - Fill pool skipped, pool has sufficient level or currently being filled.
2026-08-06 11:05:25 DEBUG [EmployeeBankingHikariPool:housekeeper] com.zaxxer.hikari.pool.HikariPool - EmployeeBankingHikariPool - keepalive: connection ConnectionID:6 ClientConnectionId: 7040993f-7923-4c3e-9087-4e3952739ea2 is alive
2026-08-06 11:05:26 DEBUG [EmployeeBankingHikariPool:housekeeper] com.zaxxer.hikari.pool.HikariPool - EmployeeBankingHikariPool - Before cleanup stats (total=5/10, idle=5/5, active=0, waiting=0)
2026-08-06 11:05:26 DEBUG [EmployeeBankingHikariPool:housekeeper] com.zaxxer.hikari.pool.HikariPool - EmployeeBankingHikariPool - After  cleanup stats (total=5/10, idle=5/5, active=0, waiting=0)
2026-08-06 11:05:26 DEBUG [EmployeeBankingHikariPool:housekeeper] com.zaxxer.hikari.pool.HikariPool - EmployeeBankingHikariPool - Fill pool skipped, pool has sufficient level or currently being filled.
2026-08-06 11:05:26 DEBUG [EmployeeBankingHikariPool:housekeeper] com.zaxxer.hikari.pool.HikariPool - EmployeeBankingHikariPool - keepalive: connection ConnectionID:9 ClientConnectionId: cf51d534-b9a0-4749-843b-b14a16ae8071 is alive
2026-08-06 11:05:38 DEBUG [EmployeeBankingHikariPool:housekeeper] com.zaxxer.hikari.pool.HikariPool - EmployeeBankingHikariPool - keepalive: connection ConnectionID:7 ClientConnectionId: 466f1e08-3419-4998-8d48-d8f72a6a422b is alive
2026-08-06 11:05:56 DEBUG [EmployeeBankingHikariPool:housekeeper] com.zaxxer.hikari.pool.HikariPool - EmployeeBankingHikariPool - Before cleanup stats (total=5/10, idle=5/5, active=0, waiting=0)
2026-08-06 11:05:56 DEBUG [EmployeeBankingHikariPool:housekeeper] com.zaxxer.hikari.pool.HikariPool - EmployeeBankingHikariPool - After  cleanup stats (total=5/10, idle=5/5, active=0, waiting=0)
2026-08-06 11:05:56 DEBUG [EmployeeBankingHikariPool:housekeeper] com.zaxxer.hikari.pool.HikariPool - EmployeeBankingHikariPool - Fill pool skipped, pool has sufficient level or currently being filled.
2026-08-06 11:06:26 DEBUG [EmployeeBankingHikariPool:housekeeper] com.zaxxer.hikari.pool.HikariPool - EmployeeBankingHikariPool - Before cleanup stats (total=5/10, idle=5/5, active=0, waiting=0)
2026-08-06 11:06:26 DEBUG [EmployeeBankingHikariPool:housekeeper] com.zaxxer.hikari.pool.HikariPool - EmployeeBankingHikariPool - After  cleanup stats (total=5/10, idle=5/5, active=0, waiting=0)
2026-08-06 11:06:26 DEBUG [EmployeeBankingHikariPool:housekeeper] com.zaxxer.hikari.pool.HikariPool - EmployeeBankingHikariPool - Fill pool skipped, pool has sufficient level or currently being filled.
2026-08-06 11:06:33 DEBUG [EmployeeBankingHikariPool:housekeeper] com.zaxxer.hikari.pool.HikariPool - EmployeeBankingHikariPool - keepalive: connection ConnectionID:8 ClientConnectionId: 851d741f-d8b0-46cf-a9e8-b04bf4cfcac3 is alive
2026-08-06 11:06:37 DEBUG [EmployeeBankingHikariPool:housekeeper] com.zaxxer.hikari.pool.HikariPool - EmployeeBankingHikariPool - keepalive: connection ConnectionID:10 ClientConnectionId: 92cf9cd2-e459-42ce-a58f-0d5230305f90 is alive
2026-08-06 11:06:56 DEBUG [EmployeeBankingHikariPool:housekeeper] com.zaxxer.hikari.pool.HikariPool - EmployeeBankingHikariPool - Before cleanup stats (total=5/10, idle=5/5, active=0, waiting=0)
2026-08-06 11:06:56 DEBUG [EmployeeBankingHikariPool:housekeeper] com.zaxxer.hikari.pool.HikariPool - EmployeeBankingHikariPool - After  cleanup stats (total=5/10, idle=5/5, active=0, waiting=0)
2026-08-06 11:06:56 DEBUG [EmployeeBankingHikariPool:housekeeper] com.zaxxer.hikari.pool.HikariPool - EmployeeBankingHikariPool - Fill pool skipped, pool has sufficient level or currently being filled.
2026-08-06 11:07:15 DEBUG [EmployeeBankingHikariPool:housekeeper] com.zaxxer.hikari.pool.HikariPool - EmployeeBankingHikariPool - keepalive: connection ConnectionID:6 ClientConnectionId: 7040993f-7923-4c3e-9087-4e3952739ea2 is alive
2026-08-06 11:07:19 DEBUG [EmployeeBankingHikariPool:housekeeper] com.zaxxer.hikari.pool.HikariPool - EmployeeBankingHikariPool - keepalive: connection ConnectionID:9 ClientConnectionId: cf51d534-b9a0-4749-843b-b14a16ae8071 is alive
2026-08-06 11:07:21 DEBUG [EmployeeBankingHikariPool:housekeeper] com.zaxxer.hikari.pool.HikariPool - EmployeeBankingHikariPool - keepalive: connection ConnectionID:7 ClientConnectionId: 466f1e08-3419-4998-8d48-d8f72a6a422b is alive
2026-08-06 11:07:26 DEBUG [EmployeeBankingHikariPool:housekeeper] com.zaxxer.hikari.pool.HikariPool - EmployeeBankingHikariPool - Before cleanup stats (total=5/10, idle=5/5, active=0, waiting=0)
2026-08-06 11:07:26 DEBUG [EmployeeBankingHikariPool:housekeeper] com.zaxxer.hikari.pool.HikariPool - EmployeeBankingHikariPool - After  cleanup stats (total=5/10, idle=5/5, active=0, waiting=0)
2026-08-06 11:07:26 DEBUG [EmployeeBankingHikariPool:housekeeper] com.zaxxer.hikari.pool.HikariPool - EmployeeBankingHikariPool - Fill pool skipped, pool has sufficient level or currently being filled.
2026-08-06 11:07:56 DEBUG [EmployeeBankingHikariPool:housekeeper] com.zaxxer.hikari.pool.HikariPool - EmployeeBankingHikariPool - Before cleanup stats (total=5/10, idle=5/5, active=0, waiting=0)
2026-08-06 11:07:56 DEBUG [EmployeeBankingHikariPool:housekeeper] com.zaxxer.hikari.pool.HikariPool - EmployeeBankingHikariPool - After  cleanup stats (total=5/10, idle=5/5, active=0, waiting=0)
2026-08-06 11:07:56 DEBUG [EmployeeBankingHikariPool:housekeeper] com.zaxxer.hikari.pool.HikariPool - EmployeeBankingHikariPool - Fill pool skipped, pool has sufficient level or currently being filled.
2026-08-06 11:08:12 DEBUG [EmployeeBankingHikariPool:housekeeper] com.zaxxer.hikari.pool.HikariPool - EmployeeBankingHikariPool - keepalive: connection ConnectionID:8 ClientConnectionId: 851d741f-d8b0-46cf-a9e8-b04bf4cfcac3 is alive
2026-08-06 11:08:24 DEBUG [EmployeeBankingHikariPool:housekeeper] com.zaxxer.hikari.pool.HikariPool - EmployeeBankingHikariPool - keepalive: connection ConnectionID:10 ClientConnectionId: 92cf9cd2-e459-42ce-a58f-0d5230305f90 is alive
2026-08-06 11:08:26 DEBUG [EmployeeBankingHikariPool:housekeeper] com.zaxxer.hikari.pool.HikariPool - EmployeeBankingHikariPool - Before cleanup stats (total=5/10, idle=5/5, active=0, waiting=0)
2026-08-06 11:08:26 DEBUG [EmployeeBankingHikariPool:housekeeper] com.zaxxer.hikari.pool.HikariPool - EmployeeBankingHikariPool - After  cleanup stats (total=5/10, idle=5/5, active=0, waiting=0)
2026-08-06 11:08:26 DEBUG [EmployeeBankingHikariPool:housekeeper] com.zaxxer.hikari.pool.HikariPool - EmployeeBankingHikariPool - Fill pool skipped, pool has sufficient level or currently being filled.
2026-08-06 11:08:56 DEBUG [EmployeeBankingHikariPool:housekeeper] com.zaxxer.hikari.pool.HikariPool - EmployeeBankingHikariPool - Before cleanup stats (total=5/10, idle=5/5, active=0, waiting=0)
2026-08-06 11:08:56 DEBUG [EmployeeBankingHikariPool:housekeeper] com.zaxxer.hikari.pool.HikariPool - EmployeeBankingHikariPool - After  cleanup stats (total=5/10, idle=5/5, active=0, waiting=0)
2026-08-06 11:08:56 DEBUG [EmployeeBankingHikariPool:housekeeper] com.zaxxer.hikari.pool.HikariPool - EmployeeBankingHikariPool - Fill pool skipped, pool has sufficient level or currently being filled.
2026-08-06 11:09:04 DEBUG [EmployeeBankingHikariPool:housekeeper] com.zaxxer.hikari.pool.HikariPool - EmployeeBankingHikariPool - keepalive: connection ConnectionID:7 ClientConnectionId: 466f1e08-3419-4998-8d48-d8f72a6a422b is alive
2026-08-06 11:09:05 DEBUG [EmployeeBankingHikariPool:housekeeper] com.zaxxer.hikari.pool.HikariPool - EmployeeBankingHikariPool - keepalive: connection ConnectionID:6 ClientConnectionId: 7040993f-7923-4c3e-9087-4e3952739ea2 is alive
2026-08-06 11:09:12 DEBUG [EmployeeBankingHikariPool:housekeeper] com.zaxxer.hikari.pool.HikariPool - EmployeeBankingHikariPool - keepalive: connection ConnectionID:9 ClientConnectionId: cf51d534-b9a0-4749-843b-b14a16ae8071 is alive
2026-08-06 11:09:23 DEBUG [EmployeeBankingHikariPool:connection-closer] com.zaxxer.hikari.pool.PoolBase - EmployeeBankingHikariPool - Closing connection ConnectionID:6 ClientConnectionId: 7040993f-7923-4c3e-9087-4e3952739ea2: (connection has passed maxLifetime)
2026-08-06 11:09:23 DEBUG [EmployeeBankingHikariPool:connection-adder] com.zaxxer.hikari.pool.PoolBase - EmployeeBankingHikariPool - Attempting to create/setup new connection (4f5df0ac-a9f3-40d8-8399-1ef03040faa7)
2026-08-06 11:09:24 DEBUG [EmployeeBankingHikariPool:connection-adder] com.zaxxer.hikari.pool.PoolBase - EmployeeBankingHikariPool - Established new connection (4f5df0ac-a9f3-40d8-8399-1ef03040faa7)
2026-08-06 11:09:24 DEBUG [EmployeeBankingHikariPool:connection-adder] com.zaxxer.hikari.pool.HikariPool - EmployeeBankingHikariPool - Added connection ConnectionID:11 ClientConnectionId: 03a18303-5364-451f-9083-3951468f7c36
2026-08-06 11:09:26 DEBUG [EmployeeBankingHikariPool:housekeeper] com.zaxxer.hikari.pool.HikariPool - EmployeeBankingHikariPool - Before cleanup stats (total=5/10, idle=5/5, active=0, waiting=0)
2026-08-06 11:09:26 DEBUG [EmployeeBankingHikariPool:housekeeper] com.zaxxer.hikari.pool.HikariPool - EmployeeBankingHikariPool - After  cleanup stats (total=5/10, idle=5/5, active=0, waiting=0)
2026-08-06 11:09:26 DEBUG [EmployeeBankingHikariPool:housekeeper] com.zaxxer.hikari.pool.HikariPool - EmployeeBankingHikariPool - Fill pool skipped, pool has sufficient level or currently being filled.
2026-08-06 11:09:52 DEBUG [EmployeeBankingHikariPool:housekeeper] com.zaxxer.hikari.pool.HikariPool - EmployeeBankingHikariPool - keepalive: connection ConnectionID:8 ClientConnectionId: 851d741f-d8b0-46cf-a9e8-b04bf4cfcac3 is alive
2026-08-06 11:09:56 DEBUG [EmployeeBankingHikariPool:housekeeper] com.zaxxer.hikari.pool.HikariPool - EmployeeBankingHikariPool - Before cleanup stats (total=5/10, idle=5/5, active=0, waiting=0)
2026-08-06 11:09:56 DEBUG [EmployeeBankingHikariPool:housekeeper] com.zaxxer.hikari.pool.HikariPool - EmployeeBankingHikariPool - After  cleanup stats (total=5/10, idle=5/5, active=0, waiting=0)
2026-08-06 11:09:56 DEBUG [EmployeeBankingHikariPool:housekeeper] com.zaxxer.hikari.pool.HikariPool - EmployeeBankingHikariPool - Fill pool skipped, pool has sufficient level or currently being filled.
2026-08-06 11:10:11 DEBUG [EmployeeBankingHikariPool:housekeeper] com.zaxxer.hikari.pool.HikariPool - EmployeeBankingHikariPool - keepalive: connection ConnectionID:10 ClientConnectionId: 92cf9cd2-e459-42ce-a58f-0d5230305f90 is alive
2026-08-06 11:10:26 DEBUG [EmployeeBankingHikariPool:housekeeper] com.zaxxer.hikari.pool.HikariPool - EmployeeBankingHikariPool - Before cleanup stats (total=5/10, idle=5/5, active=0, waiting=0)
2026-08-06 11:10:26 DEBUG [EmployeeBankingHikariPool:housekeeper] com.zaxxer.hikari.pool.HikariPool - EmployeeBankingHikariPool - After  cleanup stats (total=5/10, idle=5/5, active=0, waiting=0)
2026-08-06 11:10:26 DEBUG [EmployeeBankingHikariPool:housekeeper] com.zaxxer.hikari.pool.HikariPool - EmployeeBankingHikariPool - Fill pool skipped, pool has sufficient level or currently being filled.
2026-08-06 11:10:47 DEBUG [EmployeeBankingHikariPool:housekeeper] com.zaxxer.hikari.pool.HikariPool - EmployeeBankingHikariPool - keepalive: connection ConnectionID:7 ClientConnectionId: 466f1e08-3419-4998-8d48-d8f72a6a422b is alive
2026-08-06 11:10:56 DEBUG [EmployeeBankingHikariPool:housekeeper] com.zaxxer.hikari.pool.HikariPool - EmployeeBankingHikariPool - Before cleanup stats (total=5/10, idle=5/5, active=0, waiting=0)
2026-08-06 11:10:56 DEBUG [EmployeeBankingHikariPool:housekeeper] com.zaxxer.hikari.pool.HikariPool - EmployeeBankingHikariPool - After  cleanup stats (total=5/10, idle=5/5, active=0, waiting=0)
2026-08-06 11:10:56 DEBUG [EmployeeBankingHikariPool:housekeeper] com.zaxxer.hikari.pool.HikariPool - EmployeeBankingHikariPool - Fill pool skipped, pool has sufficient level or currently being filled.
2026-08-06 11:11:05 DEBUG [EmployeeBankingHikariPool:housekeeper] com.zaxxer.hikari.pool.HikariPool - EmployeeBankingHikariPool - keepalive: connection ConnectionID:9 ClientConnectionId: cf51d534-b9a0-4749-843b-b14a16ae8071 is alive
2026-08-06 11:11:17 INFO  [background-preinit] o.h.validator.internal.util.Version - HV000001: Hibernate Validator 8.0.2.Final
2026-08-06 11:11:17 INFO  [main] c.t.e.c.EmployeeControllerTest - Starting EmployeeControllerTest using Java 21.0.11 with PID 15536 (started by s.samantray in C:\Users\s.samantray\Desktop\Eclipse_Workspace\EmployeeBankRestApiUnitTest)
2026-08-06 11:11:17 DEBUG [main] c.t.e.c.EmployeeControllerTest - Running with Spring Boot v3.5.4, Spring v6.2.9
2026-08-06 11:11:17 INFO  [main] c.t.e.c.EmployeeControllerTest - No active profile set, falling back to 1 default profile: "default"
2026-08-06 11:11:23 DEBUG [EmployeeBankingHikariPool:housekeeper] com.zaxxer.hikari.pool.HikariPool - EmployeeBankingHikariPool - keepalive: connection ConnectionID:11 ClientConnectionId: 03a18303-5364-451f-9083-3951468f7c36 is alive
2026-08-06 11:11:24 INFO  [main] o.s.b.t.m.w.SpringBootMockServletContext - Initializing Spring TestDispatcherServlet ''
2026-08-06 11:11:24 INFO  [main] o.s.t.w.s.TestDispatcherServlet - Initializing Servlet ''
2026-08-06 11:11:24 INFO  [main] o.s.t.w.s.TestDispatcherServlet - Completed initialization in 4 ms
2026-08-06 11:11:24 INFO  [main] c.t.e.c.EmployeeControllerTest - Started EmployeeControllerTest in 9.094 seconds (process running for 21.563)
2026-08-06 11:11:25 INFO  [main] c.t.e.controller.EmployeeController - Received request to create employee.
2026-08-06 11:11:25 WARN  [main] c.t.e.e.GlobalExceptionHandler - Business rule violation: Salary must be greater than or equal to 1000.
2026-08-06 11:11:25 INFO  [main] c.t.e.controller.EmployeeController - Received request to delete employee with id: 1
2026-08-06 11:11:25 WARN  [main] c.t.e.e.GlobalExceptionHandler - Resource not found: Employee not found.
2026-08-06 11:11:25 WARN  [main] c.t.e.e.GlobalExceptionHandler - Validation failed: {name=Name is required, salary=Salary must be greater than zero, department=Department is required, email=Invalid email format}
2026-08-06 11:11:25 INFO  [main] c.t.e.controller.EmployeeController - Received request to create employee.
2026-08-06 11:11:26 ERROR [main] c.t.e.e.GlobalExceptionHandler - Unexpected exception
java.lang.RuntimeException: Database down
	at com.tns.employeeapi.service.EmployeeService.addEmployee(EmployeeService.java:47)
	at com.tns.employeeapi.controller.EmployeeController.addEmployee(EmployeeController.java:65)
	at java.base/jdk.internal.reflect.DirectMethodHandleAccessor.invoke(DirectMethodHandleAccessor.java:103)
	at java.base/java.lang.reflect.Method.invoke(Method.java:580)
	at org.springframework.aop.support.AopUtils.invokeJoinpointUsingReflection(AopUtils.java:360)
	at org.springframework.aop.framework.ReflectiveMethodInvocation.invokeJoinpoint(ReflectiveMethodInvocation.java:196)
	at org.springframework.aop.framework.ReflectiveMethodInvocation.proceed(ReflectiveMethodInvocation.java:163)
	at org.springframework.validation.beanvalidation.MethodValidationInterceptor.invoke(MethodValidationInterceptor.java:174)
	at org.springframework.aop.framework.ReflectiveMethodInvocation.proceed(ReflectiveMethodInvocation.java:184)
	at org.springframework.aop.framework.CglibAopProxy$DynamicAdvisedInterceptor.intercept(CglibAopProxy.java:728)
	at com.tns.employeeapi.controller.EmployeeController$$SpringCGLIB$$0.addEmployee(<generated>)
	at java.base/jdk.internal.reflect.DirectMethodHandleAccessor.invoke(DirectMethodHandleAccessor.java:103)
	at java.base/java.lang.reflect.Method.invoke(Method.java:580)
	at org.springframework.web.method.support.InvocableHandlerMethod.doInvoke(InvocableHandlerMethod.java:258)
	at org.springframework.web.method.support.InvocableHandlerMethod.invokeForRequest(InvocableHandlerMethod.java:191)
	at org.springframework.web.servlet.mvc.method.annotation.ServletInvocableHandlerMethod.invokeAndHandle(ServletInvocableHandlerMethod.java:118)
	at org.springframework.web.servlet.mvc.method.annotation.RequestMappingHandlerAdapter.invokeHandlerMethod(RequestMappingHandlerAdapter.java:991)
	at org.springframework.web.servlet.mvc.method.annotation.RequestMappingHandlerAdapter.handleInternal(RequestMappingHandlerAdapter.java:896)
	at org.springframework.web.servlet.mvc.method.AbstractHandlerMethodAdapter.handle(AbstractHandlerMethodAdapter.java:87)
	at org.springframework.web.servlet.DispatcherServlet.doDispatch(DispatcherServlet.java:1089)
	at org.springframework.web.servlet.DispatcherServlet.doService(DispatcherServlet.java:979)
	at org.springframework.web.servlet.FrameworkServlet.processRequest(FrameworkServlet.java:1014)
	at org.springframework.web.servlet.FrameworkServlet.doPost(FrameworkServlet.java:914)
	at jakarta.servlet.http.HttpServlet.service(HttpServlet.java:590)
	at org.springframework.web.servlet.FrameworkServlet.service(FrameworkServlet.java:885)
	at org.springframework.test.web.servlet.TestDispatcherServlet.service(TestDispatcherServlet.java:72)
	at jakarta.servlet.http.HttpServlet.service(HttpServlet.java:658)
	at org.springframework.mock.web.MockFilterChain$ServletFilterProxy.doFilter(MockFilterChain.java:165)
	at org.springframework.mock.web.MockFilterChain.doFilter(MockFilterChain.java:132)
	at org.springframework.web.filter.RequestContextFilter.doFilterInternal(RequestContextFilter.java:100)
	at org.springframework.web.filter.OncePerRequestFilter.doFilter(OncePerRequestFilter.java:116)
	at org.springframework.test.web.servlet.setup.MockMvcFilterDecorator.doFilter(MockMvcFilterDecorator.java:162)
	at org.springframework.mock.web.MockFilterChain.doFilter(MockFilterChain.java:132)
	at org.springframework.web.filter.FormContentFilter.doFilterInternal(FormContentFilter.java:93)
	at org.springframework.web.filter.OncePerRequestFilter.doFilter(OncePerRequestFilter.java:116)
	at org.springframework.test.web.servlet.setup.MockMvcFilterDecorator.doFilter(MockMvcFilterDecorator.java:162)
	at org.springframework.mock.web.MockFilterChain.doFilter(MockFilterChain.java:132)
	at org.springframework.web.filter.CharacterEncodingFilter.doFilterInternal(CharacterEncodingFilter.java:201)
	at org.springframework.web.filter.OncePerRequestFilter.doFilter(OncePerRequestFilter.java:116)
	at org.springframework.test.web.servlet.setup.MockMvcFilterDecorator.doFilter(MockMvcFilterDecorator.java:162)
	at org.springframework.mock.web.MockFilterChain.doFilter(MockFilterChain.java:132)
	at org.springframework.test.web.servlet.MockMvc.perform(MockMvc.java:201)
	at com.tns.employeeapi.controller.EmployeeControllerTest.shouldReturn500ForUnexpectedException(EmployeeControllerTest.java:122)
	at java.base/jdk.internal.reflect.DirectMethodHandleAccessor.invoke(DirectMethodHandleAccessor.java:103)
	at java.base/java.lang.reflect.Method.invoke(Method.java:580)
	at org.junit.platform.commons.util.ReflectionUtils.invokeMethod(ReflectionUtils.java:775)
	at org.junit.platform.commons.support.ReflectionSupport.invokeMethod(ReflectionSupport.java:479)
	at org.junit.jupiter.engine.execution.MethodInvocation.proceed(MethodInvocation.java:60)
	at org.junit.jupiter.engine.execution.InvocationInterceptorChain$ValidatingInvocation.proceed(InvocationInterceptorChain.java:131)
	at org.junit.jupiter.engine.extension.TimeoutExtension.intercept(TimeoutExtension.java:161)
	at org.junit.jupiter.engine.extension.TimeoutExtension.interceptTestableMethod(TimeoutExtension.java:152)
	at org.junit.jupiter.engine.extension.TimeoutExtension.interceptTestMethod(TimeoutExtension.java:91)
	at org.junit.jupiter.engine.execution.InterceptingExecutableInvoker$ReflectiveInterceptorCall.lambda$ofVoidMethod$0(InterceptingExecutableInvoker.java:112)
	at org.junit.jupiter.engine.execution.InterceptingExecutableInvoker.lambda$invoke$0(InterceptingExecutableInvoker.java:94)
	at org.junit.jupiter.engine.execution.InvocationInterceptorChain$InterceptedInvocation.proceed(InvocationInterceptorChain.java:106)
	at org.junit.jupiter.engine.execution.InvocationInterceptorChain.proceed(InvocationInterceptorChain.java:64)
	at org.junit.jupiter.engine.execution.InvocationInterceptorChain.chainAndInvoke(InvocationInterceptorChain.java:45)
	at org.junit.jupiter.engine.execution.InvocationInterceptorChain.invoke(InvocationInterceptorChain.java:37)
	at org.junit.jupiter.engine.execution.InterceptingExecutableInvoker.invoke(InterceptingExecutableInvoker.java:93)
	at org.junit.jupiter.engine.execution.InterceptingExecutableInvoker.invoke(InterceptingExecutableInvoker.java:87)
	at org.junit.jupiter.engine.descriptor.TestMethodTestDescriptor.lambda$invokeTestMethod$7(TestMethodTestDescriptor.java:216)
	at org.junit.platform.engine.support.hierarchical.ThrowableCollector.execute(ThrowableCollector.java:73)
	at org.junit.jupiter.engine.descriptor.TestMethodTestDescriptor.invokeTestMethod(TestMethodTestDescriptor.java:212)
	at org.junit.jupiter.engine.descriptor.TestMethodTestDescriptor.execute(TestMethodTestDescriptor.java:137)
	at org.junit.jupiter.engine.descriptor.TestMethodTestDescriptor.execute(TestMethodTestDescriptor.java:69)
	at org.junit.platform.engine.support.hierarchical.NodeTestTask.lambda$executeRecursively$6(NodeTestTask.java:156)
	at org.junit.platform.engine.support.hierarchical.ThrowableCollector.execute(ThrowableCollector.java:73)
	at org.junit.platform.engine.support.hierarchical.NodeTestTask.lambda$executeRecursively$8(NodeTestTask.java:146)
	at org.junit.platform.engine.support.hierarchical.Node.around(Node.java:137)
	at org.junit.platform.engine.support.hierarchical.NodeTestTask.lambda$executeRecursively$9(NodeTestTask.java:144)
	at org.junit.platform.engine.support.hierarchical.ThrowableCollector.execute(ThrowableCollector.java:73)
	at org.junit.platform.engine.support.hierarchical.NodeTestTask.executeRecursively(NodeTestTask.java:143)
	at org.junit.platform.engine.support.hierarchical.NodeTestTask.execute(NodeTestTask.java:100)
	at java.base/java.util.ArrayList.forEach(ArrayList.java:1596)
	at org.junit.platform.engine.support.hierarchical.SameThreadHierarchicalTestExecutorService.invokeAll(SameThreadHierarchicalTestExecutorService.java:41)
	at org.junit.platform.engine.support.hierarchical.NodeTestTask.lambda$executeRecursively$6(NodeTestTask.java:160)
	at org.junit.platform.engine.support.hierarchical.ThrowableCollector.execute(ThrowableCollector.java:73)
	at org.junit.platform.engine.support.hierarchical.NodeTestTask.lambda$executeRecursively$8(NodeTestTask.java:146)
	at org.junit.platform.engine.support.hierarchical.Node.around(Node.java:137)
	at org.junit.platform.engine.support.hierarchical.NodeTestTask.lambda$executeRecursively$9(NodeTestTask.java:144)
	at org.junit.platform.engine.support.hierarchical.ThrowableCollector.execute(ThrowableCollector.java:73)
	at org.junit.platform.engine.support.hierarchical.NodeTestTask.executeRecursively(NodeTestTask.java:143)
	at org.junit.platform.engine.support.hierarchical.NodeTestTask.execute(NodeTestTask.java:100)
	at java.base/java.util.ArrayList.forEach(ArrayList.java:1596)
	at org.junit.platform.engine.support.hierarchical.SameThreadHierarchicalTestExecutorService.invokeAll(SameThreadHierarchicalTestExecutorService.java:41)
	at org.junit.platform.engine.support.hierarchical.NodeTestTask.lambda$executeRecursively$6(NodeTestTask.java:160)
	at org.junit.platform.engine.support.hierarchical.ThrowableCollector.execute(ThrowableCollector.java:73)
	at org.junit.platform.engine.support.hierarchical.NodeTestTask.lambda$executeRecursively$8(NodeTestTask.java:146)
	at org.junit.platform.engine.support.hierarchical.Node.around(Node.java:137)
	at org.junit.platform.engine.support.hierarchical.NodeTestTask.lambda$executeRecursively$9(NodeTestTask.java:144)
	at org.junit.platform.engine.support.hierarchical.ThrowableCollector.execute(ThrowableCollector.java:73)
	at org.junit.platform.engine.support.hierarchical.NodeTestTask.executeRecursively(NodeTestTask.java:143)
	at org.junit.platform.engine.support.hierarchical.NodeTestTask.execute(NodeTestTask.java:100)
	at org.junit.platform.engine.support.hierarchical.SameThreadHierarchicalTestExecutorService.submit(SameThreadHierarchicalTestExecutorService.java:35)
	at org.junit.platform.engine.support.hierarchical.HierarchicalTestExecutor.execute(HierarchicalTestExecutor.java:57)
	at org.junit.platform.engine.support.hierarchical.HierarchicalTestEngine.execute(HierarchicalTestEngine.java:54)
	at org.junit.platform.launcher.core.EngineExecutionOrchestrator.execute(EngineExecutionOrchestrator.java:201)
	at org.junit.platform.launcher.core.EngineExecutionOrchestrator.execute(EngineExecutionOrchestrator.java:170)
	at org.junit.platform.launcher.core.EngineExecutionOrchestrator.execute(EngineExecutionOrchestrator.java:94)
	at org.junit.platform.launcher.core.EngineExecutionOrchestrator.lambda$execute$0(EngineExecutionOrchestrator.java:59)
	at org.junit.platform.launcher.core.EngineExecutionOrchestrator.withInterceptedStreams(EngineExecutionOrchestrator.java:142)
	at org.junit.platform.launcher.core.EngineExecutionOrchestrator.execute(EngineExecutionOrchestrator.java:58)
	at org.junit.platform.launcher.core.DefaultLauncher.execute(DefaultLauncher.java:103)
	at org.junit.platform.launcher.core.DefaultLauncher.execute(DefaultLauncher.java:94)
	at org.junit.platform.launcher.core.DelegatingLauncher.execute(DelegatingLauncher.java:52)
	at org.junit.platform.launcher.core.InterceptingLauncher.lambda$execute$2(InterceptingLauncher.java:47)
	at org.junit.platform.launcher.core.ClasspathAlignmentCheckingLauncherInterceptor.intercept(ClasspathAlignmentCheckingLauncherInterceptor.java:25)
	at org.junit.platform.launcher.core.InterceptingLauncher.execute(InterceptingLauncher.java:46)
	at org.junit.platform.launcher.core.DelegatingLauncher.execute(DelegatingLauncher.java:52)
	at org.junit.platform.launcher.core.SessionPerRequestLauncher.execute(SessionPerRequestLauncher.java:70)
	at org.eclipse.jdt.internal.junit5.runner.JUnit5TestReference.run(JUnit5TestReference.java:100)
	at org.eclipse.jdt.internal.junit.runner.TestExecution.run(TestExecution.java:40)
	at org.eclipse.jdt.internal.junit.runner.RemoteTestRunner.runTests(RemoteTestRunner.java:596)
	at org.eclipse.jdt.internal.junit.runner.RemoteTestRunner.runTests(RemoteTestRunner.java:824)
	at org.eclipse.jdt.internal.junit.runner.RemoteTestRunner.run(RemoteTestRunner.java:494)
	at org.eclipse.jdt.internal.junit.runner.RemoteTestRunner.main(RemoteTestRunner.java:225)
2026-08-06 11:11:26 INFO  [main] c.t.e.controller.EmployeeController - Received request to create employee.
2026-08-06 11:11:26 WARN  [main] c.t.e.e.GlobalExceptionHandler - Duplicate resource: Employee with this email already exists.
2026-08-06 11:11:26 DEBUG [EmployeeBankingHikariPool:housekeeper] com.zaxxer.hikari.pool.HikariPool - EmployeeBankingHikariPool - Before cleanup stats (total=5/10, idle=5/5, active=0, waiting=0)
2026-08-06 11:11:26 DEBUG [EmployeeBankingHikariPool:housekeeper] com.zaxxer.hikari.pool.HikariPool - EmployeeBankingHikariPool - After  cleanup stats (total=5/10, idle=5/5, active=0, waiting=0)
2026-08-06 11:11:26 DEBUG [EmployeeBankingHikariPool:housekeeper] com.zaxxer.hikari.pool.HikariPool - EmployeeBankingHikariPool - Fill pool skipped, pool has sufficient level or currently being filled.
2026-08-06 11:11:31 DEBUG [EmployeeBankingHikariPool:housekeeper] com.zaxxer.hikari.pool.HikariPool - EmployeeBankingHikariPool - keepalive: connection ConnectionID:8 ClientConnectionId: 851d741f-d8b0-46cf-a9e8-b04bf4cfcac3 is alive
2026-08-06 11:11:56 DEBUG [EmployeeBankingHikariPool:housekeeper] com.zaxxer.hikari.pool.HikariPool - EmployeeBankingHikariPool - Before cleanup stats (total=5/10, idle=5/5, active=0, waiting=0)
2026-08-06 11:11:56 DEBUG [EmployeeBankingHikariPool:housekeeper] com.zaxxer.hikari.pool.HikariPool - EmployeeBankingHikariPool - After  cleanup stats (total=5/10, idle=5/5, active=0, waiting=0)
2026-08-06 11:11:56 DEBUG [EmployeeBankingHikariPool:housekeeper] com.zaxxer.hikari.pool.HikariPool - EmployeeBankingHikariPool - Fill pool skipped, pool has sufficient level or currently being filled.
2026-08-06 11:11:58 DEBUG [EmployeeBankingHikariPool:housekeeper] com.zaxxer.hikari.pool.HikariPool - EmployeeBankingHikariPool - keepalive: connection ConnectionID:10 ClientConnectionId: 92cf9cd2-e459-42ce-a58f-0d5230305f90 is alive
2026-08-06 11:12:26 DEBUG [EmployeeBankingHikariPool:housekeeper] com.zaxxer.hikari.pool.HikariPool - EmployeeBankingHikariPool - Before cleanup stats (total=5/10, idle=5/5, active=0, waiting=0)
2026-08-06 11:12:26 DEBUG [EmployeeBankingHikariPool:housekeeper] com.zaxxer.hikari.pool.HikariPool - EmployeeBankingHikariPool - After  cleanup stats (total=5/10, idle=5/5, active=0, waiting=0)
2026-08-06 11:12:26 DEBUG [EmployeeBankingHikariPool:housekeeper] com.zaxxer.hikari.pool.HikariPool - EmployeeBankingHikariPool - Fill pool skipped, pool has sufficient level or currently being filled.
2026-08-06 11:12:30 DEBUG [EmployeeBankingHikariPool:housekeeper] com.zaxxer.hikari.pool.HikariPool - EmployeeBankingHikariPool - keepalive: connection ConnectionID:7 ClientConnectionId: 466f1e08-3419-4998-8d48-d8f72a6a422b is alive
2026-08-06 11:12:56 DEBUG [EmployeeBankingHikariPool:housekeeper] com.zaxxer.hikari.pool.HikariPool - EmployeeBankingHikariPool - Before cleanup stats (total=5/10, idle=5/5, active=0, waiting=0)
2026-08-06 11:12:56 DEBUG [EmployeeBankingHikariPool:housekeeper] com.zaxxer.hikari.pool.HikariPool - EmployeeBankingHikariPool - After  cleanup stats (total=5/10, idle=5/5, active=0, waiting=0)
2026-08-06 11:12:56 DEBUG [EmployeeBankingHikariPool:housekeeper] com.zaxxer.hikari.pool.HikariPool - EmployeeBankingHikariPool - Fill pool skipped, pool has sufficient level or currently being filled.
2026-08-06 11:12:58 DEBUG [EmployeeBankingHikariPool:housekeeper] com.zaxxer.hikari.pool.HikariPool - EmployeeBankingHikariPool - keepalive: connection ConnectionID:9 ClientConnectionId: cf51d534-b9a0-4749-843b-b14a16ae8071 is alive
2026-08-06 11:13:10 DEBUG [EmployeeBankingHikariPool:housekeeper] com.zaxxer.hikari.pool.HikariPool - EmployeeBankingHikariPool - keepalive: connection ConnectionID:8 ClientConnectionId: 851d741f-d8b0-46cf-a9e8-b04bf4cfcac3 is alive
2026-08-06 11:13:21 DEBUG [EmployeeBankingHikariPool:housekeeper] com.zaxxer.hikari.pool.HikariPool - EmployeeBankingHikariPool - keepalive: connection ConnectionID:11 ClientConnectionId: 03a18303-5364-451f-9083-3951468f7c36 is alive
2026-08-06 11:13:26 DEBUG [EmployeeBankingHikariPool:housekeeper] com.zaxxer.hikari.pool.HikariPool - EmployeeBankingHikariPool - Before cleanup stats (total=5/10, idle=5/5, active=0, waiting=0)
2026-08-06 11:13:26 DEBUG [EmployeeBankingHikariPool:housekeeper] com.zaxxer.hikari.pool.HikariPool - EmployeeBankingHikariPool - After  cleanup stats (total=5/10, idle=5/5, active=0, waiting=0)
2026-08-06 11:13:26 DEBUG [EmployeeBankingHikariPool:housekeeper] com.zaxxer.hikari.pool.HikariPool - EmployeeBankingHikariPool - Fill pool skipped, pool has sufficient level or currently being filled.
2026-08-06 11:13:45 DEBUG [EmployeeBankingHikariPool:housekeeper] com.zaxxer.hikari.pool.HikariPool - EmployeeBankingHikariPool - keepalive: connection ConnectionID:10 ClientConnectionId: 92cf9cd2-e459-42ce-a58f-0d5230305f90 is alive
2026-08-06 11:13:56 DEBUG [EmployeeBankingHikariPool:housekeeper] com.zaxxer.hikari.pool.HikariPool - EmployeeBankingHikariPool - Before cleanup stats (total=5/10, idle=5/5, active=0, waiting=0)
2026-08-06 11:13:56 DEBUG [EmployeeBankingHikariPool:housekeeper] com.zaxxer.hikari.pool.HikariPool - EmployeeBankingHikariPool - After  cleanup stats (total=5/10, idle=5/5, active=0, waiting=0)
2026-08-06 11:13:56 DEBUG [EmployeeBankingHikariPool:housekeeper] com.zaxxer.hikari.pool.HikariPool - EmployeeBankingHikariPool - Fill pool skipped, pool has sufficient level or currently being filled.
2026-08-06 11:14:13 DEBUG [EmployeeBankingHikariPool:housekeeper] com.zaxxer.hikari.pool.HikariPool - EmployeeBankingHikariPool - keepalive: connection ConnectionID:7 ClientConnectionId: 466f1e08-3419-4998-8d48-d8f72a6a422b is alive
2026-08-06 11:14:19 DEBUG [EmployeeBankingHikariPool:connection-closer] com.zaxxer.hikari.pool.PoolBase - EmployeeBankingHikariPool - Closing connection ConnectionID:9 ClientConnectionId: cf51d534-b9a0-4749-843b-b14a16ae8071: (connection has passed maxLifetime)
2026-08-06 11:14:19 DEBUG [EmployeeBankingHikariPool:connection-adder] com.zaxxer.hikari.pool.PoolBase - EmployeeBankingHikariPool - Attempting to create/setup new connection (ae44d957-b2b5-4820-9f9a-70f64d53d393)
2026-08-06 11:14:19 DEBUG [EmployeeBankingHikariPool:connection-adder] com.zaxxer.hikari.pool.PoolBase - EmployeeBankingHikariPool - Established new connection (ae44d957-b2b5-4820-9f9a-70f64d53d393)
2026-08-06 11:14:19 DEBUG [EmployeeBankingHikariPool:connection-adder] com.zaxxer.hikari.pool.HikariPool - EmployeeBankingHikariPool - Added connection ConnectionID:12 ClientConnectionId: 533be39e-65e5-4d97-8941-fb95d487aad5
2026-08-06 11:14:26 DEBUG [EmployeeBankingHikariPool:housekeeper] com.zaxxer.hikari.pool.HikariPool - EmployeeBankingHikariPool - Before cleanup stats (total=5/10, idle=5/5, active=0, waiting=0)
2026-08-06 11:14:26 DEBUG [EmployeeBankingHikariPool:housekeeper] com.zaxxer.hikari.pool.HikariPool - EmployeeBankingHikariPool - After  cleanup stats (total=5/10, idle=5/5, active=0, waiting=0)
2026-08-06 11:14:26 DEBUG [EmployeeBankingHikariPool:housekeeper] com.zaxxer.hikari.pool.HikariPool - EmployeeBankingHikariPool - Fill pool skipped, pool has sufficient level or currently being filled.
2026-08-06 11:14:30 DEBUG [EmployeeBankingHikariPool:connection-closer] com.zaxxer.hikari.pool.PoolBase - EmployeeBankingHikariPool - Closing connection ConnectionID:7 ClientConnectionId: 466f1e08-3419-4998-8d48-d8f72a6a422b: (connection has passed maxLifetime)
2026-08-06 11:14:30 DEBUG [EmployeeBankingHikariPool:connection-adder] com.zaxxer.hikari.pool.PoolBase - EmployeeBankingHikariPool - Attempting to create/setup new connection (61a78662-dc54-41bb-a3d0-25e552a0da7b)
2026-08-06 11:14:31 DEBUG [EmployeeBankingHikariPool:connection-adder] com.zaxxer.hikari.pool.PoolBase - EmployeeBankingHikariPool - Established new connection (61a78662-dc54-41bb-a3d0-25e552a0da7b)
2026-08-06 11:14:31 DEBUG [EmployeeBankingHikariPool:connection-adder] com.zaxxer.hikari.pool.HikariPool - EmployeeBankingHikariPool - Added connection ConnectionID:13 ClientConnectionId: 0e5a1df5-ad29-4484-994c-6e99e63af652
2026-08-06 11:14:49 DEBUG [EmployeeBankingHikariPool:housekeeper] com.zaxxer.hikari.pool.HikariPool - EmployeeBankingHikariPool - keepalive: connection ConnectionID:8 ClientConnectionId: 851d741f-d8b0-46cf-a9e8-b04bf4cfcac3 is alive
2026-08-06 11:14:56 DEBUG [EmployeeBankingHikariPool:housekeeper] com.zaxxer.hikari.pool.HikariPool - EmployeeBankingHikariPool - Before cleanup stats (total=5/10, idle=5/5, active=0, waiting=0)
2026-08-06 11:14:56 DEBUG [EmployeeBankingHikariPool:housekeeper] com.zaxxer.hikari.pool.HikariPool - EmployeeBankingHikariPool - After  cleanup stats (total=5/10, idle=5/5, active=0, waiting=0)
2026-08-06 11:14:56 DEBUG [EmployeeBankingHikariPool:housekeeper] com.zaxxer.hikari.pool.HikariPool - EmployeeBankingHikariPool - Fill pool skipped, pool has sufficient level or currently being filled.
2026-08-06 11:15:20 DEBUG [EmployeeBankingHikariPool:housekeeper] com.zaxxer.hikari.pool.HikariPool - EmployeeBankingHikariPool - keepalive: connection ConnectionID:11 ClientConnectionId: 03a18303-5364-451f-9083-3951468f7c36 is alive
2026-08-06 11:15:26 DEBUG [EmployeeBankingHikariPool:housekeeper] com.zaxxer.hikari.pool.HikariPool - EmployeeBankingHikariPool - Before cleanup stats (total=5/10, idle=5/5, active=0, waiting=0)
2026-08-06 11:15:26 DEBUG [EmployeeBankingHikariPool:housekeeper] com.zaxxer.hikari.pool.HikariPool - EmployeeBankingHikariPool - After  cleanup stats (total=5/10, idle=5/5, active=0, waiting=0)
2026-08-06 11:15:26 DEBUG [EmployeeBankingHikariPool:housekeeper] com.zaxxer.hikari.pool.HikariPool - EmployeeBankingHikariPool - Fill pool skipped, pool has sufficient level or currently being filled.
2026-08-06 11:15:32 DEBUG [EmployeeBankingHikariPool:housekeeper] com.zaxxer.hikari.pool.HikariPool - EmployeeBankingHikariPool - keepalive: connection ConnectionID:10 ClientConnectionId: 92cf9cd2-e459-42ce-a58f-0d5230305f90 is alive
2026-08-06 11:15:56 DEBUG [EmployeeBankingHikariPool:housekeeper] com.zaxxer.hikari.pool.HikariPool - EmployeeBankingHikariPool - Before cleanup stats (total=5/10, idle=5/5, active=0, waiting=0)
2026-08-06 11:15:56 DEBUG [EmployeeBankingHikariPool:housekeeper] com.zaxxer.hikari.pool.HikariPool - EmployeeBankingHikariPool - After  cleanup stats (total=5/10, idle=5/5, active=0, waiting=0)
2026-08-06 11:15:56 DEBUG [EmployeeBankingHikariPool:housekeeper] com.zaxxer.hikari.pool.HikariPool - EmployeeBankingHikariPool - Fill pool skipped, pool has sufficient level or currently being filled.
2026-08-06 11:16:03 DEBUG [EmployeeBankingHikariPool:housekeeper] com.zaxxer.hikari.pool.HikariPool - EmployeeBankingHikariPool - keepalive: connection ConnectionID:12 ClientConnectionId: 533be39e-65e5-4d97-8941-fb95d487aad5 is alive
2026-08-06 11:16:07 DEBUG [EmployeeBankingHikariPool:housekeeper] com.zaxxer.hikari.pool.HikariPool - EmployeeBankingHikariPool - keepalive: connection ConnectionID:13 ClientConnectionId: 0e5a1df5-ad29-4484-994c-6e99e63af652 is alive
2026-08-06 11:16:17 DEBUG [EmployeeBankingHikariPool:connection-closer] com.zaxxer.hikari.pool.PoolBase - EmployeeBankingHikariPool - Closing connection ConnectionID:8 ClientConnectionId: 851d741f-d8b0-46cf-a9e8-b04bf4cfcac3: (connection has passed maxLifetime)
2026-08-06 11:16:17 DEBUG [EmployeeBankingHikariPool:connection-adder] com.zaxxer.hikari.pool.PoolBase - EmployeeBankingHikariPool - Attempting to create/setup new connection (e96cb8fa-c23a-4933-8e71-0173ce494d7b)
2026-08-06 11:16:18 DEBUG [EmployeeBankingHikariPool:connection-adder] com.zaxxer.hikari.pool.PoolBase - EmployeeBankingHikariPool - Established new connection (e96cb8fa-c23a-4933-8e71-0173ce494d7b)
2026-08-06 11:16:18 DEBUG [EmployeeBankingHikariPool:connection-adder] com.zaxxer.hikari.pool.HikariPool - EmployeeBankingHikariPool - Added connection ConnectionID:14 ClientConnectionId: 8c4eecb5-683f-4622-91fb-0c20aaf5b1cf
2026-08-06 11:16:26 DEBUG [EmployeeBankingHikariPool:housekeeper] com.zaxxer.hikari.pool.HikariPool - EmployeeBankingHikariPool - Before cleanup stats (total=5/10, idle=5/5, active=0, waiting=0)
2026-08-06 11:16:26 DEBUG [EmployeeBankingHikariPool:housekeeper] com.zaxxer.hikari.pool.HikariPool - EmployeeBankingHikariPool - After  cleanup stats (total=5/10, idle=5/5, active=0, waiting=0)
2026-08-06 11:16:26 DEBUG [EmployeeBankingHikariPool:housekeeper] com.zaxxer.hikari.pool.HikariPool - EmployeeBankingHikariPool - Fill pool skipped, pool has sufficient level or currently being filled.
2026-08-06 11:16:56 DEBUG [EmployeeBankingHikariPool:housekeeper] com.zaxxer.hikari.pool.HikariPool - EmployeeBankingHikariPool - Before cleanup stats (total=5/10, idle=5/5, active=0, waiting=0)
2026-08-06 11:16:56 DEBUG [EmployeeBankingHikariPool:housekeeper] com.zaxxer.hikari.pool.HikariPool - EmployeeBankingHikariPool - After  cleanup stats (total=5/10, idle=5/5, active=0, waiting=0)
2026-08-06 11:16:56 DEBUG [EmployeeBankingHikariPool:housekeeper] com.zaxxer.hikari.pool.HikariPool - EmployeeBankingHikariPool - Fill pool skipped, pool has sufficient level or currently being filled.
2026-08-06 11:17:19 DEBUG [EmployeeBankingHikariPool:housekeeper] com.zaxxer.hikari.pool.HikariPool - EmployeeBankingHikariPool - keepalive: connection ConnectionID:11 ClientConnectionId: 03a18303-5364-451f-9083-3951468f7c36 is alive
2026-08-06 11:17:20 DEBUG [EmployeeBankingHikariPool:housekeeper] com.zaxxer.hikari.pool.HikariPool - EmployeeBankingHikariPool - keepalive: connection ConnectionID:10 ClientConnectionId: 92cf9cd2-e459-42ce-a58f-0d5230305f90 is alive
2026-08-06 11:17:26 DEBUG [EmployeeBankingHikariPool:housekeeper] com.zaxxer.hikari.pool.HikariPool - EmployeeBankingHikariPool - Before cleanup stats (total=5/10, idle=5/5, active=0, waiting=0)
2026-08-06 11:17:26 DEBUG [EmployeeBankingHikariPool:housekeeper] com.zaxxer.hikari.pool.HikariPool - EmployeeBankingHikariPool - After  cleanup stats (total=5/10, idle=5/5, active=0, waiting=0)
2026-08-06 11:17:26 DEBUG [EmployeeBankingHikariPool:housekeeper] com.zaxxer.hikari.pool.HikariPool - EmployeeBankingHikariPool - Fill pool skipped, pool has sufficient level or currently being filled.
2026-08-06 11:17:44 DEBUG [EmployeeBankingHikariPool:housekeeper] com.zaxxer.hikari.pool.HikariPool - EmployeeBankingHikariPool - keepalive: connection ConnectionID:13 ClientConnectionId: 0e5a1df5-ad29-4484-994c-6e99e63af652 is alive
2026-08-06 11:17:46 DEBUG [EmployeeBankingHikariPool:housekeeper] com.zaxxer.hikari.pool.HikariPool - EmployeeBankingHikariPool - keepalive: connection ConnectionID:12 ClientConnectionId: 533be39e-65e5-4d97-8941-fb95d487aad5 is alive
2026-08-06 11:17:56 DEBUG [EmployeeBankingHikariPool:housekeeper] com.zaxxer.hikari.pool.HikariPool - EmployeeBankingHikariPool - Before cleanup stats (total=5/10, idle=5/5, active=0, waiting=0)
2026-08-06 11:17:56 DEBUG [EmployeeBankingHikariPool:housekeeper] com.zaxxer.hikari.pool.HikariPool - EmployeeBankingHikariPool - After  cleanup stats (total=5/10, idle=5/5, active=0, waiting=0)
2026-08-06 11:17:56 DEBUG [EmployeeBankingHikariPool:housekeeper] com.zaxxer.hikari.pool.HikariPool - EmployeeBankingHikariPool - Fill pool skipped, pool has sufficient level or currently being filled.
2026-08-06 11:17:59 DEBUG [EmployeeBankingHikariPool:housekeeper] com.zaxxer.hikari.pool.HikariPool - EmployeeBankingHikariPool - keepalive: connection ConnectionID:14 ClientConnectionId: 8c4eecb5-683f-4622-91fb-0c20aaf5b1cf is alive
2026-08-06 11:18:26 DEBUG [EmployeeBankingHikariPool:housekeeper] com.zaxxer.hikari.pool.HikariPool - EmployeeBankingHikariPool - Before cleanup stats (total=5/10, idle=5/5, active=0, waiting=0)
2026-08-06 11:18:26 DEBUG [EmployeeBankingHikariPool:housekeeper] com.zaxxer.hikari.pool.HikariPool - EmployeeBankingHikariPool - After  cleanup stats (total=5/10, idle=5/5, active=0, waiting=0)
2026-08-06 11:18:26 DEBUG [EmployeeBankingHikariPool:housekeeper] com.zaxxer.hikari.pool.HikariPool - EmployeeBankingHikariPool - Fill pool skipped, pool has sufficient level or currently being filled.
2026-08-06 11:18:56 DEBUG [EmployeeBankingHikariPool:housekeeper] com.zaxxer.hikari.pool.HikariPool - EmployeeBankingHikariPool - Before cleanup stats (total=5/10, idle=5/5, active=0, waiting=0)
2026-08-06 11:18:56 DEBUG [EmployeeBankingHikariPool:housekeeper] com.zaxxer.hikari.pool.HikariPool - EmployeeBankingHikariPool - After  cleanup stats (total=5/10, idle=5/5, active=0, waiting=0)
2026-08-06 11:18:56 DEBUG [EmployeeBankingHikariPool:housekeeper] com.zaxxer.hikari.pool.HikariPool - EmployeeBankingHikariPool - Fill pool skipped, pool has sufficient level or currently being filled.
2026-08-06 11:19:07 DEBUG [EmployeeBankingHikariPool:housekeeper] com.zaxxer.hikari.pool.HikariPool - EmployeeBankingHikariPool - keepalive: connection ConnectionID:10 ClientConnectionId: 92cf9cd2-e459-42ce-a58f-0d5230305f90 is alive
2026-08-06 11:19:18 DEBUG [EmployeeBankingHikariPool:housekeeper] com.zaxxer.hikari.pool.HikariPool - EmployeeBankingHikariPool - keepalive: connection ConnectionID:11 ClientConnectionId: 03a18303-5364-451f-9083-3951468f7c36 is alive
2026-08-06 11:19:21 DEBUG [EmployeeBankingHikariPool:housekeeper] com.zaxxer.hikari.pool.HikariPool - EmployeeBankingHikariPool - keepalive: connection ConnectionID:13 ClientConnectionId: 0e5a1df5-ad29-4484-994c-6e99e63af652 is alive
2026-08-06 11:19:26 DEBUG [EmployeeBankingHikariPool:housekeeper] com.zaxxer.hikari.pool.HikariPool - EmployeeBankingHikariPool - Before cleanup stats (total=5/10, idle=5/5, active=0, waiting=0)
2026-08-06 11:19:26 DEBUG [EmployeeBankingHikariPool:housekeeper] com.zaxxer.hikari.pool.HikariPool - EmployeeBankingHikariPool - After  cleanup stats (total=5/10, idle=5/5, active=0, waiting=0)
2026-08-06 11:19:26 DEBUG [EmployeeBankingHikariPool:housekeeper] com.zaxxer.hikari.pool.HikariPool - EmployeeBankingHikariPool - Fill pool skipped, pool has sufficient level or currently being filled.
2026-08-06 11:19:30 DEBUG [EmployeeBankingHikariPool:housekeeper] com.zaxxer.hikari.pool.HikariPool - EmployeeBankingHikariPool - keepalive: connection ConnectionID:12 ClientConnectionId: 533be39e-65e5-4d97-8941-fb95d487aad5 is alive
2026-08-06 11:19:40 DEBUG [EmployeeBankingHikariPool:housekeeper] com.zaxxer.hikari.pool.HikariPool - EmployeeBankingHikariPool - keepalive: connection ConnectionID:14 ClientConnectionId: 8c4eecb5-683f-4622-91fb-0c20aaf5b1cf is alive
2026-08-06 11:19:56 DEBUG [EmployeeBankingHikariPool:housekeeper] com.zaxxer.hikari.pool.HikariPool - EmployeeBankingHikariPool - Before cleanup stats (total=5/10, idle=5/5, active=0, waiting=0)
2026-08-06 11:19:56 DEBUG [EmployeeBankingHikariPool:housekeeper] com.zaxxer.hikari.pool.HikariPool - EmployeeBankingHikariPool - After  cleanup stats (total=5/10, idle=5/5, active=0, waiting=0)
2026-08-06 11:19:56 DEBUG [EmployeeBankingHikariPool:housekeeper] com.zaxxer.hikari.pool.HikariPool - EmployeeBankingHikariPool - Fill pool skipped, pool has sufficient level or currently being filled.
2026-08-06 11:20:26 DEBUG [EmployeeBankingHikariPool:housekeeper] com.zaxxer.hikari.pool.HikariPool - EmployeeBankingHikariPool - Before cleanup stats (total=5/10, idle=5/5, active=0, waiting=0)
2026-08-06 11:20:26 DEBUG [EmployeeBankingHikariPool:housekeeper] com.zaxxer.hikari.pool.HikariPool - EmployeeBankingHikariPool - After  cleanup stats (total=5/10, idle=5/5, active=0, waiting=0)
2026-08-06 11:20:26 DEBUG [EmployeeBankingHikariPool:housekeeper] com.zaxxer.hikari.pool.HikariPool - EmployeeBankingHikariPool - Fill pool skipped, pool has sufficient level or currently being filled.
2026-08-06 11:20:54 DEBUG [EmployeeBankingHikariPool:housekeeper] com.zaxxer.hikari.pool.HikariPool - EmployeeBankingHikariPool - keepalive: connection ConnectionID:10 ClientConnectionId: 92cf9cd2-e459-42ce-a58f-0d5230305f90 is alive
2026-08-06 11:20:55 DEBUG [EmployeeBankingHikariPool:connection-closer] com.zaxxer.hikari.pool.PoolBase - EmployeeBankingHikariPool - Closing connection ConnectionID:10 ClientConnectionId: 92cf9cd2-e459-42ce-a58f-0d5230305f90: (connection has passed maxLifetime)
2026-08-06 11:20:55 DEBUG [EmployeeBankingHikariPool:connection-adder] com.zaxxer.hikari.pool.PoolBase - EmployeeBankingHikariPool - Attempting to create/setup new connection (8533e89b-4267-4828-a641-4b99b5e33d11)
2026-08-06 11:20:55 DEBUG [EmployeeBankingHikariPool:connection-adder] com.zaxxer.hikari.pool.PoolBase - EmployeeBankingHikariPool - Established new connection (8533e89b-4267-4828-a641-4b99b5e33d11)
2026-08-06 11:20:55 DEBUG [EmployeeBankingHikariPool:connection-adder] com.zaxxer.hikari.pool.HikariPool - EmployeeBankingHikariPool - Added connection ConnectionID:15 ClientConnectionId: fbbde9c9-9c2d-43ea-84e2-c0de86e286a7
2026-08-06 11:20:56 DEBUG [EmployeeBankingHikariPool:housekeeper] com.zaxxer.hikari.pool.HikariPool - EmployeeBankingHikariPool - Before cleanup stats (total=5/10, idle=5/5, active=0, waiting=0)
2026-08-06 11:20:56 DEBUG [EmployeeBankingHikariPool:housekeeper] com.zaxxer.hikari.pool.HikariPool - EmployeeBankingHikariPool - After  cleanup stats (total=5/10, idle=5/5, active=0, waiting=0)
2026-08-06 11:20:56 DEBUG [EmployeeBankingHikariPool:housekeeper] com.zaxxer.hikari.pool.HikariPool - EmployeeBankingHikariPool - Fill pool skipped, pool has sufficient level or currently being filled.
2026-08-06 11:20:57 DEBUG [EmployeeBankingHikariPool:housekeeper] com.zaxxer.hikari.pool.HikariPool - EmployeeBankingHikariPool - keepalive: connection ConnectionID:13 ClientConnectionId: 0e5a1df5-ad29-4484-994c-6e99e63af652 is alive
2026-08-06 11:21:13 DEBUG [EmployeeBankingHikariPool:housekeeper] com.zaxxer.hikari.pool.HikariPool - EmployeeBankingHikariPool - keepalive: connection ConnectionID:12 ClientConnectionId: 533be39e-65e5-4d97-8941-fb95d487aad5 is alive
2026-08-06 11:21:17 DEBUG [EmployeeBankingHikariPool:housekeeper] com.zaxxer.hikari.pool.HikariPool - EmployeeBankingHikariPool - keepalive: connection ConnectionID:11 ClientConnectionId: 03a18303-5364-451f-9083-3951468f7c36 is alive
2026-08-06 11:21:21 DEBUG [EmployeeBankingHikariPool:housekeeper] com.zaxxer.hikari.pool.HikariPool - EmployeeBankingHikariPool - keepalive: connection ConnectionID:14 ClientConnectionId: 8c4eecb5-683f-4622-91fb-0c20aaf5b1cf is alive
2026-08-06 11:21:26 DEBUG [EmployeeBankingHikariPool:housekeeper] com.zaxxer.hikari.pool.HikariPool - EmployeeBankingHikariPool - Before cleanup stats (total=5/10, idle=5/5, active=0, waiting=0)
2026-08-06 11:21:26 DEBUG [EmployeeBankingHikariPool:housekeeper] com.zaxxer.hikari.pool.HikariPool - EmployeeBankingHikariPool - After  cleanup stats (total=5/10, idle=5/5, active=0, waiting=0)
2026-08-06 11:21:26 DEBUG [EmployeeBankingHikariPool:housekeeper] com.zaxxer.hikari.pool.HikariPool - EmployeeBankingHikariPool - Fill pool skipped, pool has sufficient level or currently being filled.
2026-08-06 11:21:56 DEBUG [EmployeeBankingHikariPool:housekeeper] com.zaxxer.hikari.pool.HikariPool - EmployeeBankingHikariPool - Before cleanup stats (total=5/10, idle=5/5, active=0, waiting=0)
2026-08-06 11:21:56 DEBUG [EmployeeBankingHikariPool:housekeeper] com.zaxxer.hikari.pool.HikariPool - EmployeeBankingHikariPool - After  cleanup stats (total=5/10, idle=5/5, active=0, waiting=0)
2026-08-06 11:21:56 DEBUG [EmployeeBankingHikariPool:housekeeper] com.zaxxer.hikari.pool.HikariPool - EmployeeBankingHikariPool - Fill pool skipped, pool has sufficient level or currently being filled.
2026-08-06 11:22:26 DEBUG [EmployeeBankingHikariPool:housekeeper] com.zaxxer.hikari.pool.HikariPool - EmployeeBankingHikariPool - Before cleanup stats (total=5/10, idle=5/5, active=0, waiting=0)
2026-08-06 11:22:26 DEBUG [EmployeeBankingHikariPool:housekeeper] com.zaxxer.hikari.pool.HikariPool - EmployeeBankingHikariPool - After  cleanup stats (total=5/10, idle=5/5, active=0, waiting=0)
2026-08-06 11:22:26 DEBUG [EmployeeBankingHikariPool:housekeeper] com.zaxxer.hikari.pool.HikariPool - EmployeeBankingHikariPool - Fill pool skipped, pool has sufficient level or currently being filled.
2026-08-06 11:22:34 DEBUG [EmployeeBankingHikariPool:housekeeper] com.zaxxer.hikari.pool.HikariPool - EmployeeBankingHikariPool - keepalive: connection ConnectionID:13 ClientConnectionId: 0e5a1df5-ad29-4484-994c-6e99e63af652 is alive
2026-08-06 11:22:51 DEBUG [EmployeeBankingHikariPool:housekeeper] com.zaxxer.hikari.pool.HikariPool - EmployeeBankingHikariPool - keepalive: connection ConnectionID:15 ClientConnectionId: fbbde9c9-9c2d-43ea-84e2-c0de86e286a7 is alive
2026-08-06 11:22:56 DEBUG [EmployeeBankingHikariPool:housekeeper] com.zaxxer.hikari.pool.HikariPool - EmployeeBankingHikariPool - Before cleanup stats (total=5/10, idle=5/5, active=0, waiting=0)
2026-08-06 11:22:56 DEBUG [EmployeeBankingHikariPool:housekeeper] com.zaxxer.hikari.pool.HikariPool - EmployeeBankingHikariPool - After  cleanup stats (total=5/10, idle=5/5, active=0, waiting=0)
2026-08-06 11:22:56 DEBUG [EmployeeBankingHikariPool:housekeeper] com.zaxxer.hikari.pool.HikariPool - EmployeeBankingHikariPool - Fill pool skipped, pool has sufficient level or currently being filled.
2026-08-06 11:22:57 DEBUG [EmployeeBankingHikariPool:housekeeper] com.zaxxer.hikari.pool.HikariPool - EmployeeBankingHikariPool - keepalive: connection ConnectionID:12 ClientConnectionId: 533be39e-65e5-4d97-8941-fb95d487aad5 is alive
2026-08-06 11:23:02 DEBUG [EmployeeBankingHikariPool:housekeeper] com.zaxxer.hikari.pool.HikariPool - EmployeeBankingHikariPool - keepalive: connection ConnectionID:14 ClientConnectionId: 8c4eecb5-683f-4622-91fb-0c20aaf5b1cf is alive
2026-08-06 11:23:16 DEBUG [EmployeeBankingHikariPool:housekeeper] com.zaxxer.hikari.pool.HikariPool - EmployeeBankingHikariPool - keepalive: connection ConnectionID:11 ClientConnectionId: 03a18303-5364-451f-9083-3951468f7c36 is alive
2026-08-06 11:23:26 DEBUG [EmployeeBankingHikariPool:housekeeper] com.zaxxer.hikari.pool.HikariPool - EmployeeBankingHikariPool - Before cleanup stats (total=5/10, idle=5/5, active=0, waiting=0)
2026-08-06 11:23:26 DEBUG [EmployeeBankingHikariPool:housekeeper] com.zaxxer.hikari.pool.HikariPool - EmployeeBankingHikariPool - After  cleanup stats (total=5/10, idle=5/5, active=0, waiting=0)
2026-08-06 11:23:26 DEBUG [EmployeeBankingHikariPool:housekeeper] com.zaxxer.hikari.pool.HikariPool - EmployeeBankingHikariPool - Fill pool skipped, pool has sufficient level or currently being filled.
2026-08-06 11:23:56 DEBUG [EmployeeBankingHikariPool:housekeeper] com.zaxxer.hikari.pool.HikariPool - EmployeeBankingHikariPool - Before cleanup stats (total=5/10, idle=5/5, active=0, waiting=0)
2026-08-06 11:23:56 DEBUG [EmployeeBankingHikariPool:housekeeper] com.zaxxer.hikari.pool.HikariPool - EmployeeBankingHikariPool - After  cleanup stats (total=5/10, idle=5/5, active=0, waiting=0)
2026-08-06 11:23:56 DEBUG [EmployeeBankingHikariPool:housekeeper] com.zaxxer.hikari.pool.HikariPool - EmployeeBankingHikariPool - Fill pool skipped, pool has sufficient level or currently being filled.
2026-08-06 11:24:11 DEBUG [EmployeeBankingHikariPool:housekeeper] com.zaxxer.hikari.pool.HikariPool - EmployeeBankingHikariPool - keepalive: connection ConnectionID:13 ClientConnectionId: 0e5a1df5-ad29-4484-994c-6e99e63af652 is alive
2026-08-06 11:24:26 DEBUG [EmployeeBankingHikariPool:housekeeper] com.zaxxer.hikari.pool.HikariPool - EmployeeBankingHikariPool - Before cleanup stats (total=5/10, idle=5/5, active=0, waiting=0)
2026-08-06 11:24:26 DEBUG [EmployeeBankingHikariPool:housekeeper] com.zaxxer.hikari.pool.HikariPool - EmployeeBankingHikariPool - After  cleanup stats (total=5/10, idle=5/5, active=0, waiting=0)
2026-08-06 11:24:26 DEBUG [EmployeeBankingHikariPool:housekeeper] com.zaxxer.hikari.pool.HikariPool - EmployeeBankingHikariPool - Fill pool skipped, pool has sufficient level or currently being filled.
2026-08-06 11:24:40 DEBUG [EmployeeBankingHikariPool:housekeeper] com.zaxxer.hikari.pool.HikariPool - EmployeeBankingHikariPool - keepalive: connection ConnectionID:12 ClientConnectionId: 533be39e-65e5-4d97-8941-fb95d487aad5 is alive
2026-08-06 11:24:44 DEBUG [EmployeeBankingHikariPool:housekeeper] com.zaxxer.hikari.pool.HikariPool - EmployeeBankingHikariPool - keepalive: connection ConnectionID:14 ClientConnectionId: 8c4eecb5-683f-4622-91fb-0c20aaf5b1cf is alive
2026-08-06 11:24:47 DEBUG [EmployeeBankingHikariPool:housekeeper] com.zaxxer.hikari.pool.HikariPool - EmployeeBankingHikariPool - keepalive: connection ConnectionID:15 ClientConnectionId: fbbde9c9-9c2d-43ea-84e2-c0de86e286a7 is alive
2026-08-06 11:24:56 DEBUG [EmployeeBankingHikariPool:housekeeper] com.zaxxer.hikari.pool.HikariPool - EmployeeBankingHikariPool - Before cleanup stats (total=5/10, idle=5/5, active=0, waiting=0)
2026-08-06 11:24:56 DEBUG [EmployeeBankingHikariPool:housekeeper] com.zaxxer.hikari.pool.HikariPool - EmployeeBankingHikariPool - After  cleanup stats (total=5/10, idle=5/5, active=0, waiting=0)
2026-08-06 11:24:56 DEBUG [EmployeeBankingHikariPool:housekeeper] com.zaxxer.hikari.pool.HikariPool - EmployeeBankingHikariPool - Fill pool skipped, pool has sufficient level or currently being filled.
2026-08-06 11:25:15 DEBUG [EmployeeBankingHikariPool:housekeeper] com.zaxxer.hikari.pool.HikariPool - EmployeeBankingHikariPool - keepalive: connection ConnectionID:11 ClientConnectionId: 03a18303-5364-451f-9083-3951468f7c36 is alive
2026-08-06 11:25:26 DEBUG [EmployeeBankingHikariPool:housekeeper] com.zaxxer.hikari.pool.HikariPool - EmployeeBankingHikariPool - Before cleanup stats (total=5/10, idle=5/5, active=0, waiting=0)
2026-08-06 11:25:26 DEBUG [EmployeeBankingHikariPool:housekeeper] com.zaxxer.hikari.pool.HikariPool - EmployeeBankingHikariPool - After  cleanup stats (total=5/10, idle=5/5, active=0, waiting=0)
2026-08-06 11:25:26 DEBUG [EmployeeBankingHikariPool:housekeeper] com.zaxxer.hikari.pool.HikariPool - EmployeeBankingHikariPool - Fill pool skipped, pool has sufficient level or currently being filled.
2026-08-06 11:25:47 DEBUG [EmployeeBankingHikariPool:housekeeper] com.zaxxer.hikari.pool.HikariPool - EmployeeBankingHikariPool - keepalive: connection ConnectionID:13 ClientConnectionId: 0e5a1df5-ad29-4484-994c-6e99e63af652 is alive
2026-08-06 11:25:56 DEBUG [EmployeeBankingHikariPool:housekeeper] com.zaxxer.hikari.pool.HikariPool - EmployeeBankingHikariPool - Before cleanup stats (total=5/10, idle=5/5, active=0, waiting=0)
2026-08-06 11:25:56 DEBUG [EmployeeBankingHikariPool:housekeeper] com.zaxxer.hikari.pool.HikariPool - EmployeeBankingHikariPool - After  cleanup stats (total=5/10, idle=5/5, active=0, waiting=0)
2026-08-06 11:25:56 DEBUG [EmployeeBankingHikariPool:housekeeper] com.zaxxer.hikari.pool.HikariPool - EmployeeBankingHikariPool - Fill pool skipped, pool has sufficient level or currently being filled.
2026-08-06 11:26:24 DEBUG [EmployeeBankingHikariPool:housekeeper] com.zaxxer.hikari.pool.HikariPool - EmployeeBankingHikariPool - keepalive: connection ConnectionID:12 ClientConnectionId: 533be39e-65e5-4d97-8941-fb95d487aad5 is alive
2026-08-06 11:26:25 DEBUG [EmployeeBankingHikariPool:housekeeper] com.zaxxer.hikari.pool.HikariPool - EmployeeBankingHikariPool - keepalive: connection ConnectionID:14 ClientConnectionId: 8c4eecb5-683f-4622-91fb-0c20aaf5b1cf is alive
2026-08-06 11:26:26 DEBUG [EmployeeBankingHikariPool:housekeeper] com.zaxxer.hikari.pool.HikariPool - EmployeeBankingHikariPool - Before cleanup stats (total=5/10, idle=5/5, active=0, waiting=0)
2026-08-06 11:26:26 DEBUG [EmployeeBankingHikariPool:housekeeper] com.zaxxer.hikari.pool.HikariPool - EmployeeBankingHikariPool - After  cleanup stats (total=5/10, idle=5/5, active=0, waiting=0)
2026-08-06 11:26:26 DEBUG [EmployeeBankingHikariPool:housekeeper] com.zaxxer.hikari.pool.HikariPool - EmployeeBankingHikariPool - Fill pool skipped, pool has sufficient level or currently being filled.
2026-08-06 11:26:44 DEBUG [EmployeeBankingHikariPool:housekeeper] com.zaxxer.hikari.pool.HikariPool - EmployeeBankingHikariPool - keepalive: connection ConnectionID:15 ClientConnectionId: fbbde9c9-9c2d-43ea-84e2-c0de86e286a7 is alive
2026-08-06 11:26:56 DEBUG [EmployeeBankingHikariPool:housekeeper] com.zaxxer.hikari.pool.HikariPool - EmployeeBankingHikariPool - Before cleanup stats (total=5/10, idle=5/5, active=0, waiting=0)
2026-08-06 11:26:56 DEBUG [EmployeeBankingHikariPool:housekeeper] com.zaxxer.hikari.pool.HikariPool - EmployeeBankingHikariPool - After  cleanup stats (total=5/10, idle=5/5, active=0, waiting=0)
2026-08-06 11:26:56 DEBUG [EmployeeBankingHikariPool:housekeeper] com.zaxxer.hikari.pool.HikariPool - EmployeeBankingHikariPool - Fill pool skipped, pool has sufficient level or currently being filled.
2026-08-06 11:27:14 DEBUG [EmployeeBankingHikariPool:housekeeper] com.zaxxer.hikari.pool.HikariPool - EmployeeBankingHikariPool - keepalive: connection ConnectionID:11 ClientConnectionId: 03a18303-5364-451f-9083-3951468f7c36 is alive
2026-08-06 11:27:24 DEBUG [EmployeeBankingHikariPool:housekeeper] com.zaxxer.hikari.pool.HikariPool - EmployeeBankingHikariPool - keepalive: connection ConnectionID:13 ClientConnectionId: 0e5a1df5-ad29-4484-994c-6e99e63af652 is alive
2026-08-06 11:27:26 DEBUG [EmployeeBankingHikariPool:housekeeper] com.zaxxer.hikari.pool.HikariPool - EmployeeBankingHikariPool - Before cleanup stats (total=5/10, idle=5/5, active=0, waiting=0)
2026-08-06 11:27:26 DEBUG [EmployeeBankingHikariPool:housekeeper] com.zaxxer.hikari.pool.HikariPool - EmployeeBankingHikariPool - After  cleanup stats (total=5/10, idle=5/5, active=0, waiting=0)
2026-08-06 11:27:26 DEBUG [EmployeeBankingHikariPool:housekeeper] com.zaxxer.hikari.pool.HikariPool - EmployeeBankingHikariPool - Fill pool skipped, pool has sufficient level or currently being filled.
2026-08-06 11:27:56 DEBUG [EmployeeBankingHikariPool:housekeeper] com.zaxxer.hikari.pool.HikariPool - EmployeeBankingHikariPool - Before cleanup stats (total=5/10, idle=5/5, active=0, waiting=0)
2026-08-06 11:27:56 DEBUG [EmployeeBankingHikariPool:housekeeper] com.zaxxer.hikari.pool.HikariPool - EmployeeBankingHikariPool - After  cleanup stats (total=5/10, idle=5/5, active=0, waiting=0)
2026-08-06 11:27:56 DEBUG [EmployeeBankingHikariPool:housekeeper] com.zaxxer.hikari.pool.HikariPool - EmployeeBankingHikariPool - Fill pool skipped, pool has sufficient level or currently being filled.
2026-08-06 11:28:06 DEBUG [EmployeeBankingHikariPool:housekeeper] com.zaxxer.hikari.pool.HikariPool - EmployeeBankingHikariPool - keepalive: connection ConnectionID:14 ClientConnectionId: 8c4eecb5-683f-4622-91fb-0c20aaf5b1cf is alive
2026-08-06 11:28:07 DEBUG [EmployeeBankingHikariPool:housekeeper] com.zaxxer.hikari.pool.HikariPool - EmployeeBankingHikariPool - keepalive: connection ConnectionID:12 ClientConnectionId: 533be39e-65e5-4d97-8941-fb95d487aad5 is alive
2026-08-06 11:28:26 DEBUG [EmployeeBankingHikariPool:housekeeper] com.zaxxer.hikari.pool.HikariPool - EmployeeBankingHikariPool - Before cleanup stats (total=5/10, idle=5/5, active=0, waiting=0)
2026-08-06 11:28:26 DEBUG [EmployeeBankingHikariPool:housekeeper] com.zaxxer.hikari.pool.HikariPool - EmployeeBankingHikariPool - After  cleanup stats (total=5/10, idle=5/5, active=0, waiting=0)
2026-08-06 11:28:26 DEBUG [EmployeeBankingHikariPool:housekeeper] com.zaxxer.hikari.pool.HikariPool - EmployeeBankingHikariPool - Fill pool skipped, pool has sufficient level or currently being filled.
2026-08-06 11:28:40 DEBUG [EmployeeBankingHikariPool:housekeeper] com.zaxxer.hikari.pool.HikariPool - EmployeeBankingHikariPool - keepalive: connection ConnectionID:15 ClientConnectionId: fbbde9c9-9c2d-43ea-84e2-c0de86e286a7 is alive
2026-08-06 11:28:56 DEBUG [EmployeeBankingHikariPool:housekeeper] com.zaxxer.hikari.pool.HikariPool - EmployeeBankingHikariPool - Before cleanup stats (total=5/10, idle=5/5, active=0, waiting=0)
2026-08-06 11:28:56 DEBUG [EmployeeBankingHikariPool:housekeeper] com.zaxxer.hikari.pool.HikariPool - EmployeeBankingHikariPool - After  cleanup stats (total=5/10, idle=5/5, active=0, waiting=0)
2026-08-06 11:28:56 DEBUG [EmployeeBankingHikariPool:housekeeper] com.zaxxer.hikari.pool.HikariPool - EmployeeBankingHikariPool - Fill pool skipped, pool has sufficient level or currently being filled.
2026-08-06 11:29:01 DEBUG [EmployeeBankingHikariPool:housekeeper] com.zaxxer.hikari.pool.HikariPool - EmployeeBankingHikariPool - keepalive: connection ConnectionID:13 ClientConnectionId: 0e5a1df5-ad29-4484-994c-6e99e63af652 is alive
2026-08-06 11:29:13 DEBUG [EmployeeBankingHikariPool:housekeeper] com.zaxxer.hikari.pool.HikariPool - EmployeeBankingHikariPool - keepalive: connection ConnectionID:11 ClientConnectionId: 03a18303-5364-451f-9083-3951468f7c36 is alive
2026-08-06 11:29:26 DEBUG [EmployeeBankingHikariPool:housekeeper] com.zaxxer.hikari.pool.HikariPool - EmployeeBankingHikariPool - Before cleanup stats (total=5/10, idle=5/5, active=0, waiting=0)
2026-08-06 11:29:26 DEBUG [EmployeeBankingHikariPool:housekeeper] com.zaxxer.hikari.pool.HikariPool - EmployeeBankingHikariPool - After  cleanup stats (total=5/10, idle=5/5, active=0, waiting=0)
2026-08-06 11:29:26 DEBUG [EmployeeBankingHikariPool:housekeeper] com.zaxxer.hikari.pool.HikariPool - EmployeeBankingHikariPool - Fill pool skipped, pool has sufficient level or currently being filled.
2026-08-06 11:29:47 DEBUG [EmployeeBankingHikariPool:housekeeper] com.zaxxer.hikari.pool.HikariPool - EmployeeBankingHikariPool - keepalive: connection ConnectionID:14 ClientConnectionId: 8c4eecb5-683f-4622-91fb-0c20aaf5b1cf is alive
2026-08-06 11:29:51 DEBUG [EmployeeBankingHikariPool:housekeeper] com.zaxxer.hikari.pool.HikariPool - EmployeeBankingHikariPool - keepalive: connection ConnectionID:12 ClientConnectionId: 533be39e-65e5-4d97-8941-fb95d487aad5 is alive
2026-08-06 11:29:56 DEBUG [EmployeeBankingHikariPool:housekeeper] com.zaxxer.hikari.pool.HikariPool - EmployeeBankingHikariPool - Before cleanup stats (total=5/10, idle=5/5, active=0, waiting=0)
2026-08-06 11:29:56 DEBUG [EmployeeBankingHikariPool:housekeeper] com.zaxxer.hikari.pool.HikariPool - EmployeeBankingHikariPool - After  cleanup stats (total=5/10, idle=5/5, active=0, waiting=0)
2026-08-06 11:29:56 DEBUG [EmployeeBankingHikariPool:housekeeper] com.zaxxer.hikari.pool.HikariPool - EmployeeBankingHikariPool - Fill pool skipped, pool has sufficient level or currently being filled.
2026-08-06 11:30:26 DEBUG [EmployeeBankingHikariPool:housekeeper] com.zaxxer.hikari.pool.HikariPool - EmployeeBankingHikariPool - Before cleanup stats (total=5/10, idle=5/5, active=0, waiting=0)
2026-08-06 11:30:26 DEBUG [EmployeeBankingHikariPool:housekeeper] com.zaxxer.hikari.pool.HikariPool - EmployeeBankingHikariPool - After  cleanup stats (total=5/10, idle=5/5, active=0, waiting=0)
2026-08-06 11:30:26 DEBUG [EmployeeBankingHikariPool:housekeeper] com.zaxxer.hikari.pool.HikariPool - EmployeeBankingHikariPool - Fill pool skipped, pool has sufficient level or currently being filled.
2026-08-06 11:30:36 DEBUG [EmployeeBankingHikariPool:housekeeper] com.zaxxer.hikari.pool.HikariPool - EmployeeBankingHikariPool - keepalive: connection ConnectionID:15 ClientConnectionId: fbbde9c9-9c2d-43ea-84e2-c0de86e286a7 is alive
2026-08-06 11:30:37 DEBUG [EmployeeBankingHikariPool:housekeeper] com.zaxxer.hikari.pool.HikariPool - EmployeeBankingHikariPool - keepalive: connection ConnectionID:13 ClientConnectionId: 0e5a1df5-ad29-4484-994c-6e99e63af652 is alive
2026-08-06 11:30:56 DEBUG [EmployeeBankingHikariPool:housekeeper] com.zaxxer.hikari.pool.HikariPool - EmployeeBankingHikariPool - Before cleanup stats (total=5/10, idle=5/5, active=0, waiting=0)
2026-08-06 11:30:56 DEBUG [EmployeeBankingHikariPool:housekeeper] com.zaxxer.hikari.pool.HikariPool - EmployeeBankingHikariPool - After  cleanup stats (total=5/10, idle=5/5, active=0, waiting=0)
2026-08-06 11:30:56 DEBUG [EmployeeBankingHikariPool:housekeeper] com.zaxxer.hikari.pool.HikariPool - EmployeeBankingHikariPool - Fill pool skipped, pool has sufficient level or currently being filled.
2026-08-06 11:31:12 DEBUG [EmployeeBankingHikariPool:housekeeper] com.zaxxer.hikari.pool.HikariPool - EmployeeBankingHikariPool - keepalive: connection ConnectionID:11 ClientConnectionId: 03a18303-5364-451f-9083-3951468f7c36 is alive
2026-08-06 11:31:26 DEBUG [EmployeeBankingHikariPool:housekeeper] com.zaxxer.hikari.pool.HikariPool - EmployeeBankingHikariPool - Before cleanup stats (total=5/10, idle=5/5, active=0, waiting=0)
2026-08-06 11:31:26 DEBUG [EmployeeBankingHikariPool:housekeeper] com.zaxxer.hikari.pool.HikariPool - EmployeeBankingHikariPool - After  cleanup stats (total=5/10, idle=5/5, active=0, waiting=0)
2026-08-06 11:31:26 DEBUG [EmployeeBankingHikariPool:housekeeper] com.zaxxer.hikari.pool.HikariPool - EmployeeBankingHikariPool - Fill pool skipped, pool has sufficient level or currently being filled.
2026-08-06 11:31:28 DEBUG [EmployeeBankingHikariPool:housekeeper] com.zaxxer.hikari.pool.HikariPool - EmployeeBankingHikariPool - keepalive: connection ConnectionID:14 ClientConnectionId: 8c4eecb5-683f-4622-91fb-0c20aaf5b1cf is alive
2026-08-06 11:31:34 DEBUG [EmployeeBankingHikariPool:housekeeper] com.zaxxer.hikari.pool.HikariPool - EmployeeBankingHikariPool - keepalive: connection ConnectionID:12 ClientConnectionId: 533be39e-65e5-4d97-8941-fb95d487aad5 is alive
2026-08-06 11:31:56 DEBUG [EmployeeBankingHikariPool:housekeeper] com.zaxxer.hikari.pool.HikariPool - EmployeeBankingHikariPool - Before cleanup stats (total=5/10, idle=5/5, active=0, waiting=0)
2026-08-06 11:31:56 DEBUG [EmployeeBankingHikariPool:housekeeper] com.zaxxer.hikari.pool.HikariPool - EmployeeBankingHikariPool - After  cleanup stats (total=5/10, idle=5/5, active=0, waiting=0)
2026-08-06 11:31:56 DEBUG [EmployeeBankingHikariPool:housekeeper] com.zaxxer.hikari.pool.HikariPool - EmployeeBankingHikariPool - Fill pool skipped, pool has sufficient level or currently being filled.
2026-08-06 11:32:14 DEBUG [EmployeeBankingHikariPool:housekeeper] com.zaxxer.hikari.pool.HikariPool - EmployeeBankingHikariPool - keepalive: connection ConnectionID:13 ClientConnectionId: 0e5a1df5-ad29-4484-994c-6e99e63af652 is alive
2026-08-06 11:32:26 DEBUG [EmployeeBankingHikariPool:housekeeper] com.zaxxer.hikari.pool.HikariPool - EmployeeBankingHikariPool - Before cleanup stats (total=5/10, idle=5/5, active=0, waiting=0)
2026-08-06 11:32:26 DEBUG [EmployeeBankingHikariPool:housekeeper] com.zaxxer.hikari.pool.HikariPool - EmployeeBankingHikariPool - After  cleanup stats (total=5/10, idle=5/5, active=0, waiting=0)
2026-08-06 11:32:26 DEBUG [EmployeeBankingHikariPool:housekeeper] com.zaxxer.hikari.pool.HikariPool - EmployeeBankingHikariPool - Fill pool skipped, pool has sufficient level or currently being filled.
2026-08-06 11:32:32 DEBUG [EmployeeBankingHikariPool:housekeeper] com.zaxxer.hikari.pool.HikariPool - EmployeeBankingHikariPool - keepalive: connection ConnectionID:15 ClientConnectionId: fbbde9c9-9c2d-43ea-84e2-c0de86e286a7 is alive
2026-08-06 11:32:56 DEBUG [EmployeeBankingHikariPool:housekeeper] com.zaxxer.hikari.pool.HikariPool - EmployeeBankingHikariPool - Before cleanup stats (total=5/10, idle=5/5, active=0, waiting=0)
2026-08-06 11:32:56 DEBUG [EmployeeBankingHikariPool:housekeeper] com.zaxxer.hikari.pool.HikariPool - EmployeeBankingHikariPool - After  cleanup stats (total=5/10, idle=5/5, active=0, waiting=0)
2026-08-06 11:32:56 DEBUG [EmployeeBankingHikariPool:housekeeper] com.zaxxer.hikari.pool.HikariPool - EmployeeBankingHikariPool - Fill pool skipped, pool has sufficient level or currently being filled.
2026-08-06 11:33:10 DEBUG [EmployeeBankingHikariPool:housekeeper] com.zaxxer.hikari.pool.HikariPool - EmployeeBankingHikariPool - keepalive: connection ConnectionID:14 ClientConnectionId: 8c4eecb5-683f-4622-91fb-0c20aaf5b1cf is alive
2026-08-06 11:33:10 DEBUG [EmployeeBankingHikariPool:housekeeper] com.zaxxer.hikari.pool.HikariPool - EmployeeBankingHikariPool - keepalive: connection ConnectionID:11 ClientConnectionId: 03a18303-5364-451f-9083-3951468f7c36 is alive
2026-08-06 11:33:18 DEBUG [EmployeeBankingHikariPool:housekeeper] com.zaxxer.hikari.pool.HikariPool - EmployeeBankingHikariPool - keepalive: connection ConnectionID:12 ClientConnectionId: 533be39e-65e5-4d97-8941-fb95d487aad5 is alive
2026-08-06 11:33:26 DEBUG [EmployeeBankingHikariPool:housekeeper] com.zaxxer.hikari.pool.HikariPool - EmployeeBankingHikariPool - Before cleanup stats (total=5/10, idle=5/5, active=0, waiting=0)
2026-08-06 11:33:26 DEBUG [EmployeeBankingHikariPool:housekeeper] com.zaxxer.hikari.pool.HikariPool - EmployeeBankingHikariPool - After  cleanup stats (total=5/10, idle=5/5, active=0, waiting=0)
2026-08-06 11:33:26 DEBUG [EmployeeBankingHikariPool:housekeeper] com.zaxxer.hikari.pool.HikariPool - EmployeeBankingHikariPool - Fill pool skipped, pool has sufficient level or currently being filled.
2026-08-06 11:33:51 DEBUG [EmployeeBankingHikariPool:housekeeper] com.zaxxer.hikari.pool.HikariPool - EmployeeBankingHikariPool - keepalive: connection ConnectionID:13 ClientConnectionId: 0e5a1df5-ad29-4484-994c-6e99e63af652 is alive
2026-08-06 11:33:56 DEBUG [EmployeeBankingHikariPool:housekeeper] com.zaxxer.hikari.pool.HikariPool - EmployeeBankingHikariPool - Before cleanup stats (total=5/10, idle=5/5, active=0, waiting=0)
2026-08-06 11:33:56 DEBUG [EmployeeBankingHikariPool:housekeeper] com.zaxxer.hikari.pool.HikariPool - EmployeeBankingHikariPool - After  cleanup stats (total=5/10, idle=5/5, active=0, waiting=0)
2026-08-06 11:33:56 DEBUG [EmployeeBankingHikariPool:housekeeper] com.zaxxer.hikari.pool.HikariPool - EmployeeBankingHikariPool - Fill pool skipped, pool has sufficient level or currently being filled.
2026-08-06 11:34:26 DEBUG [EmployeeBankingHikariPool:housekeeper] com.zaxxer.hikari.pool.HikariPool - EmployeeBankingHikariPool - Before cleanup stats (total=5/10, idle=5/5, active=0, waiting=0)
2026-08-06 11:34:26 DEBUG [EmployeeBankingHikariPool:housekeeper] com.zaxxer.hikari.pool.HikariPool - EmployeeBankingHikariPool - After  cleanup stats (total=5/10, idle=5/5, active=0, waiting=0)
2026-08-06 11:34:26 DEBUG [EmployeeBankingHikariPool:housekeeper] com.zaxxer.hikari.pool.HikariPool - EmployeeBankingHikariPool - Fill pool skipped, pool has sufficient level or currently being filled.
2026-08-06 11:34:28 DEBUG [EmployeeBankingHikariPool:housekeeper] com.zaxxer.hikari.pool.HikariPool - EmployeeBankingHikariPool - keepalive: connection ConnectionID:15 ClientConnectionId: fbbde9c9-9c2d-43ea-84e2-c0de86e286a7 is alive
2026-08-06 11:34:51 DEBUG [EmployeeBankingHikariPool:housekeeper] com.zaxxer.hikari.pool.HikariPool - EmployeeBankingHikariPool - keepalive: connection ConnectionID:14 ClientConnectionId: 8c4eecb5-683f-4622-91fb-0c20aaf5b1cf is alive
2026-08-06 11:34:56 DEBUG [EmployeeBankingHikariPool:housekeeper] com.zaxxer.hikari.pool.HikariPool - EmployeeBankingHikariPool - Before cleanup stats (total=5/10, idle=5/5, active=0, waiting=0)
2026-08-06 11:34:56 DEBUG [EmployeeBankingHikariPool:housekeeper] com.zaxxer.hikari.pool.HikariPool - EmployeeBankingHikariPool - After  cleanup stats (total=5/10, idle=5/5, active=0, waiting=0)
2026-08-06 11:34:56 DEBUG [EmployeeBankingHikariPool:housekeeper] com.zaxxer.hikari.pool.HikariPool - EmployeeBankingHikariPool - Fill pool skipped, pool has sufficient level or currently being filled.
2026-08-06 11:35:01 DEBUG [EmployeeBankingHikariPool:housekeeper] com.zaxxer.hikari.pool.HikariPool - EmployeeBankingHikariPool - keepalive: connection ConnectionID:12 ClientConnectionId: 533be39e-65e5-4d97-8941-fb95d487aad5 is alive
2026-08-06 11:35:09 DEBUG [EmployeeBankingHikariPool:housekeeper] com.zaxxer.hikari.pool.HikariPool - EmployeeBankingHikariPool - keepalive: connection ConnectionID:11 ClientConnectionId: 03a18303-5364-451f-9083-3951468f7c36 is alive
2026-08-06 11:35:26 DEBUG [EmployeeBankingHikariPool:housekeeper] com.zaxxer.hikari.pool.HikariPool - EmployeeBankingHikariPool - Before cleanup stats (total=5/10, idle=5/5, active=0, waiting=0)
2026-08-06 11:35:26 DEBUG [EmployeeBankingHikariPool:housekeeper] com.zaxxer.hikari.pool.HikariPool - EmployeeBankingHikariPool - After  cleanup stats (total=5/10, idle=5/5, active=0, waiting=0)
2026-08-06 11:35:26 DEBUG [EmployeeBankingHikariPool:housekeeper] com.zaxxer.hikari.pool.HikariPool - EmployeeBankingHikariPool - Fill pool skipped, pool has sufficient level or currently being filled.
2026-08-06 11:35:27 DEBUG [EmployeeBankingHikariPool:housekeeper] com.zaxxer.hikari.pool.HikariPool - EmployeeBankingHikariPool - keepalive: connection ConnectionID:13 ClientConnectionId: 0e5a1df5-ad29-4484-994c-6e99e63af652 is alive
2026-08-06 11:35:56 DEBUG [EmployeeBankingHikariPool:housekeeper] com.zaxxer.hikari.pool.HikariPool - EmployeeBankingHikariPool - Before cleanup stats (total=5/10, idle=5/5, active=0, waiting=0)
2026-08-06 11:35:56 DEBUG [EmployeeBankingHikariPool:housekeeper] com.zaxxer.hikari.pool.HikariPool - EmployeeBankingHikariPool - After  cleanup stats (total=5/10, idle=5/5, active=0, waiting=0)
2026-08-06 11:35:56 DEBUG [EmployeeBankingHikariPool:housekeeper] com.zaxxer.hikari.pool.HikariPool - EmployeeBankingHikariPool - Fill pool skipped, pool has sufficient level or currently being filled.
2026-08-06 11:36:24 DEBUG [EmployeeBankingHikariPool:housekeeper] com.zaxxer.hikari.pool.HikariPool - EmployeeBankingHikariPool - keepalive: connection ConnectionID:15 ClientConnectionId: fbbde9c9-9c2d-43ea-84e2-c0de86e286a7 is alive
2026-08-06 11:36:26 DEBUG [EmployeeBankingHikariPool:housekeeper] com.zaxxer.hikari.pool.HikariPool - EmployeeBankingHikariPool - Before cleanup stats (total=5/10, idle=5/5, active=0, waiting=0)
2026-08-06 11:36:26 DEBUG [EmployeeBankingHikariPool:housekeeper] com.zaxxer.hikari.pool.HikariPool - EmployeeBankingHikariPool - After  cleanup stats (total=5/10, idle=5/5, active=0, waiting=0)
2026-08-06 11:36:26 DEBUG [EmployeeBankingHikariPool:housekeeper] com.zaxxer.hikari.pool.HikariPool - EmployeeBankingHikariPool - Fill pool skipped, pool has sufficient level or currently being filled.
2026-08-06 11:36:32 DEBUG [EmployeeBankingHikariPool:housekeeper] com.zaxxer.hikari.pool.HikariPool - EmployeeBankingHikariPool - keepalive: connection ConnectionID:14 ClientConnectionId: 8c4eecb5-683f-4622-91fb-0c20aaf5b1cf is alive
2026-08-06 11:36:44 DEBUG [EmployeeBankingHikariPool:housekeeper] com.zaxxer.hikari.pool.HikariPool - EmployeeBankingHikariPool - keepalive: connection ConnectionID:12 ClientConnectionId: 533be39e-65e5-4d97-8941-fb95d487aad5 is alive
2026-08-06 11:36:51 DEBUG [EmployeeBankingHikariPool:connection-closer] com.zaxxer.hikari.pool.PoolBase - EmployeeBankingHikariPool - Closing connection ConnectionID:11 ClientConnectionId: 03a18303-5364-451f-9083-3951468f7c36: (connection has passed maxLifetime)
2026-08-06 11:36:51 DEBUG [EmployeeBankingHikariPool:connection-adder] com.zaxxer.hikari.pool.PoolBase - EmployeeBankingHikariPool - Attempting to create/setup new connection (fcd309f1-cb7e-4af7-b3e5-544df26e09ac)
2026-08-06 11:36:51 DEBUG [EmployeeBankingHikariPool:connection-adder] com.zaxxer.hikari.pool.PoolBase - EmployeeBankingHikariPool - Established new connection (fcd309f1-cb7e-4af7-b3e5-544df26e09ac)
2026-08-06 11:36:51 DEBUG [EmployeeBankingHikariPool:connection-adder] com.zaxxer.hikari.pool.HikariPool - EmployeeBankingHikariPool - Added connection ConnectionID:16 ClientConnectionId: 4ffb4606-989e-42c9-93cb-bf4e62eeb099
2026-08-06 11:36:56 DEBUG [EmployeeBankingHikariPool:housekeeper] com.zaxxer.hikari.pool.HikariPool - EmployeeBankingHikariPool - Before cleanup stats (total=5/10, idle=5/5, active=0, waiting=0)
2026-08-06 11:36:56 DEBUG [EmployeeBankingHikariPool:housekeeper] com.zaxxer.hikari.pool.HikariPool - EmployeeBankingHikariPool - After  cleanup stats (total=5/10, idle=5/5, active=0, waiting=0)
2026-08-06 11:36:56 DEBUG [EmployeeBankingHikariPool:housekeeper] com.zaxxer.hikari.pool.HikariPool - EmployeeBankingHikariPool - Fill pool skipped, pool has sufficient level or currently being filled.
2026-08-06 11:37:04 DEBUG [EmployeeBankingHikariPool:housekeeper] com.zaxxer.hikari.pool.HikariPool - EmployeeBankingHikariPool - keepalive: connection ConnectionID:13 ClientConnectionId: 0e5a1df5-ad29-4484-994c-6e99e63af652 is alive
2026-08-06 11:37:26 DEBUG [EmployeeBankingHikariPool:housekeeper] com.zaxxer.hikari.pool.HikariPool - EmployeeBankingHikariPool - Before cleanup stats (total=5/10, idle=5/5, active=0, waiting=0)
2026-08-06 11:37:26 DEBUG [EmployeeBankingHikariPool:housekeeper] com.zaxxer.hikari.pool.HikariPool - EmployeeBankingHikariPool - After  cleanup stats (total=5/10, idle=5/5, active=0, waiting=0)
2026-08-06 11:37:26 DEBUG [EmployeeBankingHikariPool:housekeeper] com.zaxxer.hikari.pool.HikariPool - EmployeeBankingHikariPool - Fill pool skipped, pool has sufficient level or currently being filled.
2026-08-06 11:37:47 DEBUG [EmployeeBankingHikariPool:connection-closer] com.zaxxer.hikari.pool.PoolBase - EmployeeBankingHikariPool - Closing connection ConnectionID:12 ClientConnectionId: 533be39e-65e5-4d97-8941-fb95d487aad5: (connection has passed maxLifetime)
2026-08-06 11:37:47 DEBUG [EmployeeBankingHikariPool:connection-adder] com.zaxxer.hikari.pool.PoolBase - EmployeeBankingHikariPool - Attempting to create/setup new connection (5482bc48-8708-4940-86a4-3e777a5a37db)
2026-08-06 11:37:48 DEBUG [EmployeeBankingHikariPool:connection-adder] com.zaxxer.hikari.pool.PoolBase - EmployeeBankingHikariPool - Established new connection (5482bc48-8708-4940-86a4-3e777a5a37db)
2026-08-06 11:37:48 DEBUG [EmployeeBankingHikariPool:connection-adder] com.zaxxer.hikari.pool.HikariPool - EmployeeBankingHikariPool - Added connection ConnectionID:17 ClientConnectionId: db84f989-baa1-4eba-9c70-a1f1dc8c7ece
2026-08-06 11:37:56 DEBUG [EmployeeBankingHikariPool:housekeeper] com.zaxxer.hikari.pool.HikariPool - EmployeeBankingHikariPool - Before cleanup stats (total=5/10, idle=5/5, active=0, waiting=0)
2026-08-06 11:37:56 DEBUG [EmployeeBankingHikariPool:housekeeper] com.zaxxer.hikari.pool.HikariPool - EmployeeBankingHikariPool - After  cleanup stats (total=5/10, idle=5/5, active=0, waiting=0)
2026-08-06 11:37:56 DEBUG [EmployeeBankingHikariPool:housekeeper] com.zaxxer.hikari.pool.HikariPool - EmployeeBankingHikariPool - Fill pool skipped, pool has sufficient level or currently being filled.
2026-08-06 11:38:13 DEBUG [EmployeeBankingHikariPool:housekeeper] com.zaxxer.hikari.pool.HikariPool - EmployeeBankingHikariPool - keepalive: connection ConnectionID:14 ClientConnectionId: 8c4eecb5-683f-4622-91fb-0c20aaf5b1cf is alive
2026-08-06 11:38:20 DEBUG [EmployeeBankingHikariPool:housekeeper] com.zaxxer.hikari.pool.HikariPool - EmployeeBankingHikariPool - keepalive: connection ConnectionID:15 ClientConnectionId: fbbde9c9-9c2d-43ea-84e2-c0de86e286a7 is alive
2026-08-06 11:38:26 DEBUG [EmployeeBankingHikariPool:housekeeper] com.zaxxer.hikari.pool.HikariPool - EmployeeBankingHikariPool - Before cleanup stats (total=5/10, idle=5/5, active=0, waiting=0)
2026-08-06 11:38:26 DEBUG [EmployeeBankingHikariPool:housekeeper] com.zaxxer.hikari.pool.HikariPool - EmployeeBankingHikariPool - After  cleanup stats (total=5/10, idle=5/5, active=0, waiting=0)
2026-08-06 11:38:26 DEBUG [EmployeeBankingHikariPool:housekeeper] com.zaxxer.hikari.pool.HikariPool - EmployeeBankingHikariPool - Fill pool skipped, pool has sufficient level or currently being filled.
2026-08-06 11:38:41 DEBUG [EmployeeBankingHikariPool:housekeeper] com.zaxxer.hikari.pool.HikariPool - EmployeeBankingHikariPool - keepalive: connection ConnectionID:13 ClientConnectionId: 0e5a1df5-ad29-4484-994c-6e99e63af652 is alive
2026-08-06 11:38:41 DEBUG [EmployeeBankingHikariPool:housekeeper] com.zaxxer.hikari.pool.HikariPool - EmployeeBankingHikariPool - keepalive: connection ConnectionID:16 ClientConnectionId: 4ffb4606-989e-42c9-93cb-bf4e62eeb099 is alive
2026-08-06 11:38:56 DEBUG [EmployeeBankingHikariPool:housekeeper] com.zaxxer.hikari.pool.HikariPool - EmployeeBankingHikariPool - Before cleanup stats (total=5/10, idle=5/5, active=0, waiting=0)
2026-08-06 11:38:56 DEBUG [EmployeeBankingHikariPool:housekeeper] com.zaxxer.hikari.pool.HikariPool - EmployeeBankingHikariPool - After  cleanup stats (total=5/10, idle=5/5, active=0, waiting=0)
2026-08-06 11:38:56 DEBUG [EmployeeBankingHikariPool:housekeeper] com.zaxxer.hikari.pool.HikariPool - EmployeeBankingHikariPool - Fill pool skipped, pool has sufficient level or currently being filled.
2026-08-06 11:39:26 DEBUG [EmployeeBankingHikariPool:housekeeper] com.zaxxer.hikari.pool.HikariPool - EmployeeBankingHikariPool - Before cleanup stats (total=5/10, idle=5/5, active=0, waiting=0)
2026-08-06 11:39:26 DEBUG [EmployeeBankingHikariPool:housekeeper] com.zaxxer.hikari.pool.HikariPool - EmployeeBankingHikariPool - After  cleanup stats (total=5/10, idle=5/5, active=0, waiting=0)
2026-08-06 11:39:26 DEBUG [EmployeeBankingHikariPool:housekeeper] com.zaxxer.hikari.pool.HikariPool - EmployeeBankingHikariPool - Fill pool skipped, pool has sufficient level or currently being filled.
2026-08-06 11:39:37 DEBUG [EmployeeBankingHikariPool:housekeeper] com.zaxxer.hikari.pool.HikariPool - EmployeeBankingHikariPool - keepalive: connection ConnectionID:17 ClientConnectionId: db84f989-baa1-4eba-9c70-a1f1dc8c7ece is alive
2026-08-06 11:39:54 DEBUG [EmployeeBankingHikariPool:housekeeper] com.zaxxer.hikari.pool.HikariPool - EmployeeBankingHikariPool - keepalive: connection ConnectionID:14 ClientConnectionId: 8c4eecb5-683f-4622-91fb-0c20aaf5b1cf is alive
2026-08-06 11:39:56 DEBUG [EmployeeBankingHikariPool:housekeeper] com.zaxxer.hikari.pool.HikariPool - EmployeeBankingHikariPool - Before cleanup stats (total=5/10, idle=5/5, active=0, waiting=0)
2026-08-06 11:39:56 DEBUG [EmployeeBankingHikariPool:housekeeper] com.zaxxer.hikari.pool.HikariPool - EmployeeBankingHikariPool - After  cleanup stats (total=5/10, idle=5/5, active=0, waiting=0)
2026-08-06 11:39:56 DEBUG [EmployeeBankingHikariPool:housekeeper] com.zaxxer.hikari.pool.HikariPool - EmployeeBankingHikariPool - Fill pool skipped, pool has sufficient level or currently being filled.
2026-08-06 11:40:16 DEBUG [EmployeeBankingHikariPool:housekeeper] com.zaxxer.hikari.pool.HikariPool - EmployeeBankingHikariPool - keepalive: connection ConnectionID:15 ClientConnectionId: fbbde9c9-9c2d-43ea-84e2-c0de86e286a7 is alive
2026-08-06 11:40:17 DEBUG [EmployeeBankingHikariPool:housekeeper] com.zaxxer.hikari.pool.HikariPool - EmployeeBankingHikariPool - keepalive: connection ConnectionID:13 ClientConnectionId: 0e5a1df5-ad29-4484-994c-6e99e63af652 is alive
2026-08-06 11:40:26 DEBUG [EmployeeBankingHikariPool:housekeeper] com.zaxxer.hikari.pool.HikariPool - EmployeeBankingHikariPool - Before cleanup stats (total=5/10, idle=5/5, active=0, waiting=0)
2026-08-06 11:40:26 DEBUG [EmployeeBankingHikariPool:housekeeper] com.zaxxer.hikari.pool.HikariPool - EmployeeBankingHikariPool - After  cleanup stats (total=5/10, idle=5/5, active=0, waiting=0)
2026-08-06 11:40:26 DEBUG [EmployeeBankingHikariPool:housekeeper] com.zaxxer.hikari.pool.HikariPool - EmployeeBankingHikariPool - Fill pool skipped, pool has sufficient level or currently being filled.
2026-08-06 11:40:30 DEBUG [EmployeeBankingHikariPool:housekeeper] com.zaxxer.hikari.pool.HikariPool - EmployeeBankingHikariPool - keepalive: connection ConnectionID:16 ClientConnectionId: 4ffb4606-989e-42c9-93cb-bf4e62eeb099 is alive
2026-08-06 11:40:38 DEBUG [EmployeeBankingHikariPool:connection-closer] com.zaxxer.hikari.pool.PoolBase - EmployeeBankingHikariPool - Closing connection ConnectionID:13 ClientConnectionId: 0e5a1df5-ad29-4484-994c-6e99e63af652: (connection has passed maxLifetime)
2026-08-06 11:40:38 DEBUG [EmployeeBankingHikariPool:connection-adder] com.zaxxer.hikari.pool.PoolBase - EmployeeBankingHikariPool - Attempting to create/setup new connection (c559f36e-89f0-4f7f-b5d2-c7ec68c12fdc)
2026-08-06 11:40:38 DEBUG [EmployeeBankingHikariPool:connection-adder] com.zaxxer.hikari.pool.PoolBase - EmployeeBankingHikariPool - Established new connection (c559f36e-89f0-4f7f-b5d2-c7ec68c12fdc)
2026-08-06 11:40:38 DEBUG [EmployeeBankingHikariPool:connection-adder] com.zaxxer.hikari.pool.HikariPool - EmployeeBankingHikariPool - Added connection ConnectionID:18 ClientConnectionId: 997ba24e-9083-4df9-8ace-c18b56b66705
2026-08-06 11:40:56 DEBUG [EmployeeBankingHikariPool:housekeeper] com.zaxxer.hikari.pool.HikariPool - EmployeeBankingHikariPool - Before cleanup stats (total=5/10, idle=5/5, active=0, waiting=0)
2026-08-06 11:40:56 DEBUG [EmployeeBankingHikariPool:housekeeper] com.zaxxer.hikari.pool.HikariPool - EmployeeBankingHikariPool - After  cleanup stats (total=5/10, idle=5/5, active=0, waiting=0)
2026-08-06 11:40:56 DEBUG [EmployeeBankingHikariPool:housekeeper] com.zaxxer.hikari.pool.HikariPool - EmployeeBankingHikariPool - Fill pool skipped, pool has sufficient level or currently being filled.
2026-08-06 11:41:26 DEBUG [EmployeeBankingHikariPool:housekeeper] com.zaxxer.hikari.pool.HikariPool - EmployeeBankingHikariPool - keepalive: connection ConnectionID:17 ClientConnectionId: db84f989-baa1-4eba-9c70-a1f1dc8c7ece is alive
2026-08-06 11:41:26 DEBUG [EmployeeBankingHikariPool:housekeeper] com.zaxxer.hikari.pool.HikariPool - EmployeeBankingHikariPool - Before cleanup stats (total=5/10, idle=5/5, active=0, waiting=0)
2026-08-06 11:41:26 DEBUG [EmployeeBankingHikariPool:housekeeper] com.zaxxer.hikari.pool.HikariPool - EmployeeBankingHikariPool - After  cleanup stats (total=5/10, idle=5/5, active=0, waiting=0)
2026-08-06 11:41:26 DEBUG [EmployeeBankingHikariPool:housekeeper] com.zaxxer.hikari.pool.HikariPool - EmployeeBankingHikariPool - Fill pool skipped, pool has sufficient level or currently being filled.
2026-08-06 11:41:36 DEBUG [EmployeeBankingHikariPool:housekeeper] com.zaxxer.hikari.pool.HikariPool - EmployeeBankingHikariPool - keepalive: connection ConnectionID:14 ClientConnectionId: 8c4eecb5-683f-4622-91fb-0c20aaf5b1cf is alive
2026-08-06 11:41:56 DEBUG [EmployeeBankingHikariPool:housekeeper] com.zaxxer.hikari.pool.HikariPool - EmployeeBankingHikariPool - Before cleanup stats (total=5/10, idle=5/5, active=0, waiting=0)
2026-08-06 11:41:56 DEBUG [EmployeeBankingHikariPool:housekeeper] com.zaxxer.hikari.pool.HikariPool - EmployeeBankingHikariPool - After  cleanup stats (total=5/10, idle=5/5, active=0, waiting=0)
2026-08-06 11:41:56 DEBUG [EmployeeBankingHikariPool:housekeeper] com.zaxxer.hikari.pool.HikariPool - EmployeeBankingHikariPool - Fill pool skipped, pool has sufficient level or currently being filled.
2026-08-06 11:42:12 DEBUG [EmployeeBankingHikariPool:housekeeper] com.zaxxer.hikari.pool.HikariPool - EmployeeBankingHikariPool - keepalive: connection ConnectionID:15 ClientConnectionId: fbbde9c9-9c2d-43ea-84e2-c0de86e286a7 is alive
2026-08-06 11:42:20 DEBUG [EmployeeBankingHikariPool:housekeeper] com.zaxxer.hikari.pool.HikariPool - EmployeeBankingHikariPool - keepalive: connection ConnectionID:16 ClientConnectionId: 4ffb4606-989e-42c9-93cb-bf4e62eeb099 is alive
2026-08-06 11:42:26 DEBUG [EmployeeBankingHikariPool:housekeeper] com.zaxxer.hikari.pool.HikariPool - EmployeeBankingHikariPool - Before cleanup stats (total=5/10, idle=5/5, active=0, waiting=0)
2026-08-06 11:42:26 DEBUG [EmployeeBankingHikariPool:housekeeper] com.zaxxer.hikari.pool.HikariPool - EmployeeBankingHikariPool - After  cleanup stats (total=5/10, idle=5/5, active=0, waiting=0)
2026-08-06 11:42:26 DEBUG [EmployeeBankingHikariPool:housekeeper] com.zaxxer.hikari.pool.HikariPool - EmployeeBankingHikariPool - Fill pool skipped, pool has sufficient level or currently being filled.
2026-08-06 11:42:27 DEBUG [EmployeeBankingHikariPool:housekeeper] com.zaxxer.hikari.pool.HikariPool - EmployeeBankingHikariPool - keepalive: connection ConnectionID:18 ClientConnectionId: 997ba24e-9083-4df9-8ace-c18b56b66705 is alive
2026-08-06 11:42:56 DEBUG [EmployeeBankingHikariPool:housekeeper] com.zaxxer.hikari.pool.HikariPool - EmployeeBankingHikariPool - Before cleanup stats (total=5/10, idle=5/5, active=0, waiting=0)
2026-08-06 11:42:56 DEBUG [EmployeeBankingHikariPool:housekeeper] com.zaxxer.hikari.pool.HikariPool - EmployeeBankingHikariPool - After  cleanup stats (total=5/10, idle=5/5, active=0, waiting=0)
2026-08-06 11:42:56 DEBUG [EmployeeBankingHikariPool:housekeeper] com.zaxxer.hikari.pool.HikariPool - EmployeeBankingHikariPool - Fill pool skipped, pool has sufficient level or currently being filled.
2026-08-06 11:42:57 DEBUG [EmployeeBankingHikariPool:connection-closer] com.zaxxer.hikari.pool.PoolBase - EmployeeBankingHikariPool - Closing connection ConnectionID:14 ClientConnectionId: 8c4eecb5-683f-4622-91fb-0c20aaf5b1cf: (connection has passed maxLifetime)
2026-08-06 11:42:57 DEBUG [EmployeeBankingHikariPool:connection-adder] com.zaxxer.hikari.pool.PoolBase - EmployeeBankingHikariPool - Attempting to create/setup new connection (0eb98b47-c91a-4bb5-bb0b-a2432c36622f)
2026-08-06 11:42:57 DEBUG [EmployeeBankingHikariPool:connection-adder] com.zaxxer.hikari.pool.PoolBase - EmployeeBankingHikariPool - Established new connection (0eb98b47-c91a-4bb5-bb0b-a2432c36622f)
2026-08-06 11:42:57 DEBUG [EmployeeBankingHikariPool:connection-adder] com.zaxxer.hikari.pool.HikariPool - EmployeeBankingHikariPool - Added connection ConnectionID:19 ClientConnectionId: 078700d9-bfc0-461a-beec-16851db6ce6a
2026-08-06 11:43:14 DEBUG [EmployeeBankingHikariPool:housekeeper] com.zaxxer.hikari.pool.HikariPool - EmployeeBankingHikariPool - keepalive: connection ConnectionID:17 ClientConnectionId: db84f989-baa1-4eba-9c70-a1f1dc8c7ece is alive
2026-08-06 11:43:26 DEBUG [EmployeeBankingHikariPool:housekeeper] com.zaxxer.hikari.pool.HikariPool - EmployeeBankingHikariPool - Before cleanup stats (total=5/10, idle=5/5, active=0, waiting=0)
2026-08-06 11:43:26 DEBUG [EmployeeBankingHikariPool:housekeeper] com.zaxxer.hikari.pool.HikariPool - EmployeeBankingHikariPool - After  cleanup stats (total=5/10, idle=5/5, active=0, waiting=0)
2026-08-06 11:43:26 DEBUG [EmployeeBankingHikariPool:housekeeper] com.zaxxer.hikari.pool.HikariPool - EmployeeBankingHikariPool - Fill pool skipped, pool has sufficient level or currently being filled.
2026-08-06 11:43:56 DEBUG [EmployeeBankingHikariPool:housekeeper] com.zaxxer.hikari.pool.HikariPool - EmployeeBankingHikariPool - Before cleanup stats (total=5/10, idle=5/5, active=0, waiting=0)
2026-08-06 11:43:56 DEBUG [EmployeeBankingHikariPool:housekeeper] com.zaxxer.hikari.pool.HikariPool - EmployeeBankingHikariPool - After  cleanup stats (total=5/10, idle=5/5, active=0, waiting=0)
2026-08-06 11:43:56 DEBUG [EmployeeBankingHikariPool:housekeeper] com.zaxxer.hikari.pool.HikariPool - EmployeeBankingHikariPool - Fill pool skipped, pool has sufficient level or currently being filled.
2026-08-06 11:44:08 DEBUG [EmployeeBankingHikariPool:housekeeper] com.zaxxer.hikari.pool.HikariPool - EmployeeBankingHikariPool - keepalive: connection ConnectionID:15 ClientConnectionId: fbbde9c9-9c2d-43ea-84e2-c0de86e286a7 is alive
2026-08-06 11:44:09 DEBUG [EmployeeBankingHikariPool:housekeeper] com.zaxxer.hikari.pool.HikariPool - EmployeeBankingHikariPool - keepalive: connection ConnectionID:16 ClientConnectionId: 4ffb4606-989e-42c9-93cb-bf4e62eeb099 is alive
2026-08-06 11:44:16 DEBUG [EmployeeBankingHikariPool:housekeeper] com.zaxxer.hikari.pool.HikariPool - EmployeeBankingHikariPool - keepalive: connection ConnectionID:18 ClientConnectionId: 997ba24e-9083-4df9-8ace-c18b56b66705 is alive
2026-08-06 11:44:26 DEBUG [EmployeeBankingHikariPool:housekeeper] com.zaxxer.hikari.pool.HikariPool - EmployeeBankingHikariPool - Before cleanup stats (total=5/10, idle=5/5, active=0, waiting=0)
2026-08-06 11:44:26 DEBUG [EmployeeBankingHikariPool:housekeeper] com.zaxxer.hikari.pool.HikariPool - EmployeeBankingHikariPool - After  cleanup stats (total=5/10, idle=5/5, active=0, waiting=0)
2026-08-06 11:44:26 DEBUG [EmployeeBankingHikariPool:housekeeper] com.zaxxer.hikari.pool.HikariPool - EmployeeBankingHikariPool - Fill pool skipped, pool has sufficient level or currently being filled.
2026-08-06 11:44:46 DEBUG [EmployeeBankingHikariPool:housekeeper] com.zaxxer.hikari.pool.HikariPool - EmployeeBankingHikariPool - keepalive: connection ConnectionID:19 ClientConnectionId: 078700d9-bfc0-461a-beec-16851db6ce6a is alive
2026-08-06 11:44:56 DEBUG [EmployeeBankingHikariPool:housekeeper] com.zaxxer.hikari.pool.HikariPool - EmployeeBankingHikariPool - Before cleanup stats (total=5/10, idle=5/5, active=0, waiting=0)
2026-08-06 11:44:56 DEBUG [EmployeeBankingHikariPool:housekeeper] com.zaxxer.hikari.pool.HikariPool - EmployeeBankingHikariPool - After  cleanup stats (total=5/10, idle=5/5, active=0, waiting=0)
2026-08-06 11:44:56 DEBUG [EmployeeBankingHikariPool:housekeeper] com.zaxxer.hikari.pool.HikariPool - EmployeeBankingHikariPool - Fill pool skipped, pool has sufficient level or currently being filled.
2026-08-06 11:45:03 DEBUG [EmployeeBankingHikariPool:housekeeper] com.zaxxer.hikari.pool.HikariPool - EmployeeBankingHikariPool - keepalive: connection ConnectionID:17 ClientConnectionId: db84f989-baa1-4eba-9c70-a1f1dc8c7ece is alive
2026-08-06 11:45:26 DEBUG [EmployeeBankingHikariPool:housekeeper] com.zaxxer.hikari.pool.HikariPool - EmployeeBankingHikariPool - Before cleanup stats (total=5/10, idle=5/5, active=0, waiting=0)
2026-08-06 11:45:26 DEBUG [EmployeeBankingHikariPool:housekeeper] com.zaxxer.hikari.pool.HikariPool - EmployeeBankingHikariPool - After  cleanup stats (total=5/10, idle=5/5, active=0, waiting=0)
2026-08-06 11:45:26 DEBUG [EmployeeBankingHikariPool:housekeeper] com.zaxxer.hikari.pool.HikariPool - EmployeeBankingHikariPool - Fill pool skipped, pool has sufficient level or currently being filled.
2026-08-06 11:45:56 DEBUG [EmployeeBankingHikariPool:housekeeper] com.zaxxer.hikari.pool.HikariPool - EmployeeBankingHikariPool - Before cleanup stats (total=5/10, idle=5/5, active=0, waiting=0)
2026-08-06 11:45:56 DEBUG [EmployeeBankingHikariPool:housekeeper] com.zaxxer.hikari.pool.HikariPool - EmployeeBankingHikariPool - After  cleanup stats (total=5/10, idle=5/5, active=0, waiting=0)
2026-08-06 11:45:56 DEBUG [EmployeeBankingHikariPool:housekeeper] com.zaxxer.hikari.pool.HikariPool - EmployeeBankingHikariPool - Fill pool skipped, pool has sufficient level or currently being filled.
2026-08-06 11:45:59 DEBUG [EmployeeBankingHikariPool:housekeeper] com.zaxxer.hikari.pool.HikariPool - EmployeeBankingHikariPool - keepalive: connection ConnectionID:16 ClientConnectionId: 4ffb4606-989e-42c9-93cb-bf4e62eeb099 is alive
2026-08-06 11:46:04 DEBUG [EmployeeBankingHikariPool:housekeeper] com.zaxxer.hikari.pool.HikariPool - EmployeeBankingHikariPool - keepalive: connection ConnectionID:18 ClientConnectionId: 997ba24e-9083-4df9-8ace-c18b56b66705 is alive
2026-08-06 11:46:04 DEBUG [EmployeeBankingHikariPool:housekeeper] com.zaxxer.hikari.pool.HikariPool - EmployeeBankingHikariPool - keepalive: connection ConnectionID:15 ClientConnectionId: fbbde9c9-9c2d-43ea-84e2-c0de86e286a7 is alive
2026-08-06 11:46:26 DEBUG [EmployeeBankingHikariPool:housekeeper] com.zaxxer.hikari.pool.HikariPool - EmployeeBankingHikariPool - Before cleanup stats (total=5/10, idle=5/5, active=0, waiting=0)
2026-08-06 11:46:26 DEBUG [EmployeeBankingHikariPool:housekeeper] com.zaxxer.hikari.pool.HikariPool - EmployeeBankingHikariPool - After  cleanup stats (total=5/10, idle=5/5, active=0, waiting=0)
2026-08-06 11:46:26 DEBUG [EmployeeBankingHikariPool:housekeeper] com.zaxxer.hikari.pool.HikariPool - EmployeeBankingHikariPool - Fill pool skipped, pool has sufficient level or currently being filled.
2026-08-06 11:46:35 DEBUG [EmployeeBankingHikariPool:housekeeper] com.zaxxer.hikari.pool.HikariPool - EmployeeBankingHikariPool - keepalive: connection ConnectionID:19 ClientConnectionId: 078700d9-bfc0-461a-beec-16851db6ce6a is alive
2026-08-06 11:46:52 DEBUG [EmployeeBankingHikariPool:housekeeper] com.zaxxer.hikari.pool.HikariPool - EmployeeBankingHikariPool - keepalive: connection ConnectionID:17 ClientConnectionId: db84f989-baa1-4eba-9c70-a1f1dc8c7ece is alive
2026-08-06 11:46:56 DEBUG [EmployeeBankingHikariPool:housekeeper] com.zaxxer.hikari.pool.HikariPool - EmployeeBankingHikariPool - Before cleanup stats (total=5/10, idle=5/5, active=0, waiting=0)
2026-08-06 11:46:56 DEBUG [EmployeeBankingHikariPool:housekeeper] com.zaxxer.hikari.pool.HikariPool - EmployeeBankingHikariPool - After  cleanup stats (total=5/10, idle=5/5, active=0, waiting=0)
2026-08-06 11:46:56 DEBUG [EmployeeBankingHikariPool:housekeeper] com.zaxxer.hikari.pool.HikariPool - EmployeeBankingHikariPool - Fill pool skipped, pool has sufficient level or currently being filled.
2026-08-06 11:47:22 DEBUG [EmployeeBankingHikariPool:connection-closer] com.zaxxer.hikari.pool.PoolBase - EmployeeBankingHikariPool - Closing connection ConnectionID:15 ClientConnectionId: fbbde9c9-9c2d-43ea-84e2-c0de86e286a7: (connection has passed maxLifetime)
2026-08-06 11:47:22 DEBUG [EmployeeBankingHikariPool:connection-adder] com.zaxxer.hikari.pool.PoolBase - EmployeeBankingHikariPool - Attempting to create/setup new connection (1600d7ff-6c16-4f44-bdf9-e4ae5234b307)
2026-08-06 11:47:22 DEBUG [EmployeeBankingHikariPool:connection-adder] com.zaxxer.hikari.pool.PoolBase - EmployeeBankingHikariPool - Established new connection (1600d7ff-6c16-4f44-bdf9-e4ae5234b307)
2026-08-06 11:47:22 DEBUG [EmployeeBankingHikariPool:connection-adder] com.zaxxer.hikari.pool.HikariPool - EmployeeBankingHikariPool - Added connection ConnectionID:20 ClientConnectionId: fb846085-9988-431c-a773-7b5361cab667
2026-08-06 11:47:26 DEBUG [EmployeeBankingHikariPool:housekeeper] com.zaxxer.hikari.pool.HikariPool - EmployeeBankingHikariPool - Before cleanup stats (total=5/10, idle=5/5, active=0, waiting=0)
2026-08-06 11:47:26 DEBUG [EmployeeBankingHikariPool:housekeeper] com.zaxxer.hikari.pool.HikariPool - EmployeeBankingHikariPool - After  cleanup stats (total=5/10, idle=5/5, active=0, waiting=0)
2026-08-06 11:47:26 DEBUG [EmployeeBankingHikariPool:housekeeper] com.zaxxer.hikari.pool.HikariPool - EmployeeBankingHikariPool - Fill pool skipped, pool has sufficient level or currently being filled.
2026-08-06 11:47:48 DEBUG [EmployeeBankingHikariPool:housekeeper] com.zaxxer.hikari.pool.HikariPool - EmployeeBankingHikariPool - keepalive: connection ConnectionID:16 ClientConnectionId: 4ffb4606-989e-42c9-93cb-bf4e62eeb099 is alive
2026-08-06 11:47:53 DEBUG [EmployeeBankingHikariPool:housekeeper] com.zaxxer.hikari.pool.HikariPool - EmployeeBankingHikariPool - keepalive: connection ConnectionID:18 ClientConnectionId: 997ba24e-9083-4df9-8ace-c18b56b66705 is alive
2026-08-06 11:47:56 DEBUG [EmployeeBankingHikariPool:housekeeper] com.zaxxer.hikari.pool.HikariPool - EmployeeBankingHikariPool - Before cleanup stats (total=5/10, idle=5/5, active=0, waiting=0)
2026-08-06 11:47:56 DEBUG [EmployeeBankingHikariPool:housekeeper] com.zaxxer.hikari.pool.HikariPool - EmployeeBankingHikariPool - After  cleanup stats (total=5/10, idle=5/5, active=0, waiting=0)
2026-08-06 11:47:56 DEBUG [EmployeeBankingHikariPool:housekeeper] com.zaxxer.hikari.pool.HikariPool - EmployeeBankingHikariPool - Fill pool skipped, pool has sufficient level or currently being filled.
2026-08-06 11:48:24 DEBUG [EmployeeBankingHikariPool:housekeeper] com.zaxxer.hikari.pool.HikariPool - EmployeeBankingHikariPool - keepalive: connection ConnectionID:19 ClientConnectionId: 078700d9-bfc0-461a-beec-16851db6ce6a is alive
2026-08-06 11:48:26 DEBUG [EmployeeBankingHikariPool:housekeeper] com.zaxxer.hikari.pool.HikariPool - EmployeeBankingHikariPool - Before cleanup stats (total=5/10, idle=5/5, active=0, waiting=0)
2026-08-06 11:48:26 DEBUG [EmployeeBankingHikariPool:housekeeper] com.zaxxer.hikari.pool.HikariPool - EmployeeBankingHikariPool - After  cleanup stats (total=5/10, idle=5/5, active=0, waiting=0)
2026-08-06 11:48:26 DEBUG [EmployeeBankingHikariPool:housekeeper] com.zaxxer.hikari.pool.HikariPool - EmployeeBankingHikariPool - Fill pool skipped, pool has sufficient level or currently being filled.
2026-08-06 11:48:41 DEBUG [EmployeeBankingHikariPool:housekeeper] com.zaxxer.hikari.pool.HikariPool - EmployeeBankingHikariPool - keepalive: connection ConnectionID:17 ClientConnectionId: db84f989-baa1-4eba-9c70-a1f1dc8c7ece is alive
2026-08-06 11:48:56 DEBUG [EmployeeBankingHikariPool:housekeeper] com.zaxxer.hikari.pool.HikariPool - EmployeeBankingHikariPool - Before cleanup stats (total=5/10, idle=5/5, active=0, waiting=0)
2026-08-06 11:48:56 DEBUG [EmployeeBankingHikariPool:housekeeper] com.zaxxer.hikari.pool.HikariPool - EmployeeBankingHikariPool - After  cleanup stats (total=5/10, idle=5/5, active=0, waiting=0)
2026-08-06 11:48:56 DEBUG [EmployeeBankingHikariPool:housekeeper] com.zaxxer.hikari.pool.HikariPool - EmployeeBankingHikariPool - Fill pool skipped, pool has sufficient level or currently being filled.
2026-08-06 11:49:13 DEBUG [EmployeeBankingHikariPool:housekeeper] com.zaxxer.hikari.pool.HikariPool - EmployeeBankingHikariPool - keepalive: connection ConnectionID:20 ClientConnectionId: fb846085-9988-431c-a773-7b5361cab667 is alive
2026-08-06 11:49:26 DEBUG [EmployeeBankingHikariPool:housekeeper] com.zaxxer.hikari.pool.HikariPool - EmployeeBankingHikariPool - Before cleanup stats (total=5/10, idle=5/5, active=0, waiting=0)
2026-08-06 11:49:26 DEBUG [EmployeeBankingHikariPool:housekeeper] com.zaxxer.hikari.pool.HikariPool - EmployeeBankingHikariPool - After  cleanup stats (total=5/10, idle=5/5, active=0, waiting=0)
2026-08-06 11:49:26 DEBUG [EmployeeBankingHikariPool:housekeeper] com.zaxxer.hikari.pool.HikariPool - EmployeeBankingHikariPool - Fill pool skipped, pool has sufficient level or currently being filled.
2026-08-06 11:49:38 DEBUG [EmployeeBankingHikariPool:housekeeper] com.zaxxer.hikari.pool.HikariPool - EmployeeBankingHikariPool - keepalive: connection ConnectionID:16 ClientConnectionId: 4ffb4606-989e-42c9-93cb-bf4e62eeb099 is alive
2026-08-06 11:49:42 DEBUG [EmployeeBankingHikariPool:housekeeper] com.zaxxer.hikari.pool.HikariPool - EmployeeBankingHikariPool - keepalive: connection ConnectionID:18 ClientConnectionId: 997ba24e-9083-4df9-8ace-c18b56b66705 is alive
2026-08-06 11:49:57 DEBUG [EmployeeBankingHikariPool:housekeeper] com.zaxxer.hikari.pool.HikariPool - EmployeeBankingHikariPool - Before cleanup stats (total=5/10, idle=5/5, active=0, waiting=0)
2026-08-06 11:49:57 DEBUG [EmployeeBankingHikariPool:housekeeper] com.zaxxer.hikari.pool.HikariPool - EmployeeBankingHikariPool - After  cleanup stats (total=5/10, idle=5/5, active=0, waiting=0)
2026-08-06 11:49:57 DEBUG [EmployeeBankingHikariPool:housekeeper] com.zaxxer.hikari.pool.HikariPool - EmployeeBankingHikariPool - Fill pool skipped, pool has sufficient level or currently being filled.
2026-08-06 11:50:13 DEBUG [EmployeeBankingHikariPool:housekeeper] com.zaxxer.hikari.pool.HikariPool - EmployeeBankingHikariPool - keepalive: connection ConnectionID:19 ClientConnectionId: 078700d9-bfc0-461a-beec-16851db6ce6a is alive
2026-08-06 11:50:27 DEBUG [EmployeeBankingHikariPool:housekeeper] com.zaxxer.hikari.pool.HikariPool - EmployeeBankingHikariPool - Before cleanup stats (total=5/10, idle=5/5, active=0, waiting=0)
2026-08-06 11:50:27 DEBUG [EmployeeBankingHikariPool:housekeeper] com.zaxxer.hikari.pool.HikariPool - EmployeeBankingHikariPool - After  cleanup stats (total=5/10, idle=5/5, active=0, waiting=0)
2026-08-06 11:50:27 DEBUG [EmployeeBankingHikariPool:housekeeper] com.zaxxer.hikari.pool.HikariPool - EmployeeBankingHikariPool - Fill pool skipped, pool has sufficient level or currently being filled.
2026-08-06 11:50:30 DEBUG [EmployeeBankingHikariPool:housekeeper] com.zaxxer.hikari.pool.HikariPool - EmployeeBankingHikariPool - keepalive: connection ConnectionID:17 ClientConnectionId: db84f989-baa1-4eba-9c70-a1f1dc8c7ece is alive
2026-08-06 11:50:57 DEBUG [EmployeeBankingHikariPool:housekeeper] com.zaxxer.hikari.pool.HikariPool - EmployeeBankingHikariPool - Before cleanup stats (total=5/10, idle=5/5, active=0, waiting=0)
2026-08-06 11:50:57 DEBUG [EmployeeBankingHikariPool:housekeeper] com.zaxxer.hikari.pool.HikariPool - EmployeeBankingHikariPool - After  cleanup stats (total=5/10, idle=5/5, active=0, waiting=0)
2026-08-06 11:50:57 DEBUG [EmployeeBankingHikariPool:housekeeper] com.zaxxer.hikari.pool.HikariPool - EmployeeBankingHikariPool - Fill pool skipped, pool has sufficient level or currently being filled.
2026-08-06 11:51:04 DEBUG [EmployeeBankingHikariPool:housekeeper] com.zaxxer.hikari.pool.HikariPool - EmployeeBankingHikariPool - keepalive: connection ConnectionID:20 ClientConnectionId: fb846085-9988-431c-a773-7b5361cab667 is alive
2026-08-06 11:51:27 DEBUG [EmployeeBankingHikariPool:housekeeper] com.zaxxer.hikari.pool.HikariPool - EmployeeBankingHikariPool - Before cleanup stats (total=5/10, idle=5/5, active=0, waiting=0)
2026-08-06 11:51:27 DEBUG [EmployeeBankingHikariPool:housekeeper] com.zaxxer.hikari.pool.HikariPool - EmployeeBankingHikariPool - After  cleanup stats (total=5/10, idle=5/5, active=0, waiting=0)
2026-08-06 11:51:27 DEBUG [EmployeeBankingHikariPool:housekeeper] com.zaxxer.hikari.pool.HikariPool - EmployeeBankingHikariPool - Fill pool skipped, pool has sufficient level or currently being filled.
2026-08-06 11:51:28 DEBUG [EmployeeBankingHikariPool:housekeeper] com.zaxxer.hikari.pool.HikariPool - EmployeeBankingHikariPool - keepalive: connection ConnectionID:16 ClientConnectionId: 4ffb4606-989e-42c9-93cb-bf4e62eeb099 is alive
2026-08-06 11:51:31 DEBUG [EmployeeBankingHikariPool:housekeeper] com.zaxxer.hikari.pool.HikariPool - EmployeeBankingHikariPool - keepalive: connection ConnectionID:18 ClientConnectionId: 997ba24e-9083-4df9-8ace-c18b56b66705 is alive
2026-08-06 11:51:57 DEBUG [EmployeeBankingHikariPool:housekeeper] com.zaxxer.hikari.pool.HikariPool - EmployeeBankingHikariPool - Before cleanup stats (total=5/10, idle=5/5, active=0, waiting=0)
2026-08-06 11:51:57 DEBUG [EmployeeBankingHikariPool:housekeeper] com.zaxxer.hikari.pool.HikariPool - EmployeeBankingHikariPool - After  cleanup stats (total=5/10, idle=5/5, active=0, waiting=0)
2026-08-06 11:51:57 DEBUG [EmployeeBankingHikariPool:housekeeper] com.zaxxer.hikari.pool.HikariPool - EmployeeBankingHikariPool - Fill pool skipped, pool has sufficient level or currently being filled.
2026-08-06 11:52:01 DEBUG [EmployeeBankingHikariPool:housekeeper] com.zaxxer.hikari.pool.HikariPool - EmployeeBankingHikariPool - keepalive: connection ConnectionID:19 ClientConnectionId: 078700d9-bfc0-461a-beec-16851db6ce6a is alive
2026-08-06 11:52:19 DEBUG [EmployeeBankingHikariPool:housekeeper] com.zaxxer.hikari.pool.HikariPool - EmployeeBankingHikariPool - keepalive: connection ConnectionID:17 ClientConnectionId: db84f989-baa1-4eba-9c70-a1f1dc8c7ece is alive
2026-08-06 11:52:27 DEBUG [EmployeeBankingHikariPool:housekeeper] com.zaxxer.hikari.pool.HikariPool - EmployeeBankingHikariPool - Before cleanup stats (total=5/10, idle=5/5, active=0, waiting=0)
2026-08-06 11:52:27 DEBUG [EmployeeBankingHikariPool:housekeeper] com.zaxxer.hikari.pool.HikariPool - EmployeeBankingHikariPool - After  cleanup stats (total=5/10, idle=5/5, active=0, waiting=0)
2026-08-06 11:52:27 DEBUG [EmployeeBankingHikariPool:housekeeper] com.zaxxer.hikari.pool.HikariPool - EmployeeBankingHikariPool - Fill pool skipped, pool has sufficient level or currently being filled.
2026-08-06 11:52:54 DEBUG [EmployeeBankingHikariPool:housekeeper] com.zaxxer.hikari.pool.HikariPool - EmployeeBankingHikariPool - keepalive: connection ConnectionID:20 ClientConnectionId: fb846085-9988-431c-a773-7b5361cab667 is alive
2026-08-06 11:52:57 DEBUG [EmployeeBankingHikariPool:housekeeper] com.zaxxer.hikari.pool.HikariPool - EmployeeBankingHikariPool - Before cleanup stats (total=5/10, idle=5/5, active=0, waiting=0)
2026-08-06 11:52:57 DEBUG [EmployeeBankingHikariPool:housekeeper] com.zaxxer.hikari.pool.HikariPool - EmployeeBankingHikariPool - After  cleanup stats (total=5/10, idle=5/5, active=0, waiting=0)
2026-08-06 11:52:57 DEBUG [EmployeeBankingHikariPool:housekeeper] com.zaxxer.hikari.pool.HikariPool - EmployeeBankingHikariPool - Fill pool skipped, pool has sufficient level or currently being filled.
2026-08-06 11:53:17 DEBUG [EmployeeBankingHikariPool:housekeeper] com.zaxxer.hikari.pool.HikariPool - EmployeeBankingHikariPool - keepalive: connection ConnectionID:16 ClientConnectionId: 4ffb4606-989e-42c9-93cb-bf4e62eeb099 is alive
2026-08-06 11:53:20 DEBUG [EmployeeBankingHikariPool:housekeeper] com.zaxxer.hikari.pool.HikariPool - EmployeeBankingHikariPool - keepalive: connection ConnectionID:18 ClientConnectionId: 997ba24e-9083-4df9-8ace-c18b56b66705 is alive
2026-08-06 11:53:27 DEBUG [EmployeeBankingHikariPool:housekeeper] com.zaxxer.hikari.pool.HikariPool - EmployeeBankingHikariPool - Before cleanup stats (total=5/10, idle=5/5, active=0, waiting=0)
2026-08-06 11:53:27 DEBUG [EmployeeBankingHikariPool:housekeeper] com.zaxxer.hikari.pool.HikariPool - EmployeeBankingHikariPool - After  cleanup stats (total=5/10, idle=5/5, active=0, waiting=0)
2026-08-06 11:53:27 DEBUG [EmployeeBankingHikariPool:housekeeper] com.zaxxer.hikari.pool.HikariPool - EmployeeBankingHikariPool - Fill pool skipped, pool has sufficient level or currently being filled.
2026-08-06 11:53:50 DEBUG [EmployeeBankingHikariPool:housekeeper] com.zaxxer.hikari.pool.HikariPool - EmployeeBankingHikariPool - keepalive: connection ConnectionID:19 ClientConnectionId: 078700d9-bfc0-461a-beec-16851db6ce6a is alive
2026-08-06 11:53:57 DEBUG [EmployeeBankingHikariPool:housekeeper] com.zaxxer.hikari.pool.HikariPool - EmployeeBankingHikariPool - Before cleanup stats (total=5/10, idle=5/5, active=0, waiting=0)
2026-08-06 11:53:57 DEBUG [EmployeeBankingHikariPool:housekeeper] com.zaxxer.hikari.pool.HikariPool - EmployeeBankingHikariPool - After  cleanup stats (total=5/10, idle=5/5, active=0, waiting=0)
2026-08-06 11:53:57 DEBUG [EmployeeBankingHikariPool:housekeeper] com.zaxxer.hikari.pool.HikariPool - EmployeeBankingHikariPool - Fill pool skipped, pool has sufficient level or currently being filled.
2026-08-06 11:54:08 DEBUG [EmployeeBankingHikariPool:housekeeper] com.zaxxer.hikari.pool.HikariPool - EmployeeBankingHikariPool - keepalive: connection ConnectionID:17 ClientConnectionId: db84f989-baa1-4eba-9c70-a1f1dc8c7ece is alive
2026-08-06 11:54:27 DEBUG [EmployeeBankingHikariPool:housekeeper] com.zaxxer.hikari.pool.HikariPool - EmployeeBankingHikariPool - Before cleanup stats (total=5/10, idle=5/5, active=0, waiting=0)
2026-08-06 11:54:27 DEBUG [EmployeeBankingHikariPool:housekeeper] com.zaxxer.hikari.pool.HikariPool - EmployeeBankingHikariPool - After  cleanup stats (total=5/10, idle=5/5, active=0, waiting=0)
2026-08-06 11:54:27 DEBUG [EmployeeBankingHikariPool:housekeeper] com.zaxxer.hikari.pool.HikariPool - EmployeeBankingHikariPool - Fill pool skipped, pool has sufficient level or currently being filled.
2026-08-06 11:54:45 DEBUG [EmployeeBankingHikariPool:housekeeper] com.zaxxer.hikari.pool.HikariPool - EmployeeBankingHikariPool - keepalive: connection ConnectionID:20 ClientConnectionId: fb846085-9988-431c-a773-7b5361cab667 is alive
2026-08-06 11:54:57 DEBUG [EmployeeBankingHikariPool:housekeeper] com.zaxxer.hikari.pool.HikariPool - EmployeeBankingHikariPool - Before cleanup stats (total=5/10, idle=5/5, active=0, waiting=0)
2026-08-06 11:54:57 DEBUG [EmployeeBankingHikariPool:housekeeper] com.zaxxer.hikari.pool.HikariPool - EmployeeBankingHikariPool - After  cleanup stats (total=5/10, idle=5/5, active=0, waiting=0)
2026-08-06 11:54:57 DEBUG [EmployeeBankingHikariPool:housekeeper] com.zaxxer.hikari.pool.HikariPool - EmployeeBankingHikariPool - Fill pool skipped, pool has sufficient level or currently being filled.
2026-08-06 11:55:07 DEBUG [EmployeeBankingHikariPool:housekeeper] com.zaxxer.hikari.pool.HikariPool - EmployeeBankingHikariPool - keepalive: connection ConnectionID:16 ClientConnectionId: 4ffb4606-989e-42c9-93cb-bf4e62eeb099 is alive
2026-08-06 11:55:08 DEBUG [EmployeeBankingHikariPool:housekeeper] com.zaxxer.hikari.pool.HikariPool - EmployeeBankingHikariPool - keepalive: connection ConnectionID:18 ClientConnectionId: 997ba24e-9083-4df9-8ace-c18b56b66705 is alive
2026-08-06 11:55:27 DEBUG [EmployeeBankingHikariPool:housekeeper] com.zaxxer.hikari.pool.HikariPool - EmployeeBankingHikariPool - Before cleanup stats (total=5/10, idle=5/5, active=0, waiting=0)
2026-08-06 11:55:27 DEBUG [EmployeeBankingHikariPool:housekeeper] com.zaxxer.hikari.pool.HikariPool - EmployeeBankingHikariPool - After  cleanup stats (total=5/10, idle=5/5, active=0, waiting=0)
2026-08-06 11:55:27 DEBUG [EmployeeBankingHikariPool:housekeeper] com.zaxxer.hikari.pool.HikariPool - EmployeeBankingHikariPool - Fill pool skipped, pool has sufficient level or currently being filled.
2026-08-06 11:55:39 DEBUG [EmployeeBankingHikariPool:housekeeper] com.zaxxer.hikari.pool.HikariPool - EmployeeBankingHikariPool - keepalive: connection ConnectionID:19 ClientConnectionId: 078700d9-bfc0-461a-beec-16851db6ce6a is alive
2026-08-06 11:55:57 DEBUG [EmployeeBankingHikariPool:housekeeper] com.zaxxer.hikari.pool.HikariPool - EmployeeBankingHikariPool - Before cleanup stats (total=5/10, idle=5/5, active=0, waiting=0)
2026-08-06 11:55:57 DEBUG [EmployeeBankingHikariPool:housekeeper] com.zaxxer.hikari.pool.HikariPool - EmployeeBankingHikariPool - After  cleanup stats (total=5/10, idle=5/5, active=0, waiting=0)
2026-08-06 11:55:57 DEBUG [EmployeeBankingHikariPool:housekeeper] com.zaxxer.hikari.pool.HikariPool - EmployeeBankingHikariPool - Fill pool skipped, pool has sufficient level or currently being filled.
2026-08-06 11:55:57 DEBUG [EmployeeBankingHikariPool:housekeeper] com.zaxxer.hikari.pool.HikariPool - EmployeeBankingHikariPool - keepalive: connection ConnectionID:17 ClientConnectionId: db84f989-baa1-4eba-9c70-a1f1dc8c7ece is alive
2026-08-06 11:56:27 DEBUG [EmployeeBankingHikariPool:housekeeper] com.zaxxer.hikari.pool.HikariPool - EmployeeBankingHikariPool - Before cleanup stats (total=5/10, idle=5/5, active=0, waiting=0)
2026-08-06 11:56:27 DEBUG [EmployeeBankingHikariPool:housekeeper] com.zaxxer.hikari.pool.HikariPool - EmployeeBankingHikariPool - After  cleanup stats (total=5/10, idle=5/5, active=0, waiting=0)
2026-08-06 11:56:27 DEBUG [EmployeeBankingHikariPool:housekeeper] com.zaxxer.hikari.pool.HikariPool - EmployeeBankingHikariPool - Fill pool skipped, pool has sufficient level or currently being filled.
2026-08-06 11:56:35 DEBUG [EmployeeBankingHikariPool:housekeeper] com.zaxxer.hikari.pool.HikariPool - EmployeeBankingHikariPool - keepalive: connection ConnectionID:20 ClientConnectionId: fb846085-9988-431c-a773-7b5361cab667 is alive
2026-08-06 11:56:56 DEBUG [EmployeeBankingHikariPool:housekeeper] com.zaxxer.hikari.pool.HikariPool - EmployeeBankingHikariPool - keepalive: connection ConnectionID:16 ClientConnectionId: 4ffb4606-989e-42c9-93cb-bf4e62eeb099 is alive
2026-08-06 11:56:57 DEBUG [EmployeeBankingHikariPool:housekeeper] com.zaxxer.hikari.pool.HikariPool - EmployeeBankingHikariPool - Before cleanup stats (total=5/10, idle=5/5, active=0, waiting=0)
2026-08-06 11:56:57 DEBUG [EmployeeBankingHikariPool:housekeeper] com.zaxxer.hikari.pool.HikariPool - EmployeeBankingHikariPool - After  cleanup stats (total=5/10, idle=5/5, active=0, waiting=0)
2026-08-06 11:56:57 DEBUG [EmployeeBankingHikariPool:housekeeper] com.zaxxer.hikari.pool.HikariPool - EmployeeBankingHikariPool - Fill pool skipped, pool has sufficient level or currently being filled.
2026-08-06 11:56:57 DEBUG [EmployeeBankingHikariPool:housekeeper] com.zaxxer.hikari.pool.HikariPool - EmployeeBankingHikariPool - keepalive: connection ConnectionID:18 ClientConnectionId: 997ba24e-9083-4df9-8ace-c18b56b66705 is alive
2026-08-06 11:57:27 DEBUG [EmployeeBankingHikariPool:housekeeper] com.zaxxer.hikari.pool.HikariPool - EmployeeBankingHikariPool - Before cleanup stats (total=5/10, idle=5/5, active=0, waiting=0)
2026-08-06 11:57:27 DEBUG [EmployeeBankingHikariPool:housekeeper] com.zaxxer.hikari.pool.HikariPool - EmployeeBankingHikariPool - After  cleanup stats (total=5/10, idle=5/5, active=0, waiting=0)
2026-08-06 11:57:27 DEBUG [EmployeeBankingHikariPool:housekeeper] com.zaxxer.hikari.pool.HikariPool - EmployeeBankingHikariPool - Fill pool skipped, pool has sufficient level or currently being filled.
2026-08-06 11:57:28 DEBUG [EmployeeBankingHikariPool:housekeeper] com.zaxxer.hikari.pool.HikariPool - EmployeeBankingHikariPool - keepalive: connection ConnectionID:19 ClientConnectionId: 078700d9-bfc0-461a-beec-16851db6ce6a is alive
2026-08-06 11:57:46 DEBUG [EmployeeBankingHikariPool:housekeeper] com.zaxxer.hikari.pool.HikariPool - EmployeeBankingHikariPool - keepalive: connection ConnectionID:17 ClientConnectionId: db84f989-baa1-4eba-9c70-a1f1dc8c7ece is alive
2026-08-06 11:57:57 DEBUG [EmployeeBankingHikariPool:housekeeper] com.zaxxer.hikari.pool.HikariPool - EmployeeBankingHikariPool - Before cleanup stats (total=5/10, idle=5/5, active=0, waiting=0)
2026-08-06 11:57:57 DEBUG [EmployeeBankingHikariPool:housekeeper] com.zaxxer.hikari.pool.HikariPool - EmployeeBankingHikariPool - After  cleanup stats (total=5/10, idle=5/5, active=0, waiting=0)
2026-08-06 11:57:57 DEBUG [EmployeeBankingHikariPool:housekeeper] com.zaxxer.hikari.pool.HikariPool - EmployeeBankingHikariPool - Fill pool skipped, pool has sufficient level or currently being filled.
2026-08-06 11:58:26 DEBUG [EmployeeBankingHikariPool:housekeeper] com.zaxxer.hikari.pool.HikariPool - EmployeeBankingHikariPool - keepalive: connection ConnectionID:20 ClientConnectionId: fb846085-9988-431c-a773-7b5361cab667 is alive
2026-08-06 11:58:27 DEBUG [EmployeeBankingHikariPool:housekeeper] com.zaxxer.hikari.pool.HikariPool - EmployeeBankingHikariPool - Before cleanup stats (total=5/10, idle=5/5, active=0, waiting=0)
2026-08-06 11:58:27 DEBUG [EmployeeBankingHikariPool:housekeeper] com.zaxxer.hikari.pool.HikariPool - EmployeeBankingHikariPool - After  cleanup stats (total=5/10, idle=5/5, active=0, waiting=0)
2026-08-06 11:58:27 DEBUG [EmployeeBankingHikariPool:housekeeper] com.zaxxer.hikari.pool.HikariPool - EmployeeBankingHikariPool - Fill pool skipped, pool has sufficient level or currently being filled.
2026-08-06 11:58:46 DEBUG [EmployeeBankingHikariPool:housekeeper] com.zaxxer.hikari.pool.HikariPool - EmployeeBankingHikariPool - keepalive: connection ConnectionID:16 ClientConnectionId: 4ffb4606-989e-42c9-93cb-bf4e62eeb099 is alive
2026-08-06 11:58:46 DEBUG [EmployeeBankingHikariPool:housekeeper] com.zaxxer.hikari.pool.HikariPool - EmployeeBankingHikariPool - keepalive: connection ConnectionID:18 ClientConnectionId: 997ba24e-9083-4df9-8ace-c18b56b66705 is alive
2026-08-06 11:58:57 DEBUG [EmployeeBankingHikariPool:housekeeper] com.zaxxer.hikari.pool.HikariPool - EmployeeBankingHikariPool - Before cleanup stats (total=5/10, idle=5/5, active=0, waiting=0)
2026-08-06 11:58:57 DEBUG [EmployeeBankingHikariPool:housekeeper] com.zaxxer.hikari.pool.HikariPool - EmployeeBankingHikariPool - After  cleanup stats (total=5/10, idle=5/5, active=0, waiting=0)
2026-08-06 11:58:57 DEBUG [EmployeeBankingHikariPool:housekeeper] com.zaxxer.hikari.pool.HikariPool - EmployeeBankingHikariPool - Fill pool skipped, pool has sufficient level or currently being filled.
2026-08-06 11:59:17 DEBUG [EmployeeBankingHikariPool:housekeeper] com.zaxxer.hikari.pool.HikariPool - EmployeeBankingHikariPool - keepalive: connection ConnectionID:19 ClientConnectionId: 078700d9-bfc0-461a-beec-16851db6ce6a is alive
2026-08-06 11:59:27 DEBUG [EmployeeBankingHikariPool:housekeeper] com.zaxxer.hikari.pool.HikariPool - EmployeeBankingHikariPool - Before cleanup stats (total=5/10, idle=5/5, active=0, waiting=0)
2026-08-06 11:59:27 DEBUG [EmployeeBankingHikariPool:housekeeper] com.zaxxer.hikari.pool.HikariPool - EmployeeBankingHikariPool - After  cleanup stats (total=5/10, idle=5/5, active=0, waiting=0)
2026-08-06 11:59:27 DEBUG [EmployeeBankingHikariPool:housekeeper] com.zaxxer.hikari.pool.HikariPool - EmployeeBankingHikariPool - Fill pool skipped, pool has sufficient level or currently being filled.
2026-08-06 11:59:27 DEBUG [EmployeeBankingHikariPool:connection-closer] com.zaxxer.hikari.pool.PoolBase - EmployeeBankingHikariPool - Closing connection ConnectionID:16 ClientConnectionId: 4ffb4606-989e-42c9-93cb-bf4e62eeb099: (connection has passed maxLifetime)
2026-08-06 11:59:27 DEBUG [EmployeeBankingHikariPool:connection-adder] com.zaxxer.hikari.pool.PoolBase - EmployeeBankingHikariPool - Attempting to create/setup new connection (fcf1dc06-977c-436a-b480-50079881f62b)
2026-08-06 11:59:27 DEBUG [EmployeeBankingHikariPool:connection-adder] com.zaxxer.hikari.pool.PoolBase - EmployeeBankingHikariPool - Established new connection (fcf1dc06-977c-436a-b480-50079881f62b)
2026-08-06 11:59:27 DEBUG [EmployeeBankingHikariPool:connection-adder] com.zaxxer.hikari.pool.HikariPool - EmployeeBankingHikariPool - Added connection ConnectionID:21 ClientConnectionId: 0ba02d3e-7362-4ffc-8328-a2437583c522
2026-08-06 11:59:35 DEBUG [EmployeeBankingHikariPool:housekeeper] com.zaxxer.hikari.pool.HikariPool - EmployeeBankingHikariPool - keepalive: connection ConnectionID:17 ClientConnectionId: db84f989-baa1-4eba-9c70-a1f1dc8c7ece is alive
2026-08-06 11:59:57 DEBUG [EmployeeBankingHikariPool:housekeeper] com.zaxxer.hikari.pool.HikariPool - EmployeeBankingHikariPool - Before cleanup stats (total=5/10, idle=5/5, active=0, waiting=0)
2026-08-06 11:59:57 DEBUG [EmployeeBankingHikariPool:housekeeper] com.zaxxer.hikari.pool.HikariPool - EmployeeBankingHikariPool - After  cleanup stats (total=5/10, idle=5/5, active=0, waiting=0)
2026-08-06 11:59:57 DEBUG [EmployeeBankingHikariPool:housekeeper] com.zaxxer.hikari.pool.HikariPool - EmployeeBankingHikariPool - Fill pool skipped, pool has sufficient level or currently being filled.
2026-08-06 12:00:17 DEBUG [EmployeeBankingHikariPool:housekeeper] com.zaxxer.hikari.pool.HikariPool - EmployeeBankingHikariPool - keepalive: connection ConnectionID:20 ClientConnectionId: fb846085-9988-431c-a773-7b5361cab667 is alive
2026-08-06 12:00:27 DEBUG [EmployeeBankingHikariPool:housekeeper] com.zaxxer.hikari.pool.HikariPool - EmployeeBankingHikariPool - Before cleanup stats (total=5/10, idle=5/5, active=0, waiting=0)
2026-08-06 12:00:27 DEBUG [EmployeeBankingHikariPool:housekeeper] com.zaxxer.hikari.pool.HikariPool - EmployeeBankingHikariPool - After  cleanup stats (total=5/10, idle=5/5, active=0, waiting=0)
2026-08-06 12:00:27 DEBUG [EmployeeBankingHikariPool:housekeeper] com.zaxxer.hikari.pool.HikariPool - EmployeeBankingHikariPool - Fill pool skipped, pool has sufficient level or currently being filled.
2026-08-06 12:00:35 DEBUG [EmployeeBankingHikariPool:housekeeper] com.zaxxer.hikari.pool.HikariPool - EmployeeBankingHikariPool - keepalive: connection ConnectionID:18 ClientConnectionId: 997ba24e-9083-4df9-8ace-c18b56b66705 is alive
2026-08-06 12:00:57 DEBUG [EmployeeBankingHikariPool:housekeeper] com.zaxxer.hikari.pool.HikariPool - EmployeeBankingHikariPool - Before cleanup stats (total=5/10, idle=5/5, active=0, waiting=0)
2026-08-06 12:00:57 DEBUG [EmployeeBankingHikariPool:housekeeper] com.zaxxer.hikari.pool.HikariPool - EmployeeBankingHikariPool - After  cleanup stats (total=5/10, idle=5/5, active=0, waiting=0)
2026-08-06 12:00:57 DEBUG [EmployeeBankingHikariPool:housekeeper] com.zaxxer.hikari.pool.HikariPool - EmployeeBankingHikariPool - Fill pool skipped, pool has sufficient level or currently being filled.
2026-08-06 12:01:06 DEBUG [EmployeeBankingHikariPool:housekeeper] com.zaxxer.hikari.pool.HikariPool - EmployeeBankingHikariPool - keepalive: connection ConnectionID:19 ClientConnectionId: 078700d9-bfc0-461a-beec-16851db6ce6a is alive
2026-08-06 12:01:20 DEBUG [EmployeeBankingHikariPool:housekeeper] com.zaxxer.hikari.pool.HikariPool - EmployeeBankingHikariPool - keepalive: connection ConnectionID:21 ClientConnectionId: 0ba02d3e-7362-4ffc-8328-a2437583c522 is alive
2026-08-06 12:01:23 DEBUG [EmployeeBankingHikariPool:housekeeper] com.zaxxer.hikari.pool.HikariPool - EmployeeBankingHikariPool - keepalive: connection ConnectionID:17 ClientConnectionId: db84f989-baa1-4eba-9c70-a1f1dc8c7ece is alive
2026-08-06 12:01:27 DEBUG [EmployeeBankingHikariPool:housekeeper] com.zaxxer.hikari.pool.HikariPool - EmployeeBankingHikariPool - Before cleanup stats (total=5/10, idle=5/5, active=0, waiting=0)
2026-08-06 12:01:27 DEBUG [EmployeeBankingHikariPool:housekeeper] com.zaxxer.hikari.pool.HikariPool - EmployeeBankingHikariPool - After  cleanup stats (total=5/10, idle=5/5, active=0, waiting=0)
2026-08-06 12:01:27 DEBUG [EmployeeBankingHikariPool:housekeeper] com.zaxxer.hikari.pool.HikariPool - EmployeeBankingHikariPool - Fill pool skipped, pool has sufficient level or currently being filled.
2026-08-06 12:01:57 DEBUG [EmployeeBankingHikariPool:housekeeper] com.zaxxer.hikari.pool.HikariPool - EmployeeBankingHikariPool - Before cleanup stats (total=5/10, idle=5/5, active=0, waiting=0)
2026-08-06 12:01:57 DEBUG [EmployeeBankingHikariPool:housekeeper] com.zaxxer.hikari.pool.HikariPool - EmployeeBankingHikariPool - After  cleanup stats (total=5/10, idle=5/5, active=0, waiting=0)
2026-08-06 12:01:57 DEBUG [EmployeeBankingHikariPool:housekeeper] com.zaxxer.hikari.pool.HikariPool - EmployeeBankingHikariPool - Fill pool skipped, pool has sufficient level or currently being filled.
2026-08-06 12:02:07 DEBUG [EmployeeBankingHikariPool:housekeeper] com.zaxxer.hikari.pool.HikariPool - EmployeeBankingHikariPool - keepalive: connection ConnectionID:20 ClientConnectionId: fb846085-9988-431c-a773-7b5361cab667 is alive
2026-08-06 12:02:24 DEBUG [EmployeeBankingHikariPool:housekeeper] com.zaxxer.hikari.pool.HikariPool - EmployeeBankingHikariPool - keepalive: connection ConnectionID:18 ClientConnectionId: 997ba24e-9083-4df9-8ace-c18b56b66705 is alive
2026-08-06 12:02:27 DEBUG [EmployeeBankingHikariPool:housekeeper] com.zaxxer.hikari.pool.HikariPool - EmployeeBankingHikariPool - Before cleanup stats (total=5/10, idle=5/5, active=0, waiting=0)
2026-08-06 12:02:27 DEBUG [EmployeeBankingHikariPool:housekeeper] com.zaxxer.hikari.pool.HikariPool - EmployeeBankingHikariPool - After  cleanup stats (total=5/10, idle=5/5, active=0, waiting=0)
2026-08-06 12:02:27 DEBUG [EmployeeBankingHikariPool:housekeeper] com.zaxxer.hikari.pool.HikariPool - EmployeeBankingHikariPool - Fill pool skipped, pool has sufficient level or currently being filled.
2026-08-06 12:02:54 DEBUG [EmployeeBankingHikariPool:housekeeper] com.zaxxer.hikari.pool.HikariPool - EmployeeBankingHikariPool - keepalive: connection ConnectionID:19 ClientConnectionId: 078700d9-bfc0-461a-beec-16851db6ce6a is alive
2026-08-06 12:02:57 DEBUG [EmployeeBankingHikariPool:housekeeper] com.zaxxer.hikari.pool.HikariPool - EmployeeBankingHikariPool - Before cleanup stats (total=5/10, idle=5/5, active=0, waiting=0)
2026-08-06 12:02:57 DEBUG [EmployeeBankingHikariPool:housekeeper] com.zaxxer.hikari.pool.HikariPool - EmployeeBankingHikariPool - After  cleanup stats (total=5/10, idle=5/5, active=0, waiting=0)
2026-08-06 12:02:57 DEBUG [EmployeeBankingHikariPool:housekeeper] com.zaxxer.hikari.pool.HikariPool - EmployeeBankingHikariPool - Fill pool skipped, pool has sufficient level or currently being filled.
2026-08-06 12:03:12 DEBUG [EmployeeBankingHikariPool:housekeeper] com.zaxxer.hikari.pool.HikariPool - EmployeeBankingHikariPool - keepalive: connection ConnectionID:17 ClientConnectionId: db84f989-baa1-4eba-9c70-a1f1dc8c7ece is alive
2026-08-06 12:03:13 DEBUG [EmployeeBankingHikariPool:housekeeper] com.zaxxer.hikari.pool.HikariPool - EmployeeBankingHikariPool - keepalive: connection ConnectionID:21 ClientConnectionId: 0ba02d3e-7362-4ffc-8328-a2437583c522 is alive
2026-08-06 12:03:27 DEBUG [EmployeeBankingHikariPool:housekeeper] com.zaxxer.hikari.pool.HikariPool - EmployeeBankingHikariPool - Before cleanup stats (total=5/10, idle=5/5, active=0, waiting=0)
2026-08-06 12:03:27 DEBUG [EmployeeBankingHikariPool:housekeeper] com.zaxxer.hikari.pool.HikariPool - EmployeeBankingHikariPool - After  cleanup stats (total=5/10, idle=5/5, active=0, waiting=0)
2026-08-06 12:03:27 DEBUG [EmployeeBankingHikariPool:housekeeper] com.zaxxer.hikari.pool.HikariPool - EmployeeBankingHikariPool - Fill pool skipped, pool has sufficient level or currently being filled.
2026-08-06 12:03:57 DEBUG [EmployeeBankingHikariPool:housekeeper] com.zaxxer.hikari.pool.HikariPool - EmployeeBankingHikariPool - Before cleanup stats (total=5/10, idle=5/5, active=0, waiting=0)
2026-08-06 12:03:57 DEBUG [EmployeeBankingHikariPool:housekeeper] com.zaxxer.hikari.pool.HikariPool - EmployeeBankingHikariPool - After  cleanup stats (total=5/10, idle=5/5, active=0, waiting=0)
2026-08-06 12:03:57 DEBUG [EmployeeBankingHikariPool:housekeeper] com.zaxxer.hikari.pool.HikariPool - EmployeeBankingHikariPool - Fill pool skipped, pool has sufficient level or currently being filled.
2026-08-06 12:03:58 DEBUG [EmployeeBankingHikariPool:housekeeper] com.zaxxer.hikari.pool.HikariPool - EmployeeBankingHikariPool - keepalive: connection ConnectionID:20 ClientConnectionId: fb846085-9988-431c-a773-7b5361cab667 is alive
2026-08-06 12:04:12 DEBUG [EmployeeBankingHikariPool:housekeeper] com.zaxxer.hikari.pool.HikariPool - EmployeeBankingHikariPool - keepalive: connection ConnectionID:18 ClientConnectionId: 997ba24e-9083-4df9-8ace-c18b56b66705 is alive
2026-08-06 12:04:27 DEBUG [EmployeeBankingHikariPool:housekeeper] com.zaxxer.hikari.pool.HikariPool - EmployeeBankingHikariPool - Before cleanup stats (total=5/10, idle=5/5, active=0, waiting=0)
2026-08-06 12:04:27 DEBUG [EmployeeBankingHikariPool:housekeeper] com.zaxxer.hikari.pool.HikariPool - EmployeeBankingHikariPool - After  cleanup stats (total=5/10, idle=5/5, active=0, waiting=0)
2026-08-06 12:04:27 DEBUG [EmployeeBankingHikariPool:housekeeper] com.zaxxer.hikari.pool.HikariPool - EmployeeBankingHikariPool - Fill pool skipped, pool has sufficient level or currently being filled.
2026-08-06 12:04:43 DEBUG [EmployeeBankingHikariPool:housekeeper] com.zaxxer.hikari.pool.HikariPool - EmployeeBankingHikariPool - keepalive: connection ConnectionID:19 ClientConnectionId: 078700d9-bfc0-461a-beec-16851db6ce6a is alive
2026-08-06 12:04:57 DEBUG [EmployeeBankingHikariPool:housekeeper] com.zaxxer.hikari.pool.HikariPool - EmployeeBankingHikariPool - Before cleanup stats (total=5/10, idle=5/5, active=0, waiting=0)
2026-08-06 12:04:57 DEBUG [EmployeeBankingHikariPool:housekeeper] com.zaxxer.hikari.pool.HikariPool - EmployeeBankingHikariPool - After  cleanup stats (total=5/10, idle=5/5, active=0, waiting=0)
2026-08-06 12:04:57 DEBUG [EmployeeBankingHikariPool:housekeeper] com.zaxxer.hikari.pool.HikariPool - EmployeeBankingHikariPool - Fill pool skipped, pool has sufficient level or currently being filled.
2026-08-06 12:05:01 DEBUG [EmployeeBankingHikariPool:housekeeper] com.zaxxer.hikari.pool.HikariPool - EmployeeBankingHikariPool - keepalive: connection ConnectionID:17 ClientConnectionId: db84f989-baa1-4eba-9c70-a1f1dc8c7ece is alive
2026-08-06 12:05:06 DEBUG [EmployeeBankingHikariPool:housekeeper] com.zaxxer.hikari.pool.HikariPool - EmployeeBankingHikariPool - keepalive: connection ConnectionID:21 ClientConnectionId: 0ba02d3e-7362-4ffc-8328-a2437583c522 is alive
2026-08-06 12:05:27 DEBUG [EmployeeBankingHikariPool:housekeeper] com.zaxxer.hikari.pool.HikariPool - EmployeeBankingHikariPool - Before cleanup stats (total=5/10, idle=5/5, active=0, waiting=0)
2026-08-06 12:05:27 DEBUG [EmployeeBankingHikariPool:housekeeper] com.zaxxer.hikari.pool.HikariPool - EmployeeBankingHikariPool - After  cleanup stats (total=5/10, idle=5/5, active=0, waiting=0)
2026-08-06 12:05:27 DEBUG [EmployeeBankingHikariPool:housekeeper] com.zaxxer.hikari.pool.HikariPool - EmployeeBankingHikariPool - Fill pool skipped, pool has sufficient level or currently being filled.
2026-08-06 12:05:40 DEBUG [EmployeeBankingHikariPool:connection-closer] com.zaxxer.hikari.pool.PoolBase - EmployeeBankingHikariPool - Closing connection ConnectionID:19 ClientConnectionId: 078700d9-bfc0-461a-beec-16851db6ce6a: (connection has passed maxLifetime)
2026-08-06 12:05:40 DEBUG [EmployeeBankingHikariPool:connection-adder] com.zaxxer.hikari.pool.PoolBase - EmployeeBankingHikariPool - Attempting to create/setup new connection (18d7c8bc-dda5-4579-82bb-e0cb6dc70240)
2026-08-06 12:05:40 DEBUG [EmployeeBankingHikariPool:connection-adder] com.zaxxer.hikari.pool.PoolBase - EmployeeBankingHikariPool - Established new connection (18d7c8bc-dda5-4579-82bb-e0cb6dc70240)
2026-08-06 12:05:40 DEBUG [EmployeeBankingHikariPool:connection-adder] com.zaxxer.hikari.pool.HikariPool - EmployeeBankingHikariPool - Added connection ConnectionID:22 ClientConnectionId: e1f820e6-fd5a-49b1-9ee3-c9e647408a53
2026-08-06 12:05:48 DEBUG [EmployeeBankingHikariPool:housekeeper] com.zaxxer.hikari.pool.HikariPool - EmployeeBankingHikariPool - keepalive: connection ConnectionID:20 ClientConnectionId: fb846085-9988-431c-a773-7b5361cab667 is alive
2026-08-06 12:05:57 DEBUG [EmployeeBankingHikariPool:housekeeper] com.zaxxer.hikari.pool.HikariPool - EmployeeBankingHikariPool - Before cleanup stats (total=5/10, idle=5/5, active=0, waiting=0)
2026-08-06 12:05:57 DEBUG [EmployeeBankingHikariPool:housekeeper] com.zaxxer.hikari.pool.HikariPool - EmployeeBankingHikariPool - After  cleanup stats (total=5/10, idle=5/5, active=0, waiting=0)
2026-08-06 12:05:57 DEBUG [EmployeeBankingHikariPool:housekeeper] com.zaxxer.hikari.pool.HikariPool - EmployeeBankingHikariPool - Fill pool skipped, pool has sufficient level or currently being filled.
2026-08-06 12:06:01 DEBUG [EmployeeBankingHikariPool:housekeeper] com.zaxxer.hikari.pool.HikariPool - EmployeeBankingHikariPool - keepalive: connection ConnectionID:18 ClientConnectionId: 997ba24e-9083-4df9-8ace-c18b56b66705 is alive
2026-08-06 12:06:27 DEBUG [EmployeeBankingHikariPool:housekeeper] com.zaxxer.hikari.pool.HikariPool - EmployeeBankingHikariPool - Before cleanup stats (total=5/10, idle=5/5, active=0, waiting=0)
2026-08-06 12:06:27 DEBUG [EmployeeBankingHikariPool:housekeeper] com.zaxxer.hikari.pool.HikariPool - EmployeeBankingHikariPool - After  cleanup stats (total=5/10, idle=5/5, active=0, waiting=0)
2026-08-06 12:06:27 DEBUG [EmployeeBankingHikariPool:housekeeper] com.zaxxer.hikari.pool.HikariPool - EmployeeBankingHikariPool - Fill pool skipped, pool has sufficient level or currently being filled.
2026-08-06 12:06:50 DEBUG [EmployeeBankingHikariPool:housekeeper] com.zaxxer.hikari.pool.HikariPool - EmployeeBankingHikariPool - keepalive: connection ConnectionID:17 ClientConnectionId: db84f989-baa1-4eba-9c70-a1f1dc8c7ece is alive
2026-08-06 12:06:57 DEBUG [EmployeeBankingHikariPool:housekeeper] com.zaxxer.hikari.pool.HikariPool - EmployeeBankingHikariPool - Before cleanup stats (total=5/10, idle=5/5, active=0, waiting=0)
2026-08-06 12:06:57 DEBUG [EmployeeBankingHikariPool:housekeeper] com.zaxxer.hikari.pool.HikariPool - EmployeeBankingHikariPool - After  cleanup stats (total=5/10, idle=5/5, active=0, waiting=0)
2026-08-06 12:06:57 DEBUG [EmployeeBankingHikariPool:housekeeper] com.zaxxer.hikari.pool.HikariPool - EmployeeBankingHikariPool - Fill pool skipped, pool has sufficient level or currently being filled.
2026-08-06 12:06:58 DEBUG [EmployeeBankingHikariPool:housekeeper] com.zaxxer.hikari.pool.HikariPool - EmployeeBankingHikariPool - keepalive: connection ConnectionID:21 ClientConnectionId: 0ba02d3e-7362-4ffc-8328-a2437583c522 is alive
2026-08-06 12:07:19 DEBUG [EmployeeBankingHikariPool:housekeeper] com.zaxxer.hikari.pool.HikariPool - EmployeeBankingHikariPool - keepalive: connection ConnectionID:22 ClientConnectionId: e1f820e6-fd5a-49b1-9ee3-c9e647408a53 is alive
2026-08-06 12:07:25 DEBUG [EmployeeBankingHikariPool:connection-closer] com.zaxxer.hikari.pool.PoolBase - EmployeeBankingHikariPool - Closing connection ConnectionID:17 ClientConnectionId: db84f989-baa1-4eba-9c70-a1f1dc8c7ece: (connection has passed maxLifetime)
2026-08-06 12:07:25 DEBUG [EmployeeBankingHikariPool:connection-adder] com.zaxxer.hikari.pool.PoolBase - EmployeeBankingHikariPool - Attempting to create/setup new connection (64ae3478-2ece-4316-ba6b-c4ff12ec377e)
2026-08-06 12:07:25 DEBUG [EmployeeBankingHikariPool:connection-adder] com.zaxxer.hikari.pool.PoolBase - EmployeeBankingHikariPool - Established new connection (64ae3478-2ece-4316-ba6b-c4ff12ec377e)
2026-08-06 12:07:25 DEBUG [EmployeeBankingHikariPool:connection-adder] com.zaxxer.hikari.pool.HikariPool - EmployeeBankingHikariPool - Added connection ConnectionID:23 ClientConnectionId: eb851058-6f9c-4aa7-b6d3-64afc602c49b
2026-08-06 12:07:27 DEBUG [EmployeeBankingHikariPool:housekeeper] com.zaxxer.hikari.pool.HikariPool - EmployeeBankingHikariPool - Before cleanup stats (total=5/10, idle=5/5, active=0, waiting=0)
2026-08-06 12:07:27 DEBUG [EmployeeBankingHikariPool:housekeeper] com.zaxxer.hikari.pool.HikariPool - EmployeeBankingHikariPool - After  cleanup stats (total=5/10, idle=5/5, active=0, waiting=0)
2026-08-06 12:07:27 DEBUG [EmployeeBankingHikariPool:housekeeper] com.zaxxer.hikari.pool.HikariPool - EmployeeBankingHikariPool - Fill pool skipped, pool has sufficient level or currently being filled.
2026-08-06 12:07:39 DEBUG [EmployeeBankingHikariPool:housekeeper] com.zaxxer.hikari.pool.HikariPool - EmployeeBankingHikariPool - keepalive: connection ConnectionID:20 ClientConnectionId: fb846085-9988-431c-a773-7b5361cab667 is alive
2026-08-06 12:07:50 DEBUG [EmployeeBankingHikariPool:housekeeper] com.zaxxer.hikari.pool.HikariPool - EmployeeBankingHikariPool - keepalive: connection ConnectionID:18 ClientConnectionId: 997ba24e-9083-4df9-8ace-c18b56b66705 is alive
2026-08-06 12:07:57 DEBUG [EmployeeBankingHikariPool:housekeeper] com.zaxxer.hikari.pool.HikariPool - EmployeeBankingHikariPool - Before cleanup stats (total=5/10, idle=5/5, active=0, waiting=0)
2026-08-06 12:07:57 DEBUG [EmployeeBankingHikariPool:housekeeper] com.zaxxer.hikari.pool.HikariPool - EmployeeBankingHikariPool - After  cleanup stats (total=5/10, idle=5/5, active=0, waiting=0)
2026-08-06 12:07:57 DEBUG [EmployeeBankingHikariPool:housekeeper] com.zaxxer.hikari.pool.HikariPool - EmployeeBankingHikariPool - Fill pool skipped, pool has sufficient level or currently being filled.
2026-08-06 12:08:27 DEBUG [EmployeeBankingHikariPool:housekeeper] com.zaxxer.hikari.pool.HikariPool - EmployeeBankingHikariPool - Before cleanup stats (total=5/10, idle=5/5, active=0, waiting=0)
2026-08-06 12:08:27 DEBUG [EmployeeBankingHikariPool:housekeeper] com.zaxxer.hikari.pool.HikariPool - EmployeeBankingHikariPool - After  cleanup stats (total=5/10, idle=5/5, active=0, waiting=0)
2026-08-06 12:08:27 DEBUG [EmployeeBankingHikariPool:housekeeper] com.zaxxer.hikari.pool.HikariPool - EmployeeBankingHikariPool - Fill pool skipped, pool has sufficient level or currently being filled.
2026-08-06 12:08:51 DEBUG [EmployeeBankingHikariPool:housekeeper] com.zaxxer.hikari.pool.HikariPool - EmployeeBankingHikariPool - keepalive: connection ConnectionID:21 ClientConnectionId: 0ba02d3e-7362-4ffc-8328-a2437583c522 is alive
2026-08-06 12:08:57 DEBUG [EmployeeBankingHikariPool:housekeeper] com.zaxxer.hikari.pool.HikariPool - EmployeeBankingHikariPool - Before cleanup stats (total=5/10, idle=5/5, active=0, waiting=0)
2026-08-06 12:08:57 DEBUG [EmployeeBankingHikariPool:housekeeper] com.zaxxer.hikari.pool.HikariPool - EmployeeBankingHikariPool - After  cleanup stats (total=5/10, idle=5/5, active=0, waiting=0)
2026-08-06 12:08:57 DEBUG [EmployeeBankingHikariPool:housekeeper] com.zaxxer.hikari.pool.HikariPool - EmployeeBankingHikariPool - Fill pool skipped, pool has sufficient level or currently being filled.
2026-08-06 12:08:57 DEBUG [EmployeeBankingHikariPool:housekeeper] com.zaxxer.hikari.pool.HikariPool - EmployeeBankingHikariPool - keepalive: connection ConnectionID:22 ClientConnectionId: e1f820e6-fd5a-49b1-9ee3-c9e647408a53 is alive
2026-08-06 12:09:15 DEBUG [EmployeeBankingHikariPool:housekeeper] com.zaxxer.hikari.pool.HikariPool - EmployeeBankingHikariPool - keepalive: connection ConnectionID:23 ClientConnectionId: eb851058-6f9c-4aa7-b6d3-64afc602c49b is alive
2026-08-06 12:09:27 DEBUG [EmployeeBankingHikariPool:housekeeper] com.zaxxer.hikari.pool.HikariPool - EmployeeBankingHikariPool - Before cleanup stats (total=5/10, idle=5/5, active=0, waiting=0)
2026-08-06 12:09:27 DEBUG [EmployeeBankingHikariPool:housekeeper] com.zaxxer.hikari.pool.HikariPool - EmployeeBankingHikariPool - After  cleanup stats (total=5/10, idle=5/5, active=0, waiting=0)
2026-08-06 12:09:27 DEBUG [EmployeeBankingHikariPool:housekeeper] com.zaxxer.hikari.pool.HikariPool - EmployeeBankingHikariPool - Fill pool skipped, pool has sufficient level or currently being filled.
2026-08-06 12:09:30 DEBUG [EmployeeBankingHikariPool:housekeeper] com.zaxxer.hikari.pool.HikariPool - EmployeeBankingHikariPool - keepalive: connection ConnectionID:20 ClientConnectionId: fb846085-9988-431c-a773-7b5361cab667 is alive
2026-08-06 12:09:39 DEBUG [EmployeeBankingHikariPool:housekeeper] com.zaxxer.hikari.pool.HikariPool - EmployeeBankingHikariPool - keepalive: connection ConnectionID:18 ClientConnectionId: 997ba24e-9083-4df9-8ace-c18b56b66705 is alive
2026-08-06 12:09:57 DEBUG [EmployeeBankingHikariPool:housekeeper] com.zaxxer.hikari.pool.HikariPool - EmployeeBankingHikariPool - Before cleanup stats (total=5/10, idle=5/5, active=0, waiting=0)
2026-08-06 12:09:57 DEBUG [EmployeeBankingHikariPool:housekeeper] com.zaxxer.hikari.pool.HikariPool - EmployeeBankingHikariPool - After  cleanup stats (total=5/10, idle=5/5, active=0, waiting=0)
2026-08-06 12:09:57 DEBUG [EmployeeBankingHikariPool:housekeeper] com.zaxxer.hikari.pool.HikariPool - EmployeeBankingHikariPool - Fill pool skipped, pool has sufficient level or currently being filled.
2026-08-06 12:10:24 DEBUG [EmployeeBankingHikariPool:connection-closer] com.zaxxer.hikari.pool.PoolBase - EmployeeBankingHikariPool - Closing connection ConnectionID:18 ClientConnectionId: 997ba24e-9083-4df9-8ace-c18b56b66705: (connection has passed maxLifetime)
2026-08-06 12:10:24 DEBUG [EmployeeBankingHikariPool:connection-adder] com.zaxxer.hikari.pool.PoolBase - EmployeeBankingHikariPool - Attempting to create/setup new connection (077dfa42-1ef9-4579-a686-4c89c9a6f50c)
2026-08-06 12:10:25 DEBUG [EmployeeBankingHikariPool:connection-adder] com.zaxxer.hikari.pool.PoolBase - EmployeeBankingHikariPool - Established new connection (077dfa42-1ef9-4579-a686-4c89c9a6f50c)
2026-08-06 12:10:25 DEBUG [EmployeeBankingHikariPool:connection-adder] com.zaxxer.hikari.pool.HikariPool - EmployeeBankingHikariPool - Added connection ConnectionID:24 ClientConnectionId: 7a9d0f2a-eb8b-4bdd-ad55-222cf332aae8
2026-08-06 12:10:27 DEBUG [EmployeeBankingHikariPool:housekeeper] com.zaxxer.hikari.pool.HikariPool - EmployeeBankingHikariPool - Before cleanup stats (total=5/10, idle=5/5, active=0, waiting=0)
2026-08-06 12:10:27 DEBUG [EmployeeBankingHikariPool:housekeeper] com.zaxxer.hikari.pool.HikariPool - EmployeeBankingHikariPool - After  cleanup stats (total=5/10, idle=5/5, active=0, waiting=0)
2026-08-06 12:10:27 DEBUG [EmployeeBankingHikariPool:housekeeper] com.zaxxer.hikari.pool.HikariPool - EmployeeBankingHikariPool - Fill pool skipped, pool has sufficient level or currently being filled.
2026-08-06 12:10:36 DEBUG [EmployeeBankingHikariPool:housekeeper] com.zaxxer.hikari.pool.HikariPool - EmployeeBankingHikariPool - keepalive: connection ConnectionID:22 ClientConnectionId: e1f820e6-fd5a-49b1-9ee3-c9e647408a53 is alive
2026-08-06 12:10:44 DEBUG [EmployeeBankingHikariPool:housekeeper] com.zaxxer.hikari.pool.HikariPool - EmployeeBankingHikariPool - keepalive: connection ConnectionID:21 ClientConnectionId: 0ba02d3e-7362-4ffc-8328-a2437583c522 is alive
2026-08-06 12:10:57 DEBUG [EmployeeBankingHikariPool:housekeeper] com.zaxxer.hikari.pool.HikariPool - EmployeeBankingHikariPool - Before cleanup stats (total=5/10, idle=5/5, active=0, waiting=0)
2026-08-06 12:10:57 DEBUG [EmployeeBankingHikariPool:housekeeper] com.zaxxer.hikari.pool.HikariPool - EmployeeBankingHikariPool - After  cleanup stats (total=5/10, idle=5/5, active=0, waiting=0)
2026-08-06 12:10:57 DEBUG [EmployeeBankingHikariPool:housekeeper] com.zaxxer.hikari.pool.HikariPool - EmployeeBankingHikariPool - Fill pool skipped, pool has sufficient level or currently being filled.
2026-08-06 12:11:04 DEBUG [EmployeeBankingHikariPool:housekeeper] com.zaxxer.hikari.pool.HikariPool - EmployeeBankingHikariPool - keepalive: connection ConnectionID:23 ClientConnectionId: eb851058-6f9c-4aa7-b6d3-64afc602c49b is alive
2026-08-06 12:11:20 DEBUG [EmployeeBankingHikariPool:housekeeper] com.zaxxer.hikari.pool.HikariPool - EmployeeBankingHikariPool - keepalive: connection ConnectionID:20 ClientConnectionId: fb846085-9988-431c-a773-7b5361cab667 is alive
2026-08-06 12:11:27 DEBUG [EmployeeBankingHikariPool:housekeeper] com.zaxxer.hikari.pool.HikariPool - EmployeeBankingHikariPool - Before cleanup stats (total=5/10, idle=5/5, active=0, waiting=0)
2026-08-06 12:11:27 DEBUG [EmployeeBankingHikariPool:housekeeper] com.zaxxer.hikari.pool.HikariPool - EmployeeBankingHikariPool - After  cleanup stats (total=5/10, idle=5/5, active=0, waiting=0)
2026-08-06 12:11:27 DEBUG [EmployeeBankingHikariPool:housekeeper] com.zaxxer.hikari.pool.HikariPool - EmployeeBankingHikariPool - Fill pool skipped, pool has sufficient level or currently being filled.
2026-08-06 12:11:57 DEBUG [EmployeeBankingHikariPool:housekeeper] com.zaxxer.hikari.pool.HikariPool - EmployeeBankingHikariPool - Before cleanup stats (total=5/10, idle=5/5, active=0, waiting=0)
2026-08-06 12:11:57 DEBUG [EmployeeBankingHikariPool:housekeeper] com.zaxxer.hikari.pool.HikariPool - EmployeeBankingHikariPool - After  cleanup stats (total=5/10, idle=5/5, active=0, waiting=0)
2026-08-06 12:11:57 DEBUG [EmployeeBankingHikariPool:housekeeper] com.zaxxer.hikari.pool.HikariPool - EmployeeBankingHikariPool - Fill pool skipped, pool has sufficient level or currently being filled.
2026-08-06 12:12:15 DEBUG [EmployeeBankingHikariPool:housekeeper] com.zaxxer.hikari.pool.HikariPool - EmployeeBankingHikariPool - keepalive: connection ConnectionID:22 ClientConnectionId: e1f820e6-fd5a-49b1-9ee3-c9e647408a53 is alive
2026-08-06 12:12:23 DEBUG [EmployeeBankingHikariPool:housekeeper] com.zaxxer.hikari.pool.HikariPool - EmployeeBankingHikariPool - keepalive: connection ConnectionID:24 ClientConnectionId: 7a9d0f2a-eb8b-4bdd-ad55-222cf332aae8 is alive
2026-08-06 12:12:27 DEBUG [EmployeeBankingHikariPool:housekeeper] com.zaxxer.hikari.pool.HikariPool - EmployeeBankingHikariPool - Before cleanup stats (total=5/10, idle=5/5, active=0, waiting=0)
2026-08-06 12:12:27 DEBUG [EmployeeBankingHikariPool:housekeeper] com.zaxxer.hikari.pool.HikariPool - EmployeeBankingHikariPool - After  cleanup stats (total=5/10, idle=5/5, active=0, waiting=0)
2026-08-06 12:12:27 DEBUG [EmployeeBankingHikariPool:housekeeper] com.zaxxer.hikari.pool.HikariPool - EmployeeBankingHikariPool - Fill pool skipped, pool has sufficient level or currently being filled.
2026-08-06 12:12:36 DEBUG [EmployeeBankingHikariPool:housekeeper] com.zaxxer.hikari.pool.HikariPool - EmployeeBankingHikariPool - keepalive: connection ConnectionID:21 ClientConnectionId: 0ba02d3e-7362-4ffc-8328-a2437583c522 is alive
2026-08-06 12:12:54 DEBUG [EmployeeBankingHikariPool:housekeeper] com.zaxxer.hikari.pool.HikariPool - EmployeeBankingHikariPool - keepalive: connection ConnectionID:23 ClientConnectionId: eb851058-6f9c-4aa7-b6d3-64afc602c49b is alive
2026-08-06 12:12:57 DEBUG [EmployeeBankingHikariPool:housekeeper] com.zaxxer.hikari.pool.HikariPool - EmployeeBankingHikariPool - Before cleanup stats (total=5/10, idle=5/5, active=0, waiting=0)
2026-08-06 12:12:57 DEBUG [EmployeeBankingHikariPool:housekeeper] com.zaxxer.hikari.pool.HikariPool - EmployeeBankingHikariPool - After  cleanup stats (total=5/10, idle=5/5, active=0, waiting=0)
2026-08-06 12:12:57 DEBUG [EmployeeBankingHikariPool:housekeeper] com.zaxxer.hikari.pool.HikariPool - EmployeeBankingHikariPool - Fill pool skipped, pool has sufficient level or currently being filled.
2026-08-06 12:13:11 DEBUG [EmployeeBankingHikariPool:housekeeper] com.zaxxer.hikari.pool.HikariPool - EmployeeBankingHikariPool - keepalive: connection ConnectionID:20 ClientConnectionId: fb846085-9988-431c-a773-7b5361cab667 is alive
2026-08-06 12:13:27 DEBUG [EmployeeBankingHikariPool:housekeeper] com.zaxxer.hikari.pool.HikariPool - EmployeeBankingHikariPool - Before cleanup stats (total=5/10, idle=5/5, active=0, waiting=0)
2026-08-06 12:13:27 DEBUG [EmployeeBankingHikariPool:housekeeper] com.zaxxer.hikari.pool.HikariPool - EmployeeBankingHikariPool - After  cleanup stats (total=5/10, idle=5/5, active=0, waiting=0)
2026-08-06 12:13:27 DEBUG [EmployeeBankingHikariPool:housekeeper] com.zaxxer.hikari.pool.HikariPool - EmployeeBankingHikariPool - Fill pool skipped, pool has sufficient level or currently being filled.
2026-08-06 12:13:54 DEBUG [EmployeeBankingHikariPool:housekeeper] com.zaxxer.hikari.pool.HikariPool - EmployeeBankingHikariPool - keepalive: connection ConnectionID:22 ClientConnectionId: e1f820e6-fd5a-49b1-9ee3-c9e647408a53 is alive
2026-08-06 12:13:57 DEBUG [EmployeeBankingHikariPool:housekeeper] com.zaxxer.hikari.pool.HikariPool - EmployeeBankingHikariPool - Before cleanup stats (total=5/10, idle=5/5, active=0, waiting=0)
2026-08-06 12:13:57 DEBUG [EmployeeBankingHikariPool:housekeeper] com.zaxxer.hikari.pool.HikariPool - EmployeeBankingHikariPool - After  cleanup stats (total=5/10, idle=5/5, active=0, waiting=0)
2026-08-06 12:13:57 DEBUG [EmployeeBankingHikariPool:housekeeper] com.zaxxer.hikari.pool.HikariPool - EmployeeBankingHikariPool - Fill pool skipped, pool has sufficient level or currently being filled.
2026-08-06 12:14:21 DEBUG [EmployeeBankingHikariPool:housekeeper] com.zaxxer.hikari.pool.HikariPool - EmployeeBankingHikariPool - keepalive: connection ConnectionID:24 ClientConnectionId: 7a9d0f2a-eb8b-4bdd-ad55-222cf332aae8 is alive
2026-08-06 12:14:27 DEBUG [EmployeeBankingHikariPool:housekeeper] com.zaxxer.hikari.pool.HikariPool - EmployeeBankingHikariPool - Before cleanup stats (total=5/10, idle=5/5, active=0, waiting=0)
2026-08-06 12:14:27 DEBUG [EmployeeBankingHikariPool:housekeeper] com.zaxxer.hikari.pool.HikariPool - EmployeeBankingHikariPool - After  cleanup stats (total=5/10, idle=5/5, active=0, waiting=0)
2026-08-06 12:14:27 DEBUG [EmployeeBankingHikariPool:housekeeper] com.zaxxer.hikari.pool.HikariPool - EmployeeBankingHikariPool - Fill pool skipped, pool has sufficient level or currently being filled.
2026-08-06 12:14:29 DEBUG [EmployeeBankingHikariPool:housekeeper] com.zaxxer.hikari.pool.HikariPool - EmployeeBankingHikariPool - keepalive: connection ConnectionID:21 ClientConnectionId: 0ba02d3e-7362-4ffc-8328-a2437583c522 is alive
2026-08-06 12:14:43 DEBUG [EmployeeBankingHikariPool:housekeeper] com.zaxxer.hikari.pool.HikariPool - EmployeeBankingHikariPool - keepalive: connection ConnectionID:23 ClientConnectionId: eb851058-6f9c-4aa7-b6d3-64afc602c49b is alive
2026-08-06 12:14:57 DEBUG [EmployeeBankingHikariPool:housekeeper] com.zaxxer.hikari.pool.HikariPool - EmployeeBankingHikariPool - Before cleanup stats (total=5/10, idle=5/5, active=0, waiting=0)
2026-08-06 12:14:57 DEBUG [EmployeeBankingHikariPool:housekeeper] com.zaxxer.hikari.pool.HikariPool - EmployeeBankingHikariPool - After  cleanup stats (total=5/10, idle=5/5, active=0, waiting=0)
2026-08-06 12:14:57 DEBUG [EmployeeBankingHikariPool:housekeeper] com.zaxxer.hikari.pool.HikariPool - EmployeeBankingHikariPool - Fill pool skipped, pool has sufficient level or currently being filled.
2026-08-06 12:15:01 DEBUG [EmployeeBankingHikariPool:housekeeper] com.zaxxer.hikari.pool.HikariPool - EmployeeBankingHikariPool - keepalive: connection ConnectionID:20 ClientConnectionId: fb846085-9988-431c-a773-7b5361cab667 is alive
2026-08-06 12:15:27 DEBUG [EmployeeBankingHikariPool:housekeeper] com.zaxxer.hikari.pool.HikariPool - EmployeeBankingHikariPool - Before cleanup stats (total=5/10, idle=5/5, active=0, waiting=0)
2026-08-06 12:15:27 DEBUG [EmployeeBankingHikariPool:housekeeper] com.zaxxer.hikari.pool.HikariPool - EmployeeBankingHikariPool - After  cleanup stats (total=5/10, idle=5/5, active=0, waiting=0)
2026-08-06 12:15:27 DEBUG [EmployeeBankingHikariPool:housekeeper] com.zaxxer.hikari.pool.HikariPool - EmployeeBankingHikariPool - Fill pool skipped, pool has sufficient level or currently being filled.
2026-08-06 12:15:32 DEBUG [EmployeeBankingHikariPool:housekeeper] com.zaxxer.hikari.pool.HikariPool - EmployeeBankingHikariPool - keepalive: connection ConnectionID:22 ClientConnectionId: e1f820e6-fd5a-49b1-9ee3-c9e647408a53 is alive
2026-08-06 12:15:57 DEBUG [EmployeeBankingHikariPool:housekeeper] com.zaxxer.hikari.pool.HikariPool - EmployeeBankingHikariPool - Before cleanup stats (total=5/10, idle=5/5, active=0, waiting=0)
2026-08-06 12:15:57 DEBUG [EmployeeBankingHikariPool:housekeeper] com.zaxxer.hikari.pool.HikariPool - EmployeeBankingHikariPool - After  cleanup stats (total=5/10, idle=5/5, active=0, waiting=0)
2026-08-06 12:15:57 DEBUG [EmployeeBankingHikariPool:housekeeper] com.zaxxer.hikari.pool.HikariPool - EmployeeBankingHikariPool - Fill pool skipped, pool has sufficient level or currently being filled.
2026-08-06 12:16:20 DEBUG [EmployeeBankingHikariPool:housekeeper] com.zaxxer.hikari.pool.HikariPool - EmployeeBankingHikariPool - keepalive: connection ConnectionID:24 ClientConnectionId: 7a9d0f2a-eb8b-4bdd-ad55-222cf332aae8 is alive
2026-08-06 12:16:22 DEBUG [EmployeeBankingHikariPool:housekeeper] com.zaxxer.hikari.pool.HikariPool - EmployeeBankingHikariPool - keepalive: connection ConnectionID:21 ClientConnectionId: 0ba02d3e-7362-4ffc-8328-a2437583c522 is alive
2026-08-06 12:16:27 DEBUG [EmployeeBankingHikariPool:housekeeper] com.zaxxer.hikari.pool.HikariPool - EmployeeBankingHikariPool - Before cleanup stats (total=5/10, idle=5/5, active=0, waiting=0)
2026-08-06 12:16:27 DEBUG [EmployeeBankingHikariPool:housekeeper] com.zaxxer.hikari.pool.HikariPool - EmployeeBankingHikariPool - After  cleanup stats (total=5/10, idle=5/5, active=0, waiting=0)
2026-08-06 12:16:27 DEBUG [EmployeeBankingHikariPool:housekeeper] com.zaxxer.hikari.pool.HikariPool - EmployeeBankingHikariPool - Fill pool skipped, pool has sufficient level or currently being filled.
2026-08-06 12:16:33 DEBUG [EmployeeBankingHikariPool:housekeeper] com.zaxxer.hikari.pool.HikariPool - EmployeeBankingHikariPool - keepalive: connection ConnectionID:23 ClientConnectionId: eb851058-6f9c-4aa7-b6d3-64afc602c49b is alive
2026-08-06 12:16:52 DEBUG [EmployeeBankingHikariPool:housekeeper] com.zaxxer.hikari.pool.HikariPool - EmployeeBankingHikariPool - keepalive: connection ConnectionID:20 ClientConnectionId: fb846085-9988-431c-a773-7b5361cab667 is alive
2026-08-06 12:16:53 DEBUG [EmployeeBankingHikariPool:connection-closer] com.zaxxer.hikari.pool.PoolBase - EmployeeBankingHikariPool - Closing connection ConnectionID:20 ClientConnectionId: fb846085-9988-431c-a773-7b5361cab667: (connection has passed maxLifetime)
2026-08-06 12:16:53 DEBUG [EmployeeBankingHikariPool:connection-adder] com.zaxxer.hikari.pool.PoolBase - EmployeeBankingHikariPool - Attempting to create/setup new connection (38b70c66-a58d-43f6-a7e2-b0f766a67cf2)
2026-08-06 12:16:53 DEBUG [EmployeeBankingHikariPool:connection-adder] com.zaxxer.hikari.pool.PoolBase - EmployeeBankingHikariPool - Established new connection (38b70c66-a58d-43f6-a7e2-b0f766a67cf2)
2026-08-06 12:16:53 DEBUG [EmployeeBankingHikariPool:connection-adder] com.zaxxer.hikari.pool.HikariPool - EmployeeBankingHikariPool - Added connection ConnectionID:25 ClientConnectionId: 98b51cbe-9363-4e74-9164-4082f1e8aab8
2026-08-06 12:16:57 DEBUG [EmployeeBankingHikariPool:housekeeper] com.zaxxer.hikari.pool.HikariPool - EmployeeBankingHikariPool - Before cleanup stats (total=5/10, idle=5/5, active=0, waiting=0)
2026-08-06 12:16:57 DEBUG [EmployeeBankingHikariPool:housekeeper] com.zaxxer.hikari.pool.HikariPool - EmployeeBankingHikariPool - After  cleanup stats (total=5/10, idle=5/5, active=0, waiting=0)
2026-08-06 12:16:57 DEBUG [EmployeeBankingHikariPool:housekeeper] com.zaxxer.hikari.pool.HikariPool - EmployeeBankingHikariPool - Fill pool skipped, pool has sufficient level or currently being filled.
2026-08-06 12:17:11 DEBUG [EmployeeBankingHikariPool:housekeeper] com.zaxxer.hikari.pool.HikariPool - EmployeeBankingHikariPool - keepalive: connection ConnectionID:22 ClientConnectionId: e1f820e6-fd5a-49b1-9ee3-c9e647408a53 is alive
2026-08-06 12:17:27 DEBUG [EmployeeBankingHikariPool:housekeeper] com.zaxxer.hikari.pool.HikariPool - EmployeeBankingHikariPool - Before cleanup stats (total=5/10, idle=5/5, active=0, waiting=0)
2026-08-06 12:17:27 DEBUG [EmployeeBankingHikariPool:housekeeper] com.zaxxer.hikari.pool.HikariPool - EmployeeBankingHikariPool - After  cleanup stats (total=5/10, idle=5/5, active=0, waiting=0)
2026-08-06 12:17:27 DEBUG [EmployeeBankingHikariPool:housekeeper] com.zaxxer.hikari.pool.HikariPool - EmployeeBankingHikariPool - Fill pool skipped, pool has sufficient level or currently being filled.
2026-08-06 12:17:57 DEBUG [EmployeeBankingHikariPool:housekeeper] com.zaxxer.hikari.pool.HikariPool - EmployeeBankingHikariPool - Before cleanup stats (total=5/10, idle=5/5, active=0, waiting=0)
2026-08-06 12:17:57 DEBUG [EmployeeBankingHikariPool:housekeeper] com.zaxxer.hikari.pool.HikariPool - EmployeeBankingHikariPool - After  cleanup stats (total=5/10, idle=5/5, active=0, waiting=0)
2026-08-06 12:17:57 DEBUG [EmployeeBankingHikariPool:housekeeper] com.zaxxer.hikari.pool.HikariPool - EmployeeBankingHikariPool - Fill pool skipped, pool has sufficient level or currently being filled.
2026-08-06 12:18:15 DEBUG [EmployeeBankingHikariPool:housekeeper] com.zaxxer.hikari.pool.HikariPool - EmployeeBankingHikariPool - keepalive: connection ConnectionID:21 ClientConnectionId: 0ba02d3e-7362-4ffc-8328-a2437583c522 is alive
2026-08-06 12:18:18 DEBUG [EmployeeBankingHikariPool:housekeeper] com.zaxxer.hikari.pool.HikariPool - EmployeeBankingHikariPool - keepalive: connection ConnectionID:24 ClientConnectionId: 7a9d0f2a-eb8b-4bdd-ad55-222cf332aae8 is alive
2026-08-06 12:18:22 DEBUG [EmployeeBankingHikariPool:housekeeper] com.zaxxer.hikari.pool.HikariPool - EmployeeBankingHikariPool - keepalive: connection ConnectionID:23 ClientConnectionId: eb851058-6f9c-4aa7-b6d3-64afc602c49b is alive
2026-08-06 12:18:27 DEBUG [EmployeeBankingHikariPool:housekeeper] com.zaxxer.hikari.pool.HikariPool - EmployeeBankingHikariPool - Before cleanup stats (total=5/10, idle=5/5, active=0, waiting=0)
2026-08-06 12:18:27 DEBUG [EmployeeBankingHikariPool:housekeeper] com.zaxxer.hikari.pool.HikariPool - EmployeeBankingHikariPool - After  cleanup stats (total=5/10, idle=5/5, active=0, waiting=0)
2026-08-06 12:18:27 DEBUG [EmployeeBankingHikariPool:housekeeper] com.zaxxer.hikari.pool.HikariPool - EmployeeBankingHikariPool - Fill pool skipped, pool has sufficient level or currently being filled.
2026-08-06 12:18:30 DEBUG [EmployeeBankingHikariPool:housekeeper] com.zaxxer.hikari.pool.HikariPool - EmployeeBankingHikariPool - keepalive: connection ConnectionID:25 ClientConnectionId: 98b51cbe-9363-4e74-9164-4082f1e8aab8 is alive
2026-08-06 12:18:50 DEBUG [EmployeeBankingHikariPool:housekeeper] com.zaxxer.hikari.pool.HikariPool - EmployeeBankingHikariPool - keepalive: connection ConnectionID:22 ClientConnectionId: e1f820e6-fd5a-49b1-9ee3-c9e647408a53 is alive
2026-08-06 12:18:57 DEBUG [EmployeeBankingHikariPool:housekeeper] com.zaxxer.hikari.pool.HikariPool - EmployeeBankingHikariPool - Before cleanup stats (total=5/10, idle=5/5, active=0, waiting=0)
2026-08-06 12:18:57 DEBUG [EmployeeBankingHikariPool:housekeeper] com.zaxxer.hikari.pool.HikariPool - EmployeeBankingHikariPool - After  cleanup stats (total=5/10, idle=5/5, active=0, waiting=0)
2026-08-06 12:18:57 DEBUG [EmployeeBankingHikariPool:housekeeper] com.zaxxer.hikari.pool.HikariPool - EmployeeBankingHikariPool - Fill pool skipped, pool has sufficient level or currently being filled.
2026-08-06 12:19:27 DEBUG [EmployeeBankingHikariPool:housekeeper] com.zaxxer.hikari.pool.HikariPool - EmployeeBankingHikariPool - Before cleanup stats (total=5/10, idle=5/5, active=0, waiting=0)
2026-08-06 12:19:27 DEBUG [EmployeeBankingHikariPool:housekeeper] com.zaxxer.hikari.pool.HikariPool - EmployeeBankingHikariPool - After  cleanup stats (total=5/10, idle=5/5, active=0, waiting=0)
2026-08-06 12:19:27 DEBUG [EmployeeBankingHikariPool:housekeeper] com.zaxxer.hikari.pool.HikariPool - EmployeeBankingHikariPool - Fill pool skipped, pool has sufficient level or currently being filled.
2026-08-06 12:19:57 DEBUG [EmployeeBankingHikariPool:housekeeper] com.zaxxer.hikari.pool.HikariPool - EmployeeBankingHikariPool - Before cleanup stats (total=5/10, idle=5/5, active=0, waiting=0)
2026-08-06 12:19:57 DEBUG [EmployeeBankingHikariPool:housekeeper] com.zaxxer.hikari.pool.HikariPool - EmployeeBankingHikariPool - After  cleanup stats (total=5/10, idle=5/5, active=0, waiting=0)
2026-08-06 12:19:57 DEBUG [EmployeeBankingHikariPool:housekeeper] com.zaxxer.hikari.pool.HikariPool - EmployeeBankingHikariPool - Fill pool skipped, pool has sufficient level or currently being filled.
2026-08-06 12:20:06 DEBUG [EmployeeBankingHikariPool:housekeeper] com.zaxxer.hikari.pool.HikariPool - EmployeeBankingHikariPool - keepalive: connection ConnectionID:25 ClientConnectionId: 98b51cbe-9363-4e74-9164-4082f1e8aab8 is alive
2026-08-06 12:20:07 DEBUG [EmployeeBankingHikariPool:housekeeper] com.zaxxer.hikari.pool.HikariPool - EmployeeBankingHikariPool - keepalive: connection ConnectionID:21 ClientConnectionId: 0ba02d3e-7362-4ffc-8328-a2437583c522 is alive
2026-08-06 12:20:11 DEBUG [EmployeeBankingHikariPool:housekeeper] com.zaxxer.hikari.pool.HikariPool - EmployeeBankingHikariPool - keepalive: connection ConnectionID:23 ClientConnectionId: eb851058-6f9c-4aa7-b6d3-64afc602c49b is alive
2026-08-06 12:20:16 DEBUG [EmployeeBankingHikariPool:housekeeper] com.zaxxer.hikari.pool.HikariPool - EmployeeBankingHikariPool - keepalive: connection ConnectionID:24 ClientConnectionId: 7a9d0f2a-eb8b-4bdd-ad55-222cf332aae8 is alive
2026-08-06 12:20:27 DEBUG [EmployeeBankingHikariPool:housekeeper] com.zaxxer.hikari.pool.HikariPool - EmployeeBankingHikariPool - Before cleanup stats (total=5/10, idle=5/5, active=0, waiting=0)
2026-08-06 12:20:27 DEBUG [EmployeeBankingHikariPool:housekeeper] com.zaxxer.hikari.pool.HikariPool - EmployeeBankingHikariPool - After  cleanup stats (total=5/10, idle=5/5, active=0, waiting=0)
2026-08-06 12:20:27 DEBUG [EmployeeBankingHikariPool:housekeeper] com.zaxxer.hikari.pool.HikariPool - EmployeeBankingHikariPool - Fill pool skipped, pool has sufficient level or currently being filled.
2026-08-06 12:20:28 DEBUG [EmployeeBankingHikariPool:housekeeper] com.zaxxer.hikari.pool.HikariPool - EmployeeBankingHikariPool - keepalive: connection ConnectionID:22 ClientConnectionId: e1f820e6-fd5a-49b1-9ee3-c9e647408a53 is alive
2026-08-06 12:20:57 DEBUG [EmployeeBankingHikariPool:housekeeper] com.zaxxer.hikari.pool.HikariPool - EmployeeBankingHikariPool - Before cleanup stats (total=5/10, idle=5/5, active=0, waiting=0)
2026-08-06 12:20:57 DEBUG [EmployeeBankingHikariPool:housekeeper] com.zaxxer.hikari.pool.HikariPool - EmployeeBankingHikariPool - After  cleanup stats (total=5/10, idle=5/5, active=0, waiting=0)
2026-08-06 12:20:57 DEBUG [EmployeeBankingHikariPool:housekeeper] com.zaxxer.hikari.pool.HikariPool - EmployeeBankingHikariPool - Fill pool skipped, pool has sufficient level or currently being filled.
2026-08-06 12:21:27 DEBUG [EmployeeBankingHikariPool:housekeeper] com.zaxxer.hikari.pool.HikariPool - EmployeeBankingHikariPool - Before cleanup stats (total=5/10, idle=5/5, active=0, waiting=0)
2026-08-06 12:21:27 DEBUG [EmployeeBankingHikariPool:housekeeper] com.zaxxer.hikari.pool.HikariPool - EmployeeBankingHikariPool - After  cleanup stats (total=5/10, idle=5/5, active=0, waiting=0)
2026-08-06 12:21:27 DEBUG [EmployeeBankingHikariPool:housekeeper] com.zaxxer.hikari.pool.HikariPool - EmployeeBankingHikariPool - Fill pool skipped, pool has sufficient level or currently being filled.
2026-08-06 12:21:42 DEBUG [EmployeeBankingHikariPool:housekeeper] com.zaxxer.hikari.pool.HikariPool - EmployeeBankingHikariPool - keepalive: connection ConnectionID:25 ClientConnectionId: 98b51cbe-9363-4e74-9164-4082f1e8aab8 is alive
2026-08-06 12:21:57 DEBUG [EmployeeBankingHikariPool:housekeeper] com.zaxxer.hikari.pool.HikariPool - EmployeeBankingHikariPool - Before cleanup stats (total=5/10, idle=5/5, active=0, waiting=0)
2026-08-06 12:21:57 DEBUG [EmployeeBankingHikariPool:housekeeper] com.zaxxer.hikari.pool.HikariPool - EmployeeBankingHikariPool - After  cleanup stats (total=5/10, idle=5/5, active=0, waiting=0)
2026-08-06 12:21:57 DEBUG [EmployeeBankingHikariPool:housekeeper] com.zaxxer.hikari.pool.HikariPool - EmployeeBankingHikariPool - Fill pool skipped, pool has sufficient level or currently being filled.
2026-08-06 12:22:00 DEBUG [EmployeeBankingHikariPool:housekeeper] com.zaxxer.hikari.pool.HikariPool - EmployeeBankingHikariPool - keepalive: connection ConnectionID:21 ClientConnectionId: 0ba02d3e-7362-4ffc-8328-a2437583c522 is alive
2026-08-06 12:22:01 DEBUG [EmployeeBankingHikariPool:housekeeper] com.zaxxer.hikari.pool.HikariPool - EmployeeBankingHikariPool - keepalive: connection ConnectionID:23 ClientConnectionId: eb851058-6f9c-4aa7-b6d3-64afc602c49b is alive
2026-08-06 12:22:07 DEBUG [EmployeeBankingHikariPool:housekeeper] com.zaxxer.hikari.pool.HikariPool - EmployeeBankingHikariPool - keepalive: connection ConnectionID:22 ClientConnectionId: e1f820e6-fd5a-49b1-9ee3-c9e647408a53 is alive
2026-08-06 12:22:15 DEBUG [EmployeeBankingHikariPool:housekeeper] com.zaxxer.hikari.pool.HikariPool - EmployeeBankingHikariPool - keepalive: connection ConnectionID:24 ClientConnectionId: 7a9d0f2a-eb8b-4bdd-ad55-222cf332aae8 is alive
2026-08-06 12:22:27 DEBUG [EmployeeBankingHikariPool:housekeeper] com.zaxxer.hikari.pool.HikariPool - EmployeeBankingHikariPool - Before cleanup stats (total=5/10, idle=5/5, active=0, waiting=0)
2026-08-06 12:22:27 DEBUG [EmployeeBankingHikariPool:housekeeper] com.zaxxer.hikari.pool.HikariPool - EmployeeBankingHikariPool - After  cleanup stats (total=5/10, idle=5/5, active=0, waiting=0)
2026-08-06 12:22:27 DEBUG [EmployeeBankingHikariPool:housekeeper] com.zaxxer.hikari.pool.HikariPool - EmployeeBankingHikariPool - Fill pool skipped, pool has sufficient level or currently being filled.
2026-08-06 12:22:57 DEBUG [EmployeeBankingHikariPool:housekeeper] com.zaxxer.hikari.pool.HikariPool - EmployeeBankingHikariPool - Before cleanup stats (total=5/10, idle=5/5, active=0, waiting=0)
2026-08-06 12:22:57 DEBUG [EmployeeBankingHikariPool:housekeeper] com.zaxxer.hikari.pool.HikariPool - EmployeeBankingHikariPool - After  cleanup stats (total=5/10, idle=5/5, active=0, waiting=0)
2026-08-06 12:22:57 DEBUG [EmployeeBankingHikariPool:housekeeper] com.zaxxer.hikari.pool.HikariPool - EmployeeBankingHikariPool - Fill pool skipped, pool has sufficient level or currently being filled.
2026-08-06 12:23:18 DEBUG [EmployeeBankingHikariPool:housekeeper] com.zaxxer.hikari.pool.HikariPool - EmployeeBankingHikariPool - keepalive: connection ConnectionID:25 ClientConnectionId: 98b51cbe-9363-4e74-9164-4082f1e8aab8 is alive
2026-08-06 12:23:27 DEBUG [EmployeeBankingHikariPool:housekeeper] com.zaxxer.hikari.pool.HikariPool - EmployeeBankingHikariPool - Before cleanup stats (total=5/10, idle=5/5, active=0, waiting=0)
2026-08-06 12:23:27 DEBUG [EmployeeBankingHikariPool:housekeeper] com.zaxxer.hikari.pool.HikariPool - EmployeeBankingHikariPool - After  cleanup stats (total=5/10, idle=5/5, active=0, waiting=0)
2026-08-06 12:23:27 DEBUG [EmployeeBankingHikariPool:housekeeper] com.zaxxer.hikari.pool.HikariPool - EmployeeBankingHikariPool - Fill pool skipped, pool has sufficient level or currently being filled.
2026-08-06 12:23:46 DEBUG [EmployeeBankingHikariPool:housekeeper] com.zaxxer.hikari.pool.HikariPool - EmployeeBankingHikariPool - keepalive: connection ConnectionID:22 ClientConnectionId: e1f820e6-fd5a-49b1-9ee3-c9e647408a53 is alive
2026-08-06 12:23:50 DEBUG [EmployeeBankingHikariPool:housekeeper] com.zaxxer.hikari.pool.HikariPool - EmployeeBankingHikariPool - keepalive: connection ConnectionID:23 ClientConnectionId: eb851058-6f9c-4aa7-b6d3-64afc602c49b is alive
2026-08-06 12:23:53 DEBUG [EmployeeBankingHikariPool:housekeeper] com.zaxxer.hikari.pool.HikariPool - EmployeeBankingHikariPool - keepalive: connection ConnectionID:21 ClientConnectionId: 0ba02d3e-7362-4ffc-8328-a2437583c522 is alive
2026-08-06 12:23:56 DEBUG [EmployeeBankingHikariPool:connection-closer] com.zaxxer.hikari.pool.PoolBase - EmployeeBankingHikariPool - Closing connection ConnectionID:21 ClientConnectionId: 0ba02d3e-7362-4ffc-8328-a2437583c522: (connection has passed maxLifetime)
2026-08-06 12:23:56 DEBUG [EmployeeBankingHikariPool:connection-adder] com.zaxxer.hikari.pool.PoolBase - EmployeeBankingHikariPool - Attempting to create/setup new connection (9a928aef-9fb7-4592-bc16-25ef0d1fddc7)
2026-08-06 12:23:56 DEBUG [EmployeeBankingHikariPool:connection-adder] com.zaxxer.hikari.pool.PoolBase - EmployeeBankingHikariPool - Established new connection (9a928aef-9fb7-4592-bc16-25ef0d1fddc7)
2026-08-06 12:23:56 DEBUG [EmployeeBankingHikariPool:connection-adder] com.zaxxer.hikari.pool.HikariPool - EmployeeBankingHikariPool - Added connection ConnectionID:26 ClientConnectionId: 36e7f068-b638-41b2-bc21-9a2d7e473f4d
2026-08-06 12:23:57 DEBUG [EmployeeBankingHikariPool:housekeeper] com.zaxxer.hikari.pool.HikariPool - EmployeeBankingHikariPool - Before cleanup stats (total=5/10, idle=5/5, active=0, waiting=0)
2026-08-06 12:23:57 DEBUG [EmployeeBankingHikariPool:housekeeper] com.zaxxer.hikari.pool.HikariPool - EmployeeBankingHikariPool - After  cleanup stats (total=5/10, idle=5/5, active=0, waiting=0)
2026-08-06 12:23:57 DEBUG [EmployeeBankingHikariPool:housekeeper] com.zaxxer.hikari.pool.HikariPool - EmployeeBankingHikariPool - Fill pool skipped, pool has sufficient level or currently being filled.
2026-08-06 12:24:13 DEBUG [EmployeeBankingHikariPool:housekeeper] com.zaxxer.hikari.pool.HikariPool - EmployeeBankingHikariPool - keepalive: connection ConnectionID:24 ClientConnectionId: 7a9d0f2a-eb8b-4bdd-ad55-222cf332aae8 is alive
2026-08-06 12:24:27 DEBUG [EmployeeBankingHikariPool:housekeeper] com.zaxxer.hikari.pool.HikariPool - EmployeeBankingHikariPool - Before cleanup stats (total=5/10, idle=5/5, active=0, waiting=0)
2026-08-06 12:24:27 DEBUG [EmployeeBankingHikariPool:housekeeper] com.zaxxer.hikari.pool.HikariPool - EmployeeBankingHikariPool - After  cleanup stats (total=5/10, idle=5/5, active=0, waiting=0)
2026-08-06 12:24:27 DEBUG [EmployeeBankingHikariPool:housekeeper] com.zaxxer.hikari.pool.HikariPool - EmployeeBankingHikariPool - Fill pool skipped, pool has sufficient level or currently being filled.
2026-08-06 12:24:55 DEBUG [EmployeeBankingHikariPool:housekeeper] com.zaxxer.hikari.pool.HikariPool - EmployeeBankingHikariPool - keepalive: connection ConnectionID:25 ClientConnectionId: 98b51cbe-9363-4e74-9164-4082f1e8aab8 is alive
2026-08-06 12:24:57 DEBUG [EmployeeBankingHikariPool:housekeeper] com.zaxxer.hikari.pool.HikariPool - EmployeeBankingHikariPool - Before cleanup stats (total=5/10, idle=5/5, active=0, waiting=0)
2026-08-06 12:24:57 DEBUG [EmployeeBankingHikariPool:housekeeper] com.zaxxer.hikari.pool.HikariPool - EmployeeBankingHikariPool - After  cleanup stats (total=5/10, idle=5/5, active=0, waiting=0)
2026-08-06 12:24:57 DEBUG [EmployeeBankingHikariPool:housekeeper] com.zaxxer.hikari.pool.HikariPool - EmployeeBankingHikariPool - Fill pool skipped, pool has sufficient level or currently being filled.
2026-08-06 12:25:25 DEBUG [EmployeeBankingHikariPool:housekeeper] com.zaxxer.hikari.pool.HikariPool - EmployeeBankingHikariPool - keepalive: connection ConnectionID:22 ClientConnectionId: e1f820e6-fd5a-49b1-9ee3-c9e647408a53 is alive
2026-08-06 12:25:27 DEBUG [EmployeeBankingHikariPool:housekeeper] com.zaxxer.hikari.pool.HikariPool - EmployeeBankingHikariPool - Before cleanup stats (total=5/10, idle=5/5, active=0, waiting=0)
2026-08-06 12:25:27 DEBUG [EmployeeBankingHikariPool:housekeeper] com.zaxxer.hikari.pool.HikariPool - EmployeeBankingHikariPool - After  cleanup stats (total=5/10, idle=5/5, active=0, waiting=0)
2026-08-06 12:25:27 DEBUG [EmployeeBankingHikariPool:housekeeper] com.zaxxer.hikari.pool.HikariPool - EmployeeBankingHikariPool - Fill pool skipped, pool has sufficient level or currently being filled.
2026-08-06 12:25:33 DEBUG [EmployeeBankingHikariPool:housekeeper] com.zaxxer.hikari.pool.HikariPool - EmployeeBankingHikariPool - keepalive: connection ConnectionID:26 ClientConnectionId: 36e7f068-b638-41b2-bc21-9a2d7e473f4d is alive
2026-08-06 12:25:40 DEBUG [EmployeeBankingHikariPool:housekeeper] com.zaxxer.hikari.pool.HikariPool - EmployeeBankingHikariPool - keepalive: connection ConnectionID:23 ClientConnectionId: eb851058-6f9c-4aa7-b6d3-64afc602c49b is alive
2026-08-06 12:25:57 DEBUG [EmployeeBankingHikariPool:housekeeper] com.zaxxer.hikari.pool.HikariPool - EmployeeBankingHikariPool - Before cleanup stats (total=5/10, idle=5/5, active=0, waiting=0)
2026-08-06 12:25:57 DEBUG [EmployeeBankingHikariPool:housekeeper] com.zaxxer.hikari.pool.HikariPool - EmployeeBankingHikariPool - After  cleanup stats (total=5/10, idle=5/5, active=0, waiting=0)
2026-08-06 12:25:57 DEBUG [EmployeeBankingHikariPool:housekeeper] com.zaxxer.hikari.pool.HikariPool - EmployeeBankingHikariPool - Fill pool skipped, pool has sufficient level or currently being filled.
2026-08-06 12:26:12 DEBUG [EmployeeBankingHikariPool:housekeeper] com.zaxxer.hikari.pool.HikariPool - EmployeeBankingHikariPool - keepalive: connection ConnectionID:24 ClientConnectionId: 7a9d0f2a-eb8b-4bdd-ad55-222cf332aae8 is alive
2026-08-06 12:26:27 DEBUG [EmployeeBankingHikariPool:housekeeper] com.zaxxer.hikari.pool.HikariPool - EmployeeBankingHikariPool - Before cleanup stats (total=5/10, idle=5/5, active=0, waiting=0)
2026-08-06 12:26:27 DEBUG [EmployeeBankingHikariPool:housekeeper] com.zaxxer.hikari.pool.HikariPool - EmployeeBankingHikariPool - After  cleanup stats (total=5/10, idle=5/5, active=0, waiting=0)
2026-08-06 12:26:27 DEBUG [EmployeeBankingHikariPool:housekeeper] com.zaxxer.hikari.pool.HikariPool - EmployeeBankingHikariPool - Fill pool skipped, pool has sufficient level or currently being filled.
2026-08-06 12:26:31 DEBUG [EmployeeBankingHikariPool:housekeeper] com.zaxxer.hikari.pool.HikariPool - EmployeeBankingHikariPool - keepalive: connection ConnectionID:25 ClientConnectionId: 98b51cbe-9363-4e74-9164-4082f1e8aab8 is alive
2026-08-06 12:26:57 DEBUG [EmployeeBankingHikariPool:housekeeper] com.zaxxer.hikari.pool.HikariPool - EmployeeBankingHikariPool - Before cleanup stats (total=5/10, idle=5/5, active=0, waiting=0)
2026-08-06 12:26:57 DEBUG [EmployeeBankingHikariPool:housekeeper] com.zaxxer.hikari.pool.HikariPool - EmployeeBankingHikariPool - After  cleanup stats (total=5/10, idle=5/5, active=0, waiting=0)
2026-08-06 12:26:57 DEBUG [EmployeeBankingHikariPool:housekeeper] com.zaxxer.hikari.pool.HikariPool - EmployeeBankingHikariPool - Fill pool skipped, pool has sufficient level or currently being filled.
2026-08-06 12:27:03 DEBUG [EmployeeBankingHikariPool:housekeeper] com.zaxxer.hikari.pool.HikariPool - EmployeeBankingHikariPool - keepalive: connection ConnectionID:22 ClientConnectionId: e1f820e6-fd5a-49b1-9ee3-c9e647408a53 is alive
2026-08-06 12:27:10 DEBUG [EmployeeBankingHikariPool:housekeeper] com.zaxxer.hikari.pool.HikariPool - EmployeeBankingHikariPool - keepalive: connection ConnectionID:26 ClientConnectionId: 36e7f068-b638-41b2-bc21-9a2d7e473f4d is alive
2026-08-06 12:27:27 DEBUG [EmployeeBankingHikariPool:housekeeper] com.zaxxer.hikari.pool.HikariPool - EmployeeBankingHikariPool - Before cleanup stats (total=5/10, idle=5/5, active=0, waiting=0)
2026-08-06 12:27:27 DEBUG [EmployeeBankingHikariPool:housekeeper] com.zaxxer.hikari.pool.HikariPool - EmployeeBankingHikariPool - After  cleanup stats (total=5/10, idle=5/5, active=0, waiting=0)
2026-08-06 12:27:27 DEBUG [EmployeeBankingHikariPool:housekeeper] com.zaxxer.hikari.pool.HikariPool - EmployeeBankingHikariPool - Fill pool skipped, pool has sufficient level or currently being filled.
2026-08-06 12:27:29 DEBUG [EmployeeBankingHikariPool:housekeeper] com.zaxxer.hikari.pool.HikariPool - EmployeeBankingHikariPool - keepalive: connection ConnectionID:23 ClientConnectionId: eb851058-6f9c-4aa7-b6d3-64afc602c49b is alive
2026-08-06 12:27:57 DEBUG [EmployeeBankingHikariPool:housekeeper] com.zaxxer.hikari.pool.HikariPool - EmployeeBankingHikariPool - Before cleanup stats (total=5/10, idle=5/5, active=0, waiting=0)
2026-08-06 12:27:57 DEBUG [EmployeeBankingHikariPool:housekeeper] com.zaxxer.hikari.pool.HikariPool - EmployeeBankingHikariPool - After  cleanup stats (total=5/10, idle=5/5, active=0, waiting=0)
2026-08-06 12:27:57 DEBUG [EmployeeBankingHikariPool:housekeeper] com.zaxxer.hikari.pool.HikariPool - EmployeeBankingHikariPool - Fill pool skipped, pool has sufficient level or currently being filled.
2026-08-06 12:28:07 DEBUG [EmployeeBankingHikariPool:housekeeper] com.zaxxer.hikari.pool.HikariPool - EmployeeBankingHikariPool - keepalive: connection ConnectionID:25 ClientConnectionId: 98b51cbe-9363-4e74-9164-4082f1e8aab8 is alive
2026-08-06 12:28:10 DEBUG [EmployeeBankingHikariPool:housekeeper] com.zaxxer.hikari.pool.HikariPool - EmployeeBankingHikariPool - keepalive: connection ConnectionID:24 ClientConnectionId: 7a9d0f2a-eb8b-4bdd-ad55-222cf332aae8 is alive
2026-08-06 12:28:27 DEBUG [EmployeeBankingHikariPool:housekeeper] com.zaxxer.hikari.pool.HikariPool - EmployeeBankingHikariPool - Before cleanup stats (total=5/10, idle=5/5, active=0, waiting=0)
2026-08-06 12:28:27 DEBUG [EmployeeBankingHikariPool:housekeeper] com.zaxxer.hikari.pool.HikariPool - EmployeeBankingHikariPool - After  cleanup stats (total=5/10, idle=5/5, active=0, waiting=0)
2026-08-06 12:28:27 DEBUG [EmployeeBankingHikariPool:housekeeper] com.zaxxer.hikari.pool.HikariPool - EmployeeBankingHikariPool - Fill pool skipped, pool has sufficient level or currently being filled.
2026-08-06 12:28:42 DEBUG [EmployeeBankingHikariPool:housekeeper] com.zaxxer.hikari.pool.HikariPool - EmployeeBankingHikariPool - keepalive: connection ConnectionID:22 ClientConnectionId: e1f820e6-fd5a-49b1-9ee3-c9e647408a53 is alive
2026-08-06 12:28:47 DEBUG [EmployeeBankingHikariPool:housekeeper] com.zaxxer.hikari.pool.HikariPool - EmployeeBankingHikariPool - keepalive: connection ConnectionID:26 ClientConnectionId: 36e7f068-b638-41b2-bc21-9a2d7e473f4d is alive
2026-08-06 12:28:57 DEBUG [EmployeeBankingHikariPool:housekeeper] com.zaxxer.hikari.pool.HikariPool - EmployeeBankingHikariPool - Before cleanup stats (total=5/10, idle=5/5, active=0, waiting=0)
2026-08-06 12:28:57 DEBUG [EmployeeBankingHikariPool:housekeeper] com.zaxxer.hikari.pool.HikariPool - EmployeeBankingHikariPool - After  cleanup stats (total=5/10, idle=5/5, active=0, waiting=0)
2026-08-06 12:28:57 DEBUG [EmployeeBankingHikariPool:housekeeper] com.zaxxer.hikari.pool.HikariPool - EmployeeBankingHikariPool - Fill pool skipped, pool has sufficient level or currently being filled.
2026-08-06 12:29:19 DEBUG [EmployeeBankingHikariPool:housekeeper] com.zaxxer.hikari.pool.HikariPool - EmployeeBankingHikariPool - keepalive: connection ConnectionID:23 ClientConnectionId: eb851058-6f9c-4aa7-b6d3-64afc602c49b is alive
2026-08-06 12:29:27 DEBUG [EmployeeBankingHikariPool:housekeeper] com.zaxxer.hikari.pool.HikariPool - EmployeeBankingHikariPool - Before cleanup stats (total=5/10, idle=5/5, active=0, waiting=0)
2026-08-06 12:29:27 DEBUG [EmployeeBankingHikariPool:housekeeper] com.zaxxer.hikari.pool.HikariPool - EmployeeBankingHikariPool - After  cleanup stats (total=5/10, idle=5/5, active=0, waiting=0)
2026-08-06 12:29:27 DEBUG [EmployeeBankingHikariPool:housekeeper] com.zaxxer.hikari.pool.HikariPool - EmployeeBankingHikariPool - Fill pool skipped, pool has sufficient level or currently being filled.
2026-08-06 12:29:43 DEBUG [EmployeeBankingHikariPool:housekeeper] com.zaxxer.hikari.pool.HikariPool - EmployeeBankingHikariPool - keepalive: connection ConnectionID:25 ClientConnectionId: 98b51cbe-9363-4e74-9164-4082f1e8aab8 is alive
2026-08-06 12:29:57 DEBUG [EmployeeBankingHikariPool:housekeeper] com.zaxxer.hikari.pool.HikariPool - EmployeeBankingHikariPool - Before cleanup stats (total=5/10, idle=5/5, active=0, waiting=0)
2026-08-06 12:29:57 DEBUG [EmployeeBankingHikariPool:housekeeper] com.zaxxer.hikari.pool.HikariPool - EmployeeBankingHikariPool - After  cleanup stats (total=5/10, idle=5/5, active=0, waiting=0)
2026-08-06 12:29:57 DEBUG [EmployeeBankingHikariPool:housekeeper] com.zaxxer.hikari.pool.HikariPool - EmployeeBankingHikariPool - Fill pool skipped, pool has sufficient level or currently being filled.
2026-08-06 12:30:08 DEBUG [EmployeeBankingHikariPool:housekeeper] com.zaxxer.hikari.pool.HikariPool - EmployeeBankingHikariPool - keepalive: connection ConnectionID:24 ClientConnectionId: 7a9d0f2a-eb8b-4bdd-ad55-222cf332aae8 is alive
2026-08-06 12:30:21 DEBUG [EmployeeBankingHikariPool:housekeeper] com.zaxxer.hikari.pool.HikariPool - EmployeeBankingHikariPool - keepalive: connection ConnectionID:22 ClientConnectionId: e1f820e6-fd5a-49b1-9ee3-c9e647408a53 is alive
2026-08-06 12:30:24 DEBUG [EmployeeBankingHikariPool:housekeeper] com.zaxxer.hikari.pool.HikariPool - EmployeeBankingHikariPool - keepalive: connection ConnectionID:26 ClientConnectionId: 36e7f068-b638-41b2-bc21-9a2d7e473f4d is alive
2026-08-06 12:30:27 DEBUG [EmployeeBankingHikariPool:housekeeper] com.zaxxer.hikari.pool.HikariPool - EmployeeBankingHikariPool - Before cleanup stats (total=5/10, idle=5/5, active=0, waiting=0)
2026-08-06 12:30:27 DEBUG [EmployeeBankingHikariPool:housekeeper] com.zaxxer.hikari.pool.HikariPool - EmployeeBankingHikariPool - After  cleanup stats (total=5/10, idle=5/5, active=0, waiting=0)
2026-08-06 12:30:27 DEBUG [EmployeeBankingHikariPool:housekeeper] com.zaxxer.hikari.pool.HikariPool - EmployeeBankingHikariPool - Fill pool skipped, pool has sufficient level or currently being filled.
2026-08-06 12:30:57 DEBUG [EmployeeBankingHikariPool:housekeeper] com.zaxxer.hikari.pool.HikariPool - EmployeeBankingHikariPool - Before cleanup stats (total=5/10, idle=5/5, active=0, waiting=0)
2026-08-06 12:30:57 DEBUG [EmployeeBankingHikariPool:housekeeper] com.zaxxer.hikari.pool.HikariPool - EmployeeBankingHikariPool - After  cleanup stats (total=5/10, idle=5/5, active=0, waiting=0)
2026-08-06 12:30:57 DEBUG [EmployeeBankingHikariPool:housekeeper] com.zaxxer.hikari.pool.HikariPool - EmployeeBankingHikariPool - Fill pool skipped, pool has sufficient level or currently being filled.
2026-08-06 12:31:07 DEBUG [EmployeeBankingHikariPool:connection-closer] com.zaxxer.hikari.pool.PoolBase - EmployeeBankingHikariPool - Closing connection ConnectionID:22 ClientConnectionId: e1f820e6-fd5a-49b1-9ee3-c9e647408a53: (connection has passed maxLifetime)
2026-08-06 12:31:07 DEBUG [EmployeeBankingHikariPool:connection-adder] com.zaxxer.hikari.pool.PoolBase - EmployeeBankingHikariPool - Attempting to create/setup new connection (476bd476-2213-46bd-872c-0f9fa4dae0f0)
2026-08-06 12:31:07 DEBUG [EmployeeBankingHikariPool:connection-adder] com.zaxxer.hikari.pool.PoolBase - EmployeeBankingHikariPool - Established new connection (476bd476-2213-46bd-872c-0f9fa4dae0f0)
2026-08-06 12:31:07 DEBUG [EmployeeBankingHikariPool:connection-adder] com.zaxxer.hikari.pool.HikariPool - EmployeeBankingHikariPool - Added connection ConnectionID:27 ClientConnectionId: 29c71036-0871-4bb8-aba8-148cdf953471
2026-08-06 12:31:08 DEBUG [EmployeeBankingHikariPool:housekeeper] com.zaxxer.hikari.pool.HikariPool - EmployeeBankingHikariPool - keepalive: connection ConnectionID:23 ClientConnectionId: eb851058-6f9c-4aa7-b6d3-64afc602c49b is alive
2026-08-06 12:31:20 DEBUG [EmployeeBankingHikariPool:housekeeper] com.zaxxer.hikari.pool.HikariPool - EmployeeBankingHikariPool - keepalive: connection ConnectionID:25 ClientConnectionId: 98b51cbe-9363-4e74-9164-4082f1e8aab8 is alive
2026-08-06 12:31:27 DEBUG [EmployeeBankingHikariPool:housekeeper] com.zaxxer.hikari.pool.HikariPool - EmployeeBankingHikariPool - Before cleanup stats (total=5/10, idle=5/5, active=0, waiting=0)
2026-08-06 12:31:27 DEBUG [EmployeeBankingHikariPool:housekeeper] com.zaxxer.hikari.pool.HikariPool - EmployeeBankingHikariPool - After  cleanup stats (total=5/10, idle=5/5, active=0, waiting=0)
2026-08-06 12:31:27 DEBUG [EmployeeBankingHikariPool:housekeeper] com.zaxxer.hikari.pool.HikariPool - EmployeeBankingHikariPool - Fill pool skipped, pool has sufficient level or currently being filled.
2026-08-06 12:31:57 DEBUG [EmployeeBankingHikariPool:housekeeper] com.zaxxer.hikari.pool.HikariPool - EmployeeBankingHikariPool - Before cleanup stats (total=5/10, idle=5/5, active=0, waiting=0)
2026-08-06 12:31:57 DEBUG [EmployeeBankingHikariPool:housekeeper] com.zaxxer.hikari.pool.HikariPool - EmployeeBankingHikariPool - After  cleanup stats (total=5/10, idle=5/5, active=0, waiting=0)
2026-08-06 12:31:57 DEBUG [EmployeeBankingHikariPool:housekeeper] com.zaxxer.hikari.pool.HikariPool - EmployeeBankingHikariPool - Fill pool skipped, pool has sufficient level or currently being filled.
2026-08-06 12:32:01 DEBUG [EmployeeBankingHikariPool:housekeeper] com.zaxxer.hikari.pool.HikariPool - EmployeeBankingHikariPool - keepalive: connection ConnectionID:26 ClientConnectionId: 36e7f068-b638-41b2-bc21-9a2d7e473f4d is alive
2026-08-06 12:32:07 DEBUG [EmployeeBankingHikariPool:housekeeper] com.zaxxer.hikari.pool.HikariPool - EmployeeBankingHikariPool - keepalive: connection ConnectionID:24 ClientConnectionId: 7a9d0f2a-eb8b-4bdd-ad55-222cf332aae8 is alive
2026-08-06 12:32:27 DEBUG [EmployeeBankingHikariPool:housekeeper] com.zaxxer.hikari.pool.HikariPool - EmployeeBankingHikariPool - Before cleanup stats (total=5/10, idle=5/5, active=0, waiting=0)
2026-08-06 12:32:27 DEBUG [EmployeeBankingHikariPool:housekeeper] com.zaxxer.hikari.pool.HikariPool - EmployeeBankingHikariPool - After  cleanup stats (total=5/10, idle=5/5, active=0, waiting=0)
2026-08-06 12:32:27 DEBUG [EmployeeBankingHikariPool:housekeeper] com.zaxxer.hikari.pool.HikariPool - EmployeeBankingHikariPool - Fill pool skipped, pool has sufficient level or currently being filled.
2026-08-06 12:32:52 DEBUG [EmployeeBankingHikariPool:housekeeper] com.zaxxer.hikari.pool.HikariPool - EmployeeBankingHikariPool - keepalive: connection ConnectionID:27 ClientConnectionId: 29c71036-0871-4bb8-aba8-148cdf953471 is alive
2026-08-06 12:32:56 DEBUG [EmployeeBankingHikariPool:housekeeper] com.zaxxer.hikari.pool.HikariPool - EmployeeBankingHikariPool - keepalive: connection ConnectionID:25 ClientConnectionId: 98b51cbe-9363-4e74-9164-4082f1e8aab8 is alive
2026-08-06 12:32:57 DEBUG [EmployeeBankingHikariPool:housekeeper] com.zaxxer.hikari.pool.HikariPool - EmployeeBankingHikariPool - Before cleanup stats (total=5/10, idle=5/5, active=0, waiting=0)
2026-08-06 12:32:57 DEBUG [EmployeeBankingHikariPool:housekeeper] com.zaxxer.hikari.pool.HikariPool - EmployeeBankingHikariPool - After  cleanup stats (total=5/10, idle=5/5, active=0, waiting=0)
2026-08-06 12:32:57 DEBUG [EmployeeBankingHikariPool:housekeeper] com.zaxxer.hikari.pool.HikariPool - EmployeeBankingHikariPool - Fill pool skipped, pool has sufficient level or currently being filled.
2026-08-06 12:32:58 DEBUG [EmployeeBankingHikariPool:housekeeper] com.zaxxer.hikari.pool.HikariPool - EmployeeBankingHikariPool - keepalive: connection ConnectionID:23 ClientConnectionId: eb851058-6f9c-4aa7-b6d3-64afc602c49b is alive
2026-08-06 12:33:27 DEBUG [EmployeeBankingHikariPool:housekeeper] com.zaxxer.hikari.pool.HikariPool - EmployeeBankingHikariPool - Before cleanup stats (total=5/10, idle=5/5, active=0, waiting=0)
2026-08-06 12:33:27 DEBUG [EmployeeBankingHikariPool:housekeeper] com.zaxxer.hikari.pool.HikariPool - EmployeeBankingHikariPool - After  cleanup stats (total=5/10, idle=5/5, active=0, waiting=0)
2026-08-06 12:33:27 DEBUG [EmployeeBankingHikariPool:housekeeper] com.zaxxer.hikari.pool.HikariPool - EmployeeBankingHikariPool - Fill pool skipped, pool has sufficient level or currently being filled.
2026-08-06 12:33:38 DEBUG [EmployeeBankingHikariPool:housekeeper] com.zaxxer.hikari.pool.HikariPool - EmployeeBankingHikariPool - keepalive: connection ConnectionID:26 ClientConnectionId: 36e7f068-b638-41b2-bc21-9a2d7e473f4d is alive
2026-08-06 12:33:57 DEBUG [EmployeeBankingHikariPool:housekeeper] com.zaxxer.hikari.pool.HikariPool - EmployeeBankingHikariPool - Before cleanup stats (total=5/10, idle=5/5, active=0, waiting=0)
2026-08-06 12:33:57 DEBUG [EmployeeBankingHikariPool:housekeeper] com.zaxxer.hikari.pool.HikariPool - EmployeeBankingHikariPool - After  cleanup stats (total=5/10, idle=5/5, active=0, waiting=0)
2026-08-06 12:33:57 DEBUG [EmployeeBankingHikariPool:housekeeper] com.zaxxer.hikari.pool.HikariPool - EmployeeBankingHikariPool - Fill pool skipped, pool has sufficient level or currently being filled.
2026-08-06 12:34:05 DEBUG [EmployeeBankingHikariPool:housekeeper] com.zaxxer.hikari.pool.HikariPool - EmployeeBankingHikariPool - keepalive: connection ConnectionID:24 ClientConnectionId: 7a9d0f2a-eb8b-4bdd-ad55-222cf332aae8 is alive
2026-08-06 12:34:08 DEBUG [EmployeeBankingHikariPool:connection-closer] com.zaxxer.hikari.pool.PoolBase - EmployeeBankingHikariPool - Closing connection ConnectionID:23 ClientConnectionId: eb851058-6f9c-4aa7-b6d3-64afc602c49b: (connection has passed maxLifetime)
2026-08-06 12:34:08 DEBUG [EmployeeBankingHikariPool:connection-adder] com.zaxxer.hikari.pool.PoolBase - EmployeeBankingHikariPool - Attempting to create/setup new connection (f9d51ae7-bd2b-4308-a68d-f9be282d679d)
2026-08-06 12:34:08 DEBUG [EmployeeBankingHikariPool:connection-adder] com.zaxxer.hikari.pool.PoolBase - EmployeeBankingHikariPool - Established new connection (f9d51ae7-bd2b-4308-a68d-f9be282d679d)
2026-08-06 12:34:08 DEBUG [EmployeeBankingHikariPool:connection-adder] com.zaxxer.hikari.pool.HikariPool - EmployeeBankingHikariPool - Added connection ConnectionID:28 ClientConnectionId: 413ba107-fa97-46a7-b215-0b71f88e511a
2026-08-06 12:34:27 DEBUG [EmployeeBankingHikariPool:housekeeper] com.zaxxer.hikari.pool.HikariPool - EmployeeBankingHikariPool - Before cleanup stats (total=5/10, idle=5/5, active=0, waiting=0)
2026-08-06 12:34:27 DEBUG [EmployeeBankingHikariPool:housekeeper] com.zaxxer.hikari.pool.HikariPool - EmployeeBankingHikariPool - After  cleanup stats (total=5/10, idle=5/5, active=0, waiting=0)
2026-08-06 12:34:27 DEBUG [EmployeeBankingHikariPool:housekeeper] com.zaxxer.hikari.pool.HikariPool - EmployeeBankingHikariPool - Fill pool skipped, pool has sufficient level or currently being filled.
2026-08-06 12:34:32 DEBUG [EmployeeBankingHikariPool:housekeeper] com.zaxxer.hikari.pool.HikariPool - EmployeeBankingHikariPool - keepalive: connection ConnectionID:25 ClientConnectionId: 98b51cbe-9363-4e74-9164-4082f1e8aab8 is alive
2026-08-06 12:34:36 DEBUG [EmployeeBankingHikariPool:housekeeper] com.zaxxer.hikari.pool.HikariPool - EmployeeBankingHikariPool - keepalive: connection ConnectionID:27 ClientConnectionId: 29c71036-0871-4bb8-aba8-148cdf953471 is alive
2026-08-06 12:34:57 DEBUG [EmployeeBankingHikariPool:housekeeper] com.zaxxer.hikari.pool.HikariPool - EmployeeBankingHikariPool - Before cleanup stats (total=5/10, idle=5/5, active=0, waiting=0)
2026-08-06 12:34:57 DEBUG [EmployeeBankingHikariPool:housekeeper] com.zaxxer.hikari.pool.HikariPool - EmployeeBankingHikariPool - After  cleanup stats (total=5/10, idle=5/5, active=0, waiting=0)
2026-08-06 12:34:57 DEBUG [EmployeeBankingHikariPool:housekeeper] com.zaxxer.hikari.pool.HikariPool - EmployeeBankingHikariPool - Fill pool skipped, pool has sufficient level or currently being filled.
2026-08-06 12:35:15 DEBUG [EmployeeBankingHikariPool:housekeeper] com.zaxxer.hikari.pool.HikariPool - EmployeeBankingHikariPool - keepalive: connection ConnectionID:26 ClientConnectionId: 36e7f068-b638-41b2-bc21-9a2d7e473f4d is alive
2026-08-06 12:35:27 DEBUG [EmployeeBankingHikariPool:housekeeper] com.zaxxer.hikari.pool.HikariPool - EmployeeBankingHikariPool - Before cleanup stats (total=5/10, idle=5/5, active=0, waiting=0)
2026-08-06 12:35:27 DEBUG [EmployeeBankingHikariPool:housekeeper] com.zaxxer.hikari.pool.HikariPool - EmployeeBankingHikariPool - After  cleanup stats (total=5/10, idle=5/5, active=0, waiting=0)
2026-08-06 12:35:27 DEBUG [EmployeeBankingHikariPool:housekeeper] com.zaxxer.hikari.pool.HikariPool - EmployeeBankingHikariPool - Fill pool skipped, pool has sufficient level or currently being filled.
2026-08-06 12:35:57 DEBUG [EmployeeBankingHikariPool:housekeeper] com.zaxxer.hikari.pool.HikariPool - EmployeeBankingHikariPool - Before cleanup stats (total=5/10, idle=5/5, active=0, waiting=0)
2026-08-06 12:35:57 DEBUG [EmployeeBankingHikariPool:housekeeper] com.zaxxer.hikari.pool.HikariPool - EmployeeBankingHikariPool - After  cleanup stats (total=5/10, idle=5/5, active=0, waiting=0)
2026-08-06 12:35:57 DEBUG [EmployeeBankingHikariPool:housekeeper] com.zaxxer.hikari.pool.HikariPool - EmployeeBankingHikariPool - Fill pool skipped, pool has sufficient level or currently being filled.
2026-08-06 12:36:03 DEBUG [EmployeeBankingHikariPool:housekeeper] com.zaxxer.hikari.pool.HikariPool - EmployeeBankingHikariPool - keepalive: connection ConnectionID:24 ClientConnectionId: 7a9d0f2a-eb8b-4bdd-ad55-222cf332aae8 is alive
2026-08-06 12:36:07 DEBUG [EmployeeBankingHikariPool:housekeeper] com.zaxxer.hikari.pool.HikariPool - EmployeeBankingHikariPool - keepalive: connection ConnectionID:28 ClientConnectionId: 413ba107-fa97-46a7-b215-0b71f88e511a is alive
2026-08-06 12:36:08 DEBUG [EmployeeBankingHikariPool:housekeeper] com.zaxxer.hikari.pool.HikariPool - EmployeeBankingHikariPool - keepalive: connection ConnectionID:25 ClientConnectionId: 98b51cbe-9363-4e74-9164-4082f1e8aab8 is alive
2026-08-06 12:36:21 DEBUG [EmployeeBankingHikariPool:housekeeper] com.zaxxer.hikari.pool.HikariPool - EmployeeBankingHikariPool - keepalive: connection ConnectionID:27 ClientConnectionId: 29c71036-0871-4bb8-aba8-148cdf953471 is alive
2026-08-06 12:36:27 DEBUG [EmployeeBankingHikariPool:housekeeper] com.zaxxer.hikari.pool.HikariPool - EmployeeBankingHikariPool - Before cleanup stats (total=5/10, idle=5/5, active=0, waiting=0)
2026-08-06 12:36:27 DEBUG [EmployeeBankingHikariPool:housekeeper] com.zaxxer.hikari.pool.HikariPool - EmployeeBankingHikariPool - After  cleanup stats (total=5/10, idle=5/5, active=0, waiting=0)
2026-08-06 12:36:27 DEBUG [EmployeeBankingHikariPool:housekeeper] com.zaxxer.hikari.pool.HikariPool - EmployeeBankingHikariPool - Fill pool skipped, pool has sufficient level or currently being filled.
2026-08-06 12:36:51 DEBUG [EmployeeBankingHikariPool:housekeeper] com.zaxxer.hikari.pool.HikariPool - EmployeeBankingHikariPool - keepalive: connection ConnectionID:26 ClientConnectionId: 36e7f068-b638-41b2-bc21-9a2d7e473f4d is alive
2026-08-06 12:36:57 DEBUG [EmployeeBankingHikariPool:housekeeper] com.zaxxer.hikari.pool.HikariPool - EmployeeBankingHikariPool - Before cleanup stats (total=5/10, idle=5/5, active=0, waiting=0)
2026-08-06 12:36:57 DEBUG [EmployeeBankingHikariPool:housekeeper] com.zaxxer.hikari.pool.HikariPool - EmployeeBankingHikariPool - After  cleanup stats (total=5/10, idle=5/5, active=0, waiting=0)
2026-08-06 12:36:57 DEBUG [EmployeeBankingHikariPool:housekeeper] com.zaxxer.hikari.pool.HikariPool - EmployeeBankingHikariPool - Fill pool skipped, pool has sufficient level or currently being filled.
2026-08-06 12:37:27 DEBUG [EmployeeBankingHikariPool:housekeeper] com.zaxxer.hikari.pool.HikariPool - EmployeeBankingHikariPool - Before cleanup stats (total=5/10, idle=5/5, active=0, waiting=0)
2026-08-06 12:37:27 DEBUG [EmployeeBankingHikariPool:housekeeper] com.zaxxer.hikari.pool.HikariPool - EmployeeBankingHikariPool - After  cleanup stats (total=5/10, idle=5/5, active=0, waiting=0)
2026-08-06 12:37:27 DEBUG [EmployeeBankingHikariPool:housekeeper] com.zaxxer.hikari.pool.HikariPool - EmployeeBankingHikariPool - Fill pool skipped, pool has sufficient level or currently being filled.
2026-08-06 12:37:45 DEBUG [EmployeeBankingHikariPool:housekeeper] com.zaxxer.hikari.pool.HikariPool - EmployeeBankingHikariPool - keepalive: connection ConnectionID:25 ClientConnectionId: 98b51cbe-9363-4e74-9164-4082f1e8aab8 is alive
2026-08-06 12:37:58 DEBUG [EmployeeBankingHikariPool:housekeeper] com.zaxxer.hikari.pool.HikariPool - EmployeeBankingHikariPool - Before cleanup stats (total=5/10, idle=5/5, active=0, waiting=0)
2026-08-06 12:37:58 DEBUG [EmployeeBankingHikariPool:housekeeper] com.zaxxer.hikari.pool.HikariPool - EmployeeBankingHikariPool - After  cleanup stats (total=5/10, idle=5/5, active=0, waiting=0)
2026-08-06 12:37:58 DEBUG [EmployeeBankingHikariPool:housekeeper] com.zaxxer.hikari.pool.HikariPool - EmployeeBankingHikariPool - Fill pool skipped, pool has sufficient level or currently being filled.
2026-08-06 12:38:02 DEBUG [EmployeeBankingHikariPool:housekeeper] com.zaxxer.hikari.pool.HikariPool - EmployeeBankingHikariPool - keepalive: connection ConnectionID:24 ClientConnectionId: 7a9d0f2a-eb8b-4bdd-ad55-222cf332aae8 is alive
2026-08-06 12:38:05 DEBUG [EmployeeBankingHikariPool:housekeeper] com.zaxxer.hikari.pool.HikariPool - EmployeeBankingHikariPool - keepalive: connection ConnectionID:28 ClientConnectionId: 413ba107-fa97-46a7-b215-0b71f88e511a is alive
2026-08-06 12:38:05 DEBUG [EmployeeBankingHikariPool:housekeeper] com.zaxxer.hikari.pool.HikariPool - EmployeeBankingHikariPool - keepalive: connection ConnectionID:27 ClientConnectionId: 29c71036-0871-4bb8-aba8-148cdf953471 is alive
2026-08-06 12:38:19 DEBUG [EmployeeBankingHikariPool:connection-closer] com.zaxxer.hikari.pool.PoolBase - EmployeeBankingHikariPool - Closing connection ConnectionID:24 ClientConnectionId: 7a9d0f2a-eb8b-4bdd-ad55-222cf332aae8: (connection has passed maxLifetime)
2026-08-06 12:38:19 DEBUG [EmployeeBankingHikariPool:connection-adder] com.zaxxer.hikari.pool.PoolBase - EmployeeBankingHikariPool - Attempting to create/setup new connection (f5488c8e-ba99-455c-87d3-f16becb21b6e)
2026-08-06 12:38:19 DEBUG [EmployeeBankingHikariPool:connection-adder] com.zaxxer.hikari.pool.PoolBase - EmployeeBankingHikariPool - Established new connection (f5488c8e-ba99-455c-87d3-f16becb21b6e)
2026-08-06 12:38:19 DEBUG [EmployeeBankingHikariPool:connection-adder] com.zaxxer.hikari.pool.HikariPool - EmployeeBankingHikariPool - Added connection ConnectionID:29 ClientConnectionId: 022ac773-6294-4543-908b-fa9ed1b3fb67
2026-08-06 12:38:28 DEBUG [EmployeeBankingHikariPool:housekeeper] com.zaxxer.hikari.pool.HikariPool - EmployeeBankingHikariPool - Before cleanup stats (total=5/10, idle=5/5, active=0, waiting=0)
2026-08-06 12:38:28 DEBUG [EmployeeBankingHikariPool:housekeeper] com.zaxxer.hikari.pool.HikariPool - EmployeeBankingHikariPool - After  cleanup stats (total=5/10, idle=5/5, active=0, waiting=0)
2026-08-06 12:38:28 DEBUG [EmployeeBankingHikariPool:housekeeper] com.zaxxer.hikari.pool.HikariPool - EmployeeBankingHikariPool - Fill pool skipped, pool has sufficient level or currently being filled.
2026-08-06 12:38:28 DEBUG [EmployeeBankingHikariPool:housekeeper] com.zaxxer.hikari.pool.HikariPool - EmployeeBankingHikariPool - keepalive: connection ConnectionID:26 ClientConnectionId: 36e7f068-b638-41b2-bc21-9a2d7e473f4d is alive
2026-08-06 12:38:58 DEBUG [EmployeeBankingHikariPool:housekeeper] com.zaxxer.hikari.pool.HikariPool - EmployeeBankingHikariPool - Before cleanup stats (total=5/10, idle=5/5, active=0, waiting=0)
2026-08-06 12:38:58 DEBUG [EmployeeBankingHikariPool:housekeeper] com.zaxxer.hikari.pool.HikariPool - EmployeeBankingHikariPool - After  cleanup stats (total=5/10, idle=5/5, active=0, waiting=0)
2026-08-06 12:38:58 DEBUG [EmployeeBankingHikariPool:housekeeper] com.zaxxer.hikari.pool.HikariPool - EmployeeBankingHikariPool - Fill pool skipped, pool has sufficient level or currently being filled.
2026-08-06 12:39:21 DEBUG [EmployeeBankingHikariPool:housekeeper] com.zaxxer.hikari.pool.HikariPool - EmployeeBankingHikariPool - keepalive: connection ConnectionID:25 ClientConnectionId: 98b51cbe-9363-4e74-9164-4082f1e8aab8 is alive
2026-08-06 12:39:28 DEBUG [EmployeeBankingHikariPool:housekeeper] com.zaxxer.hikari.pool.HikariPool - EmployeeBankingHikariPool - Before cleanup stats (total=5/10, idle=5/5, active=0, waiting=0)
2026-08-06 12:39:28 DEBUG [EmployeeBankingHikariPool:housekeeper] com.zaxxer.hikari.pool.HikariPool - EmployeeBankingHikariPool - After  cleanup stats (total=5/10, idle=5/5, active=0, waiting=0)
2026-08-06 12:39:28 DEBUG [EmployeeBankingHikariPool:housekeeper] com.zaxxer.hikari.pool.HikariPool - EmployeeBankingHikariPool - Fill pool skipped, pool has sufficient level or currently being filled.
2026-08-06 12:39:50 DEBUG [EmployeeBankingHikariPool:housekeeper] com.zaxxer.hikari.pool.HikariPool - EmployeeBankingHikariPool - keepalive: connection ConnectionID:27 ClientConnectionId: 29c71036-0871-4bb8-aba8-148cdf953471 is alive
2026-08-06 12:39:58 DEBUG [EmployeeBankingHikariPool:housekeeper] com.zaxxer.hikari.pool.HikariPool - EmployeeBankingHikariPool - Before cleanup stats (total=5/10, idle=5/5, active=0, waiting=0)
2026-08-06 12:39:58 DEBUG [EmployeeBankingHikariPool:housekeeper] com.zaxxer.hikari.pool.HikariPool - EmployeeBankingHikariPool - After  cleanup stats (total=5/10, idle=5/5, active=0, waiting=0)
2026-08-06 12:39:58 DEBUG [EmployeeBankingHikariPool:housekeeper] com.zaxxer.hikari.pool.HikariPool - EmployeeBankingHikariPool - Fill pool skipped, pool has sufficient level or currently being filled.
2026-08-06 12:40:03 DEBUG [EmployeeBankingHikariPool:housekeeper] com.zaxxer.hikari.pool.HikariPool - EmployeeBankingHikariPool - keepalive: connection ConnectionID:28 ClientConnectionId: 413ba107-fa97-46a7-b215-0b71f88e511a is alive
2026-08-06 12:40:05 DEBUG [EmployeeBankingHikariPool:housekeeper] com.zaxxer.hikari.pool.HikariPool - EmployeeBankingHikariPool - keepalive: connection ConnectionID:26 ClientConnectionId: 36e7f068-b638-41b2-bc21-9a2d7e473f4d is alive
2026-08-06 12:40:18 DEBUG [EmployeeBankingHikariPool:connection-closer] com.zaxxer.hikari.pool.PoolBase - EmployeeBankingHikariPool - Closing connection ConnectionID:25 ClientConnectionId: 98b51cbe-9363-4e74-9164-4082f1e8aab8: (connection has passed maxLifetime)
2026-08-06 12:40:18 DEBUG [EmployeeBankingHikariPool:connection-adder] com.zaxxer.hikari.pool.PoolBase - EmployeeBankingHikariPool - Attempting to create/setup new connection (51bc8ab1-419d-4ccf-9899-ac8fed781333)
2026-08-06 12:40:18 DEBUG [EmployeeBankingHikariPool:connection-adder] com.zaxxer.hikari.pool.PoolBase - EmployeeBankingHikariPool - Established new connection (51bc8ab1-419d-4ccf-9899-ac8fed781333)
2026-08-06 12:40:18 DEBUG [EmployeeBankingHikariPool:connection-adder] com.zaxxer.hikari.pool.HikariPool - EmployeeBankingHikariPool - Added connection ConnectionID:30 ClientConnectionId: 3177f9d1-de96-43c4-aabc-ef83b17b8897
2026-08-06 12:40:19 DEBUG [EmployeeBankingHikariPool:housekeeper] com.zaxxer.hikari.pool.HikariPool - EmployeeBankingHikariPool - keepalive: connection ConnectionID:29 ClientConnectionId: 022ac773-6294-4543-908b-fa9ed1b3fb67 is alive
2026-08-06 12:40:28 DEBUG [EmployeeBankingHikariPool:housekeeper] com.zaxxer.hikari.pool.HikariPool - EmployeeBankingHikariPool - Before cleanup stats (total=5/10, idle=5/5, active=0, waiting=0)
2026-08-06 12:40:28 DEBUG [EmployeeBankingHikariPool:housekeeper] com.zaxxer.hikari.pool.HikariPool - EmployeeBankingHikariPool - After  cleanup stats (total=5/10, idle=5/5, active=0, waiting=0)
2026-08-06 12:40:28 DEBUG [EmployeeBankingHikariPool:housekeeper] com.zaxxer.hikari.pool.HikariPool - EmployeeBankingHikariPool - Fill pool skipped, pool has sufficient level or currently being filled.
2026-08-06 12:40:58 DEBUG [EmployeeBankingHikariPool:housekeeper] com.zaxxer.hikari.pool.HikariPool - EmployeeBankingHikariPool - Before cleanup stats (total=5/10, idle=5/5, active=0, waiting=0)
2026-08-06 12:40:58 DEBUG [EmployeeBankingHikariPool:housekeeper] com.zaxxer.hikari.pool.HikariPool - EmployeeBankingHikariPool - After  cleanup stats (total=5/10, idle=5/5, active=0, waiting=0)
2026-08-06 12:40:58 DEBUG [EmployeeBankingHikariPool:housekeeper] com.zaxxer.hikari.pool.HikariPool - EmployeeBankingHikariPool - Fill pool skipped, pool has sufficient level or currently being filled.
2026-08-06 12:41:28 DEBUG [EmployeeBankingHikariPool:housekeeper] com.zaxxer.hikari.pool.HikariPool - EmployeeBankingHikariPool - Before cleanup stats (total=5/10, idle=5/5, active=0, waiting=0)
2026-08-06 12:41:28 DEBUG [EmployeeBankingHikariPool:housekeeper] com.zaxxer.hikari.pool.HikariPool - EmployeeBankingHikariPool - After  cleanup stats (total=5/10, idle=5/5, active=0, waiting=0)
2026-08-06 12:41:28 DEBUG [EmployeeBankingHikariPool:housekeeper] com.zaxxer.hikari.pool.HikariPool - EmployeeBankingHikariPool - Fill pool skipped, pool has sufficient level or currently being filled.
2026-08-06 12:41:34 DEBUG [EmployeeBankingHikariPool:housekeeper] com.zaxxer.hikari.pool.HikariPool - EmployeeBankingHikariPool - keepalive: connection ConnectionID:27 ClientConnectionId: 29c71036-0871-4bb8-aba8-148cdf953471 is alive
2026-08-06 12:41:42 DEBUG [EmployeeBankingHikariPool:housekeeper] com.zaxxer.hikari.pool.HikariPool - EmployeeBankingHikariPool - keepalive: connection ConnectionID:26 ClientConnectionId: 36e7f068-b638-41b2-bc21-9a2d7e473f4d is alive
2026-08-06 12:41:58 DEBUG [EmployeeBankingHikariPool:housekeeper] com.zaxxer.hikari.pool.HikariPool - EmployeeBankingHikariPool - Before cleanup stats (total=5/10, idle=5/5, active=0, waiting=0)
2026-08-06 12:41:58 DEBUG [EmployeeBankingHikariPool:housekeeper] com.zaxxer.hikari.pool.HikariPool - EmployeeBankingHikariPool - After  cleanup stats (total=5/10, idle=5/5, active=0, waiting=0)
2026-08-06 12:41:58 DEBUG [EmployeeBankingHikariPool:housekeeper] com.zaxxer.hikari.pool.HikariPool - EmployeeBankingHikariPool - Fill pool skipped, pool has sufficient level or currently being filled.
2026-08-06 12:41:58 DEBUG [EmployeeBankingHikariPool:housekeeper] com.zaxxer.hikari.pool.HikariPool - EmployeeBankingHikariPool - keepalive: connection ConnectionID:30 ClientConnectionId: 3177f9d1-de96-43c4-aabc-ef83b17b8897 is alive
2026-08-06 12:42:02 DEBUG [EmployeeBankingHikariPool:housekeeper] com.zaxxer.hikari.pool.HikariPool - EmployeeBankingHikariPool - keepalive: connection ConnectionID:28 ClientConnectionId: 413ba107-fa97-46a7-b215-0b71f88e511a is alive
2026-08-06 12:42:19 DEBUG [EmployeeBankingHikariPool:housekeeper] com.zaxxer.hikari.pool.HikariPool - EmployeeBankingHikariPool - keepalive: connection ConnectionID:29 ClientConnectionId: 022ac773-6294-4543-908b-fa9ed1b3fb67 is alive
2026-08-06 12:42:28 DEBUG [EmployeeBankingHikariPool:housekeeper] com.zaxxer.hikari.pool.HikariPool - EmployeeBankingHikariPool - Before cleanup stats (total=5/10, idle=5/5, active=0, waiting=0)
2026-08-06 12:42:28 DEBUG [EmployeeBankingHikariPool:housekeeper] com.zaxxer.hikari.pool.HikariPool - EmployeeBankingHikariPool - After  cleanup stats (total=5/10, idle=5/5, active=0, waiting=0)
2026-08-06 12:42:28 DEBUG [EmployeeBankingHikariPool:housekeeper] com.zaxxer.hikari.pool.HikariPool - EmployeeBankingHikariPool - Fill pool skipped, pool has sufficient level or currently being filled.
2026-08-06 12:42:58 DEBUG [EmployeeBankingHikariPool:housekeeper] com.zaxxer.hikari.pool.HikariPool - EmployeeBankingHikariPool - Before cleanup stats (total=5/10, idle=5/5, active=0, waiting=0)
2026-08-06 12:42:58 DEBUG [EmployeeBankingHikariPool:housekeeper] com.zaxxer.hikari.pool.HikariPool - EmployeeBankingHikariPool - After  cleanup stats (total=5/10, idle=5/5, active=0, waiting=0)
2026-08-06 12:42:58 DEBUG [EmployeeBankingHikariPool:housekeeper] com.zaxxer.hikari.pool.HikariPool - EmployeeBankingHikariPool - Fill pool skipped, pool has sufficient level or currently being filled.
2026-08-06 13:24:50 INFO  [background-preinit] o.h.validator.internal.util.Version - HV000001: Hibernate Validator 8.0.2.Final
2026-08-06 13:24:50 INFO  [main] c.t.e.EmployeeApiApplication - Starting EmployeeApiApplication using Java 21.0.11 with PID 8068 (C:\Users\s.samantray\Desktop\Eclipse_Workspace\EmployeeBankRestApiPostman_Collection\target\classes started by s.samantray in C:\Users\s.samantray\Desktop\Eclipse_Workspace\EmployeeBankRestApiPostman_Collection)
2026-08-06 13:24:50 DEBUG [main] c.t.e.EmployeeApiApplication - Running with Spring Boot v3.5.4, Spring v6.2.9
2026-08-06 13:24:50 INFO  [main] c.t.e.EmployeeApiApplication - No active profile set, falling back to 1 default profile: "default"
2026-08-06 13:24:53 INFO  [main] o.s.d.r.c.RepositoryConfigurationDelegate - Multiple Spring Data modules found, entering strict repository configuration mode
2026-08-06 13:24:53 INFO  [main] o.s.d.r.c.RepositoryConfigurationDelegate - Bootstrapping Spring Data JPA repositories in DEFAULT mode.
2026-08-06 13:24:54 INFO  [main] o.s.d.r.c.RepositoryConfigurationDelegate - Finished Spring Data repository scanning in 539 ms. Found 2 JPA repository interfaces.
2026-08-06 13:24:54 INFO  [main] o.s.d.r.c.RepositoryConfigurationDelegate - Multiple Spring Data modules found, entering strict repository configuration mode
2026-08-06 13:24:54 INFO  [main] o.s.d.r.c.RepositoryConfigurationDelegate - Bootstrapping Spring Data Redis repositories in DEFAULT mode.
2026-08-06 13:24:54 INFO  [main] o.s.d.r.c.RepositoryConfigurationExtensionSupport - Spring Data Redis - Could not safely identify store assignment for repository candidate interface com.tns.employeeapi.repository.AccountRepository; If you want this repository to be a Redis repository, consider annotating your entities with one of these annotations: org.springframework.data.redis.core.RedisHash (preferred), or consider extending one of the following types with your repository: org.springframework.data.keyvalue.repository.KeyValueRepository
2026-08-06 13:24:54 INFO  [main] o.s.d.r.c.RepositoryConfigurationExtensionSupport - Spring Data Redis - Could not safely identify store assignment for repository candidate interface com.tns.employeeapi.repository.EmployeeRepository; If you want this repository to be a Redis repository, consider annotating your entities with one of these annotations: org.springframework.data.redis.core.RedisHash (preferred), or consider extending one of the following types with your repository: org.springframework.data.keyvalue.repository.KeyValueRepository
2026-08-06 13:24:54 INFO  [main] o.s.d.r.c.RepositoryConfigurationDelegate - Finished Spring Data repository scanning in 52 ms. Found 0 Redis repository interfaces.
2026-08-06 13:24:56 INFO  [main] o.s.b.w.e.tomcat.TomcatWebServer - Tomcat initialized with port 8090 (http)
2026-08-06 13:24:56 INFO  [main] o.a.coyote.http11.Http11NioProtocol - Initializing ProtocolHandler ["http-nio-8090"]
2026-08-06 13:24:56 INFO  [main] o.a.catalina.core.StandardService - Starting service [Tomcat]
2026-08-06 13:24:56 INFO  [main] o.a.catalina.core.StandardEngine - Starting Servlet engine: [Apache Tomcat/10.1.43]
2026-08-06 13:24:57 INFO  [main] o.a.c.c.C.[Tomcat].[localhost].[/] - Initializing Spring embedded WebApplicationContext
2026-08-06 13:24:57 INFO  [main] o.s.b.w.s.c.ServletWebServerApplicationContext - Root WebApplicationContext: initialization completed in 6778 ms
2026-08-06 13:24:58 DEBUG [main] com.zaxxer.hikari.HikariConfig - Class com.microsoft.sqlserver.jdbc.SQLServerDriver found in Thread context class loader jdk.internal.loader.ClassLoaders$AppClassLoader@5c647e05
2026-08-06 13:24:59 INFO  [main] o.h.jpa.internal.util.LogHelper - HHH000204: Processing PersistenceUnitInfo [name: default]
2026-08-06 13:24:59 INFO  [main] org.hibernate.Version - HHH000412: Hibernate ORM core version 6.6.22.Final
2026-08-06 13:24:59 INFO  [main] o.h.c.i.RegionFactoryInitiator - HHH000026: Second-level cache disabled
2026-08-06 13:25:00 INFO  [main] o.s.o.j.p.SpringPersistenceUnitInfo - No LoadTimeWeaver setup: ignoring JPA class transformer
2026-08-06 13:25:00 DEBUG [main] com.zaxxer.hikari.HikariConfig - EmployeeBankingHikariPool - configuration:
2026-08-06 13:25:00 DEBUG [main] com.zaxxer.hikari.HikariConfig - allowPoolSuspension.............false
2026-08-06 13:25:00 DEBUG [main] com.zaxxer.hikari.HikariConfig - autoCommit......................true
2026-08-06 13:25:00 DEBUG [main] com.zaxxer.hikari.HikariConfig - catalog.........................none
2026-08-06 13:25:00 DEBUG [main] com.zaxxer.hikari.HikariConfig - connectionInitSql...............none
2026-08-06 13:25:00 DEBUG [main] com.zaxxer.hikari.HikariConfig - connectionTestQuery.............none
2026-08-06 13:25:00 DEBUG [main] com.zaxxer.hikari.HikariConfig - connectionTimeout...............30000
2026-08-06 13:25:00 DEBUG [main] com.zaxxer.hikari.HikariConfig - credentials.....................com.zaxxer.hikari.util.Credentials@6d4d0a14
2026-08-06 13:25:00 DEBUG [main] com.zaxxer.hikari.HikariConfig - dataSource......................none
2026-08-06 13:25:00 DEBUG [main] com.zaxxer.hikari.HikariConfig - dataSourceClassName.............none
2026-08-06 13:25:00 DEBUG [main] com.zaxxer.hikari.HikariConfig - dataSourceJNDI..................none
2026-08-06 13:25:00 DEBUG [main] com.zaxxer.hikari.HikariConfig - dataSourceProperties............{password=<masked>}
2026-08-06 13:25:00 DEBUG [main] com.zaxxer.hikari.HikariConfig - driverClassName................."com.microsoft.sqlserver.jdbc.SQLServerDriver"
2026-08-06 13:25:00 DEBUG [main] com.zaxxer.hikari.HikariConfig - exceptionOverride...............none
2026-08-06 13:25:00 DEBUG [main] com.zaxxer.hikari.HikariConfig - exceptionOverrideClassName......none
2026-08-06 13:25:00 DEBUG [main] com.zaxxer.hikari.HikariConfig - healthCheckProperties...........{}
2026-08-06 13:25:00 DEBUG [main] com.zaxxer.hikari.HikariConfig - healthCheckRegistry.............none
2026-08-06 13:25:00 DEBUG [main] com.zaxxer.hikari.HikariConfig - idleTimeout.....................600000
2026-08-06 13:25:00 DEBUG [main] com.zaxxer.hikari.HikariConfig - initializationFailTimeout.......1
2026-08-06 13:25:00 DEBUG [main] com.zaxxer.hikari.HikariConfig - isolateInternalQueries..........false
2026-08-06 13:25:00 DEBUG [main] com.zaxxer.hikari.HikariConfig - jdbcUrl.........................jdbc:sqlserver://TNS-IT-DESKTOP\SQLEXPRESS;databaseName=SpringBootRestApi;integratedSecurity=true;encrypt=true;trustServerCertificate=true
2026-08-06 13:25:00 DEBUG [main] com.zaxxer.hikari.HikariConfig - keepaliveTime...................120000
2026-08-06 13:25:00 DEBUG [main] com.zaxxer.hikari.HikariConfig - leakDetectionThreshold..........2000
2026-08-06 13:25:00 DEBUG [main] com.zaxxer.hikari.HikariConfig - maxLifetime.....................1800000
2026-08-06 13:25:00 DEBUG [main] com.zaxxer.hikari.HikariConfig - maximumPoolSize.................10
2026-08-06 13:25:00 DEBUG [main] com.zaxxer.hikari.HikariConfig - metricRegistry..................none
2026-08-06 13:25:00 DEBUG [main] com.zaxxer.hikari.HikariConfig - metricsTrackerFactory...........none
2026-08-06 13:25:00 DEBUG [main] com.zaxxer.hikari.HikariConfig - minimumIdle.....................5
2026-08-06 13:25:00 DEBUG [main] com.zaxxer.hikari.HikariConfig - password........................<masked>
2026-08-06 13:25:00 DEBUG [main] com.zaxxer.hikari.HikariConfig - poolName........................"EmployeeBankingHikariPool"
2026-08-06 13:25:00 DEBUG [main] com.zaxxer.hikari.HikariConfig - readOnly........................false
2026-08-06 13:25:00 DEBUG [main] com.zaxxer.hikari.HikariConfig - registerMbeans..................false
2026-08-06 13:25:00 DEBUG [main] com.zaxxer.hikari.HikariConfig - scheduledExecutor...............none
2026-08-06 13:25:00 DEBUG [main] com.zaxxer.hikari.HikariConfig - schema..........................none
2026-08-06 13:25:00 DEBUG [main] com.zaxxer.hikari.HikariConfig - threadFactory...................internal
2026-08-06 13:25:00 DEBUG [main] com.zaxxer.hikari.HikariConfig - transactionIsolation............default
2026-08-06 13:25:00 DEBUG [main] com.zaxxer.hikari.HikariConfig - username........................none
2026-08-06 13:25:00 DEBUG [main] com.zaxxer.hikari.HikariConfig - validationTimeout...............5000
2026-08-06 13:25:00 INFO  [main] com.zaxxer.hikari.HikariDataSource - EmployeeBankingHikariPool - Starting...
2026-08-06 13:25:00 DEBUG [main] com.zaxxer.hikari.pool.PoolBase - EmployeeBankingHikariPool - Attempting to create/setup new connection (c8d4d383-7cdc-44fb-b05b-655c582f28b0)
2026-08-06 13:25:01 DEBUG [main] com.zaxxer.hikari.pool.PoolBase - EmployeeBankingHikariPool - Failed to create/setup connection (c8d4d383-7cdc-44fb-b05b-655c582f28b0): This driver is not configured for integrated authentication. ClientConnectionId:4c634414-d238-47e3-9ba7-f61f9d1af6b9
2026-08-06 13:25:01 DEBUG [main] com.zaxxer.hikari.pool.HikariPool - EmployeeBankingHikariPool - Cannot acquire connection from data source
com.microsoft.sqlserver.jdbc.SQLServerException: This driver is not configured for integrated authentication. ClientConnectionId:4c634414-d238-47e3-9ba7-f61f9d1af6b9
	at com.microsoft.sqlserver.jdbc.SQLServerConnection.terminate(SQLServerConnection.java:4904)
	at com.microsoft.sqlserver.jdbc.AuthenticationJNI.<init>(AuthenticationJNI.java:78)
	at com.microsoft.sqlserver.jdbc.SQLServerConnection.logon(SQLServerConnection.java:6090)
	at com.microsoft.sqlserver.jdbc.SQLServerConnection$LogonCommand.doExecute(SQLServerConnection.java:6079)
	at com.microsoft.sqlserver.jdbc.TDSCommand.execute(IOBuffer.java:7832)
	at com.microsoft.sqlserver.jdbc.SQLServerConnection.executeCommand(SQLServerConnection.java:5024)
	at com.microsoft.sqlserver.jdbc.SQLServerConnection.connectHelper(SQLServerConnection.java:4412)
	at com.microsoft.sqlserver.jdbc.SQLServerConnection.login(SQLServerConnection.java:3937)
	at com.microsoft.sqlserver.jdbc.SQLServerConnection.connectInternal(SQLServerConnection.java:3700)
	at com.microsoft.sqlserver.jdbc.SQLServerConnection.connect(SQLServerConnection.java:2385)
	at com.microsoft.sqlserver.jdbc.SQLServerDriver.connect(SQLServerDriver.java:1453)
	at com.zaxxer.hikari.util.DriverDataSource.getConnection(DriverDataSource.java:127)
	at com.zaxxer.hikari.pool.PoolBase.newConnection(PoolBase.java:368)
	at com.zaxxer.hikari.pool.PoolBase.newPoolEntry(PoolBase.java:205)
	at com.zaxxer.hikari.pool.HikariPool.createPoolEntry(HikariPool.java:488)
	at com.zaxxer.hikari.pool.HikariPool.checkFailFast(HikariPool.java:576)
	at com.zaxxer.hikari.pool.HikariPool.<init>(HikariPool.java:97)
	at com.zaxxer.hikari.HikariDataSource.getConnection(HikariDataSource.java:111)
	at org.hibernate.engine.jdbc.connections.internal.DatasourceConnectionProviderImpl.getConnection(DatasourceConnectionProviderImpl.java:126)
	at org.hibernate.engine.jdbc.env.internal.JdbcEnvironmentInitiator$ConnectionProviderJdbcConnectionAccess.obtainConnection(JdbcEnvironmentInitiator.java:483)
	at org.hibernate.resource.transaction.backend.jdbc.internal.JdbcIsolationDelegate.delegateWork(JdbcIsolationDelegate.java:61)
	at org.hibernate.engine.jdbc.env.internal.JdbcEnvironmentInitiator.getJdbcEnvironmentUsingJdbcMetadata(JdbcEnvironmentInitiator.java:336)
	at org.hibernate.engine.jdbc.env.internal.JdbcEnvironmentInitiator.initiateService(JdbcEnvironmentInitiator.java:129)
	at org.hibernate.engine.jdbc.env.internal.JdbcEnvironmentInitiator.initiateService(JdbcEnvironmentInitiator.java:81)
	at org.hibernate.boot.registry.internal.StandardServiceRegistryImpl.initiateService(StandardServiceRegistryImpl.java:130)
	at org.hibernate.service.internal.AbstractServiceRegistryImpl.createService(AbstractServiceRegistryImpl.java:263)
	at org.hibernate.service.internal.AbstractServiceRegistryImpl.initializeService(AbstractServiceRegistryImpl.java:238)
	at org.hibernate.service.internal.AbstractServiceRegistryImpl.getService(AbstractServiceRegistryImpl.java:215)
	at org.hibernate.boot.model.relational.Database.<init>(Database.java:45)
	at org.hibernate.boot.internal.InFlightMetadataCollectorImpl.getDatabase(InFlightMetadataCollectorImpl.java:226)
	at org.hibernate.boot.internal.InFlightMetadataCollectorImpl.<init>(InFlightMetadataCollectorImpl.java:194)
	at org.hibernate.boot.model.process.spi.MetadataBuildingProcess.complete(MetadataBuildingProcess.java:171)
	at org.hibernate.jpa.boot.internal.EntityManagerFactoryBuilderImpl.metadata(EntityManagerFactoryBuilderImpl.java:1442)
	at org.hibernate.jpa.boot.internal.EntityManagerFactoryBuilderImpl.build(EntityManagerFactoryBuilderImpl.java:1513)
	at org.springframework.orm.jpa.vendor.SpringHibernateJpaPersistenceProvider.createContainerEntityManagerFactory(SpringHibernateJpaPersistenceProvider.java:66)
	at org.springframework.orm.jpa.LocalContainerEntityManagerFactoryBean.createNativeEntityManagerFactory(LocalContainerEntityManagerFactoryBean.java:390)
	at org.springframework.orm.jpa.AbstractEntityManagerFactoryBean.buildNativeEntityManagerFactory(AbstractEntityManagerFactoryBean.java:419)
	at org.springframework.orm.jpa.AbstractEntityManagerFactoryBean.afterPropertiesSet(AbstractEntityManagerFactoryBean.java:400)
	at org.springframework.orm.jpa.LocalContainerEntityManagerFactoryBean.afterPropertiesSet(LocalContainerEntityManagerFactoryBean.java:366)
	at org.springframework.beans.factory.support.AbstractAutowireCapableBeanFactory.invokeInitMethods(AbstractAutowireCapableBeanFactory.java:1873)
	at org.springframework.beans.factory.support.AbstractAutowireCapableBeanFactory.initializeBean(AbstractAutowireCapableBeanFactory.java:1822)
	at org.springframework.beans.factory.support.AbstractAutowireCapableBeanFactory.doCreateBean(AbstractAutowireCapableBeanFactory.java:607)
	at org.springframework.beans.factory.support.AbstractAutowireCapableBeanFactory.createBean(AbstractAutowireCapableBeanFactory.java:529)
	at org.springframework.beans.factory.support.AbstractBeanFactory.lambda$doGetBean$0(AbstractBeanFactory.java:339)
	at org.springframework.beans.factory.support.DefaultSingletonBeanRegistry.getSingleton(DefaultSingletonBeanRegistry.java:373)
	at org.springframework.beans.factory.support.AbstractBeanFactory.doGetBean(AbstractBeanFactory.java:337)
	at org.springframework.beans.factory.support.AbstractBeanFactory.getBean(AbstractBeanFactory.java:207)
	at org.springframework.context.support.AbstractApplicationContext.finishBeanFactoryInitialization(AbstractApplicationContext.java:970)
	at org.springframework.context.support.AbstractApplicationContext.refresh(AbstractApplicationContext.java:627)
	at org.springframework.boot.web.servlet.context.ServletWebServerApplicationContext.refresh(ServletWebServerApplicationContext.java:146)
	at org.springframework.boot.SpringApplication.refresh(SpringApplication.java:752)
	at org.springframework.boot.SpringApplication.refreshContext(SpringApplication.java:439)
	at org.springframework.boot.SpringApplication.run(SpringApplication.java:318)
	at org.springframework.boot.SpringApplication.run(SpringApplication.java:1361)
	at org.springframework.boot.SpringApplication.run(SpringApplication.java:1350)
	at com.tns.employeeapi.EmployeeApiApplication.main(EmployeeApiApplication.java:10)
Caused by: java.lang.UnsatisfiedLinkError: Unable to load authentication DLL mssql-jdbc_auth-13.4.0.x64
	at com.microsoft.sqlserver.jdbc.AuthenticationJNI.<clinit>(AuthenticationJNI.java:67)
	at com.microsoft.sqlserver.jdbc.SQLServerConnection.logon(SQLServerConnection.java:6089)
	... 53 common frames omitted
2026-08-06 13:25:02 WARN  [main] o.h.e.jdbc.spi.SqlExceptionHelper - SQL Error: 0, SQLState: 08S01
2026-08-06 13:25:02 ERROR [main] o.h.e.jdbc.spi.SqlExceptionHelper - This driver is not configured for integrated authentication. ClientConnectionId:4c634414-d238-47e3-9ba7-f61f9d1af6b9
2026-08-06 13:25:02 WARN  [main] o.h.e.j.e.i.JdbcEnvironmentInitiator - HHH000342: Could not obtain connection to query metadata
org.hibernate.exception.JDBCConnectionException: unable to obtain isolated JDBC connection [This driver is not configured for integrated authentication. ClientConnectionId:4c634414-d238-47e3-9ba7-f61f9d1af6b9] [n/a]
	at org.hibernate.exception.internal.SQLStateConversionDelegate.convert(SQLStateConversionDelegate.java:100)
	at org.hibernate.exception.internal.StandardSQLExceptionConverter.convert(StandardSQLExceptionConverter.java:58)
	at org.hibernate.engine.jdbc.spi.SqlExceptionHelper.convert(SqlExceptionHelper.java:108)
	at org.hibernate.engine.jdbc.spi.SqlExceptionHelper.convert(SqlExceptionHelper.java:94)
	at org.hibernate.resource.transaction.backend.jdbc.internal.JdbcIsolationDelegate.delegateWork(JdbcIsolationDelegate.java:116)
	at org.hibernate.engine.jdbc.env.internal.JdbcEnvironmentInitiator.getJdbcEnvironmentUsingJdbcMetadata(JdbcEnvironmentInitiator.java:336)
	at org.hibernate.engine.jdbc.env.internal.JdbcEnvironmentInitiator.initiateService(JdbcEnvironmentInitiator.java:129)
	at org.hibernate.engine.jdbc.env.internal.JdbcEnvironmentInitiator.initiateService(JdbcEnvironmentInitiator.java:81)
	at org.hibernate.boot.registry.internal.StandardServiceRegistryImpl.initiateService(StandardServiceRegistryImpl.java:130)
	at org.hibernate.service.internal.AbstractServiceRegistryImpl.createService(AbstractServiceRegistryImpl.java:263)
	at org.hibernate.service.internal.AbstractServiceRegistryImpl.initializeService(AbstractServiceRegistryImpl.java:238)
	at org.hibernate.service.internal.AbstractServiceRegistryImpl.getService(AbstractServiceRegistryImpl.java:215)
	at org.hibernate.boot.model.relational.Database.<init>(Database.java:45)
	at org.hibernate.boot.internal.InFlightMetadataCollectorImpl.getDatabase(InFlightMetadataCollectorImpl.java:226)
	at org.hibernate.boot.internal.InFlightMetadataCollectorImpl.<init>(InFlightMetadataCollectorImpl.java:194)
	at org.hibernate.boot.model.process.spi.MetadataBuildingProcess.complete(MetadataBuildingProcess.java:171)
	at org.hibernate.jpa.boot.internal.EntityManagerFactoryBuilderImpl.metadata(EntityManagerFactoryBuilderImpl.java:1442)
	at org.hibernate.jpa.boot.internal.EntityManagerFactoryBuilderImpl.build(EntityManagerFactoryBuilderImpl.java:1513)
	at org.springframework.orm.jpa.vendor.SpringHibernateJpaPersistenceProvider.createContainerEntityManagerFactory(SpringHibernateJpaPersistenceProvider.java:66)
	at org.springframework.orm.jpa.LocalContainerEntityManagerFactoryBean.createNativeEntityManagerFactory(LocalContainerEntityManagerFactoryBean.java:390)
	at org.springframework.orm.jpa.AbstractEntityManagerFactoryBean.buildNativeEntityManagerFactory(AbstractEntityManagerFactoryBean.java:419)
	at org.springframework.orm.jpa.AbstractEntityManagerFactoryBean.afterPropertiesSet(AbstractEntityManagerFactoryBean.java:400)
	at org.springframework.orm.jpa.LocalContainerEntityManagerFactoryBean.afterPropertiesSet(LocalContainerEntityManagerFactoryBean.java:366)
	at org.springframework.beans.factory.support.AbstractAutowireCapableBeanFactory.invokeInitMethods(AbstractAutowireCapableBeanFactory.java:1873)
	at org.springframework.beans.factory.support.AbstractAutowireCapableBeanFactory.initializeBean(AbstractAutowireCapableBeanFactory.java:1822)
	at org.springframework.beans.factory.support.AbstractAutowireCapableBeanFactory.doCreateBean(AbstractAutowireCapableBeanFactory.java:607)
	at org.springframework.beans.factory.support.AbstractAutowireCapableBeanFactory.createBean(AbstractAutowireCapableBeanFactory.java:529)
	at org.springframework.beans.factory.support.AbstractBeanFactory.lambda$doGetBean$0(AbstractBeanFactory.java:339)
	at org.springframework.beans.factory.support.DefaultSingletonBeanRegistry.getSingleton(DefaultSingletonBeanRegistry.java:373)
	at org.springframework.beans.factory.support.AbstractBeanFactory.doGetBean(AbstractBeanFactory.java:337)
	at org.springframework.beans.factory.support.AbstractBeanFactory.getBean(AbstractBeanFactory.java:207)
	at org.springframework.context.support.AbstractApplicationContext.finishBeanFactoryInitialization(AbstractApplicationContext.java:970)
	at org.springframework.context.support.AbstractApplicationContext.refresh(AbstractApplicationContext.java:627)
	at org.springframework.boot.web.servlet.context.ServletWebServerApplicationContext.refresh(ServletWebServerApplicationContext.java:146)
	at org.springframework.boot.SpringApplication.refresh(SpringApplication.java:752)
	at org.springframework.boot.SpringApplication.refreshContext(SpringApplication.java:439)
	at org.springframework.boot.SpringApplication.run(SpringApplication.java:318)
	at org.springframework.boot.SpringApplication.run(SpringApplication.java:1361)
	at org.springframework.boot.SpringApplication.run(SpringApplication.java:1350)
	at com.tns.employeeapi.EmployeeApiApplication.main(EmployeeApiApplication.java:10)
Caused by: com.microsoft.sqlserver.jdbc.SQLServerException: This driver is not configured for integrated authentication. ClientConnectionId:4c634414-d238-47e3-9ba7-f61f9d1af6b9
	at com.microsoft.sqlserver.jdbc.SQLServerConnection.terminate(SQLServerConnection.java:4904)
	at com.microsoft.sqlserver.jdbc.AuthenticationJNI.<init>(AuthenticationJNI.java:78)
	at com.microsoft.sqlserver.jdbc.SQLServerConnection.logon(SQLServerConnection.java:6090)
	at com.microsoft.sqlserver.jdbc.SQLServerConnection$LogonCommand.doExecute(SQLServerConnection.java:6079)
	at com.microsoft.sqlserver.jdbc.TDSCommand.execute(IOBuffer.java:7832)
	at com.microsoft.sqlserver.jdbc.SQLServerConnection.executeCommand(SQLServerConnection.java:5024)
	at com.microsoft.sqlserver.jdbc.SQLServerConnection.connectHelper(SQLServerConnection.java:4412)
	at com.microsoft.sqlserver.jdbc.SQLServerConnection.login(SQLServerConnection.java:3937)
	at com.microsoft.sqlserver.jdbc.SQLServerConnection.connectInternal(SQLServerConnection.java:3700)
	at com.microsoft.sqlserver.jdbc.SQLServerConnection.connect(SQLServerConnection.java:2385)
	at com.microsoft.sqlserver.jdbc.SQLServerDriver.connect(SQLServerDriver.java:1453)
	at com.zaxxer.hikari.util.DriverDataSource.getConnection(DriverDataSource.java:127)
	at com.zaxxer.hikari.pool.PoolBase.newConnection(PoolBase.java:368)
	at com.zaxxer.hikari.pool.PoolBase.newPoolEntry(PoolBase.java:205)
	at com.zaxxer.hikari.pool.HikariPool.createPoolEntry(HikariPool.java:488)
	at com.zaxxer.hikari.pool.HikariPool.checkFailFast(HikariPool.java:576)
	at com.zaxxer.hikari.pool.HikariPool.<init>(HikariPool.java:97)
	at com.zaxxer.hikari.HikariDataSource.getConnection(HikariDataSource.java:111)
	at org.hibernate.engine.jdbc.connections.internal.DatasourceConnectionProviderImpl.getConnection(DatasourceConnectionProviderImpl.java:126)
	at org.hibernate.engine.jdbc.env.internal.JdbcEnvironmentInitiator$ConnectionProviderJdbcConnectionAccess.obtainConnection(JdbcEnvironmentInitiator.java:483)
	at org.hibernate.resource.transaction.backend.jdbc.internal.JdbcIsolationDelegate.delegateWork(JdbcIsolationDelegate.java:61)
	... 35 common frames omitted
Caused by: java.lang.UnsatisfiedLinkError: Unable to load authentication DLL mssql-jdbc_auth-13.4.0.x64
	at com.microsoft.sqlserver.jdbc.AuthenticationJNI.<clinit>(AuthenticationJNI.java:67)
	at com.microsoft.sqlserver.jdbc.SQLServerConnection.logon(SQLServerConnection.java:6089)
	... 53 common frames omitted
2026-08-06 13:25:02 ERROR [main] o.s.o.j.LocalContainerEntityManagerFactoryBean - Failed to initialize JPA EntityManagerFactory: Unable to create requested service [org.hibernate.engine.jdbc.env.spi.JdbcEnvironment] due to: Unable to determine Dialect without JDBC metadata (please set 'jakarta.persistence.jdbc.url' for common cases or 'hibernate.dialect' when a custom Dialect implementation must be provided)
2026-08-06 13:25:02 WARN  [main] o.s.b.w.s.c.AnnotationConfigServletWebServerApplicationContext - Exception encountered during context initialization - cancelling refresh attempt: org.springframework.beans.factory.BeanCreationException: Error creating bean with name 'entityManagerFactory' defined in class path resource [org/springframework/boot/autoconfigure/orm/jpa/HibernateJpaConfiguration.class]: Unable to create requested service [org.hibernate.engine.jdbc.env.spi.JdbcEnvironment] due to: Unable to determine Dialect without JDBC metadata (please set 'jakarta.persistence.jdbc.url' for common cases or 'hibernate.dialect' when a custom Dialect implementation must be provided)
2026-08-06 13:25:02 INFO  [main] o.a.catalina.core.StandardService - Stopping service [Tomcat]
2026-08-06 13:25:02 INFO  [main] o.s.b.a.l.ConditionEvaluationReportLogger - 

Error starting ApplicationContext. To display the condition evaluation report re-run your application with 'debug' enabled.
2026-08-06 13:25:02 ERROR [main] o.s.boot.SpringApplication - Application run failed
org.springframework.beans.factory.BeanCreationException: Error creating bean with name 'entityManagerFactory' defined in class path resource [org/springframework/boot/autoconfigure/orm/jpa/HibernateJpaConfiguration.class]: Unable to create requested service [org.hibernate.engine.jdbc.env.spi.JdbcEnvironment] due to: Unable to determine Dialect without JDBC metadata (please set 'jakarta.persistence.jdbc.url' for common cases or 'hibernate.dialect' when a custom Dialect implementation must be provided)
	at org.springframework.beans.factory.support.AbstractAutowireCapableBeanFactory.initializeBean(AbstractAutowireCapableBeanFactory.java:1826)
	at org.springframework.beans.factory.support.AbstractAutowireCapableBeanFactory.doCreateBean(AbstractAutowireCapableBeanFactory.java:607)
	at org.springframework.beans.factory.support.AbstractAutowireCapableBeanFactory.createBean(AbstractAutowireCapableBeanFactory.java:529)
	at org.springframework.beans.factory.support.AbstractBeanFactory.lambda$doGetBean$0(AbstractBeanFactory.java:339)
	at org.springframework.beans.factory.support.DefaultSingletonBeanRegistry.getSingleton(DefaultSingletonBeanRegistry.java:373)
	at org.springframework.beans.factory.support.AbstractBeanFactory.doGetBean(AbstractBeanFactory.java:337)
	at org.springframework.beans.factory.support.AbstractBeanFactory.getBean(AbstractBeanFactory.java:207)
	at org.springframework.context.support.AbstractApplicationContext.finishBeanFactoryInitialization(AbstractApplicationContext.java:970)
	at org.springframework.context.support.AbstractApplicationContext.refresh(AbstractApplicationContext.java:627)
	at org.springframework.boot.web.servlet.context.ServletWebServerApplicationContext.refresh(ServletWebServerApplicationContext.java:146)
	at org.springframework.boot.SpringApplication.refresh(SpringApplication.java:752)
	at org.springframework.boot.SpringApplication.refreshContext(SpringApplication.java:439)
	at org.springframework.boot.SpringApplication.run(SpringApplication.java:318)
	at org.springframework.boot.SpringApplication.run(SpringApplication.java:1361)
	at org.springframework.boot.SpringApplication.run(SpringApplication.java:1350)
	at com.tns.employeeapi.EmployeeApiApplication.main(EmployeeApiApplication.java:10)
Caused by: org.hibernate.service.spi.ServiceException: Unable to create requested service [org.hibernate.engine.jdbc.env.spi.JdbcEnvironment] due to: Unable to determine Dialect without JDBC metadata (please set 'jakarta.persistence.jdbc.url' for common cases or 'hibernate.dialect' when a custom Dialect implementation must be provided)
	at org.hibernate.service.internal.AbstractServiceRegistryImpl.createService(AbstractServiceRegistryImpl.java:276)
	at org.hibernate.service.internal.AbstractServiceRegistryImpl.initializeService(AbstractServiceRegistryImpl.java:238)
	at org.hibernate.service.internal.AbstractServiceRegistryImpl.getService(AbstractServiceRegistryImpl.java:215)
	at org.hibernate.boot.model.relational.Database.<init>(Database.java:45)
	at org.hibernate.boot.internal.InFlightMetadataCollectorImpl.getDatabase(InFlightMetadataCollectorImpl.java:226)
	at org.hibernate.boot.internal.InFlightMetadataCollectorImpl.<init>(InFlightMetadataCollectorImpl.java:194)
	at org.hibernate.boot.model.process.spi.MetadataBuildingProcess.complete(MetadataBuildingProcess.java:171)
	at org.hibernate.jpa.boot.internal.EntityManagerFactoryBuilderImpl.metadata(EntityManagerFactoryBuilderImpl.java:1442)
	at org.hibernate.jpa.boot.internal.EntityManagerFactoryBuilderImpl.build(EntityManagerFactoryBuilderImpl.java:1513)
	at org.springframework.orm.jpa.vendor.SpringHibernateJpaPersistenceProvider.createContainerEntityManagerFactory(SpringHibernateJpaPersistenceProvider.java:66)
	at org.springframework.orm.jpa.LocalContainerEntityManagerFactoryBean.createNativeEntityManagerFactory(LocalContainerEntityManagerFactoryBean.java:390)
	at org.springframework.orm.jpa.AbstractEntityManagerFactoryBean.buildNativeEntityManagerFactory(AbstractEntityManagerFactoryBean.java:419)
	at org.springframework.orm.jpa.AbstractEntityManagerFactoryBean.afterPropertiesSet(AbstractEntityManagerFactoryBean.java:400)
	at org.springframework.orm.jpa.LocalContainerEntityManagerFactoryBean.afterPropertiesSet(LocalContainerEntityManagerFactoryBean.java:366)
	at org.springframework.beans.factory.support.AbstractAutowireCapableBeanFactory.invokeInitMethods(AbstractAutowireCapableBeanFactory.java:1873)
	at org.springframework.beans.factory.support.AbstractAutowireCapableBeanFactory.initializeBean(AbstractAutowireCapableBeanFactory.java:1822)
	... 15 common frames omitted
Caused by: org.hibernate.HibernateException: Unable to determine Dialect without JDBC metadata (please set 'jakarta.persistence.jdbc.url' for common cases or 'hibernate.dialect' when a custom Dialect implementation must be provided)
	at org.hibernate.engine.jdbc.dialect.internal.DialectFactoryImpl.determineDialect(DialectFactoryImpl.java:191)
	at org.hibernate.engine.jdbc.dialect.internal.DialectFactoryImpl.buildDialect(DialectFactoryImpl.java:87)
	at org.hibernate.engine.jdbc.env.internal.JdbcEnvironmentInitiator.getJdbcEnvironmentWithDefaults(JdbcEnvironmentInitiator.java:186)
	at org.hibernate.engine.jdbc.env.internal.JdbcEnvironmentInitiator.getJdbcEnvironmentUsingJdbcMetadata(JdbcEnvironmentInitiator.java:408)
	at org.hibernate.engine.jdbc.env.internal.JdbcEnvironmentInitiator.initiateService(JdbcEnvironmentInitiator.java:129)
	at org.hibernate.engine.jdbc.env.internal.JdbcEnvironmentInitiator.initiateService(JdbcEnvironmentInitiator.java:81)
	at org.hibernate.boot.registry.internal.StandardServiceRegistryImpl.initiateService(StandardServiceRegistryImpl.java:130)
	at org.hibernate.service.internal.AbstractServiceRegistryImpl.createService(AbstractServiceRegistryImpl.java:263)
	... 30 common frames omitted
2026-08-06 13:25:24 INFO  [background-preinit] o.h.validator.internal.util.Version - HV000001: Hibernate Validator 8.0.2.Final
2026-08-06 13:25:24 INFO  [main] c.t.e.EmployeeApiApplication - Starting EmployeeApiApplication using Java 21.0.11 with PID 16988 (C:\Users\s.samantray\Desktop\Eclipse_Workspace\EmployeeBankRestApiPostman_Collection\target\classes started by s.samantray in C:\Users\s.samantray\Desktop\Eclipse_Workspace\EmployeeBankRestApiPostman_Collection)
2026-08-06 13:25:24 DEBUG [main] c.t.e.EmployeeApiApplication - Running with Spring Boot v3.5.4, Spring v6.2.9
2026-08-06 13:25:24 INFO  [main] c.t.e.EmployeeApiApplication - No active profile set, falling back to 1 default profile: "default"
2026-08-06 13:25:28 INFO  [main] o.s.d.r.c.RepositoryConfigurationDelegate - Multiple Spring Data modules found, entering strict repository configuration mode
2026-08-06 13:25:28 INFO  [main] o.s.d.r.c.RepositoryConfigurationDelegate - Bootstrapping Spring Data JPA repositories in DEFAULT mode.
2026-08-06 13:25:28 INFO  [main] o.s.d.r.c.RepositoryConfigurationDelegate - Finished Spring Data repository scanning in 388 ms. Found 2 JPA repository interfaces.
2026-08-06 13:25:28 INFO  [main] o.s.d.r.c.RepositoryConfigurationDelegate - Multiple Spring Data modules found, entering strict repository configuration mode
2026-08-06 13:25:28 INFO  [main] o.s.d.r.c.RepositoryConfigurationDelegate - Bootstrapping Spring Data Redis repositories in DEFAULT mode.
2026-08-06 13:25:28 INFO  [main] o.s.d.r.c.RepositoryConfigurationExtensionSupport - Spring Data Redis - Could not safely identify store assignment for repository candidate interface com.tns.employeeapi.repository.AccountRepository; If you want this repository to be a Redis repository, consider annotating your entities with one of these annotations: org.springframework.data.redis.core.RedisHash (preferred), or consider extending one of the following types with your repository: org.springframework.data.keyvalue.repository.KeyValueRepository
2026-08-06 13:25:28 INFO  [main] o.s.d.r.c.RepositoryConfigurationExtensionSupport - Spring Data Redis - Could not safely identify store assignment for repository candidate interface com.tns.employeeapi.repository.EmployeeRepository; If you want this repository to be a Redis repository, consider annotating your entities with one of these annotations: org.springframework.data.redis.core.RedisHash (preferred), or consider extending one of the following types with your repository: org.springframework.data.keyvalue.repository.KeyValueRepository
2026-08-06 13:25:28 INFO  [main] o.s.d.r.c.RepositoryConfigurationDelegate - Finished Spring Data repository scanning in 33 ms. Found 0 Redis repository interfaces.
2026-08-06 13:25:30 INFO  [main] o.s.b.w.e.tomcat.TomcatWebServer - Tomcat initialized with port 8090 (http)
2026-08-06 13:25:30 INFO  [main] o.a.coyote.http11.Http11NioProtocol - Initializing ProtocolHandler ["http-nio-8090"]
2026-08-06 13:25:30 INFO  [main] o.a.catalina.core.StandardService - Starting service [Tomcat]
2026-08-06 13:25:30 INFO  [main] o.a.catalina.core.StandardEngine - Starting Servlet engine: [Apache Tomcat/10.1.43]
2026-08-06 13:25:30 INFO  [main] o.a.c.c.C.[Tomcat].[localhost].[/] - Initializing Spring embedded WebApplicationContext
2026-08-06 13:25:30 INFO  [main] o.s.b.w.s.c.ServletWebServerApplicationContext - Root WebApplicationContext: initialization completed in 5840 ms
2026-08-06 13:25:31 DEBUG [main] com.zaxxer.hikari.HikariConfig - Class com.microsoft.sqlserver.jdbc.SQLServerDriver found in Thread context class loader jdk.internal.loader.ClassLoaders$AppClassLoader@5c647e05
2026-08-06 13:25:31 INFO  [main] o.h.jpa.internal.util.LogHelper - HHH000204: Processing PersistenceUnitInfo [name: default]
2026-08-06 13:25:32 INFO  [main] org.hibernate.Version - HHH000412: Hibernate ORM core version 6.6.22.Final
2026-08-06 13:25:32 INFO  [main] o.h.c.i.RegionFactoryInitiator - HHH000026: Second-level cache disabled
2026-08-06 13:25:33 INFO  [main] o.s.o.j.p.SpringPersistenceUnitInfo - No LoadTimeWeaver setup: ignoring JPA class transformer
2026-08-06 13:25:33 DEBUG [main] com.zaxxer.hikari.HikariConfig - EmployeeBankingHikariPool - configuration:
2026-08-06 13:25:33 DEBUG [main] com.zaxxer.hikari.HikariConfig - allowPoolSuspension.............false
2026-08-06 13:25:33 DEBUG [main] com.zaxxer.hikari.HikariConfig - autoCommit......................true
2026-08-06 13:25:33 DEBUG [main] com.zaxxer.hikari.HikariConfig - catalog.........................none
2026-08-06 13:25:33 DEBUG [main] com.zaxxer.hikari.HikariConfig - connectionInitSql...............none
2026-08-06 13:25:33 DEBUG [main] com.zaxxer.hikari.HikariConfig - connectionTestQuery.............none
2026-08-06 13:25:33 DEBUG [main] com.zaxxer.hikari.HikariConfig - connectionTimeout...............30000
2026-08-06 13:25:33 DEBUG [main] com.zaxxer.hikari.HikariConfig - credentials.....................com.zaxxer.hikari.util.Credentials@4742466e
2026-08-06 13:25:33 DEBUG [main] com.zaxxer.hikari.HikariConfig - dataSource......................none
2026-08-06 13:25:33 DEBUG [main] com.zaxxer.hikari.HikariConfig - dataSourceClassName.............none
2026-08-06 13:25:33 DEBUG [main] com.zaxxer.hikari.HikariConfig - dataSourceJNDI..................none
2026-08-06 13:25:33 DEBUG [main] com.zaxxer.hikari.HikariConfig - dataSourceProperties............{password=<masked>}
2026-08-06 13:25:33 DEBUG [main] com.zaxxer.hikari.HikariConfig - driverClassName................."com.microsoft.sqlserver.jdbc.SQLServerDriver"
2026-08-06 13:25:33 DEBUG [main] com.zaxxer.hikari.HikariConfig - exceptionOverride...............none
2026-08-06 13:25:33 DEBUG [main] com.zaxxer.hikari.HikariConfig - exceptionOverrideClassName......none
2026-08-06 13:25:33 DEBUG [main] com.zaxxer.hikari.HikariConfig - healthCheckProperties...........{}
2026-08-06 13:25:33 DEBUG [main] com.zaxxer.hikari.HikariConfig - healthCheckRegistry.............none
2026-08-06 13:25:33 DEBUG [main] com.zaxxer.hikari.HikariConfig - idleTimeout.....................600000
2026-08-06 13:25:33 DEBUG [main] com.zaxxer.hikari.HikariConfig - initializationFailTimeout.......1
2026-08-06 13:25:33 DEBUG [main] com.zaxxer.hikari.HikariConfig - isolateInternalQueries..........false
2026-08-06 13:25:33 DEBUG [main] com.zaxxer.hikari.HikariConfig - jdbcUrl.........................jdbc:sqlserver://TNS-IT-DESKTOP\SQLEXPRESS;databaseName=SpringBootRestApi;integratedSecurity=true;encrypt=true;trustServerCertificate=true
2026-08-06 13:25:33 DEBUG [main] com.zaxxer.hikari.HikariConfig - keepaliveTime...................120000
2026-08-06 13:25:33 DEBUG [main] com.zaxxer.hikari.HikariConfig - leakDetectionThreshold..........2000
2026-08-06 13:25:33 DEBUG [main] com.zaxxer.hikari.HikariConfig - maxLifetime.....................1800000
2026-08-06 13:25:33 DEBUG [main] com.zaxxer.hikari.HikariConfig - maximumPoolSize.................10
2026-08-06 13:25:33 DEBUG [main] com.zaxxer.hikari.HikariConfig - metricRegistry..................none
2026-08-06 13:25:33 DEBUG [main] com.zaxxer.hikari.HikariConfig - metricsTrackerFactory...........none
2026-08-06 13:25:33 DEBUG [main] com.zaxxer.hikari.HikariConfig - minimumIdle.....................5
2026-08-06 13:25:33 DEBUG [main] com.zaxxer.hikari.HikariConfig - password........................<masked>
2026-08-06 13:25:33 DEBUG [main] com.zaxxer.hikari.HikariConfig - poolName........................"EmployeeBankingHikariPool"
2026-08-06 13:25:33 DEBUG [main] com.zaxxer.hikari.HikariConfig - readOnly........................false
2026-08-06 13:25:33 DEBUG [main] com.zaxxer.hikari.HikariConfig - registerMbeans..................false
2026-08-06 13:25:33 DEBUG [main] com.zaxxer.hikari.HikariConfig - scheduledExecutor...............none
2026-08-06 13:25:33 DEBUG [main] com.zaxxer.hikari.HikariConfig - schema..........................none
2026-08-06 13:25:33 DEBUG [main] com.zaxxer.hikari.HikariConfig - threadFactory...................internal
2026-08-06 13:25:33 DEBUG [main] com.zaxxer.hikari.HikariConfig - transactionIsolation............default
2026-08-06 13:25:33 DEBUG [main] com.zaxxer.hikari.HikariConfig - username........................none
2026-08-06 13:25:33 DEBUG [main] com.zaxxer.hikari.HikariConfig - validationTimeout...............5000
2026-08-06 13:25:33 INFO  [main] com.zaxxer.hikari.HikariDataSource - EmployeeBankingHikariPool - Starting...
2026-08-06 13:25:33 DEBUG [main] com.zaxxer.hikari.pool.PoolBase - EmployeeBankingHikariPool - Attempting to create/setup new connection (6585c1e6-92fe-4460-a3d5-a9f8a0da4c1f)
2026-08-06 13:25:34 DEBUG [main] com.zaxxer.hikari.pool.PoolBase - EmployeeBankingHikariPool - Established new connection (6585c1e6-92fe-4460-a3d5-a9f8a0da4c1f)
2026-08-06 13:25:34 INFO  [main] com.zaxxer.hikari.pool.HikariPool - EmployeeBankingHikariPool - Added connection ConnectionID:1 ClientConnectionId: 84e5d10d-0084-4e35-b9df-36d2d21e0db5
2026-08-06 13:25:34 INFO  [main] com.zaxxer.hikari.HikariDataSource - EmployeeBankingHikariPool - Start completed.
2026-08-06 13:25:34 DEBUG [EmployeeBankingHikariPool:housekeeper] com.zaxxer.hikari.pool.HikariPool - EmployeeBankingHikariPool - Before cleanup stats (total=1/10, idle=0/5, active=1, waiting=0)
2026-08-06 13:25:34 DEBUG [EmployeeBankingHikariPool:housekeeper] com.zaxxer.hikari.pool.HikariPool - EmployeeBankingHikariPool - After  cleanup stats (total=1/10, idle=0/5, active=1, waiting=0)
2026-08-06 13:25:34 DEBUG [EmployeeBankingHikariPool:connection-adder] com.zaxxer.hikari.pool.PoolBase - EmployeeBankingHikariPool - Attempting to create/setup new connection (66180989-dcb5-4278-b48b-6f536a665de4)
2026-08-06 13:25:34 INFO  [main] o.hibernate.orm.connections.pooling - HHH10001005: Database info:
	Database JDBC URL [Connecting through datasource 'HikariDataSource (EmployeeBankingHikariPool)']
	Database driver: undefined/unknown
	Database version: 15.0
	Autocommit mode: undefined/unknown
	Isolation level: undefined/unknown
	Minimum pool size: undefined/unknown
	Maximum pool size: undefined/unknown
2026-08-06 13:25:35 DEBUG [EmployeeBankingHikariPool:connection-adder] com.zaxxer.hikari.pool.PoolBase - EmployeeBankingHikariPool - Established new connection (66180989-dcb5-4278-b48b-6f536a665de4)
2026-08-06 13:25:35 DEBUG [EmployeeBankingHikariPool:connection-adder] com.zaxxer.hikari.pool.HikariPool - EmployeeBankingHikariPool - Added connection ConnectionID:2 ClientConnectionId: 101885d0-a502-4ebb-bd27-370e6fbcf1ff
2026-08-06 13:25:35 DEBUG [EmployeeBankingHikariPool:connection-adder] com.zaxxer.hikari.pool.HikariPool - EmployeeBankingHikariPool - After adding stats (total=2/10, idle=2/5, active=0, waiting=0)
2026-08-06 13:25:35 DEBUG [EmployeeBankingHikariPool:connection-adder] com.zaxxer.hikari.pool.PoolBase - EmployeeBankingHikariPool - Attempting to create/setup new connection (bb1d7114-06a1-449d-a4d8-2d3e31662f33)
2026-08-06 13:25:35 DEBUG [EmployeeBankingHikariPool:connection-adder] com.zaxxer.hikari.pool.PoolBase - EmployeeBankingHikariPool - Established new connection (bb1d7114-06a1-449d-a4d8-2d3e31662f33)
2026-08-06 13:25:35 DEBUG [EmployeeBankingHikariPool:connection-adder] com.zaxxer.hikari.pool.HikariPool - EmployeeBankingHikariPool - Added connection ConnectionID:3 ClientConnectionId: ef1aa05a-9061-4b72-9264-5210001db63b
2026-08-06 13:25:35 DEBUG [EmployeeBankingHikariPool:connection-adder] com.zaxxer.hikari.pool.HikariPool - EmployeeBankingHikariPool - After adding stats (total=3/10, idle=3/5, active=0, waiting=0)
2026-08-06 13:25:35 DEBUG [EmployeeBankingHikariPool:connection-adder] com.zaxxer.hikari.pool.PoolBase - EmployeeBankingHikariPool - Attempting to create/setup new connection (84e88059-54d1-4d75-817a-c0a1171a49cc)
2026-08-06 13:25:35 DEBUG [EmployeeBankingHikariPool:connection-adder] com.zaxxer.hikari.pool.PoolBase - EmployeeBankingHikariPool - Established new connection (84e88059-54d1-4d75-817a-c0a1171a49cc)
2026-08-06 13:25:35 DEBUG [EmployeeBankingHikariPool:connection-adder] com.zaxxer.hikari.pool.HikariPool - EmployeeBankingHikariPool - Added connection ConnectionID:4 ClientConnectionId: 5aa07572-d1c5-4e72-8fc5-8236661823db
2026-08-06 13:25:35 DEBUG [EmployeeBankingHikariPool:connection-adder] com.zaxxer.hikari.pool.HikariPool - EmployeeBankingHikariPool - After adding stats (total=4/10, idle=4/5, active=0, waiting=0)
2026-08-06 13:25:35 DEBUG [EmployeeBankingHikariPool:connection-adder] com.zaxxer.hikari.pool.PoolBase - EmployeeBankingHikariPool - Attempting to create/setup new connection (d1a9d35d-ea36-484f-81ab-c47893cbd5be)
2026-08-06 13:25:36 DEBUG [EmployeeBankingHikariPool:connection-adder] com.zaxxer.hikari.pool.PoolBase - EmployeeBankingHikariPool - Established new connection (d1a9d35d-ea36-484f-81ab-c47893cbd5be)
2026-08-06 13:25:36 DEBUG [EmployeeBankingHikariPool:connection-adder] com.zaxxer.hikari.pool.HikariPool - EmployeeBankingHikariPool - Added connection ConnectionID:5 ClientConnectionId: e322db07-33f5-4420-8eff-7d9e36f3eae3
2026-08-06 13:25:36 DEBUG [EmployeeBankingHikariPool:connection-adder] com.zaxxer.hikari.pool.HikariPool - EmployeeBankingHikariPool - After adding stats (total=5/10, idle=5/5, active=0, waiting=0)
2026-08-06 13:25:36 DEBUG [EmployeeBankingHikariPool:connection-adder] com.zaxxer.hikari.pool.HikariPool - EmployeeBankingHikariPool - Connection not added, stats (total=5/10, idle=5/5, active=0, waiting=0)
2026-08-06 13:25:36 INFO  [main] o.h.e.t.j.p.i.JtaPlatformInitiator - HHH000489: No JTA platform available (set 'hibernate.transaction.jta.platform' to enable JTA platform integration)
2026-08-06 13:25:37 DEBUG [main] org.hibernate.SQL - 
    create table account_details5 (
        id int identity not null,
        account_holder_name varchar(255) not null,
        account_number varchar(255) not null,
        balance float(53) not null,
        primary key (id)
    )
2026-08-06 13:25:39 WARN  [EmployeeBankingHikariPool:housekeeper] c.zaxxer.hikari.pool.ProxyLeakTask - Connection leak detection triggered for ConnectionID:1 ClientConnectionId: 84e5d10d-0084-4e35-b9df-36d2d21e0db5 on thread main, stack trace follows
java.lang.Exception: Apparent connection leak detected
	at com.zaxxer.hikari.HikariDataSource.getConnection(HikariDataSource.java:127)
	at org.hibernate.engine.jdbc.connections.internal.DatasourceConnectionProviderImpl.getConnection(DatasourceConnectionProviderImpl.java:126)
	at org.hibernate.engine.jdbc.env.internal.JdbcEnvironmentInitiator$ConnectionProviderJdbcConnectionAccess.obtainConnection(JdbcEnvironmentInitiator.java:483)
	at org.hibernate.resource.transaction.backend.jdbc.internal.DdlTransactionIsolatorNonJtaImpl.getIsolatedConnection(DdlTransactionIsolatorNonJtaImpl.java:46)
	at org.hibernate.resource.transaction.backend.jdbc.internal.DdlTransactionIsolatorNonJtaImpl.getIsolatedConnection(DdlTransactionIsolatorNonJtaImpl.java:39)
	at org.hibernate.tool.schema.internal.exec.ImprovedExtractionContextImpl.getJdbcConnection(ImprovedExtractionContextImpl.java:63)
	at org.hibernate.tool.schema.extract.spi.ExtractionContext.getQueryResults(ExtractionContext.java:43)
	at org.hibernate.tool.schema.extract.internal.SequenceInformationExtractorLegacyImpl.extractMetadata(SequenceInformationExtractorLegacyImpl.java:39)
	at org.hibernate.tool.schema.extract.internal.DatabaseInformationImpl.initializeSequences(DatabaseInformationImpl.java:66)
	at org.hibernate.tool.schema.extract.internal.DatabaseInformationImpl.<init>(DatabaseInformationImpl.java:60)
	at org.hibernate.tool.schema.internal.Helper.buildDatabaseInformation(Helper.java:185)
	at org.hibernate.tool.schema.internal.AbstractSchemaMigrator.doMigration(AbstractSchemaMigrator.java:93)
	at org.hibernate.tool.schema.spi.SchemaManagementToolCoordinator.performDatabaseAction(SchemaManagementToolCoordinator.java:280)
	at org.hibernate.tool.schema.spi.SchemaManagementToolCoordinator.lambda$process$5(SchemaManagementToolCoordinator.java:144)
	at java.base/java.util.HashMap.forEach(HashMap.java:1429)
	at org.hibernate.tool.schema.spi.SchemaManagementToolCoordinator.process(SchemaManagementToolCoordinator.java:141)
	at org.hibernate.boot.internal.SessionFactoryObserverForSchemaExport.sessionFactoryCreated(SessionFactoryObserverForSchemaExport.java:37)
	at org.hibernate.internal.SessionFactoryObserverChain.sessionFactoryCreated(SessionFactoryObserverChain.java:35)
	at org.hibernate.internal.SessionFactoryImpl.<init>(SessionFactoryImpl.java:324)
	at org.hibernate.boot.internal.SessionFactoryBuilderImpl.build(SessionFactoryBuilderImpl.java:463)
	at org.hibernate.jpa.boot.internal.EntityManagerFactoryBuilderImpl.build(EntityManagerFactoryBuilderImpl.java:1517)
	at org.springframework.orm.jpa.vendor.SpringHibernateJpaPersistenceProvider.createContainerEntityManagerFactory(SpringHibernateJpaPersistenceProvider.java:66)
	at org.springframework.orm.jpa.LocalContainerEntityManagerFactoryBean.createNativeEntityManagerFactory(LocalContainerEntityManagerFactoryBean.java:390)
	at org.springframework.orm.jpa.AbstractEntityManagerFactoryBean.buildNativeEntityManagerFactory(AbstractEntityManagerFactoryBean.java:419)
	at org.springframework.orm.jpa.AbstractEntityManagerFactoryBean.afterPropertiesSet(AbstractEntityManagerFactoryBean.java:400)
	at org.springframework.orm.jpa.LocalContainerEntityManagerFactoryBean.afterPropertiesSet(LocalContainerEntityManagerFactoryBean.java:366)
	at org.springframework.beans.factory.support.AbstractAutowireCapableBeanFactory.invokeInitMethods(AbstractAutowireCapableBeanFactory.java:1873)
	at org.springframework.beans.factory.support.AbstractAutowireCapableBeanFactory.initializeBean(AbstractAutowireCapableBeanFactory.java:1822)
	at org.springframework.beans.factory.support.AbstractAutowireCapableBeanFactory.doCreateBean(AbstractAutowireCapableBeanFactory.java:607)
	at org.springframework.beans.factory.support.AbstractAutowireCapableBeanFactory.createBean(AbstractAutowireCapableBeanFactory.java:529)
	at org.springframework.beans.factory.support.AbstractBeanFactory.lambda$doGetBean$0(AbstractBeanFactory.java:339)
	at org.springframework.beans.factory.support.DefaultSingletonBeanRegistry.getSingleton(DefaultSingletonBeanRegistry.java:373)
	at org.springframework.beans.factory.support.AbstractBeanFactory.doGetBean(AbstractBeanFactory.java:337)
	at org.springframework.beans.factory.support.AbstractBeanFactory.getBean(AbstractBeanFactory.java:207)
	at org.springframework.context.support.AbstractApplicationContext.finishBeanFactoryInitialization(AbstractApplicationContext.java:970)
	at org.springframework.context.support.AbstractApplicationContext.refresh(AbstractApplicationContext.java:627)
	at org.springframework.boot.web.servlet.context.ServletWebServerApplicationContext.refresh(ServletWebServerApplicationContext.java:146)
	at org.springframework.boot.SpringApplication.refresh(SpringApplication.java:752)
	at org.springframework.boot.SpringApplication.refreshContext(SpringApplication.java:439)
	at org.springframework.boot.SpringApplication.run(SpringApplication.java:318)
	at org.springframework.boot.SpringApplication.run(SpringApplication.java:1361)
	at org.springframework.boot.SpringApplication.run(SpringApplication.java:1350)
	at com.tns.employeeapi.EmployeeApiApplication.main(EmployeeApiApplication.java:10)
2026-08-06 13:26:04 DEBUG [EmployeeBankingHikariPool:housekeeper] com.zaxxer.hikari.pool.HikariPool - EmployeeBankingHikariPool - Before cleanup stats (total=5/10, idle=4/5, active=1, waiting=0)
2026-08-06 13:26:04 DEBUG [EmployeeBankingHikariPool:housekeeper] com.zaxxer.hikari.pool.HikariPool - EmployeeBankingHikariPool - After  cleanup stats (total=5/10, idle=4/5, active=1, waiting=0)
2026-08-06 13:26:04 DEBUG [EmployeeBankingHikariPool:connection-adder] com.zaxxer.hikari.pool.PoolBase - EmployeeBankingHikariPool - Attempting to create/setup new connection (47245832-e65a-4b82-b2d1-6ab41e5b833d)
2026-08-06 13:26:05 DEBUG [EmployeeBankingHikariPool:connection-adder] com.zaxxer.hikari.pool.PoolBase - EmployeeBankingHikariPool - Established new connection (47245832-e65a-4b82-b2d1-6ab41e5b833d)
2026-08-06 13:26:05 DEBUG [EmployeeBankingHikariPool:connection-adder] com.zaxxer.hikari.pool.HikariPool - EmployeeBankingHikariPool - Added connection ConnectionID:6 ClientConnectionId: 3086098f-3cb7-4785-8729-9ba6bfd254ef
2026-08-06 13:26:05 DEBUG [EmployeeBankingHikariPool:connection-adder] com.zaxxer.hikari.pool.HikariPool - EmployeeBankingHikariPool - After adding stats (total=6/10, idle=5/5, active=1, waiting=0)
2026-08-06 13:26:06 DEBUG [main] org.hibernate.SQL - 
    create table employee_details5 (
        id int identity not null,
        department varchar(100) not null,
        email varchar(100) not null,
        name varchar(100) not null,
        salary float(53) not null,
        primary key (id)
    )
2026-08-06 13:26:06 DEBUG [main] org.hibernate.SQL - 
    alter table account_details5 
       drop constraint UKairqd0x57atf22fyioq8y1kjl
2026-08-06 13:26:06 DEBUG [main] org.hibernate.SQL - 
    alter table account_details5 
       add constraint UKairqd0x57atf22fyioq8y1kjl unique (account_number)
2026-08-06 13:26:06 DEBUG [main] org.hibernate.SQL - 
    alter table employee_details5 
       drop constraint UK27yw2742s4rsq3pfwyuibpw1a
2026-08-06 13:26:06 DEBUG [main] org.hibernate.SQL - 
    alter table employee_details5 
       add constraint UK27yw2742s4rsq3pfwyuibpw1a unique (email)
2026-08-06 13:26:06 INFO  [main] c.zaxxer.hikari.pool.ProxyLeakTask - Previously reported leaked connection ConnectionID:1 ClientConnectionId: 84e5d10d-0084-4e35-b9df-36d2d21e0db5 on thread main was returned to the pool (unleaked)
2026-08-06 13:26:06 INFO  [main] o.s.o.j.LocalContainerEntityManagerFactoryBean - Initialized JPA EntityManagerFactory for persistence unit 'default'
2026-08-06 13:26:11 INFO  [main] o.s.b.a.e.web.EndpointLinksResolver - Exposing 5 endpoints beneath base path '/actuator'
2026-08-06 13:26:11 INFO  [main] o.a.coyote.http11.Http11NioProtocol - Starting ProtocolHandler ["http-nio-8090"]
2026-08-06 13:26:11 WARN  [main] o.s.b.w.s.c.AnnotationConfigServletWebServerApplicationContext - Exception encountered during context initialization - cancelling refresh attempt: org.springframework.context.ApplicationContextException: Failed to start bean 'webServerStartStop'
2026-08-06 13:26:11 INFO  [main] o.s.o.j.LocalContainerEntityManagerFactoryBean - Closing JPA EntityManagerFactory for persistence unit 'default'
2026-08-06 13:26:11 INFO  [main] com.zaxxer.hikari.HikariDataSource - EmployeeBankingHikariPool - Shutdown initiated...
2026-08-06 13:26:11 DEBUG [main] com.zaxxer.hikari.pool.HikariPool - EmployeeBankingHikariPool - Before shutdown stats (total=6/10, idle=6/5, active=0, waiting=0)
2026-08-06 13:26:11 DEBUG [EmployeeBankingHikariPool:connection-closer] com.zaxxer.hikari.pool.PoolBase - EmployeeBankingHikariPool - Closing connection ConnectionID:1 ClientConnectionId: 84e5d10d-0084-4e35-b9df-36d2d21e0db5: (connection evicted)
2026-08-06 13:26:11 DEBUG [EmployeeBankingHikariPool:connection-closer] com.zaxxer.hikari.pool.PoolBase - EmployeeBankingHikariPool - Closing connection ConnectionID:2 ClientConnectionId: 101885d0-a502-4ebb-bd27-370e6fbcf1ff: (connection evicted)
2026-08-06 13:26:11 DEBUG [EmployeeBankingHikariPool:connection-closer] com.zaxxer.hikari.pool.PoolBase - EmployeeBankingHikariPool - Closing connection ConnectionID:3 ClientConnectionId: ef1aa05a-9061-4b72-9264-5210001db63b: (connection evicted)
2026-08-06 13:26:11 DEBUG [EmployeeBankingHikariPool:connection-closer] com.zaxxer.hikari.pool.PoolBase - EmployeeBankingHikariPool - Closing connection ConnectionID:4 ClientConnectionId: 5aa07572-d1c5-4e72-8fc5-8236661823db: (connection evicted)
2026-08-06 13:26:11 DEBUG [EmployeeBankingHikariPool:connection-closer] com.zaxxer.hikari.pool.PoolBase - EmployeeBankingHikariPool - Closing connection ConnectionID:5 ClientConnectionId: e322db07-33f5-4420-8eff-7d9e36f3eae3: (connection evicted)
2026-08-06 13:26:11 DEBUG [EmployeeBankingHikariPool:connection-closer] com.zaxxer.hikari.pool.PoolBase - EmployeeBankingHikariPool - Closing connection ConnectionID:6 ClientConnectionId: 3086098f-3cb7-4785-8729-9ba6bfd254ef: (connection evicted)
2026-08-06 13:26:11 DEBUG [main] com.zaxxer.hikari.pool.HikariPool - EmployeeBankingHikariPool - After  shutdown stats (total=0/10, idle=0/5, active=0, waiting=0)
2026-08-06 13:26:11 INFO  [main] com.zaxxer.hikari.HikariDataSource - EmployeeBankingHikariPool - Shutdown completed.
2026-08-06 13:26:11 INFO  [main] o.s.b.a.l.ConditionEvaluationReportLogger - 

Error starting ApplicationContext. To display the condition evaluation report re-run your application with 'debug' enabled.
2026-08-06 13:26:11 ERROR [main] o.s.b.d.LoggingFailureAnalysisReporter - 

***************************
APPLICATION FAILED TO START
***************************

Description:

Web server failed to start. Port 8090 was already in use.

Action:

Identify and stop the process that's listening on port 8090 or configure this application to listen on another port.

2026-08-06 13:29:25 INFO  [background-preinit] o.h.validator.internal.util.Version - HV000001: Hibernate Validator 8.0.2.Final
2026-08-06 13:29:25 INFO  [main] c.t.e.EmployeeApiApplication - Starting EmployeeApiApplication using Java 21.0.11 with PID 12140 (C:\Users\s.samantray\Desktop\Eclipse_Workspace\EmployeeBankRestApiPostman_Collection\target\classes started by s.samantray in C:\Users\s.samantray\Desktop\Eclipse_Workspace\EmployeeBankRestApiPostman_Collection)
2026-08-06 13:29:25 DEBUG [main] c.t.e.EmployeeApiApplication - Running with Spring Boot v3.5.4, Spring v6.2.9
2026-08-06 13:29:25 INFO  [main] c.t.e.EmployeeApiApplication - No active profile set, falling back to 1 default profile: "default"
2026-08-06 13:29:28 INFO  [main] o.s.d.r.c.RepositoryConfigurationDelegate - Multiple Spring Data modules found, entering strict repository configuration mode
2026-08-06 13:29:28 INFO  [main] o.s.d.r.c.RepositoryConfigurationDelegate - Bootstrapping Spring Data JPA repositories in DEFAULT mode.
2026-08-06 13:29:29 INFO  [main] o.s.d.r.c.RepositoryConfigurationDelegate - Finished Spring Data repository scanning in 391 ms. Found 2 JPA repository interfaces.
2026-08-06 13:29:29 INFO  [main] o.s.d.r.c.RepositoryConfigurationDelegate - Multiple Spring Data modules found, entering strict repository configuration mode
2026-08-06 13:29:29 INFO  [main] o.s.d.r.c.RepositoryConfigurationDelegate - Bootstrapping Spring Data Redis repositories in DEFAULT mode.
2026-08-06 13:29:29 INFO  [main] o.s.d.r.c.RepositoryConfigurationExtensionSupport - Spring Data Redis - Could not safely identify store assignment for repository candidate interface com.tns.employeeapi.repository.AccountRepository; If you want this repository to be a Redis repository, consider annotating your entities with one of these annotations: org.springframework.data.redis.core.RedisHash (preferred), or consider extending one of the following types with your repository: org.springframework.data.keyvalue.repository.KeyValueRepository
2026-08-06 13:29:29 INFO  [main] o.s.d.r.c.RepositoryConfigurationExtensionSupport - Spring Data Redis - Could not safely identify store assignment for repository candidate interface com.tns.employeeapi.repository.EmployeeRepository; If you want this repository to be a Redis repository, consider annotating your entities with one of these annotations: org.springframework.data.redis.core.RedisHash (preferred), or consider extending one of the following types with your repository: org.springframework.data.keyvalue.repository.KeyValueRepository
2026-08-06 13:29:29 INFO  [main] o.s.d.r.c.RepositoryConfigurationDelegate - Finished Spring Data repository scanning in 32 ms. Found 0 Redis repository interfaces.
2026-08-06 13:29:31 INFO  [main] o.s.b.w.e.tomcat.TomcatWebServer - Tomcat initialized with port 8091 (http)
2026-08-06 13:29:31 INFO  [main] o.a.coyote.http11.Http11NioProtocol - Initializing ProtocolHandler ["http-nio-8091"]
2026-08-06 13:29:31 INFO  [main] o.a.catalina.core.StandardService - Starting service [Tomcat]
2026-08-06 13:29:31 INFO  [main] o.a.catalina.core.StandardEngine - Starting Servlet engine: [Apache Tomcat/10.1.43]
2026-08-06 13:29:32 INFO  [main] o.a.c.c.C.[Tomcat].[localhost].[/] - Initializing Spring embedded WebApplicationContext
2026-08-06 13:29:32 INFO  [main] o.s.b.w.s.c.ServletWebServerApplicationContext - Root WebApplicationContext: initialization completed in 6677 ms
2026-08-06 13:29:33 DEBUG [main] com.zaxxer.hikari.HikariConfig - Class com.microsoft.sqlserver.jdbc.SQLServerDriver found in Thread context class loader jdk.internal.loader.ClassLoaders$AppClassLoader@5c647e05
2026-08-06 13:29:33 INFO  [main] o.h.jpa.internal.util.LogHelper - HHH000204: Processing PersistenceUnitInfo [name: default]
2026-08-06 13:29:33 INFO  [main] org.hibernate.Version - HHH000412: Hibernate ORM core version 6.6.22.Final
2026-08-06 13:29:33 INFO  [main] o.h.c.i.RegionFactoryInitiator - HHH000026: Second-level cache disabled
2026-08-06 13:29:34 INFO  [main] o.s.o.j.p.SpringPersistenceUnitInfo - No LoadTimeWeaver setup: ignoring JPA class transformer
2026-08-06 13:29:34 DEBUG [main] com.zaxxer.hikari.HikariConfig - EmployeeBankingHikariPool - configuration:
2026-08-06 13:29:34 DEBUG [main] com.zaxxer.hikari.HikariConfig - allowPoolSuspension.............false
2026-08-06 13:29:34 DEBUG [main] com.zaxxer.hikari.HikariConfig - autoCommit......................true
2026-08-06 13:29:34 DEBUG [main] com.zaxxer.hikari.HikariConfig - catalog.........................none
2026-08-06 13:29:34 DEBUG [main] com.zaxxer.hikari.HikariConfig - connectionInitSql...............none
2026-08-06 13:29:34 DEBUG [main] com.zaxxer.hikari.HikariConfig - connectionTestQuery.............none
2026-08-06 13:29:34 DEBUG [main] com.zaxxer.hikari.HikariConfig - connectionTimeout...............30000
2026-08-06 13:29:34 DEBUG [main] com.zaxxer.hikari.HikariConfig - credentials.....................com.zaxxer.hikari.util.Credentials@2173e4d5
2026-08-06 13:29:34 DEBUG [main] com.zaxxer.hikari.HikariConfig - dataSource......................none
2026-08-06 13:29:34 DEBUG [main] com.zaxxer.hikari.HikariConfig - dataSourceClassName.............none
2026-08-06 13:29:34 DEBUG [main] com.zaxxer.hikari.HikariConfig - dataSourceJNDI..................none
2026-08-06 13:29:34 DEBUG [main] com.zaxxer.hikari.HikariConfig - dataSourceProperties............{password=<masked>}
2026-08-06 13:29:34 DEBUG [main] com.zaxxer.hikari.HikariConfig - driverClassName................."com.microsoft.sqlserver.jdbc.SQLServerDriver"
2026-08-06 13:29:34 DEBUG [main] com.zaxxer.hikari.HikariConfig - exceptionOverride...............none
2026-08-06 13:29:34 DEBUG [main] com.zaxxer.hikari.HikariConfig - exceptionOverrideClassName......none
2026-08-06 13:29:34 DEBUG [main] com.zaxxer.hikari.HikariConfig - healthCheckProperties...........{}
2026-08-06 13:29:34 DEBUG [main] com.zaxxer.hikari.HikariConfig - healthCheckRegistry.............none
2026-08-06 13:29:34 DEBUG [main] com.zaxxer.hikari.HikariConfig - idleTimeout.....................600000
2026-08-06 13:29:34 DEBUG [main] com.zaxxer.hikari.HikariConfig - initializationFailTimeout.......1
2026-08-06 13:29:34 DEBUG [main] com.zaxxer.hikari.HikariConfig - isolateInternalQueries..........false
2026-08-06 13:29:34 DEBUG [main] com.zaxxer.hikari.HikariConfig - jdbcUrl.........................jdbc:sqlserver://TNS-IT-DESKTOP\SQLEXPRESS;databaseName=SpringBootRestApi;integratedSecurity=true;encrypt=true;trustServerCertificate=true
2026-08-06 13:29:34 DEBUG [main] com.zaxxer.hikari.HikariConfig - keepaliveTime...................120000
2026-08-06 13:29:34 DEBUG [main] com.zaxxer.hikari.HikariConfig - leakDetectionThreshold..........2000
2026-08-06 13:29:34 DEBUG [main] com.zaxxer.hikari.HikariConfig - maxLifetime.....................1800000
2026-08-06 13:29:34 DEBUG [main] com.zaxxer.hikari.HikariConfig - maximumPoolSize.................10
2026-08-06 13:29:34 DEBUG [main] com.zaxxer.hikari.HikariConfig - metricRegistry..................none
2026-08-06 13:29:34 DEBUG [main] com.zaxxer.hikari.HikariConfig - metricsTrackerFactory...........none
2026-08-06 13:29:34 DEBUG [main] com.zaxxer.hikari.HikariConfig - minimumIdle.....................5
2026-08-06 13:29:34 DEBUG [main] com.zaxxer.hikari.HikariConfig - password........................<masked>
2026-08-06 13:29:34 DEBUG [main] com.zaxxer.hikari.HikariConfig - poolName........................"EmployeeBankingHikariPool"
2026-08-06 13:29:34 DEBUG [main] com.zaxxer.hikari.HikariConfig - readOnly........................false
2026-08-06 13:29:34 DEBUG [main] com.zaxxer.hikari.HikariConfig - registerMbeans..................false
2026-08-06 13:29:34 DEBUG [main] com.zaxxer.hikari.HikariConfig - scheduledExecutor...............none
2026-08-06 13:29:34 DEBUG [main] com.zaxxer.hikari.HikariConfig - schema..........................none
2026-08-06 13:29:34 DEBUG [main] com.zaxxer.hikari.HikariConfig - threadFactory...................internal
2026-08-06 13:29:34 DEBUG [main] com.zaxxer.hikari.HikariConfig - transactionIsolation............default
2026-08-06 13:29:34 DEBUG [main] com.zaxxer.hikari.HikariConfig - username........................none
2026-08-06 13:29:34 DEBUG [main] com.zaxxer.hikari.HikariConfig - validationTimeout...............5000
2026-08-06 13:29:34 INFO  [main] com.zaxxer.hikari.HikariDataSource - EmployeeBankingHikariPool - Starting...
2026-08-06 13:29:34 DEBUG [main] com.zaxxer.hikari.pool.PoolBase - EmployeeBankingHikariPool - Attempting to create/setup new connection (f0305df9-5bdf-437a-bd78-d7879117a2f7)
2026-08-06 13:29:36 DEBUG [main] com.zaxxer.hikari.pool.PoolBase - EmployeeBankingHikariPool - Established new connection (f0305df9-5bdf-437a-bd78-d7879117a2f7)
2026-08-06 13:29:36 INFO  [main] com.zaxxer.hikari.pool.HikariPool - EmployeeBankingHikariPool - Added connection ConnectionID:1 ClientConnectionId: d2b29670-7f4c-4a29-8323-eec1d494c1b9
2026-08-06 13:29:36 INFO  [main] com.zaxxer.hikari.HikariDataSource - EmployeeBankingHikariPool - Start completed.
2026-08-06 13:29:36 DEBUG [EmployeeBankingHikariPool:housekeeper] com.zaxxer.hikari.pool.HikariPool - EmployeeBankingHikariPool - Before cleanup stats (total=1/10, idle=0/5, active=1, waiting=0)
2026-08-06 13:29:36 DEBUG [EmployeeBankingHikariPool:housekeeper] com.zaxxer.hikari.pool.HikariPool - EmployeeBankingHikariPool - After  cleanup stats (total=1/10, idle=0/5, active=1, waiting=0)
2026-08-06 13:29:36 DEBUG [EmployeeBankingHikariPool:connection-adder] com.zaxxer.hikari.pool.PoolBase - EmployeeBankingHikariPool - Attempting to create/setup new connection (94231897-e896-4e38-8cbe-073c7cb4c5db)
2026-08-06 13:29:36 INFO  [main] o.hibernate.orm.connections.pooling - HHH10001005: Database info:
	Database JDBC URL [Connecting through datasource 'HikariDataSource (EmployeeBankingHikariPool)']
	Database driver: undefined/unknown
	Database version: 15.0
	Autocommit mode: undefined/unknown
	Isolation level: undefined/unknown
	Minimum pool size: undefined/unknown
	Maximum pool size: undefined/unknown
2026-08-06 13:29:36 DEBUG [EmployeeBankingHikariPool:connection-adder] com.zaxxer.hikari.pool.PoolBase - EmployeeBankingHikariPool - Established new connection (94231897-e896-4e38-8cbe-073c7cb4c5db)
2026-08-06 13:29:36 DEBUG [EmployeeBankingHikariPool:connection-adder] com.zaxxer.hikari.pool.HikariPool - EmployeeBankingHikariPool - Added connection ConnectionID:2 ClientConnectionId: 695877ca-5538-4e32-95d0-c1fb35501716
2026-08-06 13:29:36 DEBUG [EmployeeBankingHikariPool:connection-adder] com.zaxxer.hikari.pool.HikariPool - EmployeeBankingHikariPool - After adding stats (total=2/10, idle=2/5, active=0, waiting=0)
2026-08-06 13:29:36 DEBUG [EmployeeBankingHikariPool:connection-adder] com.zaxxer.hikari.pool.PoolBase - EmployeeBankingHikariPool - Attempting to create/setup new connection (9379325e-fb88-4885-8ab9-aba5f3b89544)
2026-08-06 13:29:36 DEBUG [EmployeeBankingHikariPool:connection-adder] com.zaxxer.hikari.pool.PoolBase - EmployeeBankingHikariPool - Established new connection (9379325e-fb88-4885-8ab9-aba5f3b89544)
2026-08-06 13:29:36 DEBUG [EmployeeBankingHikariPool:connection-adder] com.zaxxer.hikari.pool.HikariPool - EmployeeBankingHikariPool - Added connection ConnectionID:3 ClientConnectionId: 00da47f3-0c8e-4f54-a935-73c302151d90
2026-08-06 13:29:36 DEBUG [EmployeeBankingHikariPool:connection-adder] com.zaxxer.hikari.pool.HikariPool - EmployeeBankingHikariPool - After adding stats (total=3/10, idle=3/5, active=0, waiting=0)
2026-08-06 13:29:36 DEBUG [EmployeeBankingHikariPool:connection-adder] com.zaxxer.hikari.pool.PoolBase - EmployeeBankingHikariPool - Attempting to create/setup new connection (7cece69c-9344-4f2b-a788-588a036b19a9)
2026-08-06 13:29:37 DEBUG [EmployeeBankingHikariPool:connection-adder] com.zaxxer.hikari.pool.PoolBase - EmployeeBankingHikariPool - Established new connection (7cece69c-9344-4f2b-a788-588a036b19a9)
2026-08-06 13:29:37 DEBUG [EmployeeBankingHikariPool:connection-adder] com.zaxxer.hikari.pool.HikariPool - EmployeeBankingHikariPool - Added connection ConnectionID:4 ClientConnectionId: 282a1847-0de7-4baf-bdf5-49fa80d4114b
2026-08-06 13:29:37 DEBUG [EmployeeBankingHikariPool:connection-adder] com.zaxxer.hikari.pool.HikariPool - EmployeeBankingHikariPool - After adding stats (total=4/10, idle=4/5, active=0, waiting=0)
2026-08-06 13:29:37 DEBUG [EmployeeBankingHikariPool:connection-adder] com.zaxxer.hikari.pool.PoolBase - EmployeeBankingHikariPool - Attempting to create/setup new connection (29a39a58-03f2-4d53-a82c-7bf0860c0555)
2026-08-06 13:29:37 DEBUG [EmployeeBankingHikariPool:connection-adder] com.zaxxer.hikari.pool.PoolBase - EmployeeBankingHikariPool - Established new connection (29a39a58-03f2-4d53-a82c-7bf0860c0555)
2026-08-06 13:29:37 DEBUG [EmployeeBankingHikariPool:connection-adder] com.zaxxer.hikari.pool.HikariPool - EmployeeBankingHikariPool - Added connection ConnectionID:5 ClientConnectionId: 9311c4e1-a4ea-4b1c-8f37-bb2f45f1252a
2026-08-06 13:29:37 DEBUG [EmployeeBankingHikariPool:connection-adder] com.zaxxer.hikari.pool.HikariPool - EmployeeBankingHikariPool - After adding stats (total=5/10, idle=5/5, active=0, waiting=0)
2026-08-06 13:29:37 DEBUG [EmployeeBankingHikariPool:connection-adder] com.zaxxer.hikari.pool.HikariPool - EmployeeBankingHikariPool - Connection not added, stats (total=5/10, idle=5/5, active=0, waiting=0)
2026-08-06 13:29:38 INFO  [main] o.h.e.t.j.p.i.JtaPlatformInitiator - HHH000489: No JTA platform available (set 'hibernate.transaction.jta.platform' to enable JTA platform integration)
2026-08-06 13:29:38 INFO  [main] o.s.o.j.LocalContainerEntityManagerFactoryBean - Initialized JPA EntityManagerFactory for persistence unit 'default'
2026-08-06 13:29:42 INFO  [main] o.s.b.a.e.web.EndpointLinksResolver - Exposing 5 endpoints beneath base path '/actuator'
2026-08-06 13:29:42 INFO  [main] o.a.coyote.http11.Http11NioProtocol - Starting ProtocolHandler ["http-nio-8091"]
2026-08-06 13:29:43 INFO  [main] o.s.b.w.e.tomcat.TomcatWebServer - Tomcat started on port 8091 (http) with context path '/'
2026-08-06 13:29:43 INFO  [main] c.t.e.EmployeeApiApplication - Started EmployeeApiApplication in 19.436 seconds (process running for 20.639)
2026-08-06 13:30:06 DEBUG [EmployeeBankingHikariPool:housekeeper] com.zaxxer.hikari.pool.HikariPool - EmployeeBankingHikariPool - Before cleanup stats (total=5/10, idle=5/5, active=0, waiting=0)
2026-08-06 13:30:06 DEBUG [EmployeeBankingHikariPool:housekeeper] com.zaxxer.hikari.pool.HikariPool - EmployeeBankingHikariPool - After  cleanup stats (total=5/10, idle=5/5, active=0, waiting=0)
2026-08-06 13:30:06 DEBUG [EmployeeBankingHikariPool:housekeeper] com.zaxxer.hikari.pool.HikariPool - EmployeeBankingHikariPool - Fill pool skipped, pool has sufficient level or currently being filled.
2026-08-06 13:30:36 DEBUG [EmployeeBankingHikariPool:housekeeper] com.zaxxer.hikari.pool.HikariPool - EmployeeBankingHikariPool - Before cleanup stats (total=5/10, idle=5/5, active=0, waiting=0)
2026-08-06 13:30:36 DEBUG [EmployeeBankingHikariPool:housekeeper] com.zaxxer.hikari.pool.HikariPool - EmployeeBankingHikariPool - After  cleanup stats (total=5/10, idle=5/5, active=0, waiting=0)
2026-08-06 13:30:36 DEBUG [EmployeeBankingHikariPool:housekeeper] com.zaxxer.hikari.pool.HikariPool - EmployeeBankingHikariPool - Fill pool skipped, pool has sufficient level or currently being filled.
2026-08-06 13:31:06 DEBUG [EmployeeBankingHikariPool:housekeeper] com.zaxxer.hikari.pool.HikariPool - EmployeeBankingHikariPool - Before cleanup stats (total=5/10, idle=5/5, active=0, waiting=0)
2026-08-06 13:31:06 DEBUG [EmployeeBankingHikariPool:housekeeper] com.zaxxer.hikari.pool.HikariPool - EmployeeBankingHikariPool - After  cleanup stats (total=5/10, idle=5/5, active=0, waiting=0)
2026-08-06 13:31:06 DEBUG [EmployeeBankingHikariPool:housekeeper] com.zaxxer.hikari.pool.HikariPool - EmployeeBankingHikariPool - Fill pool skipped, pool has sufficient level or currently being filled.
2026-08-06 13:31:12 DEBUG [EmployeeBankingHikariPool:housekeeper] com.zaxxer.hikari.pool.HikariPool - EmployeeBankingHikariPool - keepalive: connection ConnectionID:1 ClientConnectionId: d2b29670-7f4c-4a29-8323-eec1d494c1b9 is alive
2026-08-06 13:31:18 DEBUG [EmployeeBankingHikariPool:housekeeper] com.zaxxer.hikari.pool.HikariPool - EmployeeBankingHikariPool - keepalive: connection ConnectionID:2 ClientConnectionId: 695877ca-5538-4e32-95d0-c1fb35501716 is alive
2026-08-06 13:31:25 DEBUG [EmployeeBankingHikariPool:housekeeper] com.zaxxer.hikari.pool.HikariPool - EmployeeBankingHikariPool - keepalive: connection ConnectionID:3 ClientConnectionId: 00da47f3-0c8e-4f54-a935-73c302151d90 is alive
2026-08-06 13:31:29 DEBUG [EmployeeBankingHikariPool:housekeeper] com.zaxxer.hikari.pool.HikariPool - EmployeeBankingHikariPool - keepalive: connection ConnectionID:4 ClientConnectionId: 282a1847-0de7-4baf-bdf5-49fa80d4114b is alive
2026-08-06 13:31:31 DEBUG [EmployeeBankingHikariPool:housekeeper] com.zaxxer.hikari.pool.HikariPool - EmployeeBankingHikariPool - keepalive: connection ConnectionID:5 ClientConnectionId: 9311c4e1-a4ea-4b1c-8f37-bb2f45f1252a is alive
2026-08-06 13:31:36 DEBUG [EmployeeBankingHikariPool:housekeeper] com.zaxxer.hikari.pool.HikariPool - EmployeeBankingHikariPool - Before cleanup stats (total=5/10, idle=5/5, active=0, waiting=0)
2026-08-06 13:31:36 DEBUG [EmployeeBankingHikariPool:housekeeper] com.zaxxer.hikari.pool.HikariPool - EmployeeBankingHikariPool - After  cleanup stats (total=5/10, idle=5/5, active=0, waiting=0)
2026-08-06 13:31:36 DEBUG [EmployeeBankingHikariPool:housekeeper] com.zaxxer.hikari.pool.HikariPool - EmployeeBankingHikariPool - Fill pool skipped, pool has sufficient level or currently being filled.
2026-08-06 13:32:06 DEBUG [EmployeeBankingHikariPool:housekeeper] com.zaxxer.hikari.pool.HikariPool - EmployeeBankingHikariPool - Before cleanup stats (total=5/10, idle=5/5, active=0, waiting=0)
2026-08-06 13:32:06 DEBUG [EmployeeBankingHikariPool:housekeeper] com.zaxxer.hikari.pool.HikariPool - EmployeeBankingHikariPool - After  cleanup stats (total=5/10, idle=5/5, active=0, waiting=0)
2026-08-06 13:32:06 DEBUG [EmployeeBankingHikariPool:housekeeper] com.zaxxer.hikari.pool.HikariPool - EmployeeBankingHikariPool - Fill pool skipped, pool has sufficient level or currently being filled.
2026-08-06 13:32:36 DEBUG [EmployeeBankingHikariPool:housekeeper] com.zaxxer.hikari.pool.HikariPool - EmployeeBankingHikariPool - Before cleanup stats (total=5/10, idle=5/5, active=0, waiting=0)
2026-08-06 13:32:36 DEBUG [EmployeeBankingHikariPool:housekeeper] com.zaxxer.hikari.pool.HikariPool - EmployeeBankingHikariPool - After  cleanup stats (total=5/10, idle=5/5, active=0, waiting=0)
2026-08-06 13:32:36 DEBUG [EmployeeBankingHikariPool:housekeeper] com.zaxxer.hikari.pool.HikariPool - EmployeeBankingHikariPool - Fill pool skipped, pool has sufficient level or currently being filled.
2026-08-06 13:32:49 DEBUG [EmployeeBankingHikariPool:housekeeper] com.zaxxer.hikari.pool.HikariPool - EmployeeBankingHikariPool - keepalive: connection ConnectionID:1 ClientConnectionId: d2b29670-7f4c-4a29-8323-eec1d494c1b9 is alive
2026-08-06 13:33:01 DEBUG [EmployeeBankingHikariPool:housekeeper] com.zaxxer.hikari.pool.HikariPool - EmployeeBankingHikariPool - keepalive: connection ConnectionID:2 ClientConnectionId: 695877ca-5538-4e32-95d0-c1fb35501716 is alive
2026-08-06 13:33:06 DEBUG [EmployeeBankingHikariPool:housekeeper] com.zaxxer.hikari.pool.HikariPool - EmployeeBankingHikariPool - Before cleanup stats (total=5/10, idle=5/5, active=0, waiting=0)
2026-08-06 13:33:06 DEBUG [EmployeeBankingHikariPool:housekeeper] com.zaxxer.hikari.pool.HikariPool - EmployeeBankingHikariPool - After  cleanup stats (total=5/10, idle=5/5, active=0, waiting=0)
2026-08-06 13:33:06 DEBUG [EmployeeBankingHikariPool:housekeeper] com.zaxxer.hikari.pool.HikariPool - EmployeeBankingHikariPool - Fill pool skipped, pool has sufficient level or currently being filled.
2026-08-06 13:33:14 DEBUG [EmployeeBankingHikariPool:housekeeper] com.zaxxer.hikari.pool.HikariPool - EmployeeBankingHikariPool - keepalive: connection ConnectionID:3 ClientConnectionId: 00da47f3-0c8e-4f54-a935-73c302151d90 is alive
2026-08-06 13:33:22 DEBUG [EmployeeBankingHikariPool:housekeeper] com.zaxxer.hikari.pool.HikariPool - EmployeeBankingHikariPool - keepalive: connection ConnectionID:4 ClientConnectionId: 282a1847-0de7-4baf-bdf5-49fa80d4114b is alive
2026-08-06 13:33:24 DEBUG [EmployeeBankingHikariPool:housekeeper] com.zaxxer.hikari.pool.HikariPool - EmployeeBankingHikariPool - keepalive: connection ConnectionID:5 ClientConnectionId: 9311c4e1-a4ea-4b1c-8f37-bb2f45f1252a is alive
2026-08-06 13:33:36 DEBUG [EmployeeBankingHikariPool:housekeeper] com.zaxxer.hikari.pool.HikariPool - EmployeeBankingHikariPool - Before cleanup stats (total=5/10, idle=5/5, active=0, waiting=0)
2026-08-06 13:33:36 DEBUG [EmployeeBankingHikariPool:housekeeper] com.zaxxer.hikari.pool.HikariPool - EmployeeBankingHikariPool - After  cleanup stats (total=5/10, idle=5/5, active=0, waiting=0)
2026-08-06 13:33:36 DEBUG [EmployeeBankingHikariPool:housekeeper] com.zaxxer.hikari.pool.HikariPool - EmployeeBankingHikariPool - Fill pool skipped, pool has sufficient level or currently being filled.
2026-08-06 13:34:06 DEBUG [EmployeeBankingHikariPool:housekeeper] com.zaxxer.hikari.pool.HikariPool - EmployeeBankingHikariPool - Before cleanup stats (total=5/10, idle=5/5, active=0, waiting=0)
2026-08-06 13:34:06 DEBUG [EmployeeBankingHikariPool:housekeeper] com.zaxxer.hikari.pool.HikariPool - EmployeeBankingHikariPool - After  cleanup stats (total=5/10, idle=5/5, active=0, waiting=0)
2026-08-06 13:34:06 DEBUG [EmployeeBankingHikariPool:housekeeper] com.zaxxer.hikari.pool.HikariPool - EmployeeBankingHikariPool - Fill pool skipped, pool has sufficient level or currently being filled.
2026-08-06 13:34:25 DEBUG [EmployeeBankingHikariPool:housekeeper] com.zaxxer.hikari.pool.HikariPool - EmployeeBankingHikariPool - keepalive: connection ConnectionID:1 ClientConnectionId: d2b29670-7f4c-4a29-8323-eec1d494c1b9 is alive
2026-08-06 13:34:36 DEBUG [EmployeeBankingHikariPool:housekeeper] com.zaxxer.hikari.pool.HikariPool - EmployeeBankingHikariPool - Before cleanup stats (total=5/10, idle=5/5, active=0, waiting=0)
2026-08-06 13:34:36 DEBUG [EmployeeBankingHikariPool:housekeeper] com.zaxxer.hikari.pool.HikariPool - EmployeeBankingHikariPool - After  cleanup stats (total=5/10, idle=5/5, active=0, waiting=0)
2026-08-06 13:34:36 DEBUG [EmployeeBankingHikariPool:housekeeper] com.zaxxer.hikari.pool.HikariPool - EmployeeBankingHikariPool - Fill pool skipped, pool has sufficient level or currently being filled.
2026-08-06 13:34:42 INFO  [http-nio-8091-exec-1] o.a.c.c.C.[Tomcat].[localhost].[/] - Initializing Spring DispatcherServlet 'dispatcherServlet'
2026-08-06 13:34:42 INFO  [http-nio-8091-exec-1] o.s.web.servlet.DispatcherServlet - Initializing Servlet 'dispatcherServlet'
2026-08-06 13:34:42 INFO  [http-nio-8091-exec-1] o.s.web.servlet.DispatcherServlet - Completed initialization in 4 ms
2026-08-06 13:34:43 INFO  [http-nio-8091-exec-1] c.t.e.controller.EmployeeController - Received request to create employee.
2026-08-06 13:34:43 DEBUG [EmployeeBankingHikariPool:housekeeper] com.zaxxer.hikari.pool.HikariPool - EmployeeBankingHikariPool - keepalive: connection ConnectionID:2 ClientConnectionId: 695877ca-5538-4e32-95d0-c1fb35501716 is alive
2026-08-06 13:34:43 INFO  [http-nio-8091-exec-1] c.t.e.service.EmployeeService - Creating employee with email: rahul.sharma@example.com
2026-08-06 13:34:43 DEBUG [http-nio-8091-exec-1] org.hibernate.SQL - 
    select
        top (?) e1_0.id 
    from
        employee_details5 e1_0 
    where
        e1_0.email=?
2026-08-06 13:34:43 TRACE [http-nio-8091-exec-1] org.hibernate.orm.jdbc.bind - binding parameter (1:INTEGER) <- [1]
2026-08-06 13:34:43 TRACE [http-nio-8091-exec-1] org.hibernate.orm.jdbc.bind - binding parameter (2:VARCHAR) <- [rahul.sharma@example.com]
2026-08-06 13:34:43 DEBUG [http-nio-8091-exec-1] org.hibernate.SQL - 
    insert 
    into
        employee_details5
        (department, email, name, salary) 
    values
        (?, ?, ?, ?)
2026-08-06 13:34:44 TRACE [http-nio-8091-exec-1] org.hibernate.orm.jdbc.bind - binding parameter (1:VARCHAR) <- [IT]
2026-08-06 13:34:44 TRACE [http-nio-8091-exec-1] org.hibernate.orm.jdbc.bind - binding parameter (2:VARCHAR) <- [rahul.sharma@example.com]
2026-08-06 13:34:44 TRACE [http-nio-8091-exec-1] org.hibernate.orm.jdbc.bind - binding parameter (3:VARCHAR) <- [Rahul Sharma]
2026-08-06 13:34:44 TRACE [http-nio-8091-exec-1] org.hibernate.orm.jdbc.bind - binding parameter (4:DOUBLE) <- [65000.0]
2026-08-06 13:34:45 ERROR [http-nio-8091-exec-1] c.t.e.e.GlobalExceptionHandler - Unexpected exception
org.springframework.data.redis.RedisConnectionFailureException: Unable to connect to Redis
	at org.springframework.data.redis.connection.lettuce.LettuceConnectionFactory$ExceptionTranslatingConnectionProvider.translateException(LettuceConnectionFactory.java:1866)
	at org.springframework.data.redis.connection.lettuce.LettuceConnectionFactory$ExceptionTranslatingConnectionProvider.getConnection(LettuceConnectionFactory.java:1797)
	at org.springframework.data.redis.connection.lettuce.LettuceConnectionFactory$SharedConnection.getNativeConnection(LettuceConnectionFactory.java:1594)
	at org.springframework.data.redis.connection.lettuce.LettuceConnectionFactory$SharedConnection.lambda$getConnection$0(LettuceConnectionFactory.java:1574)
	at org.springframework.data.redis.connection.lettuce.LettuceConnectionFactory.doInLock(LettuceConnectionFactory.java:1535)
	at org.springframework.data.redis.connection.lettuce.LettuceConnectionFactory$SharedConnection.getConnection(LettuceConnectionFactory.java:1571)
	at org.springframework.data.redis.connection.lettuce.LettuceConnectionFactory.getSharedConnection(LettuceConnectionFactory.java:1257)
	at org.springframework.data.redis.connection.lettuce.LettuceConnectionFactory.getConnection(LettuceConnectionFactory.java:1063)
	at org.springframework.data.redis.cache.DefaultRedisCacheWriter.execute(DefaultRedisCacheWriter.java:401)
	at org.springframework.data.redis.cache.DefaultRedisCacheWriter.clean(DefaultRedisCacheWriter.java:322)
	at org.springframework.data.redis.cache.RedisCache.clear(RedisCache.java:243)
	at org.springframework.data.redis.cache.RedisCache.clear(RedisCache.java:231)
	at org.springframework.cache.interceptor.AbstractCacheInvoker.doClear(AbstractCacheInvoker.java:192)
	at org.springframework.cache.interceptor.CacheAspectSupport.performCacheEvicts(CacheAspectSupport.java:711)
	at org.springframework.cache.interceptor.CacheAspectSupport.processCacheEvicts(CacheAspectSupport.java:699)
	at org.springframework.cache.interceptor.CacheAspectSupport.evaluate(CacheAspectSupport.java:623)
	at org.springframework.cache.interceptor.CacheAspectSupport.execute(CacheAspectSupport.java:448)
	at org.springframework.cache.interceptor.CacheAspectSupport.execute(CacheAspectSupport.java:410)
	at org.springframework.cache.interceptor.CacheInterceptor.invoke(CacheInterceptor.java:65)
	at org.springframework.aop.framework.ReflectiveMethodInvocation.proceed(ReflectiveMethodInvocation.java:184)
	at org.springframework.aop.framework.CglibAopProxy$DynamicAdvisedInterceptor.intercept(CglibAopProxy.java:728)
	at com.tns.employeeapi.service.EmployeeService$$SpringCGLIB$$0.addEmployee(<generated>)
	at com.tns.employeeapi.controller.EmployeeController.addEmployee(EmployeeController.java:65)
	at java.base/jdk.internal.reflect.DirectMethodHandleAccessor.invoke(DirectMethodHandleAccessor.java:103)
	at java.base/java.lang.reflect.Method.invoke(Method.java:580)
	at org.springframework.aop.support.AopUtils.invokeJoinpointUsingReflection(AopUtils.java:360)
	at org.springframework.aop.framework.ReflectiveMethodInvocation.invokeJoinpoint(ReflectiveMethodInvocation.java:196)
	at org.springframework.aop.framework.ReflectiveMethodInvocation.proceed(ReflectiveMethodInvocation.java:163)
	at org.springframework.validation.beanvalidation.MethodValidationInterceptor.invoke(MethodValidationInterceptor.java:174)
	at org.springframework.aop.framework.ReflectiveMethodInvocation.proceed(ReflectiveMethodInvocation.java:184)
	at org.springframework.aop.framework.CglibAopProxy$DynamicAdvisedInterceptor.intercept(CglibAopProxy.java:728)
	at com.tns.employeeapi.controller.EmployeeController$$SpringCGLIB$$0.addEmployee(<generated>)
	at java.base/jdk.internal.reflect.DirectMethodHandleAccessor.invoke(DirectMethodHandleAccessor.java:103)
	at java.base/java.lang.reflect.Method.invoke(Method.java:580)
	at org.springframework.web.method.support.InvocableHandlerMethod.doInvoke(InvocableHandlerMethod.java:258)
	at org.springframework.web.method.support.InvocableHandlerMethod.invokeForRequest(InvocableHandlerMethod.java:191)
	at org.springframework.web.servlet.mvc.method.annotation.ServletInvocableHandlerMethod.invokeAndHandle(ServletInvocableHandlerMethod.java:118)
	at org.springframework.web.servlet.mvc.method.annotation.RequestMappingHandlerAdapter.invokeHandlerMethod(RequestMappingHandlerAdapter.java:991)
	at org.springframework.web.servlet.mvc.method.annotation.RequestMappingHandlerAdapter.handleInternal(RequestMappingHandlerAdapter.java:896)
	at org.springframework.web.servlet.mvc.method.AbstractHandlerMethodAdapter.handle(AbstractHandlerMethodAdapter.java:87)
	at org.springframework.web.servlet.DispatcherServlet.doDispatch(DispatcherServlet.java:1089)
	at org.springframework.web.servlet.DispatcherServlet.doService(DispatcherServlet.java:979)
	at org.springframework.web.servlet.FrameworkServlet.processRequest(FrameworkServlet.java:1014)
	at org.springframework.web.servlet.FrameworkServlet.doPost(FrameworkServlet.java:914)
	at jakarta.servlet.http.HttpServlet.service(HttpServlet.java:590)
	at org.springframework.web.servlet.FrameworkServlet.service(FrameworkServlet.java:885)
	at jakarta.servlet.http.HttpServlet.service(HttpServlet.java:658)
	at org.apache.catalina.core.ApplicationFilterChain.internalDoFilter(ApplicationFilterChain.java:195)
	at org.apache.catalina.core.ApplicationFilterChain.doFilter(ApplicationFilterChain.java:140)
	at org.apache.tomcat.websocket.server.WsFilter.doFilter(WsFilter.java:51)
	at org.apache.catalina.core.ApplicationFilterChain.internalDoFilter(ApplicationFilterChain.java:164)
	at org.apache.catalina.core.ApplicationFilterChain.doFilter(ApplicationFilterChain.java:140)
	at org.springframework.web.filter.RequestContextFilter.doFilterInternal(RequestContextFilter.java:100)
	at org.springframework.web.filter.OncePerRequestFilter.doFilter(OncePerRequestFilter.java:116)
	at org.apache.catalina.core.ApplicationFilterChain.internalDoFilter(ApplicationFilterChain.java:164)
	at org.apache.catalina.core.ApplicationFilterChain.doFilter(ApplicationFilterChain.java:140)
	at org.springframework.web.filter.FormContentFilter.doFilterInternal(FormContentFilter.java:93)
	at org.springframework.web.filter.OncePerRequestFilter.doFilter(OncePerRequestFilter.java:116)
	at org.apache.catalina.core.ApplicationFilterChain.internalDoFilter(ApplicationFilterChain.java:164)
	at org.apache.catalina.core.ApplicationFilterChain.doFilter(ApplicationFilterChain.java:140)
	at org.springframework.web.filter.ServerHttpObservationFilter.doFilterInternal(ServerHttpObservationFilter.java:110)
	at org.springframework.web.filter.OncePerRequestFilter.doFilter(OncePerRequestFilter.java:116)
	at org.apache.catalina.core.ApplicationFilterChain.internalDoFilter(ApplicationFilterChain.java:164)
	at org.apache.catalina.core.ApplicationFilterChain.doFilter(ApplicationFilterChain.java:140)
	at org.springframework.web.filter.CharacterEncodingFilter.doFilterInternal(CharacterEncodingFilter.java:201)
	at org.springframework.web.filter.OncePerRequestFilter.doFilter(OncePerRequestFilter.java:116)
	at org.apache.catalina.core.ApplicationFilterChain.internalDoFilter(ApplicationFilterChain.java:164)
	at org.apache.catalina.core.ApplicationFilterChain.doFilter(ApplicationFilterChain.java:140)
	at org.apache.catalina.core.StandardWrapperValve.invoke(StandardWrapperValve.java:167)
	at org.apache.catalina.core.StandardContextValve.invoke(StandardContextValve.java:90)
	at org.apache.catalina.authenticator.AuthenticatorBase.invoke(AuthenticatorBase.java:483)
	at org.apache.catalina.core.StandardHostValve.invoke(StandardHostValve.java:116)
	at org.apache.catalina.valves.ErrorReportValve.invoke(ErrorReportValve.java:93)
	at org.apache.catalina.core.StandardEngineValve.invoke(StandardEngineValve.java:74)
	at org.apache.catalina.connector.CoyoteAdapter.service(CoyoteAdapter.java:344)
	at org.apache.coyote.http11.Http11Processor.service(Http11Processor.java:398)
	at org.apache.coyote.AbstractProcessorLight.process(AbstractProcessorLight.java:63)
	at org.apache.coyote.AbstractProtocol$ConnectionHandler.process(AbstractProtocol.java:903)
	at org.apache.tomcat.util.net.NioEndpoint$SocketProcessor.doRun(NioEndpoint.java:1769)
	at org.apache.tomcat.util.net.SocketProcessorBase.run(SocketProcessorBase.java:52)
	at org.apache.tomcat.util.threads.ThreadPoolExecutor.runWorker(ThreadPoolExecutor.java:1189)
	at org.apache.tomcat.util.threads.ThreadPoolExecutor$Worker.run(ThreadPoolExecutor.java:658)
	at org.apache.tomcat.util.threads.TaskThread$WrappingRunnable.run(TaskThread.java:63)
	at java.base/java.lang.Thread.run(Thread.java:1583)
Caused by: io.lettuce.core.RedisConnectionException: Unable to connect to localhost/<unresolved>:6379
	at io.lettuce.core.RedisConnectionException.create(RedisConnectionException.java:63)
	at io.lettuce.core.RedisConnectionException.create(RedisConnectionException.java:41)
	at io.lettuce.core.AbstractRedisClient.getConnection(AbstractRedisClient.java:354)
	at io.lettuce.core.RedisClient.connect(RedisClient.java:220)
	at org.springframework.data.redis.connection.lettuce.StandaloneConnectionProvider.lambda$getConnection$1(StandaloneConnectionProvider.java:112)
	at java.base/java.util.Optional.orElseGet(Optional.java:364)
	at org.springframework.data.redis.connection.lettuce.StandaloneConnectionProvider.getConnection(StandaloneConnectionProvider.java:112)
	at org.springframework.data.redis.connection.lettuce.LettuceConnectionFactory$ExceptionTranslatingConnectionProvider.getConnection(LettuceConnectionFactory.java:1795)
	... 82 common frames omitted
Caused by: io.netty.channel.AbstractChannel$AnnotatedConnectException: Connection refused: getsockopt: localhost/127.0.0.1:6379
Caused by: java.net.ConnectException: Connection refused: getsockopt
	at java.base/sun.nio.ch.Net.pollConnect(Native Method)
	at java.base/sun.nio.ch.Net.pollConnectNow(Net.java:694)
	at java.base/sun.nio.ch.SocketChannelImpl.finishConnect(SocketChannelImpl.java:973)
	at io.netty.channel.socket.nio.NioSocketChannel.doFinishConnect(NioSocketChannel.java:336)
	at io.netty.channel.nio.AbstractNioChannel$AbstractNioUnsafe.finishConnect(AbstractNioChannel.java:339)
	at io.netty.channel.nio.NioEventLoop.processSelectedKey(NioEventLoop.java:784)
	at io.netty.channel.nio.NioEventLoop.processSelectedKeysOptimized(NioEventLoop.java:732)
	at io.netty.channel.nio.NioEventLoop.processSelectedKeys(NioEventLoop.java:658)
	at io.netty.channel.nio.NioEventLoop.run(NioEventLoop.java:562)
	at io.netty.util.concurrent.SingleThreadEventExecutor$4.run(SingleThreadEventExecutor.java:998)
	at io.netty.util.internal.ThreadExecutorMap$2.run(ThreadExecutorMap.java:74)
	at io.netty.util.concurrent.FastThreadLocalRunnable.run(FastThreadLocalRunnable.java:30)
	at java.base/java.lang.Thread.run(Thread.java:1583)
2026-08-06 13:35:02 DEBUG [EmployeeBankingHikariPool:housekeeper] com.zaxxer.hikari.pool.HikariPool - EmployeeBankingHikariPool - keepalive: connection ConnectionID:3 ClientConnectionId: 00da47f3-0c8e-4f54-a935-73c302151d90 is alive
2026-08-06 13:35:06 DEBUG [EmployeeBankingHikariPool:housekeeper] com.zaxxer.hikari.pool.HikariPool - EmployeeBankingHikariPool - Before cleanup stats (total=5/10, idle=5/5, active=0, waiting=0)
2026-08-06 13:35:06 DEBUG [EmployeeBankingHikariPool:housekeeper] com.zaxxer.hikari.pool.HikariPool - EmployeeBankingHikariPool - After  cleanup stats (total=5/10, idle=5/5, active=0, waiting=0)
2026-08-06 13:35:06 DEBUG [EmployeeBankingHikariPool:housekeeper] com.zaxxer.hikari.pool.HikariPool - EmployeeBankingHikariPool - Fill pool skipped, pool has sufficient level or currently being filled.
2026-08-06 13:35:14 DEBUG [EmployeeBankingHikariPool:housekeeper] com.zaxxer.hikari.pool.HikariPool - EmployeeBankingHikariPool - keepalive: connection ConnectionID:4 ClientConnectionId: 282a1847-0de7-4baf-bdf5-49fa80d4114b is alive
2026-08-06 13:35:18 DEBUG [EmployeeBankingHikariPool:housekeeper] com.zaxxer.hikari.pool.HikariPool - EmployeeBankingHikariPool - keepalive: connection ConnectionID:5 ClientConnectionId: 9311c4e1-a4ea-4b1c-8f37-bb2f45f1252a is alive
2026-08-06 13:35:36 DEBUG [EmployeeBankingHikariPool:housekeeper] com.zaxxer.hikari.pool.HikariPool - EmployeeBankingHikariPool - Before cleanup stats (total=5/10, idle=5/5, active=0, waiting=0)
2026-08-06 13:35:36 DEBUG [EmployeeBankingHikariPool:housekeeper] com.zaxxer.hikari.pool.HikariPool - EmployeeBankingHikariPool - After  cleanup stats (total=5/10, idle=5/5, active=0, waiting=0)
2026-08-06 13:35:36 DEBUG [EmployeeBankingHikariPool:housekeeper] com.zaxxer.hikari.pool.HikariPool - EmployeeBankingHikariPool - Fill pool skipped, pool has sufficient level or currently being filled.
2026-08-06 13:36:02 DEBUG [EmployeeBankingHikariPool:housekeeper] com.zaxxer.hikari.pool.HikariPool - EmployeeBankingHikariPool - keepalive: connection ConnectionID:1 ClientConnectionId: d2b29670-7f4c-4a29-8323-eec1d494c1b9 is alive
2026-08-06 13:36:06 DEBUG [EmployeeBankingHikariPool:housekeeper] com.zaxxer.hikari.pool.HikariPool - EmployeeBankingHikariPool - Before cleanup stats (total=5/10, idle=5/5, active=0, waiting=0)
2026-08-06 13:36:06 DEBUG [EmployeeBankingHikariPool:housekeeper] com.zaxxer.hikari.pool.HikariPool - EmployeeBankingHikariPool - After  cleanup stats (total=5/10, idle=5/5, active=0, waiting=0)
2026-08-06 13:36:06 DEBUG [EmployeeBankingHikariPool:housekeeper] com.zaxxer.hikari.pool.HikariPool - EmployeeBankingHikariPool - Fill pool skipped, pool has sufficient level or currently being filled.
2026-08-06 13:36:25 DEBUG [EmployeeBankingHikariPool:housekeeper] com.zaxxer.hikari.pool.HikariPool - EmployeeBankingHikariPool - keepalive: connection ConnectionID:2 ClientConnectionId: 695877ca-5538-4e32-95d0-c1fb35501716 is alive
2026-08-06 13:36:36 DEBUG [EmployeeBankingHikariPool:housekeeper] com.zaxxer.hikari.pool.HikariPool - EmployeeBankingHikariPool - Before cleanup stats (total=5/10, idle=5/5, active=0, waiting=0)
2026-08-06 13:36:36 DEBUG [EmployeeBankingHikariPool:housekeeper] com.zaxxer.hikari.pool.HikariPool - EmployeeBankingHikariPool - After  cleanup stats (total=5/10, idle=5/5, active=0, waiting=0)
2026-08-06 13:36:36 DEBUG [EmployeeBankingHikariPool:housekeeper] com.zaxxer.hikari.pool.HikariPool - EmployeeBankingHikariPool - Fill pool skipped, pool has sufficient level or currently being filled.
2026-08-06 13:36:51 DEBUG [EmployeeBankingHikariPool:housekeeper] com.zaxxer.hikari.pool.HikariPool - EmployeeBankingHikariPool - keepalive: connection ConnectionID:3 ClientConnectionId: 00da47f3-0c8e-4f54-a935-73c302151d90 is alive
2026-08-06 13:37:06 DEBUG [EmployeeBankingHikariPool:housekeeper] com.zaxxer.hikari.pool.HikariPool - EmployeeBankingHikariPool - Before cleanup stats (total=5/10, idle=5/5, active=0, waiting=0)
2026-08-06 13:37:06 DEBUG [EmployeeBankingHikariPool:housekeeper] com.zaxxer.hikari.pool.HikariPool - EmployeeBankingHikariPool - After  cleanup stats (total=5/10, idle=5/5, active=0, waiting=0)
2026-08-06 13:37:06 DEBUG [EmployeeBankingHikariPool:housekeeper] com.zaxxer.hikari.pool.HikariPool - EmployeeBankingHikariPool - Fill pool skipped, pool has sufficient level or currently being filled.
2026-08-06 13:37:07 DEBUG [EmployeeBankingHikariPool:housekeeper] com.zaxxer.hikari.pool.HikariPool - EmployeeBankingHikariPool - keepalive: connection ConnectionID:4 ClientConnectionId: 282a1847-0de7-4baf-bdf5-49fa80d4114b is alive
2026-08-06 13:37:11 DEBUG [EmployeeBankingHikariPool:housekeeper] com.zaxxer.hikari.pool.HikariPool - EmployeeBankingHikariPool - keepalive: connection ConnectionID:5 ClientConnectionId: 9311c4e1-a4ea-4b1c-8f37-bb2f45f1252a is alive
2026-08-06 13:37:36 DEBUG [EmployeeBankingHikariPool:housekeeper] com.zaxxer.hikari.pool.HikariPool - EmployeeBankingHikariPool - Before cleanup stats (total=5/10, idle=5/5, active=0, waiting=0)
2026-08-06 13:37:36 DEBUG [EmployeeBankingHikariPool:housekeeper] com.zaxxer.hikari.pool.HikariPool - EmployeeBankingHikariPool - After  cleanup stats (total=5/10, idle=5/5, active=0, waiting=0)
2026-08-06 13:37:36 DEBUG [EmployeeBankingHikariPool:housekeeper] com.zaxxer.hikari.pool.HikariPool - EmployeeBankingHikariPool - Fill pool skipped, pool has sufficient level or currently being filled.
2026-08-06 13:37:38 DEBUG [EmployeeBankingHikariPool:housekeeper] com.zaxxer.hikari.pool.HikariPool - EmployeeBankingHikariPool - keepalive: connection ConnectionID:1 ClientConnectionId: d2b29670-7f4c-4a29-8323-eec1d494c1b9 is alive
2026-08-06 13:38:06 DEBUG [EmployeeBankingHikariPool:housekeeper] com.zaxxer.hikari.pool.HikariPool - EmployeeBankingHikariPool - Before cleanup stats (total=5/10, idle=5/5, active=0, waiting=0)
2026-08-06 13:38:06 DEBUG [EmployeeBankingHikariPool:housekeeper] com.zaxxer.hikari.pool.HikariPool - EmployeeBankingHikariPool - After  cleanup stats (total=5/10, idle=5/5, active=0, waiting=0)
2026-08-06 13:38:06 DEBUG [EmployeeBankingHikariPool:housekeeper] com.zaxxer.hikari.pool.HikariPool - EmployeeBankingHikariPool - Fill pool skipped, pool has sufficient level or currently being filled.
2026-08-06 13:38:08 DEBUG [EmployeeBankingHikariPool:housekeeper] com.zaxxer.hikari.pool.HikariPool - EmployeeBankingHikariPool - keepalive: connection ConnectionID:2 ClientConnectionId: 695877ca-5538-4e32-95d0-c1fb35501716 is alive
2026-08-06 13:38:36 DEBUG [EmployeeBankingHikariPool:housekeeper] com.zaxxer.hikari.pool.HikariPool - EmployeeBankingHikariPool - Before cleanup stats (total=5/10, idle=5/5, active=0, waiting=0)
2026-08-06 13:38:36 DEBUG [EmployeeBankingHikariPool:housekeeper] com.zaxxer.hikari.pool.HikariPool - EmployeeBankingHikariPool - After  cleanup stats (total=5/10, idle=5/5, active=0, waiting=0)
2026-08-06 13:38:36 DEBUG [EmployeeBankingHikariPool:housekeeper] com.zaxxer.hikari.pool.HikariPool - EmployeeBankingHikariPool - Fill pool skipped, pool has sufficient level or currently being filled.
2026-08-06 13:38:39 DEBUG [EmployeeBankingHikariPool:housekeeper] com.zaxxer.hikari.pool.HikariPool - EmployeeBankingHikariPool - keepalive: connection ConnectionID:3 ClientConnectionId: 00da47f3-0c8e-4f54-a935-73c302151d90 is alive
2026-08-06 13:38:59 DEBUG [EmployeeBankingHikariPool:housekeeper] com.zaxxer.hikari.pool.HikariPool - EmployeeBankingHikariPool - keepalive: connection ConnectionID:4 ClientConnectionId: 282a1847-0de7-4baf-bdf5-49fa80d4114b is alive
2026-08-06 13:39:04 DEBUG [EmployeeBankingHikariPool:housekeeper] com.zaxxer.hikari.pool.HikariPool - EmployeeBankingHikariPool - keepalive: connection ConnectionID:5 ClientConnectionId: 9311c4e1-a4ea-4b1c-8f37-bb2f45f1252a is alive
2026-08-06 13:39:06 DEBUG [EmployeeBankingHikariPool:housekeeper] com.zaxxer.hikari.pool.HikariPool - EmployeeBankingHikariPool - Before cleanup stats (total=5/10, idle=5/5, active=0, waiting=0)
2026-08-06 13:39:06 DEBUG [EmployeeBankingHikariPool:housekeeper] com.zaxxer.hikari.pool.HikariPool - EmployeeBankingHikariPool - After  cleanup stats (total=5/10, idle=5/5, active=0, waiting=0)
2026-08-06 13:39:06 DEBUG [EmployeeBankingHikariPool:housekeeper] com.zaxxer.hikari.pool.HikariPool - EmployeeBankingHikariPool - Fill pool skipped, pool has sufficient level or currently being filled.
2026-08-06 13:39:15 DEBUG [EmployeeBankingHikariPool:housekeeper] com.zaxxer.hikari.pool.HikariPool - EmployeeBankingHikariPool - keepalive: connection ConnectionID:1 ClientConnectionId: d2b29670-7f4c-4a29-8323-eec1d494c1b9 is alive
2026-08-06 13:39:36 DEBUG [EmployeeBankingHikariPool:housekeeper] com.zaxxer.hikari.pool.HikariPool - EmployeeBankingHikariPool - Before cleanup stats (total=5/10, idle=5/5, active=0, waiting=0)
2026-08-06 13:39:36 DEBUG [EmployeeBankingHikariPool:housekeeper] com.zaxxer.hikari.pool.HikariPool - EmployeeBankingHikariPool - After  cleanup stats (total=5/10, idle=5/5, active=0, waiting=0)
2026-08-06 13:39:36 DEBUG [EmployeeBankingHikariPool:housekeeper] com.zaxxer.hikari.pool.HikariPool - EmployeeBankingHikariPool - Fill pool skipped, pool has sufficient level or currently being filled.
2026-08-06 13:39:50 DEBUG [EmployeeBankingHikariPool:housekeeper] com.zaxxer.hikari.pool.HikariPool - EmployeeBankingHikariPool - keepalive: connection ConnectionID:2 ClientConnectionId: 695877ca-5538-4e32-95d0-c1fb35501716 is alive
2026-08-06 13:40:06 DEBUG [EmployeeBankingHikariPool:housekeeper] com.zaxxer.hikari.pool.HikariPool - EmployeeBankingHikariPool - Before cleanup stats (total=5/10, idle=5/5, active=0, waiting=0)
2026-08-06 13:40:06 DEBUG [EmployeeBankingHikariPool:housekeeper] com.zaxxer.hikari.pool.HikariPool - EmployeeBankingHikariPool - After  cleanup stats (total=5/10, idle=5/5, active=0, waiting=0)
2026-08-06 13:40:06 DEBUG [EmployeeBankingHikariPool:housekeeper] com.zaxxer.hikari.pool.HikariPool - EmployeeBankingHikariPool - Fill pool skipped, pool has sufficient level or currently being filled.
2026-08-06 13:40:28 DEBUG [EmployeeBankingHikariPool:housekeeper] com.zaxxer.hikari.pool.HikariPool - EmployeeBankingHikariPool - keepalive: connection ConnectionID:3 ClientConnectionId: 00da47f3-0c8e-4f54-a935-73c302151d90 is alive
2026-08-06 13:40:36 DEBUG [EmployeeBankingHikariPool:housekeeper] com.zaxxer.hikari.pool.HikariPool - EmployeeBankingHikariPool - Before cleanup stats (total=5/10, idle=5/5, active=0, waiting=0)
2026-08-06 13:40:36 DEBUG [EmployeeBankingHikariPool:housekeeper] com.zaxxer.hikari.pool.HikariPool - EmployeeBankingHikariPool - After  cleanup stats (total=5/10, idle=5/5, active=0, waiting=0)
2026-08-06 13:40:36 DEBUG [EmployeeBankingHikariPool:housekeeper] com.zaxxer.hikari.pool.HikariPool - EmployeeBankingHikariPool - Fill pool skipped, pool has sufficient level or currently being filled.
2026-08-06 13:40:51 DEBUG [EmployeeBankingHikariPool:housekeeper] com.zaxxer.hikari.pool.HikariPool - EmployeeBankingHikariPool - keepalive: connection ConnectionID:1 ClientConnectionId: d2b29670-7f4c-4a29-8323-eec1d494c1b9 is alive
2026-08-06 13:40:52 DEBUG [EmployeeBankingHikariPool:housekeeper] com.zaxxer.hikari.pool.HikariPool - EmployeeBankingHikariPool - keepalive: connection ConnectionID:4 ClientConnectionId: 282a1847-0de7-4baf-bdf5-49fa80d4114b is alive
2026-08-06 13:40:58 DEBUG [EmployeeBankingHikariPool:housekeeper] com.zaxxer.hikari.pool.HikariPool - EmployeeBankingHikariPool - keepalive: connection ConnectionID:5 ClientConnectionId: 9311c4e1-a4ea-4b1c-8f37-bb2f45f1252a is alive
2026-08-06 13:41:05 INFO  [http-nio-8091-exec-4] c.t.e.controller.EmployeeController - Received request to create employee.
2026-08-06 13:41:05 INFO  [http-nio-8091-exec-4] c.t.e.service.EmployeeService - Creating employee with email: rahul.sharma@example.com
2026-08-06 13:41:05 DEBUG [http-nio-8091-exec-4] org.hibernate.SQL - 
    select
        top (?) e1_0.id 
    from
        employee_details5 e1_0 
    where
        e1_0.email=?
2026-08-06 13:41:05 TRACE [http-nio-8091-exec-4] org.hibernate.orm.jdbc.bind - binding parameter (1:INTEGER) <- [1]
2026-08-06 13:41:05 TRACE [http-nio-8091-exec-4] org.hibernate.orm.jdbc.bind - binding parameter (2:VARCHAR) <- [rahul.sharma@example.com]
2026-08-06 13:41:05 WARN  [http-nio-8091-exec-4] c.t.e.e.GlobalExceptionHandler - Duplicate resource: Employee with this email already exists.
2026-08-06 13:41:06 DEBUG [EmployeeBankingHikariPool:housekeeper] com.zaxxer.hikari.pool.HikariPool - EmployeeBankingHikariPool - Before cleanup stats (total=5/10, idle=5/5, active=0, waiting=0)
2026-08-06 13:41:06 DEBUG [EmployeeBankingHikariPool:housekeeper] com.zaxxer.hikari.pool.HikariPool - EmployeeBankingHikariPool - After  cleanup stats (total=5/10, idle=5/5, active=0, waiting=0)
2026-08-06 13:41:06 DEBUG [EmployeeBankingHikariPool:housekeeper] com.zaxxer.hikari.pool.HikariPool - EmployeeBankingHikariPool - Fill pool skipped, pool has sufficient level or currently being filled.
2026-08-06 13:41:30 INFO  [http-nio-8091-exec-5] c.t.e.controller.EmployeeController - Received request to create employee.
2026-08-06 13:41:30 INFO  [http-nio-8091-exec-5] c.t.e.service.EmployeeService - Creating employee with email: sharma@example.com
2026-08-06 13:41:30 DEBUG [http-nio-8091-exec-5] org.hibernate.SQL - 
    select
        top (?) e1_0.id 
    from
        employee_details5 e1_0 
    where
        e1_0.email=?
2026-08-06 13:41:30 TRACE [http-nio-8091-exec-5] org.hibernate.orm.jdbc.bind - binding parameter (1:INTEGER) <- [1]
2026-08-06 13:41:30 TRACE [http-nio-8091-exec-5] org.hibernate.orm.jdbc.bind - binding parameter (2:VARCHAR) <- [sharma@example.com]
2026-08-06 13:41:30 DEBUG [http-nio-8091-exec-5] org.hibernate.SQL - 
    insert 
    into
        employee_details5
        (department, email, name, salary) 
    values
        (?, ?, ?, ?)
2026-08-06 13:41:30 TRACE [http-nio-8091-exec-5] org.hibernate.orm.jdbc.bind - binding parameter (1:VARCHAR) <- [IT]
2026-08-06 13:41:30 TRACE [http-nio-8091-exec-5] org.hibernate.orm.jdbc.bind - binding parameter (2:VARCHAR) <- [sharma@example.com]
2026-08-06 13:41:30 TRACE [http-nio-8091-exec-5] org.hibernate.orm.jdbc.bind - binding parameter (3:VARCHAR) <- [Sharma das]
2026-08-06 13:41:30 TRACE [http-nio-8091-exec-5] org.hibernate.orm.jdbc.bind - binding parameter (4:DOUBLE) <- [65000.0]
2026-08-06 13:41:32 DEBUG [EmployeeBankingHikariPool:housekeeper] com.zaxxer.hikari.pool.HikariPool - EmployeeBankingHikariPool - keepalive: connection ConnectionID:2 ClientConnectionId: 695877ca-5538-4e32-95d0-c1fb35501716 is alive
2026-08-06 13:41:36 DEBUG [EmployeeBankingHikariPool:housekeeper] com.zaxxer.hikari.pool.HikariPool - EmployeeBankingHikariPool - Before cleanup stats (total=5/10, idle=5/5, active=0, waiting=0)
2026-08-06 13:41:36 DEBUG [EmployeeBankingHikariPool:housekeeper] com.zaxxer.hikari.pool.HikariPool - EmployeeBankingHikariPool - After  cleanup stats (total=5/10, idle=5/5, active=0, waiting=0)
2026-08-06 13:41:36 DEBUG [EmployeeBankingHikariPool:housekeeper] com.zaxxer.hikari.pool.HikariPool - EmployeeBankingHikariPool - Fill pool skipped, pool has sufficient level or currently being filled.
2026-08-06 13:41:43 INFO  [http-nio-8091-exec-6] c.t.e.controller.EmployeeController - Received request to fetch all employees.
2026-08-06 13:41:43 DEBUG [http-nio-8091-exec-6] org.hibernate.SQL - 
    select
        e1_0.id,
        e1_0.department,
        e1_0.email,
        e1_0.name,
        e1_0.salary 
    from
        employee_details5 e1_0 
    order by
        (select
            0) 
    offset
        ? rows 
    fetch
        first ? rows only
2026-08-06 13:41:43 TRACE [http-nio-8091-exec-6] org.hibernate.orm.jdbc.bind - binding parameter (1:INTEGER) <- [0]
2026-08-06 13:41:43 TRACE [http-nio-8091-exec-6] org.hibernate.orm.jdbc.bind - binding parameter (2:INTEGER) <- [20]
2026-08-06 13:41:44 WARN  [http-nio-8091-exec-6] o.s.d.w.c.SpringDataJacksonConfiguration$PageModule$WarningLoggingModifier - Serializing PageImpl instances as-is is not supported, meaning that there is no guarantee about the stability of the resulting JSON structure!
	For a stable JSON structure, please use Spring Data's PagedModel (globally via @EnableSpringDataWebSupport(pageSerializationMode = VIA_DTO))
	or Spring HATEOAS and Spring Data's PagedResourcesAssembler as documented in https://docs.spring.io/spring-data/commons/reference/repositories/core-extensions.html#core.web.pageables.

2026-08-06 13:41:50 INFO  [http-nio-8091-exec-9] c.t.e.controller.EmployeeController - Received request to fetch employee with id: 1
2026-08-06 13:41:50 INFO  [http-nio-8091-exec-9] c.t.e.service.EmployeeService - Fetching employee with id: 1 from Database
2026-08-06 13:41:50 DEBUG [http-nio-8091-exec-9] org.hibernate.SQL - 
    select
        e1_0.id,
        e1_0.department,
        e1_0.email,
        e1_0.name,
        e1_0.salary 
    from
        employee_details5 e1_0 
    where
        e1_0.id=?
2026-08-06 13:41:50 TRACE [http-nio-8091-exec-9] org.hibernate.orm.jdbc.bind - binding parameter (1:INTEGER) <- [1]
2026-08-06 13:42:06 DEBUG [EmployeeBankingHikariPool:housekeeper] com.zaxxer.hikari.pool.HikariPool - EmployeeBankingHikariPool - Before cleanup stats (total=5/10, idle=5/5, active=0, waiting=0)
2026-08-06 13:42:06 DEBUG [EmployeeBankingHikariPool:housekeeper] com.zaxxer.hikari.pool.HikariPool - EmployeeBankingHikariPool - After  cleanup stats (total=5/10, idle=5/5, active=0, waiting=0)
2026-08-06 13:42:06 DEBUG [EmployeeBankingHikariPool:housekeeper] com.zaxxer.hikari.pool.HikariPool - EmployeeBankingHikariPool - Fill pool skipped, pool has sufficient level or currently being filled.
2026-08-06 13:42:16 DEBUG [EmployeeBankingHikariPool:housekeeper] com.zaxxer.hikari.pool.HikariPool - EmployeeBankingHikariPool - keepalive: connection ConnectionID:3 ClientConnectionId: 00da47f3-0c8e-4f54-a935-73c302151d90 is alive
2026-08-06 13:42:28 DEBUG [EmployeeBankingHikariPool:housekeeper] com.zaxxer.hikari.pool.HikariPool - EmployeeBankingHikariPool - keepalive: connection ConnectionID:1 ClientConnectionId: d2b29670-7f4c-4a29-8323-eec1d494c1b9 is alive
2026-08-06 14:51:08 WARN  [EmployeeBankingHikariPool:housekeeper] com.zaxxer.hikari.pool.HikariPool - EmployeeBankingHikariPool - Thread starvation or clock leap detected (housekeeper delta=1h9m1s807ms541µs900ns).
2026-08-06 14:51:08 DEBUG [EmployeeBankingHikariPool:housekeeper] com.zaxxer.hikari.pool.HikariPool - EmployeeBankingHikariPool - Before cleanup stats (total=5/10, idle=5/5, active=0, waiting=0)
2026-08-06 14:51:08 DEBUG [EmployeeBankingHikariPool:housekeeper] com.zaxxer.hikari.pool.HikariPool - EmployeeBankingHikariPool - After  cleanup stats (total=5/10, idle=5/5, active=0, waiting=0)
2026-08-06 14:51:08 DEBUG [EmployeeBankingHikariPool:housekeeper] com.zaxxer.hikari.pool.HikariPool - EmployeeBankingHikariPool - Fill pool skipped, pool has sufficient level or currently being filled.
2026-08-06 14:51:08 DEBUG [EmployeeBankingHikariPool:connection-closer] com.zaxxer.hikari.pool.PoolBase - EmployeeBankingHikariPool - Closing connection ConnectionID:4 ClientConnectionId: 282a1847-0de7-4baf-bdf5-49fa80d4114b: (connection is dead)
2026-08-06 14:51:08 DEBUG [EmployeeBankingHikariPool:connection-closer] com.zaxxer.hikari.pool.PoolBase - EmployeeBankingHikariPool - Closing connection ConnectionID:5 ClientConnectionId: 9311c4e1-a4ea-4b1c-8f37-bb2f45f1252a: (connection is dead)
2026-08-06 14:51:08 DEBUG [EmployeeBankingHikariPool:connection-closer] com.zaxxer.hikari.pool.PoolBase - EmployeeBankingHikariPool - Closing connection ConnectionID:2 ClientConnectionId: 695877ca-5538-4e32-95d0-c1fb35501716: (connection is dead)
2026-08-06 14:51:08 DEBUG [EmployeeBankingHikariPool:connection-closer] com.zaxxer.hikari.pool.PoolBase - EmployeeBankingHikariPool - Closing connection ConnectionID:1 ClientConnectionId: d2b29670-7f4c-4a29-8323-eec1d494c1b9: (connection is dead)
2026-08-06 14:51:08 DEBUG [EmployeeBankingHikariPool:connection-closer] com.zaxxer.hikari.pool.PoolBase - EmployeeBankingHikariPool - Closing connection ConnectionID:3 ClientConnectionId: 00da47f3-0c8e-4f54-a935-73c302151d90: (connection is dead)
2026-08-06 14:51:08 DEBUG [EmployeeBankingHikariPool:connection-adder] com.zaxxer.hikari.pool.PoolBase - EmployeeBankingHikariPool - Attempting to create/setup new connection (37afe109-97ea-4035-8a7f-666367518bc3)
2026-08-06 14:51:10 DEBUG [EmployeeBankingHikariPool:connection-adder] com.zaxxer.hikari.pool.PoolBase - EmployeeBankingHikariPool - Established new connection (37afe109-97ea-4035-8a7f-666367518bc3)
2026-08-06 14:51:10 DEBUG [EmployeeBankingHikariPool:connection-adder] com.zaxxer.hikari.pool.HikariPool - EmployeeBankingHikariPool - Added connection ConnectionID:6 ClientConnectionId: e5ab2d96-1113-471e-8096-6c6386115884
2026-08-06 14:51:10 DEBUG [EmployeeBankingHikariPool:connection-adder] com.zaxxer.hikari.pool.PoolBase - EmployeeBankingHikariPool - Attempting to create/setup new connection (a5fc45e7-7244-43a1-9d0e-29a7876162aa)
2026-08-06 14:51:11 DEBUG [EmployeeBankingHikariPool:connection-adder] com.zaxxer.hikari.pool.PoolBase - EmployeeBankingHikariPool - Established new connection (a5fc45e7-7244-43a1-9d0e-29a7876162aa)
2026-08-06 14:51:11 DEBUG [EmployeeBankingHikariPool:connection-adder] com.zaxxer.hikari.pool.HikariPool - EmployeeBankingHikariPool - Added connection ConnectionID:7 ClientConnectionId: c3b40fc6-8e37-42d9-b382-c740f64147fb
2026-08-06 14:51:11 DEBUG [EmployeeBankingHikariPool:connection-adder] com.zaxxer.hikari.pool.PoolBase - EmployeeBankingHikariPool - Attempting to create/setup new connection (ce1a8d35-eaa3-4050-90ba-0bcfbf936ba7)
2026-08-06 14:51:11 DEBUG [EmployeeBankingHikariPool:connection-adder] com.zaxxer.hikari.pool.PoolBase - EmployeeBankingHikariPool - Established new connection (ce1a8d35-eaa3-4050-90ba-0bcfbf936ba7)
2026-08-06 14:51:11 DEBUG [EmployeeBankingHikariPool:connection-adder] com.zaxxer.hikari.pool.HikariPool - EmployeeBankingHikariPool - Added connection ConnectionID:8 ClientConnectionId: 282b70e3-6c71-4799-b697-61b5a15fbcc1
2026-08-06 14:51:11 DEBUG [EmployeeBankingHikariPool:connection-adder] com.zaxxer.hikari.pool.PoolBase - EmployeeBankingHikariPool - Attempting to create/setup new connection (7b9e00f7-3671-4be4-8a0c-60b5b5670143)
2026-08-06 14:51:12 DEBUG [EmployeeBankingHikariPool:connection-adder] com.zaxxer.hikari.pool.PoolBase - EmployeeBankingHikariPool - Established new connection (7b9e00f7-3671-4be4-8a0c-60b5b5670143)
2026-08-06 14:51:12 DEBUG [EmployeeBankingHikariPool:connection-adder] com.zaxxer.hikari.pool.HikariPool - EmployeeBankingHikariPool - Added connection ConnectionID:9 ClientConnectionId: 4120e0b8-6671-47bb-8293-63e5c5ccccd1
2026-08-06 14:51:12 DEBUG [EmployeeBankingHikariPool:connection-adder] com.zaxxer.hikari.pool.PoolBase - EmployeeBankingHikariPool - Attempting to create/setup new connection (2130bedf-dc33-4fed-ad59-17aeb2315f5f)
2026-08-06 14:51:12 DEBUG [EmployeeBankingHikariPool:connection-adder] com.zaxxer.hikari.pool.PoolBase - EmployeeBankingHikariPool - Established new connection (2130bedf-dc33-4fed-ad59-17aeb2315f5f)
2026-08-06 14:51:14 DEBUG [EmployeeBankingHikariPool:connection-adder] com.zaxxer.hikari.pool.HikariPool - EmployeeBankingHikariPool - Added connection ConnectionID:10 ClientConnectionId: 905840ea-fd33-43f6-87fb-1eeb4ba75016
2026-08-06 14:51:14 DEBUG [EmployeeBankingHikariPool:connection-adder] com.zaxxer.hikari.pool.HikariPool - EmployeeBankingHikariPool - Connection not added, stats (total=5/10, idle=5/5, active=0, waiting=0)
2026-08-06 14:51:14 DEBUG [EmployeeBankingHikariPool:connection-adder] com.zaxxer.hikari.pool.HikariPool - EmployeeBankingHikariPool - Connection not added, stats (total=5/10, idle=5/5, active=0, waiting=0)
2026-08-06 14:51:14 DEBUG [EmployeeBankingHikariPool:connection-adder] com.zaxxer.hikari.pool.HikariPool - EmployeeBankingHikariPool - Connection not added, stats (total=5/10, idle=5/5, active=0, waiting=0)
2026-08-06 14:51:14 DEBUG [EmployeeBankingHikariPool:connection-adder] com.zaxxer.hikari.pool.HikariPool - EmployeeBankingHikariPool - Connection not added, stats (total=5/10, idle=5/5, active=0, waiting=0)
2026-08-06 14:51:14 DEBUG [EmployeeBankingHikariPool:connection-adder] com.zaxxer.hikari.pool.HikariPool - EmployeeBankingHikariPool - Connection not added, stats (total=5/10, idle=5/5, active=0, waiting=0)
2026-08-06 14:51:14 DEBUG [EmployeeBankingHikariPool:connection-adder] com.zaxxer.hikari.pool.HikariPool - EmployeeBankingHikariPool - Connection not added, stats (total=5/10, idle=5/5, active=0, waiting=0)
2026-08-06 14:51:38 DEBUG [EmployeeBankingHikariPool:housekeeper] com.zaxxer.hikari.pool.HikariPool - EmployeeBankingHikariPool - Before cleanup stats (total=5/10, idle=5/5, active=0, waiting=0)
2026-08-06 14:51:38 DEBUG [EmployeeBankingHikariPool:housekeeper] com.zaxxer.hikari.pool.HikariPool - EmployeeBankingHikariPool - After  cleanup stats (total=5/10, idle=5/5, active=0, waiting=0)
2026-08-06 14:51:38 DEBUG [EmployeeBankingHikariPool:housekeeper] com.zaxxer.hikari.pool.HikariPool - EmployeeBankingHikariPool - Fill pool skipped, pool has sufficient level or currently being filled.
2026-08-06 14:52:08 DEBUG [EmployeeBankingHikariPool:housekeeper] com.zaxxer.hikari.pool.HikariPool - EmployeeBankingHikariPool - Before cleanup stats (total=5/10, idle=5/5, active=0, waiting=0)
2026-08-06 14:52:08 DEBUG [EmployeeBankingHikariPool:housekeeper] com.zaxxer.hikari.pool.HikariPool - EmployeeBankingHikariPool - After  cleanup stats (total=5/10, idle=5/5, active=0, waiting=0)
2026-08-06 14:52:08 DEBUG [EmployeeBankingHikariPool:housekeeper] com.zaxxer.hikari.pool.HikariPool - EmployeeBankingHikariPool - Fill pool skipped, pool has sufficient level or currently being filled.
2026-08-06 14:52:38 DEBUG [EmployeeBankingHikariPool:housekeeper] com.zaxxer.hikari.pool.HikariPool - EmployeeBankingHikariPool - Before cleanup stats (total=5/10, idle=5/5, active=0, waiting=0)
2026-08-06 14:52:38 DEBUG [EmployeeBankingHikariPool:housekeeper] com.zaxxer.hikari.pool.HikariPool - EmployeeBankingHikariPool - After  cleanup stats (total=5/10, idle=5/5, active=0, waiting=0)
2026-08-06 14:52:38 DEBUG [EmployeeBankingHikariPool:housekeeper] com.zaxxer.hikari.pool.HikariPool - EmployeeBankingHikariPool - Fill pool skipped, pool has sufficient level or currently being filled.
2026-08-06 14:52:47 DEBUG [EmployeeBankingHikariPool:housekeeper] com.zaxxer.hikari.pool.HikariPool - EmployeeBankingHikariPool - keepalive: connection ConnectionID:7 ClientConnectionId: c3b40fc6-8e37-42d9-b382-c740f64147fb is alive
2026-08-06 14:52:50 DEBUG [EmployeeBankingHikariPool:housekeeper] com.zaxxer.hikari.pool.HikariPool - EmployeeBankingHikariPool - keepalive: connection ConnectionID:8 ClientConnectionId: 282b70e3-6c71-4799-b697-61b5a15fbcc1 is alive
2026-08-06 14:53:05 DEBUG [EmployeeBankingHikariPool:housekeeper] com.zaxxer.hikari.pool.HikariPool - EmployeeBankingHikariPool - keepalive: connection ConnectionID:9 ClientConnectionId: 4120e0b8-6671-47bb-8293-63e5c5ccccd1 is alive
2026-08-06 14:53:05 DEBUG [EmployeeBankingHikariPool:housekeeper] com.zaxxer.hikari.pool.HikariPool - EmployeeBankingHikariPool - keepalive: connection ConnectionID:6 ClientConnectionId: e5ab2d96-1113-471e-8096-6c6386115884 is alive
2026-08-06 14:53:08 DEBUG [EmployeeBankingHikariPool:housekeeper] com.zaxxer.hikari.pool.HikariPool - EmployeeBankingHikariPool - Before cleanup stats (total=5/10, idle=5/5, active=0, waiting=0)
2026-08-06 14:53:08 DEBUG [EmployeeBankingHikariPool:housekeeper] com.zaxxer.hikari.pool.HikariPool - EmployeeBankingHikariPool - After  cleanup stats (total=5/10, idle=5/5, active=0, waiting=0)
2026-08-06 14:53:08 DEBUG [EmployeeBankingHikariPool:housekeeper] com.zaxxer.hikari.pool.HikariPool - EmployeeBankingHikariPool - Fill pool skipped, pool has sufficient level or currently being filled.
2026-08-06 14:53:12 DEBUG [EmployeeBankingHikariPool:housekeeper] com.zaxxer.hikari.pool.HikariPool - EmployeeBankingHikariPool - keepalive: connection ConnectionID:10 ClientConnectionId: 905840ea-fd33-43f6-87fb-1eeb4ba75016 is alive
2026-08-06 14:53:38 DEBUG [EmployeeBankingHikariPool:housekeeper] com.zaxxer.hikari.pool.HikariPool - EmployeeBankingHikariPool - Before cleanup stats (total=5/10, idle=5/5, active=0, waiting=0)
2026-08-06 14:53:38 DEBUG [EmployeeBankingHikariPool:housekeeper] com.zaxxer.hikari.pool.HikariPool - EmployeeBankingHikariPool - After  cleanup stats (total=5/10, idle=5/5, active=0, waiting=0)
2026-08-06 14:53:38 DEBUG [EmployeeBankingHikariPool:housekeeper] com.zaxxer.hikari.pool.HikariPool - EmployeeBankingHikariPool - Fill pool skipped, pool has sufficient level or currently being filled.
2026-08-06 14:54:00 INFO  [http-nio-8091-exec-10] c.t.e.controller.EmployeeController - Received request to update employee with id: 1
2026-08-06 14:54:00 INFO  [http-nio-8091-exec-10] c.t.e.service.EmployeeService - Updating employee with id: 1 in Database and Cache
2026-08-06 14:54:00 DEBUG [http-nio-8091-exec-10] org.hibernate.SQL - 
    select
        e1_0.id,
        e1_0.department,
        e1_0.email,
        e1_0.name,
        e1_0.salary 
    from
        employee_details5 e1_0 
    where
        e1_0.id=?
2026-08-06 14:54:00 TRACE [http-nio-8091-exec-10] org.hibernate.orm.jdbc.bind - binding parameter (1:INTEGER) <- [1]
2026-08-06 14:54:00 DEBUG [http-nio-8091-exec-10] org.hibernate.SQL - 
    select
        e1_0.id,
        e1_0.department,
        e1_0.email,
        e1_0.name,
        e1_0.salary 
    from
        employee_details5 e1_0 
    where
        e1_0.email=?
2026-08-06 14:54:00 TRACE [http-nio-8091-exec-10] org.hibernate.orm.jdbc.bind - binding parameter (1:VARCHAR) <- [sharma@example.com]
2026-08-06 14:54:00 WARN  [http-nio-8091-exec-10] c.t.e.e.GlobalExceptionHandler - Duplicate resource: Employee with this email already exists.
2026-08-06 14:54:08 DEBUG [EmployeeBankingHikariPool:housekeeper] com.zaxxer.hikari.pool.HikariPool - EmployeeBankingHikariPool - Before cleanup stats (total=5/10, idle=5/5, active=0, waiting=0)
2026-08-06 14:54:08 DEBUG [EmployeeBankingHikariPool:housekeeper] com.zaxxer.hikari.pool.HikariPool - EmployeeBankingHikariPool - After  cleanup stats (total=5/10, idle=5/5, active=0, waiting=0)
2026-08-06 14:54:08 DEBUG [EmployeeBankingHikariPool:housekeeper] com.zaxxer.hikari.pool.HikariPool - EmployeeBankingHikariPool - Fill pool skipped, pool has sufficient level or currently being filled.
2026-08-06 14:54:23 DEBUG [EmployeeBankingHikariPool:housekeeper] com.zaxxer.hikari.pool.HikariPool - EmployeeBankingHikariPool - keepalive: connection ConnectionID:7 ClientConnectionId: c3b40fc6-8e37-42d9-b382-c740f64147fb is alive
2026-08-06 14:54:28 DEBUG [EmployeeBankingHikariPool:housekeeper] com.zaxxer.hikari.pool.HikariPool - EmployeeBankingHikariPool - keepalive: connection ConnectionID:8 ClientConnectionId: 282b70e3-6c71-4799-b697-61b5a15fbcc1 is alive
2026-08-06 14:54:38 DEBUG [EmployeeBankingHikariPool:housekeeper] com.zaxxer.hikari.pool.HikariPool - EmployeeBankingHikariPool - Before cleanup stats (total=5/10, idle=5/5, active=0, waiting=0)
2026-08-06 14:54:38 DEBUG [EmployeeBankingHikariPool:housekeeper] com.zaxxer.hikari.pool.HikariPool - EmployeeBankingHikariPool - After  cleanup stats (total=5/10, idle=5/5, active=0, waiting=0)
2026-08-06 14:54:38 DEBUG [EmployeeBankingHikariPool:housekeeper] com.zaxxer.hikari.pool.HikariPool - EmployeeBankingHikariPool - Fill pool skipped, pool has sufficient level or currently being filled.
2026-08-06 14:54:57 DEBUG [EmployeeBankingHikariPool:housekeeper] com.zaxxer.hikari.pool.HikariPool - EmployeeBankingHikariPool - keepalive: connection ConnectionID:9 ClientConnectionId: 4120e0b8-6671-47bb-8293-63e5c5ccccd1 is alive
2026-08-06 14:55:00 DEBUG [EmployeeBankingHikariPool:housekeeper] com.zaxxer.hikari.pool.HikariPool - EmployeeBankingHikariPool - keepalive: connection ConnectionID:6 ClientConnectionId: e5ab2d96-1113-471e-8096-6c6386115884 is alive
2026-08-06 14:55:08 DEBUG [EmployeeBankingHikariPool:housekeeper] com.zaxxer.hikari.pool.HikariPool - EmployeeBankingHikariPool - Before cleanup stats (total=5/10, idle=5/5, active=0, waiting=0)
2026-08-06 14:55:08 DEBUG [EmployeeBankingHikariPool:housekeeper] com.zaxxer.hikari.pool.HikariPool - EmployeeBankingHikariPool - After  cleanup stats (total=5/10, idle=5/5, active=0, waiting=0)
2026-08-06 14:55:08 DEBUG [EmployeeBankingHikariPool:housekeeper] com.zaxxer.hikari.pool.HikariPool - EmployeeBankingHikariPool - Fill pool skipped, pool has sufficient level or currently being filled.
2026-08-06 14:55:10 DEBUG [EmployeeBankingHikariPool:housekeeper] com.zaxxer.hikari.pool.HikariPool - EmployeeBankingHikariPool - keepalive: connection ConnectionID:10 ClientConnectionId: 905840ea-fd33-43f6-87fb-1eeb4ba75016 is alive
2026-08-06 14:55:26 INFO  [http-nio-8091-exec-3] c.t.e.controller.EmployeeController - Received request to update employee with id: 2
2026-08-06 14:55:27 INFO  [http-nio-8091-exec-3] c.t.e.service.EmployeeService - Updating employee with id: 2 in Database and Cache
2026-08-06 14:55:27 DEBUG [http-nio-8091-exec-3] org.hibernate.SQL - 
    select
        e1_0.id,
        e1_0.department,
        e1_0.email,
        e1_0.name,
        e1_0.salary 
    from
        employee_details5 e1_0 
    where
        e1_0.id=?
2026-08-06 14:55:27 TRACE [http-nio-8091-exec-3] org.hibernate.orm.jdbc.bind - binding parameter (1:INTEGER) <- [2]
2026-08-06 14:55:27 DEBUG [http-nio-8091-exec-3] org.hibernate.SQL - 
    select
        e1_0.id,
        e1_0.department,
        e1_0.email,
        e1_0.name,
        e1_0.salary 
    from
        employee_details5 e1_0 
    where
        e1_0.email=?
2026-08-06 14:55:27 TRACE [http-nio-8091-exec-3] org.hibernate.orm.jdbc.bind - binding parameter (1:VARCHAR) <- [sharma@example.com]
2026-08-06 14:55:27 DEBUG [http-nio-8091-exec-3] org.hibernate.SQL - 
    update
        employee_details5 
    set
        department=?,
        email=?,
        name=?,
        salary=? 
    where
        id=?
2026-08-06 14:55:27 TRACE [http-nio-8091-exec-3] org.hibernate.orm.jdbc.bind - binding parameter (1:VARCHAR) <- [SALES]
2026-08-06 14:55:27 TRACE [http-nio-8091-exec-3] org.hibernate.orm.jdbc.bind - binding parameter (2:VARCHAR) <- [sharma@example.com]
2026-08-06 14:55:27 TRACE [http-nio-8091-exec-3] org.hibernate.orm.jdbc.bind - binding parameter (3:VARCHAR) <- [Sharma das]
2026-08-06 14:55:27 TRACE [http-nio-8091-exec-3] org.hibernate.orm.jdbc.bind - binding parameter (4:DOUBLE) <- [65000.0]
2026-08-06 14:55:27 TRACE [http-nio-8091-exec-3] org.hibernate.orm.jdbc.bind - binding parameter (5:INTEGER) <- [2]
2026-08-06 14:55:37 INFO  [http-nio-8091-exec-4] c.t.e.controller.EmployeeController - Received request to fetch all employees.
2026-08-06 14:55:38 DEBUG [http-nio-8091-exec-4] org.hibernate.SQL - 
    select
        e1_0.id,
        e1_0.department,
        e1_0.email,
        e1_0.name,
        e1_0.salary 
    from
        employee_details5 e1_0 
    order by
        (select
            0) 
    offset
        ? rows 
    fetch
        first ? rows only
2026-08-06 14:55:38 TRACE [http-nio-8091-exec-4] org.hibernate.orm.jdbc.bind - binding parameter (1:INTEGER) <- [0]
2026-08-06 14:55:38 TRACE [http-nio-8091-exec-4] org.hibernate.orm.jdbc.bind - binding parameter (2:INTEGER) <- [20]
2026-08-06 14:55:38 DEBUG [EmployeeBankingHikariPool:housekeeper] com.zaxxer.hikari.pool.HikariPool - EmployeeBankingHikariPool - Before cleanup stats (total=5/10, idle=5/5, active=0, waiting=0)
2026-08-06 14:55:38 DEBUG [EmployeeBankingHikariPool:housekeeper] com.zaxxer.hikari.pool.HikariPool - EmployeeBankingHikariPool - After  cleanup stats (total=5/10, idle=5/5, active=0, waiting=0)
2026-08-06 14:55:38 DEBUG [EmployeeBankingHikariPool:housekeeper] com.zaxxer.hikari.pool.HikariPool - EmployeeBankingHikariPool - Fill pool skipped, pool has sufficient level or currently being filled.
2026-08-06 14:56:00 DEBUG [EmployeeBankingHikariPool:housekeeper] com.zaxxer.hikari.pool.HikariPool - EmployeeBankingHikariPool - keepalive: connection ConnectionID:7 ClientConnectionId: c3b40fc6-8e37-42d9-b382-c740f64147fb is alive
2026-08-06 14:56:06 DEBUG [EmployeeBankingHikariPool:housekeeper] com.zaxxer.hikari.pool.HikariPool - EmployeeBankingHikariPool - keepalive: connection ConnectionID:8 ClientConnectionId: 282b70e3-6c71-4799-b697-61b5a15fbcc1 is alive
2026-08-06 14:56:08 DEBUG [EmployeeBankingHikariPool:housekeeper] com.zaxxer.hikari.pool.HikariPool - EmployeeBankingHikariPool - Before cleanup stats (total=5/10, idle=5/5, active=0, waiting=0)
2026-08-06 14:56:08 DEBUG [EmployeeBankingHikariPool:housekeeper] com.zaxxer.hikari.pool.HikariPool - EmployeeBankingHikariPool - After  cleanup stats (total=5/10, idle=5/5, active=0, waiting=0)
2026-08-06 14:56:08 DEBUG [EmployeeBankingHikariPool:housekeeper] com.zaxxer.hikari.pool.HikariPool - EmployeeBankingHikariPool - Fill pool skipped, pool has sufficient level or currently being filled.
2026-08-06 14:56:16 INFO  [http-nio-8091-exec-5] c.t.e.controller.EmployeeController - Received request to create employee.
2026-08-06 14:56:16 INFO  [http-nio-8091-exec-5] c.t.e.service.EmployeeService - Creating employee with email: kiran@example.com
2026-08-06 14:56:16 DEBUG [http-nio-8091-exec-5] org.hibernate.SQL - 
    select
        top (?) e1_0.id 
    from
        employee_details5 e1_0 
    where
        e1_0.email=?
2026-08-06 14:56:17 TRACE [http-nio-8091-exec-5] org.hibernate.orm.jdbc.bind - binding parameter (1:INTEGER) <- [1]
2026-08-06 14:56:17 TRACE [http-nio-8091-exec-5] org.hibernate.orm.jdbc.bind - binding parameter (2:VARCHAR) <- [kiran@example.com]
2026-08-06 14:56:17 DEBUG [http-nio-8091-exec-5] org.hibernate.SQL - 
    insert 
    into
        employee_details5
        (department, email, name, salary) 
    values
        (?, ?, ?, ?)
2026-08-06 14:56:17 TRACE [http-nio-8091-exec-5] org.hibernate.orm.jdbc.bind - binding parameter (1:VARCHAR) <- [QA]
2026-08-06 14:56:17 TRACE [http-nio-8091-exec-5] org.hibernate.orm.jdbc.bind - binding parameter (2:VARCHAR) <- [kiran@example.com]
2026-08-06 14:56:17 TRACE [http-nio-8091-exec-5] org.hibernate.orm.jdbc.bind - binding parameter (3:VARCHAR) <- [Kiran das]
2026-08-06 14:56:17 TRACE [http-nio-8091-exec-5] org.hibernate.orm.jdbc.bind - binding parameter (4:DOUBLE) <- [75000.0]
2026-08-06 14:56:38 DEBUG [EmployeeBankingHikariPool:housekeeper] com.zaxxer.hikari.pool.HikariPool - EmployeeBankingHikariPool - Before cleanup stats (total=5/10, idle=5/5, active=0, waiting=0)
2026-08-06 14:56:38 DEBUG [EmployeeBankingHikariPool:housekeeper] com.zaxxer.hikari.pool.HikariPool - EmployeeBankingHikariPool - After  cleanup stats (total=5/10, idle=5/5, active=0, waiting=0)
2026-08-06 14:56:38 DEBUG [EmployeeBankingHikariPool:housekeeper] com.zaxxer.hikari.pool.HikariPool - EmployeeBankingHikariPool - Fill pool skipped, pool has sufficient level or currently being filled.
2026-08-06 14:56:50 DEBUG [EmployeeBankingHikariPool:housekeeper] com.zaxxer.hikari.pool.HikariPool - EmployeeBankingHikariPool - keepalive: connection ConnectionID:9 ClientConnectionId: 4120e0b8-6671-47bb-8293-63e5c5ccccd1 is alive
2026-08-06 14:56:54 DEBUG [EmployeeBankingHikariPool:housekeeper] com.zaxxer.hikari.pool.HikariPool - EmployeeBankingHikariPool - keepalive: connection ConnectionID:6 ClientConnectionId: e5ab2d96-1113-471e-8096-6c6386115884 is alive
2026-08-06 14:57:08 DEBUG [EmployeeBankingHikariPool:housekeeper] com.zaxxer.hikari.pool.HikariPool - EmployeeBankingHikariPool - Before cleanup stats (total=5/10, idle=5/5, active=0, waiting=0)
2026-08-06 14:57:08 DEBUG [EmployeeBankingHikariPool:housekeeper] com.zaxxer.hikari.pool.HikariPool - EmployeeBankingHikariPool - After  cleanup stats (total=5/10, idle=5/5, active=0, waiting=0)
2026-08-06 14:57:08 DEBUG [EmployeeBankingHikariPool:housekeeper] com.zaxxer.hikari.pool.HikariPool - EmployeeBankingHikariPool - Fill pool skipped, pool has sufficient level or currently being filled.
2026-08-06 14:57:09 DEBUG [EmployeeBankingHikariPool:housekeeper] com.zaxxer.hikari.pool.HikariPool - EmployeeBankingHikariPool - keepalive: connection ConnectionID:10 ClientConnectionId: 905840ea-fd33-43f6-87fb-1eeb4ba75016 is alive
2026-08-06 14:57:36 DEBUG [EmployeeBankingHikariPool:housekeeper] com.zaxxer.hikari.pool.HikariPool - EmployeeBankingHikariPool - keepalive: connection ConnectionID:7 ClientConnectionId: c3b40fc6-8e37-42d9-b382-c740f64147fb is alive
2026-08-06 14:57:38 DEBUG [EmployeeBankingHikariPool:housekeeper] com.zaxxer.hikari.pool.HikariPool - EmployeeBankingHikariPool - Before cleanup stats (total=5/10, idle=5/5, active=0, waiting=0)
2026-08-06 14:57:38 DEBUG [EmployeeBankingHikariPool:housekeeper] com.zaxxer.hikari.pool.HikariPool - EmployeeBankingHikariPool - After  cleanup stats (total=5/10, idle=5/5, active=0, waiting=0)
2026-08-06 14:57:38 DEBUG [EmployeeBankingHikariPool:housekeeper] com.zaxxer.hikari.pool.HikariPool - EmployeeBankingHikariPool - Fill pool skipped, pool has sufficient level or currently being filled.
2026-08-06 14:57:44 DEBUG [EmployeeBankingHikariPool:housekeeper] com.zaxxer.hikari.pool.HikariPool - EmployeeBankingHikariPool - keepalive: connection ConnectionID:8 ClientConnectionId: 282b70e3-6c71-4799-b697-61b5a15fbcc1 is alive
2026-08-06 14:57:54 INFO  [http-nio-8091-exec-8] c.t.e.controller.EmployeeController - Received request to delete employee with id: 3
2026-08-06 14:57:54 INFO  [http-nio-8091-exec-8] c.t.e.service.EmployeeService - Deleting employee with id: 3 from Database and Cache
2026-08-06 14:57:54 DEBUG [http-nio-8091-exec-8] org.hibernate.SQL - 
    select
        e1_0.id,
        e1_0.department,
        e1_0.email,
        e1_0.name,
        e1_0.salary 
    from
        employee_details5 e1_0 
    where
        e1_0.id=?
2026-08-06 14:57:54 TRACE [http-nio-8091-exec-8] org.hibernate.orm.jdbc.bind - binding parameter (1:INTEGER) <- [3]
2026-08-06 14:57:54 DEBUG [http-nio-8091-exec-8] org.hibernate.SQL - 
    delete 
    from
        employee_details5 
    where
        id=?
2026-08-06 14:57:54 TRACE [http-nio-8091-exec-8] org.hibernate.orm.jdbc.bind - binding parameter (1:INTEGER) <- [3]
2026-08-06 14:58:08 DEBUG [EmployeeBankingHikariPool:housekeeper] com.zaxxer.hikari.pool.HikariPool - EmployeeBankingHikariPool - Before cleanup stats (total=5/10, idle=5/5, active=0, waiting=0)
2026-08-06 14:58:08 DEBUG [EmployeeBankingHikariPool:housekeeper] com.zaxxer.hikari.pool.HikariPool - EmployeeBankingHikariPool - After  cleanup stats (total=5/10, idle=5/5, active=0, waiting=0)
2026-08-06 14:58:08 DEBUG [EmployeeBankingHikariPool:housekeeper] com.zaxxer.hikari.pool.HikariPool - EmployeeBankingHikariPool - Fill pool skipped, pool has sufficient level or currently being filled.
2026-08-06 14:58:38 DEBUG [EmployeeBankingHikariPool:housekeeper] com.zaxxer.hikari.pool.HikariPool - EmployeeBankingHikariPool - Before cleanup stats (total=5/10, idle=5/5, active=0, waiting=0)
2026-08-06 14:58:38 DEBUG [EmployeeBankingHikariPool:housekeeper] com.zaxxer.hikari.pool.HikariPool - EmployeeBankingHikariPool - After  cleanup stats (total=5/10, idle=5/5, active=0, waiting=0)
2026-08-06 14:58:38 DEBUG [EmployeeBankingHikariPool:housekeeper] com.zaxxer.hikari.pool.HikariPool - EmployeeBankingHikariPool - Fill pool skipped, pool has sufficient level or currently being filled.
2026-08-06 14:58:43 DEBUG [EmployeeBankingHikariPool:housekeeper] com.zaxxer.hikari.pool.HikariPool - EmployeeBankingHikariPool - keepalive: connection ConnectionID:9 ClientConnectionId: 4120e0b8-6671-47bb-8293-63e5c5ccccd1 is alive
2026-08-06 14:58:49 DEBUG [EmployeeBankingHikariPool:housekeeper] com.zaxxer.hikari.pool.HikariPool - EmployeeBankingHikariPool - keepalive: connection ConnectionID:6 ClientConnectionId: e5ab2d96-1113-471e-8096-6c6386115884 is alive
2026-08-06 14:59:07 DEBUG [EmployeeBankingHikariPool:housekeeper] com.zaxxer.hikari.pool.HikariPool - EmployeeBankingHikariPool - keepalive: connection ConnectionID:10 ClientConnectionId: 905840ea-fd33-43f6-87fb-1eeb4ba75016 is alive
2026-08-06 14:59:08 DEBUG [EmployeeBankingHikariPool:housekeeper] com.zaxxer.hikari.pool.HikariPool - EmployeeBankingHikariPool - Before cleanup stats (total=5/10, idle=5/5, active=0, waiting=0)
2026-08-06 14:59:08 DEBUG [EmployeeBankingHikariPool:housekeeper] com.zaxxer.hikari.pool.HikariPool - EmployeeBankingHikariPool - After  cleanup stats (total=5/10, idle=5/5, active=0, waiting=0)
2026-08-06 14:59:08 DEBUG [EmployeeBankingHikariPool:housekeeper] com.zaxxer.hikari.pool.HikariPool - EmployeeBankingHikariPool - Fill pool skipped, pool has sufficient level or currently being filled.
2026-08-06 14:59:12 DEBUG [EmployeeBankingHikariPool:housekeeper] com.zaxxer.hikari.pool.HikariPool - EmployeeBankingHikariPool - keepalive: connection ConnectionID:7 ClientConnectionId: c3b40fc6-8e37-42d9-b382-c740f64147fb is alive
2026-08-06 14:59:22 DEBUG [EmployeeBankingHikariPool:housekeeper] com.zaxxer.hikari.pool.HikariPool - EmployeeBankingHikariPool - keepalive: connection ConnectionID:8 ClientConnectionId: 282b70e3-6c71-4799-b697-61b5a15fbcc1 is alive
2026-08-06 14:59:38 DEBUG [EmployeeBankingHikariPool:housekeeper] com.zaxxer.hikari.pool.HikariPool - EmployeeBankingHikariPool - Before cleanup stats (total=5/10, idle=5/5, active=0, waiting=0)
2026-08-06 14:59:38 DEBUG [EmployeeBankingHikariPool:housekeeper] com.zaxxer.hikari.pool.HikariPool - EmployeeBankingHikariPool - After  cleanup stats (total=5/10, idle=5/5, active=0, waiting=0)
2026-08-06 14:59:38 DEBUG [EmployeeBankingHikariPool:housekeeper] com.zaxxer.hikari.pool.HikariPool - EmployeeBankingHikariPool - Fill pool skipped, pool has sufficient level or currently being filled.
2026-08-06 15:00:08 DEBUG [EmployeeBankingHikariPool:housekeeper] com.zaxxer.hikari.pool.HikariPool - EmployeeBankingHikariPool - Before cleanup stats (total=5/10, idle=5/5, active=0, waiting=0)
2026-08-06 15:00:08 DEBUG [EmployeeBankingHikariPool:housekeeper] com.zaxxer.hikari.pool.HikariPool - EmployeeBankingHikariPool - After  cleanup stats (total=5/10, idle=5/5, active=0, waiting=0)
2026-08-06 15:00:08 DEBUG [EmployeeBankingHikariPool:housekeeper] com.zaxxer.hikari.pool.HikariPool - EmployeeBankingHikariPool - Fill pool skipped, pool has sufficient level or currently being filled.
2026-08-06 15:00:36 DEBUG [EmployeeBankingHikariPool:housekeeper] com.zaxxer.hikari.pool.HikariPool - EmployeeBankingHikariPool - keepalive: connection ConnectionID:9 ClientConnectionId: 4120e0b8-6671-47bb-8293-63e5c5ccccd1 is alive
2026-08-06 15:00:38 DEBUG [EmployeeBankingHikariPool:housekeeper] com.zaxxer.hikari.pool.HikariPool - EmployeeBankingHikariPool - Before cleanup stats (total=5/10, idle=5/5, active=0, waiting=0)
2026-08-06 15:00:38 DEBUG [EmployeeBankingHikariPool:housekeeper] com.zaxxer.hikari.pool.HikariPool - EmployeeBankingHikariPool - After  cleanup stats (total=5/10, idle=5/5, active=0, waiting=0)
2026-08-06 15:00:38 DEBUG [EmployeeBankingHikariPool:housekeeper] com.zaxxer.hikari.pool.HikariPool - EmployeeBankingHikariPool - Fill pool skipped, pool has sufficient level or currently being filled.
2026-08-06 15:00:44 DEBUG [EmployeeBankingHikariPool:housekeeper] com.zaxxer.hikari.pool.HikariPool - EmployeeBankingHikariPool - keepalive: connection ConnectionID:6 ClientConnectionId: e5ab2d96-1113-471e-8096-6c6386115884 is alive
2026-08-06 15:00:49 DEBUG [EmployeeBankingHikariPool:housekeeper] com.zaxxer.hikari.pool.HikariPool - EmployeeBankingHikariPool - keepalive: connection ConnectionID:7 ClientConnectionId: c3b40fc6-8e37-42d9-b382-c740f64147fb is alive
2026-08-06 15:01:00 DEBUG [EmployeeBankingHikariPool:housekeeper] com.zaxxer.hikari.pool.HikariPool - EmployeeBankingHikariPool - keepalive: connection ConnectionID:8 ClientConnectionId: 282b70e3-6c71-4799-b697-61b5a15fbcc1 is alive
2026-08-06 15:01:05 DEBUG [EmployeeBankingHikariPool:housekeeper] com.zaxxer.hikari.pool.HikariPool - EmployeeBankingHikariPool - keepalive: connection ConnectionID:10 ClientConnectionId: 905840ea-fd33-43f6-87fb-1eeb4ba75016 is alive
2026-08-06 15:01:08 DEBUG [EmployeeBankingHikariPool:housekeeper] com.zaxxer.hikari.pool.HikariPool - EmployeeBankingHikariPool - Before cleanup stats (total=5/10, idle=5/5, active=0, waiting=0)
2026-08-06 15:01:08 DEBUG [EmployeeBankingHikariPool:housekeeper] com.zaxxer.hikari.pool.HikariPool - EmployeeBankingHikariPool - After  cleanup stats (total=5/10, idle=5/5, active=0, waiting=0)
2026-08-06 15:01:08 DEBUG [EmployeeBankingHikariPool:housekeeper] com.zaxxer.hikari.pool.HikariPool - EmployeeBankingHikariPool - Fill pool skipped, pool has sufficient level or currently being filled.
2026-08-06 15:01:38 DEBUG [EmployeeBankingHikariPool:housekeeper] com.zaxxer.hikari.pool.HikariPool - EmployeeBankingHikariPool - Before cleanup stats (total=5/10, idle=5/5, active=0, waiting=0)
2026-08-06 15:01:38 DEBUG [EmployeeBankingHikariPool:housekeeper] com.zaxxer.hikari.pool.HikariPool - EmployeeBankingHikariPool - After  cleanup stats (total=5/10, idle=5/5, active=0, waiting=0)
2026-08-06 15:01:38 DEBUG [EmployeeBankingHikariPool:housekeeper] com.zaxxer.hikari.pool.HikariPool - EmployeeBankingHikariPool - Fill pool skipped, pool has sufficient level or currently being filled.
2026-08-06 15:02:08 DEBUG [EmployeeBankingHikariPool:housekeeper] com.zaxxer.hikari.pool.HikariPool - EmployeeBankingHikariPool - Before cleanup stats (total=5/10, idle=5/5, active=0, waiting=0)
2026-08-06 15:02:08 DEBUG [EmployeeBankingHikariPool:housekeeper] com.zaxxer.hikari.pool.HikariPool - EmployeeBankingHikariPool - After  cleanup stats (total=5/10, idle=5/5, active=0, waiting=0)
2026-08-06 15:02:08 DEBUG [EmployeeBankingHikariPool:housekeeper] com.zaxxer.hikari.pool.HikariPool - EmployeeBankingHikariPool - Fill pool skipped, pool has sufficient level or currently being filled.
2026-08-06 15:02:25 DEBUG [EmployeeBankingHikariPool:housekeeper] com.zaxxer.hikari.pool.HikariPool - EmployeeBankingHikariPool - keepalive: connection ConnectionID:7 ClientConnectionId: c3b40fc6-8e37-42d9-b382-c740f64147fb is alive
2026-08-06 15:02:28 DEBUG [EmployeeBankingHikariPool:housekeeper] com.zaxxer.hikari.pool.HikariPool - EmployeeBankingHikariPool - keepalive: connection ConnectionID:9 ClientConnectionId: 4120e0b8-6671-47bb-8293-63e5c5ccccd1 is alive
2026-08-06 15:02:38 DEBUG [EmployeeBankingHikariPool:housekeeper] com.zaxxer.hikari.pool.HikariPool - EmployeeBankingHikariPool - Before cleanup stats (total=5/10, idle=5/5, active=0, waiting=0)
2026-08-06 15:02:38 DEBUG [EmployeeBankingHikariPool:housekeeper] com.zaxxer.hikari.pool.HikariPool - EmployeeBankingHikariPool - After  cleanup stats (total=5/10, idle=5/5, active=0, waiting=0)
2026-08-06 15:02:38 DEBUG [EmployeeBankingHikariPool:housekeeper] com.zaxxer.hikari.pool.HikariPool - EmployeeBankingHikariPool - Fill pool skipped, pool has sufficient level or currently being filled.
2026-08-06 15:02:39 DEBUG [EmployeeBankingHikariPool:housekeeper] com.zaxxer.hikari.pool.HikariPool - EmployeeBankingHikariPool - keepalive: connection ConnectionID:8 ClientConnectionId: 282b70e3-6c71-4799-b697-61b5a15fbcc1 is alive
2026-08-06 15:02:39 DEBUG [EmployeeBankingHikariPool:housekeeper] com.zaxxer.hikari.pool.HikariPool - EmployeeBankingHikariPool - keepalive: connection ConnectionID:6 ClientConnectionId: e5ab2d96-1113-471e-8096-6c6386115884 is alive
2026-08-06 15:03:03 DEBUG [EmployeeBankingHikariPool:housekeeper] com.zaxxer.hikari.pool.HikariPool - EmployeeBankingHikariPool - keepalive: connection ConnectionID:10 ClientConnectionId: 905840ea-fd33-43f6-87fb-1eeb4ba75016 is alive
2026-08-06 15:03:08 DEBUG [EmployeeBankingHikariPool:housekeeper] com.zaxxer.hikari.pool.HikariPool - EmployeeBankingHikariPool - Before cleanup stats (total=5/10, idle=5/5, active=0, waiting=0)
2026-08-06 15:03:08 DEBUG [EmployeeBankingHikariPool:housekeeper] com.zaxxer.hikari.pool.HikariPool - EmployeeBankingHikariPool - After  cleanup stats (total=5/10, idle=5/5, active=0, waiting=0)
2026-08-06 15:03:08 DEBUG [EmployeeBankingHikariPool:housekeeper] com.zaxxer.hikari.pool.HikariPool - EmployeeBankingHikariPool - Fill pool skipped, pool has sufficient level or currently being filled.
2026-08-06 15:03:38 DEBUG [EmployeeBankingHikariPool:housekeeper] com.zaxxer.hikari.pool.HikariPool - EmployeeBankingHikariPool - Before cleanup stats (total=5/10, idle=5/5, active=0, waiting=0)
2026-08-06 15:03:38 DEBUG [EmployeeBankingHikariPool:housekeeper] com.zaxxer.hikari.pool.HikariPool - EmployeeBankingHikariPool - After  cleanup stats (total=5/10, idle=5/5, active=0, waiting=0)
2026-08-06 15:03:38 DEBUG [EmployeeBankingHikariPool:housekeeper] com.zaxxer.hikari.pool.HikariPool - EmployeeBankingHikariPool - Fill pool skipped, pool has sufficient level or currently being filled.
2026-08-06 15:04:01 DEBUG [EmployeeBankingHikariPool:housekeeper] com.zaxxer.hikari.pool.HikariPool - EmployeeBankingHikariPool - keepalive: connection ConnectionID:7 ClientConnectionId: c3b40fc6-8e37-42d9-b382-c740f64147fb is alive
2026-08-06 15:04:08 DEBUG [EmployeeBankingHikariPool:housekeeper] com.zaxxer.hikari.pool.HikariPool - EmployeeBankingHikariPool - Before cleanup stats (total=5/10, idle=5/5, active=0, waiting=0)
2026-08-06 15:04:08 DEBUG [EmployeeBankingHikariPool:housekeeper] com.zaxxer.hikari.pool.HikariPool - EmployeeBankingHikariPool - After  cleanup stats (total=5/10, idle=5/5, active=0, waiting=0)
2026-08-06 15:04:08 DEBUG [EmployeeBankingHikariPool:housekeeper] com.zaxxer.hikari.pool.HikariPool - EmployeeBankingHikariPool - Fill pool skipped, pool has sufficient level or currently being filled.
2026-08-06 15:04:17 DEBUG [EmployeeBankingHikariPool:housekeeper] com.zaxxer.hikari.pool.HikariPool - EmployeeBankingHikariPool - keepalive: connection ConnectionID:8 ClientConnectionId: 282b70e3-6c71-4799-b697-61b5a15fbcc1 is alive
2026-08-06 15:04:21 DEBUG [EmployeeBankingHikariPool:housekeeper] com.zaxxer.hikari.pool.HikariPool - EmployeeBankingHikariPool - keepalive: connection ConnectionID:9 ClientConnectionId: 4120e0b8-6671-47bb-8293-63e5c5ccccd1 is alive
2026-08-06 15:04:34 DEBUG [EmployeeBankingHikariPool:housekeeper] com.zaxxer.hikari.pool.HikariPool - EmployeeBankingHikariPool - keepalive: connection ConnectionID:6 ClientConnectionId: e5ab2d96-1113-471e-8096-6c6386115884 is alive
2026-08-06 15:04:38 DEBUG [EmployeeBankingHikariPool:housekeeper] com.zaxxer.hikari.pool.HikariPool - EmployeeBankingHikariPool - Before cleanup stats (total=5/10, idle=5/5, active=0, waiting=0)
2026-08-06 15:04:38 DEBUG [EmployeeBankingHikariPool:housekeeper] com.zaxxer.hikari.pool.HikariPool - EmployeeBankingHikariPool - After  cleanup stats (total=5/10, idle=5/5, active=0, waiting=0)
2026-08-06 15:04:38 DEBUG [EmployeeBankingHikariPool:housekeeper] com.zaxxer.hikari.pool.HikariPool - EmployeeBankingHikariPool - Fill pool skipped, pool has sufficient level or currently being filled.
2026-08-06 15:05:02 DEBUG [EmployeeBankingHikariPool:housekeeper] com.zaxxer.hikari.pool.HikariPool - EmployeeBankingHikariPool - keepalive: connection ConnectionID:10 ClientConnectionId: 905840ea-fd33-43f6-87fb-1eeb4ba75016 is alive
2026-08-06 15:05:08 DEBUG [EmployeeBankingHikariPool:housekeeper] com.zaxxer.hikari.pool.HikariPool - EmployeeBankingHikariPool - Before cleanup stats (total=5/10, idle=5/5, active=0, waiting=0)
2026-08-06 15:05:08 DEBUG [EmployeeBankingHikariPool:housekeeper] com.zaxxer.hikari.pool.HikariPool - EmployeeBankingHikariPool - After  cleanup stats (total=5/10, idle=5/5, active=0, waiting=0)
2026-08-06 15:05:08 DEBUG [EmployeeBankingHikariPool:housekeeper] com.zaxxer.hikari.pool.HikariPool - EmployeeBankingHikariPool - Fill pool skipped, pool has sufficient level or currently being filled.
2026-08-06 15:05:38 DEBUG [EmployeeBankingHikariPool:housekeeper] com.zaxxer.hikari.pool.HikariPool - EmployeeBankingHikariPool - keepalive: connection ConnectionID:7 ClientConnectionId: c3b40fc6-8e37-42d9-b382-c740f64147fb is alive
2026-08-06 15:05:38 DEBUG [EmployeeBankingHikariPool:housekeeper] com.zaxxer.hikari.pool.HikariPool - EmployeeBankingHikariPool - Before cleanup stats (total=5/10, idle=5/5, active=0, waiting=0)
2026-08-06 15:05:38 DEBUG [EmployeeBankingHikariPool:housekeeper] com.zaxxer.hikari.pool.HikariPool - EmployeeBankingHikariPool - After  cleanup stats (total=5/10, idle=5/5, active=0, waiting=0)
2026-08-06 15:05:38 DEBUG [EmployeeBankingHikariPool:housekeeper] com.zaxxer.hikari.pool.HikariPool - EmployeeBankingHikariPool - Fill pool skipped, pool has sufficient level or currently being filled.
2026-08-06 15:05:55 DEBUG [EmployeeBankingHikariPool:housekeeper] com.zaxxer.hikari.pool.HikariPool - EmployeeBankingHikariPool - keepalive: connection ConnectionID:8 ClientConnectionId: 282b70e3-6c71-4799-b697-61b5a15fbcc1 is alive
2026-08-06 15:06:08 DEBUG [EmployeeBankingHikariPool:housekeeper] com.zaxxer.hikari.pool.HikariPool - EmployeeBankingHikariPool - Before cleanup stats (total=5/10, idle=5/5, active=0, waiting=0)
2026-08-06 15:06:08 DEBUG [EmployeeBankingHikariPool:housekeeper] com.zaxxer.hikari.pool.HikariPool - EmployeeBankingHikariPool - After  cleanup stats (total=5/10, idle=5/5, active=0, waiting=0)
2026-08-06 15:06:08 DEBUG [EmployeeBankingHikariPool:housekeeper] com.zaxxer.hikari.pool.HikariPool - EmployeeBankingHikariPool - Fill pool skipped, pool has sufficient level or currently being filled.
2026-08-06 15:06:14 DEBUG [EmployeeBankingHikariPool:housekeeper] com.zaxxer.hikari.pool.HikariPool - EmployeeBankingHikariPool - keepalive: connection ConnectionID:9 ClientConnectionId: 4120e0b8-6671-47bb-8293-63e5c5ccccd1 is alive
2026-08-06 15:06:28 DEBUG [EmployeeBankingHikariPool:housekeeper] com.zaxxer.hikari.pool.HikariPool - EmployeeBankingHikariPool - keepalive: connection ConnectionID:6 ClientConnectionId: e5ab2d96-1113-471e-8096-6c6386115884 is alive
2026-08-06 15:06:38 DEBUG [EmployeeBankingHikariPool:housekeeper] com.zaxxer.hikari.pool.HikariPool - EmployeeBankingHikariPool - Before cleanup stats (total=5/10, idle=5/5, active=0, waiting=0)
2026-08-06 15:06:38 DEBUG [EmployeeBankingHikariPool:housekeeper] com.zaxxer.hikari.pool.HikariPool - EmployeeBankingHikariPool - After  cleanup stats (total=5/10, idle=5/5, active=0, waiting=0)
2026-08-06 15:06:38 DEBUG [EmployeeBankingHikariPool:housekeeper] com.zaxxer.hikari.pool.HikariPool - EmployeeBankingHikariPool - Fill pool skipped, pool has sufficient level or currently being filled.
2026-08-06 15:07:00 DEBUG [EmployeeBankingHikariPool:housekeeper] com.zaxxer.hikari.pool.HikariPool - EmployeeBankingHikariPool - keepalive: connection ConnectionID:10 ClientConnectionId: 905840ea-fd33-43f6-87fb-1eeb4ba75016 is alive
2026-08-06 15:07:01 INFO  [http-nio-8091-exec-2] c.t.e.controller.AccountController - Received balance request for account id: 1
2026-08-06 15:07:01 INFO  [http-nio-8091-exec-2] c.t.e.service.AccountService - Fetching account balance for id: 1 from Database
2026-08-06 15:07:01 DEBUG [http-nio-8091-exec-2] org.hibernate.SQL - 
    select
        a1_0.id,
        a1_0.account_holder_name,
        a1_0.account_number,
        a1_0.balance 
    from
        account_details5 a1_0 
    where
        a1_0.id=?
2026-08-06 15:07:01 TRACE [http-nio-8091-exec-2] org.hibernate.orm.jdbc.bind - binding parameter (1:INTEGER) <- [1]
2026-08-06 15:07:08 DEBUG [EmployeeBankingHikariPool:housekeeper] com.zaxxer.hikari.pool.HikariPool - EmployeeBankingHikariPool - Before cleanup stats (total=5/10, idle=5/5, active=0, waiting=0)
2026-08-06 15:07:08 DEBUG [EmployeeBankingHikariPool:housekeeper] com.zaxxer.hikari.pool.HikariPool - EmployeeBankingHikariPool - After  cleanup stats (total=5/10, idle=5/5, active=0, waiting=0)
2026-08-06 15:07:08 DEBUG [EmployeeBankingHikariPool:housekeeper] com.zaxxer.hikari.pool.HikariPool - EmployeeBankingHikariPool - Fill pool skipped, pool has sufficient level or currently being filled.
2026-08-06 15:07:14 DEBUG [EmployeeBankingHikariPool:housekeeper] com.zaxxer.hikari.pool.HikariPool - EmployeeBankingHikariPool - keepalive: connection ConnectionID:7 ClientConnectionId: c3b40fc6-8e37-42d9-b382-c740f64147fb is alive
2026-08-06 15:07:33 DEBUG [EmployeeBankingHikariPool:housekeeper] com.zaxxer.hikari.pool.HikariPool - EmployeeBankingHikariPool - keepalive: connection ConnectionID:8 ClientConnectionId: 282b70e3-6c71-4799-b697-61b5a15fbcc1 is alive
2026-08-06 15:07:38 DEBUG [EmployeeBankingHikariPool:housekeeper] com.zaxxer.hikari.pool.HikariPool - EmployeeBankingHikariPool - Before cleanup stats (total=5/10, idle=5/5, active=0, waiting=0)
2026-08-06 15:07:38 DEBUG [EmployeeBankingHikariPool:housekeeper] com.zaxxer.hikari.pool.HikariPool - EmployeeBankingHikariPool - After  cleanup stats (total=5/10, idle=5/5, active=0, waiting=0)
2026-08-06 15:07:38 DEBUG [EmployeeBankingHikariPool:housekeeper] com.zaxxer.hikari.pool.HikariPool - EmployeeBankingHikariPool - Fill pool skipped, pool has sufficient level or currently being filled.
2026-08-06 15:08:01 INFO  [http-nio-8091-exec-1] c.t.e.controller.AccountController - Received deposit request for account id: 1
2026-08-06 15:08:01 INFO  [http-nio-8091-exec-1] c.t.e.service.AccountService - Depositing 1000.0 into account id: 1
2026-08-06 15:08:01 DEBUG [http-nio-8091-exec-1] org.hibernate.SQL - 
    select
        a1_0.id,
        a1_0.account_holder_name,
        a1_0.account_number,
        a1_0.balance 
    from
        account_details5 a1_0 
    where
        a1_0.id=?
2026-08-06 15:08:01 TRACE [http-nio-8091-exec-1] org.hibernate.orm.jdbc.bind - binding parameter (1:INTEGER) <- [1]
2026-08-06 15:08:01 DEBUG [http-nio-8091-exec-1] org.hibernate.SQL - 
    update
        account_details5 
    set
        account_holder_name=?,
        account_number=?,
        balance=? 
    where
        id=?
2026-08-06 15:08:01 TRACE [http-nio-8091-exec-1] org.hibernate.orm.jdbc.bind - binding parameter (1:VARCHAR) <- [Satya Prakash]
2026-08-06 15:08:01 TRACE [http-nio-8091-exec-1] org.hibernate.orm.jdbc.bind - binding parameter (2:VARCHAR) <- [ACC123456]
2026-08-06 15:08:01 TRACE [http-nio-8091-exec-1] org.hibernate.orm.jdbc.bind - binding parameter (3:DOUBLE) <- [26000.0]
2026-08-06 15:08:01 TRACE [http-nio-8091-exec-1] org.hibernate.orm.jdbc.bind - binding parameter (4:INTEGER) <- [1]
2026-08-06 15:08:06 DEBUG [EmployeeBankingHikariPool:housekeeper] com.zaxxer.hikari.pool.HikariPool - EmployeeBankingHikariPool - keepalive: connection ConnectionID:9 ClientConnectionId: 4120e0b8-6671-47bb-8293-63e5c5ccccd1 is alive
2026-08-06 15:08:08 DEBUG [EmployeeBankingHikariPool:housekeeper] com.zaxxer.hikari.pool.HikariPool - EmployeeBankingHikariPool - Before cleanup stats (total=5/10, idle=5/5, active=0, waiting=0)
2026-08-06 15:08:08 DEBUG [EmployeeBankingHikariPool:housekeeper] com.zaxxer.hikari.pool.HikariPool - EmployeeBankingHikariPool - After  cleanup stats (total=5/10, idle=5/5, active=0, waiting=0)
2026-08-06 15:08:08 DEBUG [EmployeeBankingHikariPool:housekeeper] com.zaxxer.hikari.pool.HikariPool - EmployeeBankingHikariPool - Fill pool skipped, pool has sufficient level or currently being filled.
2026-08-06 15:08:12 INFO  [http-nio-8091-exec-3] c.t.e.controller.AccountController - Received withdraw request for account id: 1
2026-08-06 15:08:12 INFO  [http-nio-8091-exec-3] c.t.e.service.AccountService - Withdrawing 1000.0 from account id: 1
2026-08-06 15:08:12 DEBUG [http-nio-8091-exec-3] org.hibernate.SQL - 
    select
        a1_0.id,
        a1_0.account_holder_name,
        a1_0.account_number,
        a1_0.balance 
    from
        account_details5 a1_0 
    where
        a1_0.id=?
2026-08-06 15:08:12 TRACE [http-nio-8091-exec-3] org.hibernate.orm.jdbc.bind - binding parameter (1:INTEGER) <- [1]
2026-08-06 15:08:12 DEBUG [http-nio-8091-exec-3] org.hibernate.SQL - 
    update
        account_details5 
    set
        account_holder_name=?,
        account_number=?,
        balance=? 
    where
        id=?
2026-08-06 15:08:12 TRACE [http-nio-8091-exec-3] org.hibernate.orm.jdbc.bind - binding parameter (1:VARCHAR) <- [Satya Prakash]
2026-08-06 15:08:12 TRACE [http-nio-8091-exec-3] org.hibernate.orm.jdbc.bind - binding parameter (2:VARCHAR) <- [ACC123456]
2026-08-06 15:08:12 TRACE [http-nio-8091-exec-3] org.hibernate.orm.jdbc.bind - binding parameter (3:DOUBLE) <- [25000.0]
2026-08-06 15:08:12 TRACE [http-nio-8091-exec-3] org.hibernate.orm.jdbc.bind - binding parameter (4:INTEGER) <- [1]
2026-08-06 15:08:23 DEBUG [EmployeeBankingHikariPool:housekeeper] com.zaxxer.hikari.pool.HikariPool - EmployeeBankingHikariPool - keepalive: connection ConnectionID:6 ClientConnectionId: e5ab2d96-1113-471e-8096-6c6386115884 is alive
2026-08-06 15:08:38 DEBUG [EmployeeBankingHikariPool:housekeeper] com.zaxxer.hikari.pool.HikariPool - EmployeeBankingHikariPool - Before cleanup stats (total=5/10, idle=5/5, active=0, waiting=0)
2026-08-06 15:08:38 DEBUG [EmployeeBankingHikariPool:housekeeper] com.zaxxer.hikari.pool.HikariPool - EmployeeBankingHikariPool - After  cleanup stats (total=5/10, idle=5/5, active=0, waiting=0)
2026-08-06 15:08:38 DEBUG [EmployeeBankingHikariPool:housekeeper] com.zaxxer.hikari.pool.HikariPool - EmployeeBankingHikariPool - Fill pool skipped, pool has sufficient level or currently being filled.
2026-08-06 15:08:50 DEBUG [EmployeeBankingHikariPool:housekeeper] com.zaxxer.hikari.pool.HikariPool - EmployeeBankingHikariPool - keepalive: connection ConnectionID:7 ClientConnectionId: c3b40fc6-8e37-42d9-b382-c740f64147fb is alive
2026-08-06 15:08:58 DEBUG [EmployeeBankingHikariPool:housekeeper] com.zaxxer.hikari.pool.HikariPool - EmployeeBankingHikariPool - keepalive: connection ConnectionID:10 ClientConnectionId: 905840ea-fd33-43f6-87fb-1eeb4ba75016 is alive
2026-08-06 15:09:08 DEBUG [EmployeeBankingHikariPool:housekeeper] com.zaxxer.hikari.pool.HikariPool - EmployeeBankingHikariPool - Before cleanup stats (total=5/10, idle=5/5, active=0, waiting=0)
2026-08-06 15:09:08 DEBUG [EmployeeBankingHikariPool:housekeeper] com.zaxxer.hikari.pool.HikariPool - EmployeeBankingHikariPool - After  cleanup stats (total=5/10, idle=5/5, active=0, waiting=0)
2026-08-06 15:09:08 DEBUG [EmployeeBankingHikariPool:housekeeper] com.zaxxer.hikari.pool.HikariPool - EmployeeBankingHikariPool - Fill pool skipped, pool has sufficient level or currently being filled.
2026-08-06 15:09:11 DEBUG [EmployeeBankingHikariPool:housekeeper] com.zaxxer.hikari.pool.HikariPool - EmployeeBankingHikariPool - keepalive: connection ConnectionID:8 ClientConnectionId: 282b70e3-6c71-4799-b697-61b5a15fbcc1 is alive
2026-08-06 15:09:38 DEBUG [EmployeeBankingHikariPool:housekeeper] com.zaxxer.hikari.pool.HikariPool - EmployeeBankingHikariPool - Before cleanup stats (total=5/10, idle=5/5, active=0, waiting=0)
2026-08-06 15:09:38 DEBUG [EmployeeBankingHikariPool:housekeeper] com.zaxxer.hikari.pool.HikariPool - EmployeeBankingHikariPool - After  cleanup stats (total=5/10, idle=5/5, active=0, waiting=0)
2026-08-06 15:09:38 DEBUG [EmployeeBankingHikariPool:housekeeper] com.zaxxer.hikari.pool.HikariPool - EmployeeBankingHikariPool - Fill pool skipped, pool has sufficient level or currently being filled.
2026-08-06 15:09:59 DEBUG [EmployeeBankingHikariPool:housekeeper] com.zaxxer.hikari.pool.HikariPool - EmployeeBankingHikariPool - keepalive: connection ConnectionID:9 ClientConnectionId: 4120e0b8-6671-47bb-8293-63e5c5ccccd1 is alive
2026-08-06 15:10:08 DEBUG [EmployeeBankingHikariPool:housekeeper] com.zaxxer.hikari.pool.HikariPool - EmployeeBankingHikariPool - Before cleanup stats (total=5/10, idle=5/5, active=0, waiting=0)
2026-08-06 15:10:08 DEBUG [EmployeeBankingHikariPool:housekeeper] com.zaxxer.hikari.pool.HikariPool - EmployeeBankingHikariPool - After  cleanup stats (total=5/10, idle=5/5, active=0, waiting=0)
2026-08-06 15:10:08 DEBUG [EmployeeBankingHikariPool:housekeeper] com.zaxxer.hikari.pool.HikariPool - EmployeeBankingHikariPool - Fill pool skipped, pool has sufficient level or currently being filled.
2026-08-06 15:10:18 DEBUG [EmployeeBankingHikariPool:housekeeper] com.zaxxer.hikari.pool.HikariPool - EmployeeBankingHikariPool - keepalive: connection ConnectionID:6 ClientConnectionId: e5ab2d96-1113-471e-8096-6c6386115884 is alive
2026-08-06 15:10:26 DEBUG [EmployeeBankingHikariPool:housekeeper] com.zaxxer.hikari.pool.HikariPool - EmployeeBankingHikariPool - keepalive: connection ConnectionID:7 ClientConnectionId: c3b40fc6-8e37-42d9-b382-c740f64147fb is alive
2026-08-06 15:10:38 DEBUG [EmployeeBankingHikariPool:housekeeper] com.zaxxer.hikari.pool.HikariPool - EmployeeBankingHikariPool - Before cleanup stats (total=5/10, idle=5/5, active=0, waiting=0)
2026-08-06 15:10:38 DEBUG [EmployeeBankingHikariPool:housekeeper] com.zaxxer.hikari.pool.HikariPool - EmployeeBankingHikariPool - After  cleanup stats (total=5/10, idle=5/5, active=0, waiting=0)
2026-08-06 15:10:38 DEBUG [EmployeeBankingHikariPool:housekeeper] com.zaxxer.hikari.pool.HikariPool - EmployeeBankingHikariPool - Fill pool skipped, pool has sufficient level or currently being filled.
2026-08-06 15:10:49 DEBUG [EmployeeBankingHikariPool:housekeeper] com.zaxxer.hikari.pool.HikariPool - EmployeeBankingHikariPool - keepalive: connection ConnectionID:8 ClientConnectionId: 282b70e3-6c71-4799-b697-61b5a15fbcc1 is alive
2026-08-06 15:10:57 DEBUG [EmployeeBankingHikariPool:housekeeper] com.zaxxer.hikari.pool.HikariPool - EmployeeBankingHikariPool - keepalive: connection ConnectionID:10 ClientConnectionId: 905840ea-fd33-43f6-87fb-1eeb4ba75016 is alive
2026-08-06 15:11:08 DEBUG [EmployeeBankingHikariPool:housekeeper] com.zaxxer.hikari.pool.HikariPool - EmployeeBankingHikariPool - Before cleanup stats (total=5/10, idle=5/5, active=0, waiting=0)
2026-08-06 15:11:08 DEBUG [EmployeeBankingHikariPool:housekeeper] com.zaxxer.hikari.pool.HikariPool - EmployeeBankingHikariPool - After  cleanup stats (total=5/10, idle=5/5, active=0, waiting=0)
2026-08-06 15:11:08 DEBUG [EmployeeBankingHikariPool:housekeeper] com.zaxxer.hikari.pool.HikariPool - EmployeeBankingHikariPool - Fill pool skipped, pool has sufficient level or currently being filled.
2026-08-06 15:11:38 DEBUG [EmployeeBankingHikariPool:housekeeper] com.zaxxer.hikari.pool.HikariPool - EmployeeBankingHikariPool - Before cleanup stats (total=5/10, idle=5/5, active=0, waiting=0)
2026-08-06 15:11:38 DEBUG [EmployeeBankingHikariPool:housekeeper] com.zaxxer.hikari.pool.HikariPool - EmployeeBankingHikariPool - After  cleanup stats (total=5/10, idle=5/5, active=0, waiting=0)
2026-08-06 15:11:38 DEBUG [EmployeeBankingHikariPool:housekeeper] com.zaxxer.hikari.pool.HikariPool - EmployeeBankingHikariPool - Fill pool skipped, pool has sufficient level or currently being filled.
2026-08-06 15:11:52 DEBUG [EmployeeBankingHikariPool:housekeeper] com.zaxxer.hikari.pool.HikariPool - EmployeeBankingHikariPool - keepalive: connection ConnectionID:9 ClientConnectionId: 4120e0b8-6671-47bb-8293-63e5c5ccccd1 is alive
2026-08-06 15:12:03 DEBUG [EmployeeBankingHikariPool:housekeeper] com.zaxxer.hikari.pool.HikariPool - EmployeeBankingHikariPool - keepalive: connection ConnectionID:7 ClientConnectionId: c3b40fc6-8e37-42d9-b382-c740f64147fb is alive
2026-08-06 15:12:08 DEBUG [EmployeeBankingHikariPool:housekeeper] com.zaxxer.hikari.pool.HikariPool - EmployeeBankingHikariPool - Before cleanup stats (total=5/10, idle=5/5, active=0, waiting=0)
2026-08-06 15:12:08 DEBUG [EmployeeBankingHikariPool:housekeeper] com.zaxxer.hikari.pool.HikariPool - EmployeeBankingHikariPool - After  cleanup stats (total=5/10, idle=5/5, active=0, waiting=0)
2026-08-06 15:12:08 DEBUG [EmployeeBankingHikariPool:housekeeper] com.zaxxer.hikari.pool.HikariPool - EmployeeBankingHikariPool - Fill pool skipped, pool has sufficient level or currently being filled.
2026-08-06 15:12:13 DEBUG [EmployeeBankingHikariPool:housekeeper] com.zaxxer.hikari.pool.HikariPool - EmployeeBankingHikariPool - keepalive: connection ConnectionID:6 ClientConnectionId: e5ab2d96-1113-471e-8096-6c6386115884 is alive
2026-08-06 15:12:28 DEBUG [EmployeeBankingHikariPool:housekeeper] com.zaxxer.hikari.pool.HikariPool - EmployeeBankingHikariPool - keepalive: connection ConnectionID:8 ClientConnectionId: 282b70e3-6c71-4799-b697-61b5a15fbcc1 is alive
2026-08-06 15:12:38 DEBUG [EmployeeBankingHikariPool:housekeeper] com.zaxxer.hikari.pool.HikariPool - EmployeeBankingHikariPool - Before cleanup stats (total=5/10, idle=5/5, active=0, waiting=0)
2026-08-06 15:12:38 DEBUG [EmployeeBankingHikariPool:housekeeper] com.zaxxer.hikari.pool.HikariPool - EmployeeBankingHikariPool - After  cleanup stats (total=5/10, idle=5/5, active=0, waiting=0)
2026-08-06 15:12:38 DEBUG [EmployeeBankingHikariPool:housekeeper] com.zaxxer.hikari.pool.HikariPool - EmployeeBankingHikariPool - Fill pool skipped, pool has sufficient level or currently being filled.
2026-08-06 15:12:55 DEBUG [EmployeeBankingHikariPool:housekeeper] com.zaxxer.hikari.pool.HikariPool - EmployeeBankingHikariPool - keepalive: connection ConnectionID:10 ClientConnectionId: 905840ea-fd33-43f6-87fb-1eeb4ba75016 is alive
2026-08-06 15:13:08 DEBUG [EmployeeBankingHikariPool:housekeeper] com.zaxxer.hikari.pool.HikariPool - EmployeeBankingHikariPool - Before cleanup stats (total=5/10, idle=5/5, active=0, waiting=0)
2026-08-06 15:13:08 DEBUG [EmployeeBankingHikariPool:housekeeper] com.zaxxer.hikari.pool.HikariPool - EmployeeBankingHikariPool - After  cleanup stats (total=5/10, idle=5/5, active=0, waiting=0)
2026-08-06 15:13:08 DEBUG [EmployeeBankingHikariPool:housekeeper] com.zaxxer.hikari.pool.HikariPool - EmployeeBankingHikariPool - Fill pool skipped, pool has sufficient level or currently being filled.
2026-08-06 15:13:38 DEBUG [EmployeeBankingHikariPool:housekeeper] com.zaxxer.hikari.pool.HikariPool - EmployeeBankingHikariPool - Before cleanup stats (total=5/10, idle=5/5, active=0, waiting=0)
2026-08-06 15:13:38 DEBUG [EmployeeBankingHikariPool:housekeeper] com.zaxxer.hikari.pool.HikariPool - EmployeeBankingHikariPool - After  cleanup stats (total=5/10, idle=5/5, active=0, waiting=0)
2026-08-06 15:13:38 DEBUG [EmployeeBankingHikariPool:housekeeper] com.zaxxer.hikari.pool.HikariPool - EmployeeBankingHikariPool - Fill pool skipped, pool has sufficient level or currently being filled.
2026-08-06 15:13:39 DEBUG [EmployeeBankingHikariPool:housekeeper] com.zaxxer.hikari.pool.HikariPool - EmployeeBankingHikariPool - keepalive: connection ConnectionID:7 ClientConnectionId: c3b40fc6-8e37-42d9-b382-c740f64147fb is alive
2026-08-06 15:13:44 DEBUG [EmployeeBankingHikariPool:housekeeper] com.zaxxer.hikari.pool.HikariPool - EmployeeBankingHikariPool - keepalive: connection ConnectionID:9 ClientConnectionId: 4120e0b8-6671-47bb-8293-63e5c5ccccd1 is alive
2026-08-06 15:13:45 DEBUG [EmployeeBankingHikariPool:connection-closer] com.zaxxer.hikari.pool.PoolBase - EmployeeBankingHikariPool - Closing connection ConnectionID:6 ClientConnectionId: e5ab2d96-1113-471e-8096-6c6386115884: (connection has passed maxLifetime)
2026-08-06 15:13:45 DEBUG [EmployeeBankingHikariPool:connection-adder] com.zaxxer.hikari.pool.PoolBase - EmployeeBankingHikariPool - Attempting to create/setup new connection (59040e10-0d11-4d9e-b9b2-15235c66c615)
2026-08-06 15:13:45 DEBUG [EmployeeBankingHikariPool:connection-adder] com.zaxxer.hikari.pool.PoolBase - EmployeeBankingHikariPool - Established new connection (59040e10-0d11-4d9e-b9b2-15235c66c615)
2026-08-06 15:13:45 DEBUG [EmployeeBankingHikariPool:connection-adder] com.zaxxer.hikari.pool.HikariPool - EmployeeBankingHikariPool - Added connection ConnectionID:11 ClientConnectionId: 1f6d81bf-850b-4a8c-b5c8-d2e481828fe4
2026-08-06 15:14:06 DEBUG [EmployeeBankingHikariPool:housekeeper] com.zaxxer.hikari.pool.HikariPool - EmployeeBankingHikariPool - keepalive: connection ConnectionID:8 ClientConnectionId: 282b70e3-6c71-4799-b697-61b5a15fbcc1 is alive
2026-08-06 15:14:08 DEBUG [EmployeeBankingHikariPool:housekeeper] com.zaxxer.hikari.pool.HikariPool - EmployeeBankingHikariPool - Before cleanup stats (total=5/10, idle=5/5, active=0, waiting=0)
2026-08-06 15:14:08 DEBUG [EmployeeBankingHikariPool:housekeeper] com.zaxxer.hikari.pool.HikariPool - EmployeeBankingHikariPool - After  cleanup stats (total=5/10, idle=5/5, active=0, waiting=0)
2026-08-06 15:14:08 DEBUG [EmployeeBankingHikariPool:housekeeper] com.zaxxer.hikari.pool.HikariPool - EmployeeBankingHikariPool - Fill pool skipped, pool has sufficient level or currently being filled.
2026-08-06 15:14:38 DEBUG [EmployeeBankingHikariPool:housekeeper] com.zaxxer.hikari.pool.HikariPool - EmployeeBankingHikariPool - Before cleanup stats (total=5/10, idle=5/5, active=0, waiting=0)
2026-08-06 15:14:38 DEBUG [EmployeeBankingHikariPool:housekeeper] com.zaxxer.hikari.pool.HikariPool - EmployeeBankingHikariPool - After  cleanup stats (total=5/10, idle=5/5, active=0, waiting=0)
2026-08-06 15:14:38 DEBUG [EmployeeBankingHikariPool:housekeeper] com.zaxxer.hikari.pool.HikariPool - EmployeeBankingHikariPool - Fill pool skipped, pool has sufficient level or currently being filled.
2026-08-06 15:14:53 DEBUG [EmployeeBankingHikariPool:housekeeper] com.zaxxer.hikari.pool.HikariPool - EmployeeBankingHikariPool - keepalive: connection ConnectionID:10 ClientConnectionId: 905840ea-fd33-43f6-87fb-1eeb4ba75016 is alive
2026-08-06 15:15:07 DEBUG [EmployeeBankingHikariPool:connection-closer] com.zaxxer.hikari.pool.PoolBase - EmployeeBankingHikariPool - Closing connection ConnectionID:7 ClientConnectionId: c3b40fc6-8e37-42d9-b382-c740f64147fb: (connection has passed maxLifetime)
2026-08-06 15:15:07 DEBUG [EmployeeBankingHikariPool:connection-adder] com.zaxxer.hikari.pool.PoolBase - EmployeeBankingHikariPool - Attempting to create/setup new connection (b57e7779-7185-4b27-aca9-cf40ea82de8e)
2026-08-06 15:15:07 DEBUG [EmployeeBankingHikariPool:connection-adder] com.zaxxer.hikari.pool.PoolBase - EmployeeBankingHikariPool - Established new connection (b57e7779-7185-4b27-aca9-cf40ea82de8e)
2026-08-06 15:15:07 DEBUG [EmployeeBankingHikariPool:connection-adder] com.zaxxer.hikari.pool.HikariPool - EmployeeBankingHikariPool - Added connection ConnectionID:12 ClientConnectionId: f24fc7ce-4abf-42c8-bcc1-06dbedb8877a
2026-08-06 15:15:08 DEBUG [EmployeeBankingHikariPool:housekeeper] com.zaxxer.hikari.pool.HikariPool - EmployeeBankingHikariPool - Before cleanup stats (total=5/10, idle=5/5, active=0, waiting=0)
2026-08-06 15:15:08 DEBUG [EmployeeBankingHikariPool:housekeeper] com.zaxxer.hikari.pool.HikariPool - EmployeeBankingHikariPool - After  cleanup stats (total=5/10, idle=5/5, active=0, waiting=0)
2026-08-06 15:15:08 DEBUG [EmployeeBankingHikariPool:housekeeper] com.zaxxer.hikari.pool.HikariPool - EmployeeBankingHikariPool - Fill pool skipped, pool has sufficient level or currently being filled.
2026-08-06 15:15:13 DEBUG [EmployeeBankingHikariPool:connection-closer] com.zaxxer.hikari.pool.PoolBase - EmployeeBankingHikariPool - Closing connection ConnectionID:9 ClientConnectionId: 4120e0b8-6671-47bb-8293-63e5c5ccccd1: (connection has passed maxLifetime)
2026-08-06 15:15:13 DEBUG [EmployeeBankingHikariPool:connection-adder] com.zaxxer.hikari.pool.PoolBase - EmployeeBankingHikariPool - Attempting to create/setup new connection (92a58a89-a5e5-4342-a67e-10bcfd154c54)
2026-08-06 15:15:14 DEBUG [EmployeeBankingHikariPool:connection-adder] com.zaxxer.hikari.pool.PoolBase - EmployeeBankingHikariPool - Established new connection (92a58a89-a5e5-4342-a67e-10bcfd154c54)
2026-08-06 15:15:14 DEBUG [EmployeeBankingHikariPool:connection-adder] com.zaxxer.hikari.pool.HikariPool - EmployeeBankingHikariPool - Added connection ConnectionID:13 ClientConnectionId: 8730b43a-ceb8-4c10-a32c-292c9409ce91
2026-08-06 15:15:26 DEBUG [EmployeeBankingHikariPool:connection-closer] com.zaxxer.hikari.pool.PoolBase - EmployeeBankingHikariPool - Closing connection ConnectionID:8 ClientConnectionId: 282b70e3-6c71-4799-b697-61b5a15fbcc1: (connection has passed maxLifetime)
2026-08-06 15:15:26 DEBUG [EmployeeBankingHikariPool:connection-adder] com.zaxxer.hikari.pool.PoolBase - EmployeeBankingHikariPool - Attempting to create/setup new connection (41416e6c-fb7f-4584-98dc-2bf10c858006)
2026-08-06 15:15:27 DEBUG [EmployeeBankingHikariPool:connection-adder] com.zaxxer.hikari.pool.PoolBase - EmployeeBankingHikariPool - Established new connection (41416e6c-fb7f-4584-98dc-2bf10c858006)
2026-08-06 15:15:27 DEBUG [EmployeeBankingHikariPool:connection-adder] com.zaxxer.hikari.pool.HikariPool - EmployeeBankingHikariPool - Added connection ConnectionID:14 ClientConnectionId: 221e5863-b9f1-4454-829e-81e72c2c281a
2026-08-06 15:15:33 DEBUG [EmployeeBankingHikariPool:housekeeper] com.zaxxer.hikari.pool.HikariPool - EmployeeBankingHikariPool - keepalive: connection ConnectionID:11 ClientConnectionId: 1f6d81bf-850b-4a8c-b5c8-d2e481828fe4 is alive
2026-08-06 15:15:38 DEBUG [EmployeeBankingHikariPool:housekeeper] com.zaxxer.hikari.pool.HikariPool - EmployeeBankingHikariPool - Before cleanup stats (total=5/10, idle=5/5, active=0, waiting=0)
2026-08-06 15:15:38 DEBUG [EmployeeBankingHikariPool:housekeeper] com.zaxxer.hikari.pool.HikariPool - EmployeeBankingHikariPool - After  cleanup stats (total=5/10, idle=5/5, active=0, waiting=0)
2026-08-06 15:15:38 DEBUG [EmployeeBankingHikariPool:housekeeper] com.zaxxer.hikari.pool.HikariPool - EmployeeBankingHikariPool - Fill pool skipped, pool has sufficient level or currently being filled.
2026-08-06 15:16:08 DEBUG [EmployeeBankingHikariPool:housekeeper] com.zaxxer.hikari.pool.HikariPool - EmployeeBankingHikariPool - Before cleanup stats (total=5/10, idle=5/5, active=0, waiting=0)
2026-08-06 15:16:08 DEBUG [EmployeeBankingHikariPool:housekeeper] com.zaxxer.hikari.pool.HikariPool - EmployeeBankingHikariPool - After  cleanup stats (total=5/10, idle=5/5, active=0, waiting=0)
2026-08-06 15:16:08 DEBUG [EmployeeBankingHikariPool:housekeeper] com.zaxxer.hikari.pool.HikariPool - EmployeeBankingHikariPool - Fill pool skipped, pool has sufficient level or currently being filled.
2026-08-06 15:16:25 INFO  [http-nio-8091-exec-6] c.t.e.controller.EmployeeController - Received request to fetch all employees.
2026-08-06 15:16:25 DEBUG [http-nio-8091-exec-6] org.hibernate.SQL - 
    select
        e1_0.id,
        e1_0.department,
        e1_0.email,
        e1_0.name,
        e1_0.salary 
    from
        employee_details5 e1_0 
    order by
        (select
            0) 
    offset
        ? rows 
    fetch
        first ? rows only
2026-08-06 15:16:25 TRACE [http-nio-8091-exec-6] org.hibernate.orm.jdbc.bind - binding parameter (1:INTEGER) <- [0]
2026-08-06 15:16:25 TRACE [http-nio-8091-exec-6] org.hibernate.orm.jdbc.bind - binding parameter (2:INTEGER) <- [20]
2026-08-06 15:16:38 DEBUG [EmployeeBankingHikariPool:housekeeper] com.zaxxer.hikari.pool.HikariPool - EmployeeBankingHikariPool - Before cleanup stats (total=5/10, idle=5/5, active=0, waiting=0)
2026-08-06 15:16:38 DEBUG [EmployeeBankingHikariPool:housekeeper] com.zaxxer.hikari.pool.HikariPool - EmployeeBankingHikariPool - After  cleanup stats (total=5/10, idle=5/5, active=0, waiting=0)
2026-08-06 15:16:38 DEBUG [EmployeeBankingHikariPool:housekeeper] com.zaxxer.hikari.pool.HikariPool - EmployeeBankingHikariPool - Fill pool skipped, pool has sufficient level or currently being filled.
2026-08-06 15:16:41 INFO  [http-nio-8091-exec-9] c.t.e.controller.EmployeeController - Received request to fetch employee with id: 1
2026-08-06 15:16:41 INFO  [http-nio-8091-exec-9] c.t.e.service.EmployeeService - Fetching employee with id: 1 from Database
2026-08-06 15:16:41 DEBUG [http-nio-8091-exec-9] org.hibernate.SQL - 
    select
        e1_0.id,
        e1_0.department,
        e1_0.email,
        e1_0.name,
        e1_0.salary 
    from
        employee_details5 e1_0 
    where
        e1_0.id=?
2026-08-06 15:16:41 TRACE [http-nio-8091-exec-9] org.hibernate.orm.jdbc.bind - binding parameter (1:INTEGER) <- [1]
2026-08-06 15:16:49 DEBUG [EmployeeBankingHikariPool:housekeeper] com.zaxxer.hikari.pool.HikariPool - EmployeeBankingHikariPool - keepalive: connection ConnectionID:12 ClientConnectionId: f24fc7ce-4abf-42c8-bcc1-06dbedb8877a is alive
2026-08-06 15:16:51 DEBUG [EmployeeBankingHikariPool:housekeeper] com.zaxxer.hikari.pool.HikariPool - EmployeeBankingHikariPool - keepalive: connection ConnectionID:10 ClientConnectionId: 905840ea-fd33-43f6-87fb-1eeb4ba75016 is alive
2026-08-06 15:16:56 DEBUG [EmployeeBankingHikariPool:housekeeper] com.zaxxer.hikari.pool.HikariPool - EmployeeBankingHikariPool - keepalive: connection ConnectionID:13 ClientConnectionId: 8730b43a-ceb8-4c10-a32c-292c9409ce91 is alive
2026-08-06 15:17:08 DEBUG [EmployeeBankingHikariPool:housekeeper] com.zaxxer.hikari.pool.HikariPool - EmployeeBankingHikariPool - Before cleanup stats (total=5/10, idle=5/5, active=0, waiting=0)
2026-08-06 15:17:08 DEBUG [EmployeeBankingHikariPool:housekeeper] com.zaxxer.hikari.pool.HikariPool - EmployeeBankingHikariPool - After  cleanup stats (total=5/10, idle=5/5, active=0, waiting=0)
2026-08-06 15:17:08 DEBUG [EmployeeBankingHikariPool:housekeeper] com.zaxxer.hikari.pool.HikariPool - EmployeeBankingHikariPool - Fill pool skipped, pool has sufficient level or currently being filled.
2026-08-06 15:17:11 DEBUG [EmployeeBankingHikariPool:housekeeper] com.zaxxer.hikari.pool.HikariPool - EmployeeBankingHikariPool - keepalive: connection ConnectionID:14 ClientConnectionId: 221e5863-b9f1-4454-829e-81e72c2c281a is alive
2026-08-06 15:17:21 DEBUG [EmployeeBankingHikariPool:housekeeper] com.zaxxer.hikari.pool.HikariPool - EmployeeBankingHikariPool - keepalive: connection ConnectionID:11 ClientConnectionId: 1f6d81bf-850b-4a8c-b5c8-d2e481828fe4 is alive
2026-08-06 15:17:31 INFO  [http-nio-8091-exec-8] c.t.e.controller.EmployeeController - Received request to create employee.
2026-08-06 15:17:31 INFO  [http-nio-8091-exec-8] c.t.e.service.EmployeeService - Creating employee with email: anu@example.com
2026-08-06 15:17:31 DEBUG [http-nio-8091-exec-8] org.hibernate.SQL - 
    select
        top (?) e1_0.id 
    from
        employee_details5 e1_0 
    where
        e1_0.email=?
2026-08-06 15:17:31 TRACE [http-nio-8091-exec-8] org.hibernate.orm.jdbc.bind - binding parameter (1:INTEGER) <- [1]
2026-08-06 15:17:31 TRACE [http-nio-8091-exec-8] org.hibernate.orm.jdbc.bind - binding parameter (2:VARCHAR) <- [anu@example.com]
2026-08-06 15:17:32 DEBUG [http-nio-8091-exec-8] org.hibernate.SQL - 
    insert 
    into
        employee_details5
        (department, email, name, salary) 
    values
        (?, ?, ?, ?)
2026-08-06 15:17:32 TRACE [http-nio-8091-exec-8] org.hibernate.orm.jdbc.bind - binding parameter (1:VARCHAR) <- [QA]
2026-08-06 15:17:32 TRACE [http-nio-8091-exec-8] org.hibernate.orm.jdbc.bind - binding parameter (2:VARCHAR) <- [anu@example.com]
2026-08-06 15:17:32 TRACE [http-nio-8091-exec-8] org.hibernate.orm.jdbc.bind - binding parameter (3:VARCHAR) <- [Anu das]
2026-08-06 15:17:32 TRACE [http-nio-8091-exec-8] org.hibernate.orm.jdbc.bind - binding parameter (4:DOUBLE) <- [75000.0]
2026-08-06 15:17:38 DEBUG [EmployeeBankingHikariPool:housekeeper] com.zaxxer.hikari.pool.HikariPool - EmployeeBankingHikariPool - Before cleanup stats (total=5/10, idle=5/5, active=0, waiting=0)
2026-08-06 15:17:38 DEBUG [EmployeeBankingHikariPool:housekeeper] com.zaxxer.hikari.pool.HikariPool - EmployeeBankingHikariPool - After  cleanup stats (total=5/10, idle=5/5, active=0, waiting=0)
2026-08-06 15:17:38 DEBUG [EmployeeBankingHikariPool:housekeeper] com.zaxxer.hikari.pool.HikariPool - EmployeeBankingHikariPool - Fill pool skipped, pool has sufficient level or currently being filled.
2026-08-06 15:18:08 DEBUG [EmployeeBankingHikariPool:housekeeper] com.zaxxer.hikari.pool.HikariPool - EmployeeBankingHikariPool - Before cleanup stats (total=5/10, idle=5/5, active=0, waiting=0)
2026-08-06 15:18:08 DEBUG [EmployeeBankingHikariPool:housekeeper] com.zaxxer.hikari.pool.HikariPool - EmployeeBankingHikariPool - After  cleanup stats (total=5/10, idle=5/5, active=0, waiting=0)
2026-08-06 15:18:08 DEBUG [EmployeeBankingHikariPool:housekeeper] com.zaxxer.hikari.pool.HikariPool - EmployeeBankingHikariPool - Fill pool skipped, pool has sufficient level or currently being filled.
2026-08-06 15:18:18 INFO  [http-nio-8091-exec-7] c.t.e.controller.EmployeeController - Received request to update employee with id: 2
2026-08-06 15:18:18 INFO  [http-nio-8091-exec-7] c.t.e.service.EmployeeService - Updating employee with id: 2 in Database and Cache
2026-08-06 15:18:18 DEBUG [http-nio-8091-exec-7] org.hibernate.SQL - 
    select
        e1_0.id,
        e1_0.department,
        e1_0.email,
        e1_0.name,
        e1_0.salary 
    from
        employee_details5 e1_0 
    where
        e1_0.id=?
2026-08-06 15:18:18 TRACE [http-nio-8091-exec-7] org.hibernate.orm.jdbc.bind - binding parameter (1:INTEGER) <- [2]
2026-08-06 15:18:18 DEBUG [http-nio-8091-exec-7] org.hibernate.SQL - 
    select
        e1_0.id,
        e1_0.department,
        e1_0.email,
        e1_0.name,
        e1_0.salary 
    from
        employee_details5 e1_0 
    where
        e1_0.email=?
2026-08-06 15:18:18 TRACE [http-nio-8091-exec-7] org.hibernate.orm.jdbc.bind - binding parameter (1:VARCHAR) <- [sharma@example.com]
2026-08-06 15:18:18 DEBUG [http-nio-8091-exec-7] org.hibernate.SQL - 
    update
        employee_details5 
    set
        department=?,
        email=?,
        name=?,
        salary=? 
    where
        id=?
2026-08-06 15:18:18 TRACE [http-nio-8091-exec-7] org.hibernate.orm.jdbc.bind - binding parameter (1:VARCHAR) <- [HR]
2026-08-06 15:18:18 TRACE [http-nio-8091-exec-7] org.hibernate.orm.jdbc.bind - binding parameter (2:VARCHAR) <- [sharma@example.com]
2026-08-06 15:18:18 TRACE [http-nio-8091-exec-7] org.hibernate.orm.jdbc.bind - binding parameter (3:VARCHAR) <- [Sharma das]
2026-08-06 15:18:18 TRACE [http-nio-8091-exec-7] org.hibernate.orm.jdbc.bind - binding parameter (4:DOUBLE) <- [65000.0]
2026-08-06 15:18:18 TRACE [http-nio-8091-exec-7] org.hibernate.orm.jdbc.bind - binding parameter (5:INTEGER) <- [2]
2026-08-06 15:18:30 DEBUG [EmployeeBankingHikariPool:housekeeper] com.zaxxer.hikari.pool.HikariPool - EmployeeBankingHikariPool - keepalive: connection ConnectionID:12 ClientConnectionId: f24fc7ce-4abf-42c8-bcc1-06dbedb8877a is alive
2026-08-06 15:18:38 DEBUG [EmployeeBankingHikariPool:housekeeper] com.zaxxer.hikari.pool.HikariPool - EmployeeBankingHikariPool - Before cleanup stats (total=5/10, idle=5/5, active=0, waiting=0)
2026-08-06 15:18:38 DEBUG [EmployeeBankingHikariPool:housekeeper] com.zaxxer.hikari.pool.HikariPool - EmployeeBankingHikariPool - After  cleanup stats (total=5/10, idle=5/5, active=0, waiting=0)
2026-08-06 15:18:38 DEBUG [EmployeeBankingHikariPool:housekeeper] com.zaxxer.hikari.pool.HikariPool - EmployeeBankingHikariPool - Fill pool skipped, pool has sufficient level or currently being filled.
2026-08-06 15:18:39 DEBUG [EmployeeBankingHikariPool:housekeeper] com.zaxxer.hikari.pool.HikariPool - EmployeeBankingHikariPool - keepalive: connection ConnectionID:13 ClientConnectionId: 8730b43a-ceb8-4c10-a32c-292c9409ce91 is alive
2026-08-06 15:18:46 INFO  [http-nio-8091-exec-10] c.t.e.controller.EmployeeController - Received request to delete employee with id: 4
2026-08-06 15:18:46 INFO  [http-nio-8091-exec-10] c.t.e.service.EmployeeService - Deleting employee with id: 4 from Database and Cache
2026-08-06 15:18:46 DEBUG [http-nio-8091-exec-10] org.hibernate.SQL - 
    select
        e1_0.id,
        e1_0.department,
        e1_0.email,
        e1_0.name,
        e1_0.salary 
    from
        employee_details5 e1_0 
    where
        e1_0.id=?
2026-08-06 15:18:46 TRACE [http-nio-8091-exec-10] org.hibernate.orm.jdbc.bind - binding parameter (1:INTEGER) <- [4]
2026-08-06 15:18:46 DEBUG [http-nio-8091-exec-10] org.hibernate.SQL - 
    delete 
    from
        employee_details5 
    where
        id=?
2026-08-06 15:18:46 TRACE [http-nio-8091-exec-10] org.hibernate.orm.jdbc.bind - binding parameter (1:INTEGER) <- [4]
2026-08-06 15:18:50 DEBUG [EmployeeBankingHikariPool:housekeeper] com.zaxxer.hikari.pool.HikariPool - EmployeeBankingHikariPool - keepalive: connection ConnectionID:10 ClientConnectionId: 905840ea-fd33-43f6-87fb-1eeb4ba75016 is alive
2026-08-06 15:18:55 DEBUG [EmployeeBankingHikariPool:housekeeper] com.zaxxer.hikari.pool.HikariPool - EmployeeBankingHikariPool - keepalive: connection ConnectionID:14 ClientConnectionId: 221e5863-b9f1-4454-829e-81e72c2c281a is alive
2026-08-06 15:19:08 DEBUG [EmployeeBankingHikariPool:housekeeper] com.zaxxer.hikari.pool.HikariPool - EmployeeBankingHikariPool - Before cleanup stats (total=5/10, idle=5/5, active=0, waiting=0)
2026-08-06 15:19:08 DEBUG [EmployeeBankingHikariPool:housekeeper] com.zaxxer.hikari.pool.HikariPool - EmployeeBankingHikariPool - After  cleanup stats (total=5/10, idle=5/5, active=0, waiting=0)
2026-08-06 15:19:08 DEBUG [EmployeeBankingHikariPool:housekeeper] com.zaxxer.hikari.pool.HikariPool - EmployeeBankingHikariPool - Fill pool skipped, pool has sufficient level or currently being filled.
2026-08-06 15:19:09 DEBUG [EmployeeBankingHikariPool:housekeeper] com.zaxxer.hikari.pool.HikariPool - EmployeeBankingHikariPool - keepalive: connection ConnectionID:11 ClientConnectionId: 1f6d81bf-850b-4a8c-b5c8-d2e481828fe4 is alive
2026-08-06 15:19:22 INFO  [http-nio-8091-exec-2] c.t.e.controller.AccountController - Received deposit request for account id: 1
2026-08-06 15:19:22 INFO  [http-nio-8091-exec-2] c.t.e.service.AccountService - Depositing 1000.0 into account id: 1
2026-08-06 15:19:22 DEBUG [http-nio-8091-exec-2] org.hibernate.SQL - 
    select
        a1_0.id,
        a1_0.account_holder_name,
        a1_0.account_number,
        a1_0.balance 
    from
        account_details5 a1_0 
    where
        a1_0.id=?
2026-08-06 15:19:22 TRACE [http-nio-8091-exec-2] org.hibernate.orm.jdbc.bind - binding parameter (1:INTEGER) <- [1]
2026-08-06 15:19:22 DEBUG [http-nio-8091-exec-2] org.hibernate.SQL - 
    update
        account_details5 
    set
        account_holder_name=?,
        account_number=?,
        balance=? 
    where
        id=?
2026-08-06 15:19:22 TRACE [http-nio-8091-exec-2] org.hibernate.orm.jdbc.bind - binding parameter (1:VARCHAR) <- [Satya Prakash]
2026-08-06 15:19:22 TRACE [http-nio-8091-exec-2] org.hibernate.orm.jdbc.bind - binding parameter (2:VARCHAR) <- [ACC123456]
2026-08-06 15:19:22 TRACE [http-nio-8091-exec-2] org.hibernate.orm.jdbc.bind - binding parameter (3:DOUBLE) <- [26000.0]
2026-08-06 15:19:22 TRACE [http-nio-8091-exec-2] org.hibernate.orm.jdbc.bind - binding parameter (4:INTEGER) <- [1]
2026-08-06 15:19:34 ERROR [http-nio-8091-exec-1] c.t.e.e.GlobalExceptionHandler - Unexpected exception
org.springframework.web.HttpRequestMethodNotSupportedException: Request method 'GET' is not supported
	at org.springframework.web.servlet.mvc.method.RequestMappingInfoHandlerMapping.handleNoMatch(RequestMappingInfoHandlerMapping.java:267)
	at org.springframework.web.servlet.handler.AbstractHandlerMethodMapping.lookupHandlerMethod(AbstractHandlerMethodMapping.java:441)
	at org.springframework.web.servlet.handler.AbstractHandlerMethodMapping.getHandlerInternal(AbstractHandlerMethodMapping.java:382)
	at org.springframework.web.servlet.mvc.method.RequestMappingInfoHandlerMapping.getHandlerInternal(RequestMappingInfoHandlerMapping.java:127)
	at org.springframework.web.servlet.mvc.method.RequestMappingInfoHandlerMapping.getHandlerInternal(RequestMappingInfoHandlerMapping.java:68)
	at org.springframework.web.servlet.handler.AbstractHandlerMapping.getHandler(AbstractHandlerMapping.java:509)
	at org.springframework.web.servlet.DispatcherServlet.getHandler(DispatcherServlet.java:1284)
	at org.springframework.web.servlet.DispatcherServlet.doDispatch(DispatcherServlet.java:1065)
	at org.springframework.web.servlet.DispatcherServlet.doService(DispatcherServlet.java:979)
	at org.springframework.web.servlet.FrameworkServlet.processRequest(FrameworkServlet.java:1014)
	at org.springframework.web.servlet.FrameworkServlet.doGet(FrameworkServlet.java:903)
	at jakarta.servlet.http.HttpServlet.service(HttpServlet.java:564)
	at org.springframework.web.servlet.FrameworkServlet.service(FrameworkServlet.java:885)
	at jakarta.servlet.http.HttpServlet.service(HttpServlet.java:658)
	at org.apache.catalina.core.ApplicationFilterChain.internalDoFilter(ApplicationFilterChain.java:195)
	at org.apache.catalina.core.ApplicationFilterChain.doFilter(ApplicationFilterChain.java:140)
	at org.apache.tomcat.websocket.server.WsFilter.doFilter(WsFilter.java:51)
	at org.apache.catalina.core.ApplicationFilterChain.internalDoFilter(ApplicationFilterChain.java:164)
	at org.apache.catalina.core.ApplicationFilterChain.doFilter(ApplicationFilterChain.java:140)
	at org.springframework.web.filter.RequestContextFilter.doFilterInternal(RequestContextFilter.java:100)
	at org.springframework.web.filter.OncePerRequestFilter.doFilter(OncePerRequestFilter.java:116)
	at org.apache.catalina.core.ApplicationFilterChain.internalDoFilter(ApplicationFilterChain.java:164)
	at org.apache.catalina.core.ApplicationFilterChain.doFilter(ApplicationFilterChain.java:140)
	at org.springframework.web.filter.FormContentFilter.doFilterInternal(FormContentFilter.java:93)
	at org.springframework.web.filter.OncePerRequestFilter.doFilter(OncePerRequestFilter.java:116)
	at org.apache.catalina.core.ApplicationFilterChain.internalDoFilter(ApplicationFilterChain.java:164)
	at org.apache.catalina.core.ApplicationFilterChain.doFilter(ApplicationFilterChain.java:140)
	at org.springframework.web.filter.ServerHttpObservationFilter.doFilterInternal(ServerHttpObservationFilter.java:110)
	at org.springframework.web.filter.OncePerRequestFilter.doFilter(OncePerRequestFilter.java:116)
	at org.apache.catalina.core.ApplicationFilterChain.internalDoFilter(ApplicationFilterChain.java:164)
	at org.apache.catalina.core.ApplicationFilterChain.doFilter(ApplicationFilterChain.java:140)
	at org.springframework.web.filter.CharacterEncodingFilter.doFilterInternal(CharacterEncodingFilter.java:201)
	at org.springframework.web.filter.OncePerRequestFilter.doFilter(OncePerRequestFilter.java:116)
	at org.apache.catalina.core.ApplicationFilterChain.internalDoFilter(ApplicationFilterChain.java:164)
	at org.apache.catalina.core.ApplicationFilterChain.doFilter(ApplicationFilterChain.java:140)
	at org.apache.catalina.core.StandardWrapperValve.invoke(StandardWrapperValve.java:167)
	at org.apache.catalina.core.StandardContextValve.invoke(StandardContextValve.java:90)
	at org.apache.catalina.authenticator.AuthenticatorBase.invoke(AuthenticatorBase.java:483)
	at org.apache.catalina.core.StandardHostValve.invoke(StandardHostValve.java:116)
	at org.apache.catalina.valves.ErrorReportValve.invoke(ErrorReportValve.java:93)
	at org.apache.catalina.core.StandardEngineValve.invoke(StandardEngineValve.java:74)
	at org.apache.catalina.connector.CoyoteAdapter.service(CoyoteAdapter.java:344)
	at org.apache.coyote.http11.Http11Processor.service(Http11Processor.java:398)
	at org.apache.coyote.AbstractProcessorLight.process(AbstractProcessorLight.java:63)
	at org.apache.coyote.AbstractProtocol$ConnectionHandler.process(AbstractProtocol.java:903)
	at org.apache.tomcat.util.net.NioEndpoint$SocketProcessor.doRun(NioEndpoint.java:1769)
	at org.apache.tomcat.util.net.SocketProcessorBase.run(SocketProcessorBase.java:52)
	at org.apache.tomcat.util.threads.ThreadPoolExecutor.runWorker(ThreadPoolExecutor.java:1189)
	at org.apache.tomcat.util.threads.ThreadPoolExecutor$Worker.run(ThreadPoolExecutor.java:658)
	at org.apache.tomcat.util.threads.TaskThread$WrappingRunnable.run(TaskThread.java:63)
	at java.base/java.lang.Thread.run(Thread.java:1583)
2026-08-06 15:19:38 DEBUG [EmployeeBankingHikariPool:housekeeper] com.zaxxer.hikari.pool.HikariPool - EmployeeBankingHikariPool - Before cleanup stats (total=5/10, idle=5/5, active=0, waiting=0)
2026-08-06 15:19:38 DEBUG [EmployeeBankingHikariPool:housekeeper] com.zaxxer.hikari.pool.HikariPool - EmployeeBankingHikariPool - After  cleanup stats (total=5/10, idle=5/5, active=0, waiting=0)
2026-08-06 15:19:38 DEBUG [EmployeeBankingHikariPool:housekeeper] com.zaxxer.hikari.pool.HikariPool - EmployeeBankingHikariPool - Fill pool skipped, pool has sufficient level or currently being filled.
2026-08-06 15:19:46 DEBUG [EmployeeBankingHikariPool:connection-closer] com.zaxxer.hikari.pool.PoolBase - EmployeeBankingHikariPool - Closing connection ConnectionID:10 ClientConnectionId: 905840ea-fd33-43f6-87fb-1eeb4ba75016: (connection has passed maxLifetime)
2026-08-06 15:19:46 DEBUG [EmployeeBankingHikariPool:connection-adder] com.zaxxer.hikari.pool.PoolBase - EmployeeBankingHikariPool - Attempting to create/setup new connection (838946ef-3ef2-403c-a133-b8247d284ca4)
2026-08-06 15:19:46 DEBUG [EmployeeBankingHikariPool:connection-adder] com.zaxxer.hikari.pool.PoolBase - EmployeeBankingHikariPool - Established new connection (838946ef-3ef2-403c-a133-b8247d284ca4)
2026-08-06 15:19:46 DEBUG [EmployeeBankingHikariPool:connection-adder] com.zaxxer.hikari.pool.HikariPool - EmployeeBankingHikariPool - Added connection ConnectionID:15 ClientConnectionId: 09c89294-0566-43f9-8365-44a2f845d99e
2026-08-06 15:19:48 INFO  [http-nio-8091-exec-4] c.t.e.controller.AccountController - Received balance request for account id: 1
2026-08-06 15:20:08 DEBUG [EmployeeBankingHikariPool:housekeeper] com.zaxxer.hikari.pool.HikariPool - EmployeeBankingHikariPool - Before cleanup stats (total=5/10, idle=5/5, active=0, waiting=0)
2026-08-06 15:20:08 DEBUG [EmployeeBankingHikariPool:housekeeper] com.zaxxer.hikari.pool.HikariPool - EmployeeBankingHikariPool - After  cleanup stats (total=5/10, idle=5/5, active=0, waiting=0)
2026-08-06 15:20:08 DEBUG [EmployeeBankingHikariPool:housekeeper] com.zaxxer.hikari.pool.HikariPool - EmployeeBankingHikariPool - Fill pool skipped, pool has sufficient level or currently being filled.
2026-08-06 15:20:11 DEBUG [EmployeeBankingHikariPool:housekeeper] com.zaxxer.hikari.pool.HikariPool - EmployeeBankingHikariPool - keepalive: connection ConnectionID:12 ClientConnectionId: f24fc7ce-4abf-42c8-bcc1-06dbedb8877a is alive
2026-08-06 15:20:16 INFO  [http-nio-8091-exec-5] c.t.e.controller.AccountController - Received withdraw request for account id: 1
2026-08-06 15:20:16 INFO  [http-nio-8091-exec-5] c.t.e.service.AccountService - Withdrawing 1000.0 from account id: 1
2026-08-06 15:20:16 DEBUG [http-nio-8091-exec-5] org.hibernate.SQL - 
    select
        a1_0.id,
        a1_0.account_holder_name,
        a1_0.account_number,
        a1_0.balance 
    from
        account_details5 a1_0 
    where
        a1_0.id=?
2026-08-06 15:20:16 TRACE [http-nio-8091-exec-5] org.hibernate.orm.jdbc.bind - binding parameter (1:INTEGER) <- [1]
2026-08-06 15:20:16 DEBUG [http-nio-8091-exec-5] org.hibernate.SQL - 
    update
        account_details5 
    set
        account_holder_name=?,
        account_number=?,
        balance=? 
    where
        id=?
2026-08-06 15:20:16 TRACE [http-nio-8091-exec-5] org.hibernate.orm.jdbc.bind - binding parameter (1:VARCHAR) <- [Satya Prakash]
2026-08-06 15:20:16 TRACE [http-nio-8091-exec-5] org.hibernate.orm.jdbc.bind - binding parameter (2:VARCHAR) <- [ACC123456]
2026-08-06 15:20:16 TRACE [http-nio-8091-exec-5] org.hibernate.orm.jdbc.bind - binding parameter (3:DOUBLE) <- [25000.0]
2026-08-06 15:20:16 TRACE [http-nio-8091-exec-5] org.hibernate.orm.jdbc.bind - binding parameter (4:INTEGER) <- [1]
2026-08-06 15:20:21 DEBUG [EmployeeBankingHikariPool:housekeeper] com.zaxxer.hikari.pool.HikariPool - EmployeeBankingHikariPool - keepalive: connection ConnectionID:13 ClientConnectionId: 8730b43a-ceb8-4c10-a32c-292c9409ce91 is alive
2026-08-06 15:20:38 DEBUG [EmployeeBankingHikariPool:housekeeper] com.zaxxer.hikari.pool.HikariPool - EmployeeBankingHikariPool - Before cleanup stats (total=5/10, idle=5/5, active=0, waiting=0)
2026-08-06 15:20:38 DEBUG [EmployeeBankingHikariPool:housekeeper] com.zaxxer.hikari.pool.HikariPool - EmployeeBankingHikariPool - After  cleanup stats (total=5/10, idle=5/5, active=0, waiting=0)
2026-08-06 15:20:38 DEBUG [EmployeeBankingHikariPool:housekeeper] com.zaxxer.hikari.pool.HikariPool - EmployeeBankingHikariPool - Fill pool skipped, pool has sufficient level or currently being filled.
2026-08-06 15:20:39 DEBUG [EmployeeBankingHikariPool:housekeeper] com.zaxxer.hikari.pool.HikariPool - EmployeeBankingHikariPool - keepalive: connection ConnectionID:14 ClientConnectionId: 221e5863-b9f1-4454-829e-81e72c2c281a is alive
2026-08-06 15:20:56 DEBUG [EmployeeBankingHikariPool:housekeeper] com.zaxxer.hikari.pool.HikariPool - EmployeeBankingHikariPool - keepalive: connection ConnectionID:11 ClientConnectionId: 1f6d81bf-850b-4a8c-b5c8-d2e481828fe4 is alive
2026-08-06 15:21:08 DEBUG [EmployeeBankingHikariPool:housekeeper] com.zaxxer.hikari.pool.HikariPool - EmployeeBankingHikariPool - Before cleanup stats (total=5/10, idle=5/5, active=0, waiting=0)
2026-08-06 15:21:08 DEBUG [EmployeeBankingHikariPool:housekeeper] com.zaxxer.hikari.pool.HikariPool - EmployeeBankingHikariPool - After  cleanup stats (total=5/10, idle=5/5, active=0, waiting=0)
2026-08-06 15:21:08 DEBUG [EmployeeBankingHikariPool:housekeeper] com.zaxxer.hikari.pool.HikariPool - EmployeeBankingHikariPool - Fill pool skipped, pool has sufficient level or currently being filled.
2026-08-06 15:21:24 DEBUG [EmployeeBankingHikariPool:housekeeper] com.zaxxer.hikari.pool.HikariPool - EmployeeBankingHikariPool - keepalive: connection ConnectionID:15 ClientConnectionId: 09c89294-0566-43f9-8365-44a2f845d99e is alive
2026-08-06 15:21:38 DEBUG [EmployeeBankingHikariPool:housekeeper] com.zaxxer.hikari.pool.HikariPool - EmployeeBankingHikariPool - Before cleanup stats (total=5/10, idle=5/5, active=0, waiting=0)
2026-08-06 15:21:38 DEBUG [EmployeeBankingHikariPool:housekeeper] com.zaxxer.hikari.pool.HikariPool - EmployeeBankingHikariPool - After  cleanup stats (total=5/10, idle=5/5, active=0, waiting=0)
2026-08-06 15:21:38 DEBUG [EmployeeBankingHikariPool:housekeeper] com.zaxxer.hikari.pool.HikariPool - EmployeeBankingHikariPool - Fill pool skipped, pool has sufficient level or currently being filled.
2026-08-06 15:21:53 DEBUG [EmployeeBankingHikariPool:housekeeper] com.zaxxer.hikari.pool.HikariPool - EmployeeBankingHikariPool - keepalive: connection ConnectionID:12 ClientConnectionId: f24fc7ce-4abf-42c8-bcc1-06dbedb8877a is alive
2026-08-06 15:22:03 DEBUG [EmployeeBankingHikariPool:housekeeper] com.zaxxer.hikari.pool.HikariPool - EmployeeBankingHikariPool - keepalive: connection ConnectionID:13 ClientConnectionId: 8730b43a-ceb8-4c10-a32c-292c9409ce91 is alive
2026-08-06 15:22:08 DEBUG [EmployeeBankingHikariPool:housekeeper] com.zaxxer.hikari.pool.HikariPool - EmployeeBankingHikariPool - Before cleanup stats (total=5/10, idle=5/5, active=0, waiting=0)
2026-08-06 15:22:08 DEBUG [EmployeeBankingHikariPool:housekeeper] com.zaxxer.hikari.pool.HikariPool - EmployeeBankingHikariPool - After  cleanup stats (total=5/10, idle=5/5, active=0, waiting=0)
2026-08-06 15:22:08 DEBUG [EmployeeBankingHikariPool:housekeeper] com.zaxxer.hikari.pool.HikariPool - EmployeeBankingHikariPool - Fill pool skipped, pool has sufficient level or currently being filled.
2026-08-06 15:22:24 DEBUG [EmployeeBankingHikariPool:housekeeper] com.zaxxer.hikari.pool.HikariPool - EmployeeBankingHikariPool - keepalive: connection ConnectionID:14 ClientConnectionId: 221e5863-b9f1-4454-829e-81e72c2c281a is alive
2026-08-06 15:22:38 DEBUG [EmployeeBankingHikariPool:housekeeper] com.zaxxer.hikari.pool.HikariPool - EmployeeBankingHikariPool - Before cleanup stats (total=5/10, idle=5/5, active=0, waiting=0)
2026-08-06 15:22:38 DEBUG [EmployeeBankingHikariPool:housekeeper] com.zaxxer.hikari.pool.HikariPool - EmployeeBankingHikariPool - After  cleanup stats (total=5/10, idle=5/5, active=0, waiting=0)
2026-08-06 15:22:38 DEBUG [EmployeeBankingHikariPool:housekeeper] com.zaxxer.hikari.pool.HikariPool - EmployeeBankingHikariPool - Fill pool skipped, pool has sufficient level or currently being filled.
2026-08-06 15:22:44 DEBUG [EmployeeBankingHikariPool:housekeeper] com.zaxxer.hikari.pool.HikariPool - EmployeeBankingHikariPool - keepalive: connection ConnectionID:11 ClientConnectionId: 1f6d81bf-850b-4a8c-b5c8-d2e481828fe4 is alive
2026-08-06 15:23:02 DEBUG [EmployeeBankingHikariPool:housekeeper] com.zaxxer.hikari.pool.HikariPool - EmployeeBankingHikariPool - keepalive: connection ConnectionID:15 ClientConnectionId: 09c89294-0566-43f9-8365-44a2f845d99e is alive
2026-08-06 15:23:08 DEBUG [EmployeeBankingHikariPool:housekeeper] com.zaxxer.hikari.pool.HikariPool - EmployeeBankingHikariPool - Before cleanup stats (total=5/10, idle=5/5, active=0, waiting=0)
2026-08-06 15:23:08 DEBUG [EmployeeBankingHikariPool:housekeeper] com.zaxxer.hikari.pool.HikariPool - EmployeeBankingHikariPool - After  cleanup stats (total=5/10, idle=5/5, active=0, waiting=0)
2026-08-06 15:23:08 DEBUG [EmployeeBankingHikariPool:housekeeper] com.zaxxer.hikari.pool.HikariPool - EmployeeBankingHikariPool - Fill pool skipped, pool has sufficient level or currently being filled.
2026-08-06 15:23:34 DEBUG [EmployeeBankingHikariPool:housekeeper] com.zaxxer.hikari.pool.HikariPool - EmployeeBankingHikariPool - keepalive: connection ConnectionID:12 ClientConnectionId: f24fc7ce-4abf-42c8-bcc1-06dbedb8877a is alive
2026-08-06 15:23:38 DEBUG [EmployeeBankingHikariPool:housekeeper] com.zaxxer.hikari.pool.HikariPool - EmployeeBankingHikariPool - Before cleanup stats (total=5/10, idle=5/5, active=0, waiting=0)
2026-08-06 15:23:38 DEBUG [EmployeeBankingHikariPool:housekeeper] com.zaxxer.hikari.pool.HikariPool - EmployeeBankingHikariPool - After  cleanup stats (total=5/10, idle=5/5, active=0, waiting=0)
2026-08-06 15:23:38 DEBUG [EmployeeBankingHikariPool:housekeeper] com.zaxxer.hikari.pool.HikariPool - EmployeeBankingHikariPool - Fill pool skipped, pool has sufficient level or currently being filled.
2026-08-06 15:23:46 DEBUG [EmployeeBankingHikariPool:housekeeper] com.zaxxer.hikari.pool.HikariPool - EmployeeBankingHikariPool - keepalive: connection ConnectionID:13 ClientConnectionId: 8730b43a-ceb8-4c10-a32c-292c9409ce91 is alive
2026-08-06 15:24:08 DEBUG [EmployeeBankingHikariPool:housekeeper] com.zaxxer.hikari.pool.HikariPool - EmployeeBankingHikariPool - keepalive: connection ConnectionID:14 ClientConnectionId: 221e5863-b9f1-4454-829e-81e72c2c281a is alive
2026-08-06 15:24:08 DEBUG [EmployeeBankingHikariPool:housekeeper] com.zaxxer.hikari.pool.HikariPool - EmployeeBankingHikariPool - Before cleanup stats (total=5/10, idle=5/5, active=0, waiting=0)
2026-08-06 15:24:08 DEBUG [EmployeeBankingHikariPool:housekeeper] com.zaxxer.hikari.pool.HikariPool - EmployeeBankingHikariPool - After  cleanup stats (total=5/10, idle=5/5, active=0, waiting=0)
2026-08-06 15:24:08 DEBUG [EmployeeBankingHikariPool:housekeeper] com.zaxxer.hikari.pool.HikariPool - EmployeeBankingHikariPool - Fill pool skipped, pool has sufficient level or currently being filled.
2026-08-06 15:24:32 DEBUG [EmployeeBankingHikariPool:housekeeper] com.zaxxer.hikari.pool.HikariPool - EmployeeBankingHikariPool - keepalive: connection ConnectionID:11 ClientConnectionId: 1f6d81bf-850b-4a8c-b5c8-d2e481828fe4 is alive
2026-08-06 15:24:32 INFO  [http-nio-8091-exec-8] c.t.e.controller.EmployeeController - Received request to create employee.
2026-08-06 15:24:32 INFO  [http-nio-8091-exec-8] c.t.e.service.EmployeeService - Creating employee with email: anu@example.com
2026-08-06 15:24:32 DEBUG [http-nio-8091-exec-8] org.hibernate.SQL - 
    select
        top (?) e1_0.id 
    from
        employee_details5 e1_0 
    where
        e1_0.email=?
2026-08-06 15:24:32 TRACE [http-nio-8091-exec-8] org.hibernate.orm.jdbc.bind - binding parameter (1:INTEGER) <- [1]
2026-08-06 15:24:32 TRACE [http-nio-8091-exec-8] org.hibernate.orm.jdbc.bind - binding parameter (2:VARCHAR) <- [anu@example.com]
2026-08-06 15:24:32 DEBUG [http-nio-8091-exec-8] org.hibernate.SQL - 
    insert 
    into
        employee_details5
        (department, email, name, salary) 
    values
        (?, ?, ?, ?)
2026-08-06 15:24:32 TRACE [http-nio-8091-exec-8] org.hibernate.orm.jdbc.bind - binding parameter (1:VARCHAR) <- [QA]
2026-08-06 15:24:32 TRACE [http-nio-8091-exec-8] org.hibernate.orm.jdbc.bind - binding parameter (2:VARCHAR) <- [anu@example.com]
2026-08-06 15:24:32 TRACE [http-nio-8091-exec-8] org.hibernate.orm.jdbc.bind - binding parameter (3:VARCHAR) <- [Anu das]
2026-08-06 15:24:32 TRACE [http-nio-8091-exec-8] org.hibernate.orm.jdbc.bind - binding parameter (4:DOUBLE) <- [75000.0]
2026-08-06 15:24:38 DEBUG [EmployeeBankingHikariPool:housekeeper] com.zaxxer.hikari.pool.HikariPool - EmployeeBankingHikariPool - Before cleanup stats (total=5/10, idle=5/5, active=0, waiting=0)
2026-08-06 15:24:38 DEBUG [EmployeeBankingHikariPool:housekeeper] com.zaxxer.hikari.pool.HikariPool - EmployeeBankingHikariPool - After  cleanup stats (total=5/10, idle=5/5, active=0, waiting=0)
2026-08-06 15:24:38 DEBUG [EmployeeBankingHikariPool:housekeeper] com.zaxxer.hikari.pool.HikariPool - EmployeeBankingHikariPool - Fill pool skipped, pool has sufficient level or currently being filled.
2026-08-06 15:24:39 DEBUG [EmployeeBankingHikariPool:housekeeper] com.zaxxer.hikari.pool.HikariPool - EmployeeBankingHikariPool - keepalive: connection ConnectionID:15 ClientConnectionId: 09c89294-0566-43f9-8365-44a2f845d99e is alive
2026-08-06 15:24:51 INFO  [http-nio-8091-exec-7] c.t.e.controller.EmployeeController - Received request to create employee.
2026-08-06 15:24:51 INFO  [http-nio-8091-exec-7] c.t.e.service.EmployeeService - Creating employee with email: anu@example.com
2026-08-06 15:24:51 DEBUG [http-nio-8091-exec-7] org.hibernate.SQL - 
    select
        top (?) e1_0.id 
    from
        employee_details5 e1_0 
    where
        e1_0.email=?
2026-08-06 15:24:51 TRACE [http-nio-8091-exec-7] org.hibernate.orm.jdbc.bind - binding parameter (1:INTEGER) <- [1]
2026-08-06 15:24:51 TRACE [http-nio-8091-exec-7] org.hibernate.orm.jdbc.bind - binding parameter (2:VARCHAR) <- [anu@example.com]
2026-08-06 15:24:51 WARN  [http-nio-8091-exec-7] c.t.e.e.GlobalExceptionHandler - Duplicate resource: Employee with this email already exists.
2026-08-06 15:25:08 DEBUG [EmployeeBankingHikariPool:housekeeper] com.zaxxer.hikari.pool.HikariPool - EmployeeBankingHikariPool - Before cleanup stats (total=5/10, idle=5/5, active=0, waiting=0)
2026-08-06 15:25:08 DEBUG [EmployeeBankingHikariPool:housekeeper] com.zaxxer.hikari.pool.HikariPool - EmployeeBankingHikariPool - After  cleanup stats (total=5/10, idle=5/5, active=0, waiting=0)
2026-08-06 15:25:08 DEBUG [EmployeeBankingHikariPool:housekeeper] com.zaxxer.hikari.pool.HikariPool - EmployeeBankingHikariPool - Fill pool skipped, pool has sufficient level or currently being filled.
2026-08-06 15:25:16 DEBUG [EmployeeBankingHikariPool:housekeeper] com.zaxxer.hikari.pool.HikariPool - EmployeeBankingHikariPool - keepalive: connection ConnectionID:12 ClientConnectionId: f24fc7ce-4abf-42c8-bcc1-06dbedb8877a is alive
2026-08-06 15:25:28 DEBUG [EmployeeBankingHikariPool:housekeeper] com.zaxxer.hikari.pool.HikariPool - EmployeeBankingHikariPool - keepalive: connection ConnectionID:13 ClientConnectionId: 8730b43a-ceb8-4c10-a32c-292c9409ce91 is alive
2026-08-06 15:25:39 DEBUG [EmployeeBankingHikariPool:housekeeper] com.zaxxer.hikari.pool.HikariPool - EmployeeBankingHikariPool - Before cleanup stats (total=5/10, idle=5/5, active=0, waiting=0)
2026-08-06 15:25:39 DEBUG [EmployeeBankingHikariPool:housekeeper] com.zaxxer.hikari.pool.HikariPool - EmployeeBankingHikariPool - After  cleanup stats (total=5/10, idle=5/5, active=0, waiting=0)
2026-08-06 15:25:39 DEBUG [EmployeeBankingHikariPool:housekeeper] com.zaxxer.hikari.pool.HikariPool - EmployeeBankingHikariPool - Fill pool skipped, pool has sufficient level or currently being filled.
2026-08-06 15:25:52 DEBUG [EmployeeBankingHikariPool:housekeeper] com.zaxxer.hikari.pool.HikariPool - EmployeeBankingHikariPool - keepalive: connection ConnectionID:14 ClientConnectionId: 221e5863-b9f1-4454-829e-81e72c2c281a is alive
2026-08-06 15:26:09 DEBUG [EmployeeBankingHikariPool:housekeeper] com.zaxxer.hikari.pool.HikariPool - EmployeeBankingHikariPool - Before cleanup stats (total=5/10, idle=5/5, active=0, waiting=0)
2026-08-06 15:26:09 DEBUG [EmployeeBankingHikariPool:housekeeper] com.zaxxer.hikari.pool.HikariPool - EmployeeBankingHikariPool - After  cleanup stats (total=5/10, idle=5/5, active=0, waiting=0)
2026-08-06 15:26:09 DEBUG [EmployeeBankingHikariPool:housekeeper] com.zaxxer.hikari.pool.HikariPool - EmployeeBankingHikariPool - Fill pool skipped, pool has sufficient level or currently being filled.
2026-08-06 15:26:13 INFO  [http-nio-8091-exec-2] c.t.e.controller.EmployeeController - Received request to create employee.
2026-08-06 15:26:13 INFO  [http-nio-8091-exec-2] c.t.e.service.EmployeeService - Creating employee with email: rani@example.com
2026-08-06 15:26:13 DEBUG [http-nio-8091-exec-2] org.hibernate.SQL - 
    select
        top (?) e1_0.id 
    from
        employee_details5 e1_0 
    where
        e1_0.email=?
2026-08-06 15:26:13 TRACE [http-nio-8091-exec-2] org.hibernate.orm.jdbc.bind - binding parameter (1:INTEGER) <- [1]
2026-08-06 15:26:13 TRACE [http-nio-8091-exec-2] org.hibernate.orm.jdbc.bind - binding parameter (2:VARCHAR) <- [rani@example.com]
2026-08-06 15:26:13 DEBUG [http-nio-8091-exec-2] org.hibernate.SQL - 
    insert 
    into
        employee_details5
        (department, email, name, salary) 
    values
        (?, ?, ?, ?)
2026-08-06 15:26:13 TRACE [http-nio-8091-exec-2] org.hibernate.orm.jdbc.bind - binding parameter (1:VARCHAR) <- [DEV]
2026-08-06 15:26:13 TRACE [http-nio-8091-exec-2] org.hibernate.orm.jdbc.bind - binding parameter (2:VARCHAR) <- [rani@example.com]
2026-08-06 15:26:13 TRACE [http-nio-8091-exec-2] org.hibernate.orm.jdbc.bind - binding parameter (3:VARCHAR) <- [Rani das]
2026-08-06 15:26:13 TRACE [http-nio-8091-exec-2] org.hibernate.orm.jdbc.bind - binding parameter (4:DOUBLE) <- [85000.0]
2026-08-06 15:26:17 DEBUG [EmployeeBankingHikariPool:housekeeper] com.zaxxer.hikari.pool.HikariPool - EmployeeBankingHikariPool - keepalive: connection ConnectionID:15 ClientConnectionId: 09c89294-0566-43f9-8365-44a2f845d99e is alive
2026-08-06 15:26:19 DEBUG [EmployeeBankingHikariPool:housekeeper] com.zaxxer.hikari.pool.HikariPool - EmployeeBankingHikariPool - keepalive: connection ConnectionID:11 ClientConnectionId: 1f6d81bf-850b-4a8c-b5c8-d2e481828fe4 is alive
2026-08-06 15:26:39 DEBUG [EmployeeBankingHikariPool:housekeeper] com.zaxxer.hikari.pool.HikariPool - EmployeeBankingHikariPool - Before cleanup stats (total=5/10, idle=5/5, active=0, waiting=0)
2026-08-06 15:26:39 DEBUG [EmployeeBankingHikariPool:housekeeper] com.zaxxer.hikari.pool.HikariPool - EmployeeBankingHikariPool - After  cleanup stats (total=5/10, idle=5/5, active=0, waiting=0)
2026-08-06 15:26:39 DEBUG [EmployeeBankingHikariPool:housekeeper] com.zaxxer.hikari.pool.HikariPool - EmployeeBankingHikariPool - Fill pool skipped, pool has sufficient level or currently being filled.
2026-08-06 15:26:57 DEBUG [EmployeeBankingHikariPool:housekeeper] com.zaxxer.hikari.pool.HikariPool - EmployeeBankingHikariPool - keepalive: connection ConnectionID:12 ClientConnectionId: f24fc7ce-4abf-42c8-bcc1-06dbedb8877a is alive
2026-08-06 15:27:09 DEBUG [EmployeeBankingHikariPool:housekeeper] com.zaxxer.hikari.pool.HikariPool - EmployeeBankingHikariPool - Before cleanup stats (total=5/10, idle=5/5, active=0, waiting=0)
2026-08-06 15:27:09 DEBUG [EmployeeBankingHikariPool:housekeeper] com.zaxxer.hikari.pool.HikariPool - EmployeeBankingHikariPool - After  cleanup stats (total=5/10, idle=5/5, active=0, waiting=0)
2026-08-06 15:27:09 DEBUG [EmployeeBankingHikariPool:housekeeper] com.zaxxer.hikari.pool.HikariPool - EmployeeBankingHikariPool - Fill pool skipped, pool has sufficient level or currently being filled.
2026-08-06 15:27:11 DEBUG [EmployeeBankingHikariPool:housekeeper] com.zaxxer.hikari.pool.HikariPool - EmployeeBankingHikariPool - keepalive: connection ConnectionID:13 ClientConnectionId: 8730b43a-ceb8-4c10-a32c-292c9409ce91 is alive
2026-08-06 15:27:36 DEBUG [EmployeeBankingHikariPool:housekeeper] com.zaxxer.hikari.pool.HikariPool - EmployeeBankingHikariPool - keepalive: connection ConnectionID:14 ClientConnectionId: 221e5863-b9f1-4454-829e-81e72c2c281a is alive
2026-08-06 15:27:39 DEBUG [EmployeeBankingHikariPool:housekeeper] com.zaxxer.hikari.pool.HikariPool - EmployeeBankingHikariPool - Before cleanup stats (total=5/10, idle=5/5, active=0, waiting=0)
2026-08-06 15:27:39 DEBUG [EmployeeBankingHikariPool:housekeeper] com.zaxxer.hikari.pool.HikariPool - EmployeeBankingHikariPool - After  cleanup stats (total=5/10, idle=5/5, active=0, waiting=0)
2026-08-06 15:27:39 DEBUG [EmployeeBankingHikariPool:housekeeper] com.zaxxer.hikari.pool.HikariPool - EmployeeBankingHikariPool - Fill pool skipped, pool has sufficient level or currently being filled.
2026-08-06 15:27:54 DEBUG [EmployeeBankingHikariPool:housekeeper] com.zaxxer.hikari.pool.HikariPool - EmployeeBankingHikariPool - keepalive: connection ConnectionID:15 ClientConnectionId: 09c89294-0566-43f9-8365-44a2f845d99e is alive
2026-08-06 15:28:07 DEBUG [EmployeeBankingHikariPool:housekeeper] com.zaxxer.hikari.pool.HikariPool - EmployeeBankingHikariPool - keepalive: connection ConnectionID:11 ClientConnectionId: 1f6d81bf-850b-4a8c-b5c8-d2e481828fe4 is alive
2026-08-06 15:28:09 DEBUG [EmployeeBankingHikariPool:housekeeper] com.zaxxer.hikari.pool.HikariPool - EmployeeBankingHikariPool - Before cleanup stats (total=5/10, idle=5/5, active=0, waiting=0)
2026-08-06 15:28:09 DEBUG [EmployeeBankingHikariPool:housekeeper] com.zaxxer.hikari.pool.HikariPool - EmployeeBankingHikariPool - After  cleanup stats (total=5/10, idle=5/5, active=0, waiting=0)
2026-08-06 15:28:09 DEBUG [EmployeeBankingHikariPool:housekeeper] com.zaxxer.hikari.pool.HikariPool - EmployeeBankingHikariPool - Fill pool skipped, pool has sufficient level or currently being filled.
2026-08-06 15:28:33 INFO  [http-nio-8091-exec-5] c.t.e.controller.EmployeeController - Received request to fetch all employees.
2026-08-06 15:28:33 DEBUG [http-nio-8091-exec-5] org.hibernate.SQL - 
    select
        e1_0.id,
        e1_0.department,
        e1_0.email,
        e1_0.name,
        e1_0.salary 
    from
        employee_details5 e1_0 
    order by
        (select
            0) 
    offset
        ? rows 
    fetch
        first ? rows only
2026-08-06 15:28:33 TRACE [http-nio-8091-exec-5] org.hibernate.orm.jdbc.bind - binding parameter (1:INTEGER) <- [0]
2026-08-06 15:28:33 TRACE [http-nio-8091-exec-5] org.hibernate.orm.jdbc.bind - binding parameter (2:INTEGER) <- [20]
2026-08-06 15:28:39 DEBUG [EmployeeBankingHikariPool:housekeeper] com.zaxxer.hikari.pool.HikariPool - EmployeeBankingHikariPool - Before cleanup stats (total=5/10, idle=5/5, active=0, waiting=0)
2026-08-06 15:28:39 DEBUG [EmployeeBankingHikariPool:housekeeper] com.zaxxer.hikari.pool.HikariPool - EmployeeBankingHikariPool - After  cleanup stats (total=5/10, idle=5/5, active=0, waiting=0)
2026-08-06 15:28:39 DEBUG [EmployeeBankingHikariPool:housekeeper] com.zaxxer.hikari.pool.HikariPool - EmployeeBankingHikariPool - Fill pool skipped, pool has sufficient level or currently being filled.
2026-08-06 15:28:39 DEBUG [EmployeeBankingHikariPool:housekeeper] com.zaxxer.hikari.pool.HikariPool - EmployeeBankingHikariPool - keepalive: connection ConnectionID:12 ClientConnectionId: f24fc7ce-4abf-42c8-bcc1-06dbedb8877a is alive
2026-08-06 15:28:53 DEBUG [EmployeeBankingHikariPool:housekeeper] com.zaxxer.hikari.pool.HikariPool - EmployeeBankingHikariPool - keepalive: connection ConnectionID:13 ClientConnectionId: 8730b43a-ceb8-4c10-a32c-292c9409ce91 is alive
2026-08-06 15:29:09 DEBUG [EmployeeBankingHikariPool:housekeeper] com.zaxxer.hikari.pool.HikariPool - EmployeeBankingHikariPool - Before cleanup stats (total=5/10, idle=5/5, active=0, waiting=0)
2026-08-06 15:29:09 DEBUG [EmployeeBankingHikariPool:housekeeper] com.zaxxer.hikari.pool.HikariPool - EmployeeBankingHikariPool - After  cleanup stats (total=5/10, idle=5/5, active=0, waiting=0)
2026-08-06 15:29:09 DEBUG [EmployeeBankingHikariPool:housekeeper] com.zaxxer.hikari.pool.HikariPool - EmployeeBankingHikariPool - Fill pool skipped, pool has sufficient level or currently being filled.
2026-08-06 15:29:20 DEBUG [EmployeeBankingHikariPool:housekeeper] com.zaxxer.hikari.pool.HikariPool - EmployeeBankingHikariPool - keepalive: connection ConnectionID:14 ClientConnectionId: 221e5863-b9f1-4454-829e-81e72c2c281a is alive
2026-08-06 15:29:32 DEBUG [EmployeeBankingHikariPool:housekeeper] com.zaxxer.hikari.pool.HikariPool - EmployeeBankingHikariPool - keepalive: connection ConnectionID:15 ClientConnectionId: 09c89294-0566-43f9-8365-44a2f845d99e is alive
2026-08-06 15:29:39 DEBUG [EmployeeBankingHikariPool:housekeeper] com.zaxxer.hikari.pool.HikariPool - EmployeeBankingHikariPool - Before cleanup stats (total=5/10, idle=5/5, active=0, waiting=0)
2026-08-06 15:29:39 DEBUG [EmployeeBankingHikariPool:housekeeper] com.zaxxer.hikari.pool.HikariPool - EmployeeBankingHikariPool - After  cleanup stats (total=5/10, idle=5/5, active=0, waiting=0)
2026-08-06 15:29:39 DEBUG [EmployeeBankingHikariPool:housekeeper] com.zaxxer.hikari.pool.HikariPool - EmployeeBankingHikariPool - Fill pool skipped, pool has sufficient level or currently being filled.
2026-08-06 15:29:43 INFO  [http-nio-8091-exec-8] c.t.e.controller.EmployeeController - Received request to fetch all employees.
2026-08-06 15:29:43 DEBUG [http-nio-8091-exec-8] org.hibernate.SQL - 
    select
        e1_0.id,
        e1_0.department,
        e1_0.email,
        e1_0.name,
        e1_0.salary 
    from
        employee_details5 e1_0 
    order by
        (select
            0) 
    offset
        ? rows 
    fetch
        first ? rows only
2026-08-06 15:29:43 TRACE [http-nio-8091-exec-8] org.hibernate.orm.jdbc.bind - binding parameter (1:INTEGER) <- [0]
2026-08-06 15:29:43 TRACE [http-nio-8091-exec-8] org.hibernate.orm.jdbc.bind - binding parameter (2:INTEGER) <- [20]
2026-08-06 15:29:55 DEBUG [EmployeeBankingHikariPool:housekeeper] com.zaxxer.hikari.pool.HikariPool - EmployeeBankingHikariPool - keepalive: connection ConnectionID:11 ClientConnectionId: 1f6d81bf-850b-4a8c-b5c8-d2e481828fe4 is alive
2026-08-06 15:30:09 DEBUG [EmployeeBankingHikariPool:housekeeper] com.zaxxer.hikari.pool.HikariPool - EmployeeBankingHikariPool - Before cleanup stats (total=5/10, idle=5/5, active=0, waiting=0)
2026-08-06 15:30:09 DEBUG [EmployeeBankingHikariPool:housekeeper] com.zaxxer.hikari.pool.HikariPool - EmployeeBankingHikariPool - After  cleanup stats (total=5/10, idle=5/5, active=0, waiting=0)
2026-08-06 15:30:09 DEBUG [EmployeeBankingHikariPool:housekeeper] com.zaxxer.hikari.pool.HikariPool - EmployeeBankingHikariPool - Fill pool skipped, pool has sufficient level or currently being filled.
2026-08-06 15:30:20 DEBUG [EmployeeBankingHikariPool:housekeeper] com.zaxxer.hikari.pool.HikariPool - EmployeeBankingHikariPool - keepalive: connection ConnectionID:12 ClientConnectionId: f24fc7ce-4abf-42c8-bcc1-06dbedb8877a is alive
2026-08-06 15:30:26 INFO  [http-nio-8091-exec-7] c.t.e.controller.EmployeeController - Received request to create employee.
2026-08-06 15:30:26 INFO  [http-nio-8091-exec-7] c.t.e.service.EmployeeService - Creating employee with email: ranbir@example.com
2026-08-06 15:30:26 DEBUG [http-nio-8091-exec-7] org.hibernate.SQL - 
    select
        top (?) e1_0.id 
    from
        employee_details5 e1_0 
    where
        e1_0.email=?
2026-08-06 15:30:26 TRACE [http-nio-8091-exec-7] org.hibernate.orm.jdbc.bind - binding parameter (1:INTEGER) <- [1]
2026-08-06 15:30:26 TRACE [http-nio-8091-exec-7] org.hibernate.orm.jdbc.bind - binding parameter (2:VARCHAR) <- [ranbir@example.com]
2026-08-06 15:30:26 DEBUG [http-nio-8091-exec-7] org.hibernate.SQL - 
    insert 
    into
        employee_details5
        (department, email, name, salary) 
    values
        (?, ?, ?, ?)
2026-08-06 15:30:26 TRACE [http-nio-8091-exec-7] org.hibernate.orm.jdbc.bind - binding parameter (1:VARCHAR) <- [DEV]
2026-08-06 15:30:26 TRACE [http-nio-8091-exec-7] org.hibernate.orm.jdbc.bind - binding parameter (2:VARCHAR) <- [ranbir@example.com]
2026-08-06 15:30:26 TRACE [http-nio-8091-exec-7] org.hibernate.orm.jdbc.bind - binding parameter (3:VARCHAR) <- [Ranbir das]
2026-08-06 15:30:26 TRACE [http-nio-8091-exec-7] org.hibernate.orm.jdbc.bind - binding parameter (4:DOUBLE) <- [85000.0]
2026-08-06 15:30:36 DEBUG [EmployeeBankingHikariPool:housekeeper] com.zaxxer.hikari.pool.HikariPool - EmployeeBankingHikariPool - keepalive: connection ConnectionID:13 ClientConnectionId: 8730b43a-ceb8-4c10-a32c-292c9409ce91 is alive
2026-08-06 15:30:39 DEBUG [EmployeeBankingHikariPool:housekeeper] com.zaxxer.hikari.pool.HikariPool - EmployeeBankingHikariPool - Before cleanup stats (total=5/10, idle=5/5, active=0, waiting=0)
2026-08-06 15:30:39 DEBUG [EmployeeBankingHikariPool:housekeeper] com.zaxxer.hikari.pool.HikariPool - EmployeeBankingHikariPool - After  cleanup stats (total=5/10, idle=5/5, active=0, waiting=0)
2026-08-06 15:30:39 DEBUG [EmployeeBankingHikariPool:housekeeper] com.zaxxer.hikari.pool.HikariPool - EmployeeBankingHikariPool - Fill pool skipped, pool has sufficient level or currently being filled.
2026-08-06 15:31:05 DEBUG [EmployeeBankingHikariPool:housekeeper] com.zaxxer.hikari.pool.HikariPool - EmployeeBankingHikariPool - keepalive: connection ConnectionID:14 ClientConnectionId: 221e5863-b9f1-4454-829e-81e72c2c281a is alive
2026-08-06 15:31:09 DEBUG [EmployeeBankingHikariPool:housekeeper] com.zaxxer.hikari.pool.HikariPool - EmployeeBankingHikariPool - Before cleanup stats (total=5/10, idle=5/5, active=0, waiting=0)
2026-08-06 15:31:09 DEBUG [EmployeeBankingHikariPool:housekeeper] com.zaxxer.hikari.pool.HikariPool - EmployeeBankingHikariPool - After  cleanup stats (total=5/10, idle=5/5, active=0, waiting=0)
2026-08-06 15:31:09 DEBUG [EmployeeBankingHikariPool:housekeeper] com.zaxxer.hikari.pool.HikariPool - EmployeeBankingHikariPool - Fill pool skipped, pool has sufficient level or currently being filled.
2026-08-06 15:31:09 DEBUG [EmployeeBankingHikariPool:housekeeper] com.zaxxer.hikari.pool.HikariPool - EmployeeBankingHikariPool - keepalive: connection ConnectionID:15 ClientConnectionId: 09c89294-0566-43f9-8365-44a2f845d99e is alive
2026-08-06 15:31:39 DEBUG [EmployeeBankingHikariPool:housekeeper] com.zaxxer.hikari.pool.HikariPool - EmployeeBankingHikariPool - Before cleanup stats (total=5/10, idle=5/5, active=0, waiting=0)
2026-08-06 15:31:39 DEBUG [EmployeeBankingHikariPool:housekeeper] com.zaxxer.hikari.pool.HikariPool - EmployeeBankingHikariPool - After  cleanup stats (total=5/10, idle=5/5, active=0, waiting=0)
2026-08-06 15:31:39 DEBUG [EmployeeBankingHikariPool:housekeeper] com.zaxxer.hikari.pool.HikariPool - EmployeeBankingHikariPool - Fill pool skipped, pool has sufficient level or currently being filled.
2026-08-06 15:31:43 DEBUG [EmployeeBankingHikariPool:housekeeper] com.zaxxer.hikari.pool.HikariPool - EmployeeBankingHikariPool - keepalive: connection ConnectionID:11 ClientConnectionId: 1f6d81bf-850b-4a8c-b5c8-d2e481828fe4 is alive
2026-08-06 15:32:02 DEBUG [EmployeeBankingHikariPool:housekeeper] com.zaxxer.hikari.pool.HikariPool - EmployeeBankingHikariPool - keepalive: connection ConnectionID:12 ClientConnectionId: f24fc7ce-4abf-42c8-bcc1-06dbedb8877a is alive
2026-08-06 15:32:09 DEBUG [EmployeeBankingHikariPool:housekeeper] com.zaxxer.hikari.pool.HikariPool - EmployeeBankingHikariPool - Before cleanup stats (total=5/10, idle=5/5, active=0, waiting=0)
2026-08-06 15:32:09 DEBUG [EmployeeBankingHikariPool:housekeeper] com.zaxxer.hikari.pool.HikariPool - EmployeeBankingHikariPool - After  cleanup stats (total=5/10, idle=5/5, active=0, waiting=0)
2026-08-06 15:32:09 DEBUG [EmployeeBankingHikariPool:housekeeper] com.zaxxer.hikari.pool.HikariPool - EmployeeBankingHikariPool - Fill pool skipped, pool has sufficient level or currently being filled.
2026-08-06 15:32:18 DEBUG [EmployeeBankingHikariPool:housekeeper] com.zaxxer.hikari.pool.HikariPool - EmployeeBankingHikariPool - keepalive: connection ConnectionID:13 ClientConnectionId: 8730b43a-ceb8-4c10-a32c-292c9409ce91 is alive
2026-08-06 15:32:39 DEBUG [EmployeeBankingHikariPool:housekeeper] com.zaxxer.hikari.pool.HikariPool - EmployeeBankingHikariPool - Before cleanup stats (total=5/10, idle=5/5, active=0, waiting=0)
2026-08-06 15:32:39 DEBUG [EmployeeBankingHikariPool:housekeeper] com.zaxxer.hikari.pool.HikariPool - EmployeeBankingHikariPool - After  cleanup stats (total=5/10, idle=5/5, active=0, waiting=0)
2026-08-06 15:32:39 DEBUG [EmployeeBankingHikariPool:housekeeper] com.zaxxer.hikari.pool.HikariPool - EmployeeBankingHikariPool - Fill pool skipped, pool has sufficient level or currently being filled.
2026-08-06 15:32:47 DEBUG [EmployeeBankingHikariPool:housekeeper] com.zaxxer.hikari.pool.HikariPool - EmployeeBankingHikariPool - keepalive: connection ConnectionID:15 ClientConnectionId: 09c89294-0566-43f9-8365-44a2f845d99e is alive
2026-08-06 15:32:49 DEBUG [EmployeeBankingHikariPool:housekeeper] com.zaxxer.hikari.pool.HikariPool - EmployeeBankingHikariPool - keepalive: connection ConnectionID:14 ClientConnectionId: 221e5863-b9f1-4454-829e-81e72c2c281a is alive
2026-08-06 15:33:09 DEBUG [EmployeeBankingHikariPool:housekeeper] com.zaxxer.hikari.pool.HikariPool - EmployeeBankingHikariPool - Before cleanup stats (total=5/10, idle=5/5, active=0, waiting=0)
2026-08-06 15:33:09 DEBUG [EmployeeBankingHikariPool:housekeeper] com.zaxxer.hikari.pool.HikariPool - EmployeeBankingHikariPool - After  cleanup stats (total=5/10, idle=5/5, active=0, waiting=0)
2026-08-06 15:33:09 DEBUG [EmployeeBankingHikariPool:housekeeper] com.zaxxer.hikari.pool.HikariPool - EmployeeBankingHikariPool - Fill pool skipped, pool has sufficient level or currently being filled.
2026-08-06 15:33:30 DEBUG [EmployeeBankingHikariPool:housekeeper] com.zaxxer.hikari.pool.HikariPool - EmployeeBankingHikariPool - keepalive: connection ConnectionID:11 ClientConnectionId: 1f6d81bf-850b-4a8c-b5c8-d2e481828fe4 is alive
2026-08-06 15:33:39 DEBUG [EmployeeBankingHikariPool:housekeeper] com.zaxxer.hikari.pool.HikariPool - EmployeeBankingHikariPool - Before cleanup stats (total=5/10, idle=5/5, active=0, waiting=0)
2026-08-06 15:33:39 DEBUG [EmployeeBankingHikariPool:housekeeper] com.zaxxer.hikari.pool.HikariPool - EmployeeBankingHikariPool - After  cleanup stats (total=5/10, idle=5/5, active=0, waiting=0)
2026-08-06 15:33:39 DEBUG [EmployeeBankingHikariPool:housekeeper] com.zaxxer.hikari.pool.HikariPool - EmployeeBankingHikariPool - Fill pool skipped, pool has sufficient level or currently being filled.
2026-08-06 15:33:43 DEBUG [EmployeeBankingHikariPool:housekeeper] com.zaxxer.hikari.pool.HikariPool - EmployeeBankingHikariPool - keepalive: connection ConnectionID:12 ClientConnectionId: f24fc7ce-4abf-42c8-bcc1-06dbedb8877a is alive
2026-08-06 15:33:49 INFO  [http-nio-8091-exec-2] c.t.e.controller.EmployeeController - Received request to fetch all employees.
2026-08-06 15:33:49 DEBUG [http-nio-8091-exec-2] org.hibernate.SQL - 
    select
        e1_0.id,
        e1_0.department,
        e1_0.email,
        e1_0.name,
        e1_0.salary 
    from
        employee_details5 e1_0 
    order by
        (select
            0) 
    offset
        ? rows 
    fetch
        first ? rows only
2026-08-06 15:33:49 TRACE [http-nio-8091-exec-2] org.hibernate.orm.jdbc.bind - binding parameter (1:INTEGER) <- [0]
2026-08-06 15:33:49 TRACE [http-nio-8091-exec-2] org.hibernate.orm.jdbc.bind - binding parameter (2:INTEGER) <- [20]
2026-08-06 15:34:01 DEBUG [EmployeeBankingHikariPool:housekeeper] com.zaxxer.hikari.pool.HikariPool - EmployeeBankingHikariPool - keepalive: connection ConnectionID:13 ClientConnectionId: 8730b43a-ceb8-4c10-a32c-292c9409ce91 is alive
2026-08-06 15:34:09 DEBUG [EmployeeBankingHikariPool:housekeeper] com.zaxxer.hikari.pool.HikariPool - EmployeeBankingHikariPool - Before cleanup stats (total=5/10, idle=5/5, active=0, waiting=0)
2026-08-06 15:34:09 DEBUG [EmployeeBankingHikariPool:housekeeper] com.zaxxer.hikari.pool.HikariPool - EmployeeBankingHikariPool - After  cleanup stats (total=5/10, idle=5/5, active=0, waiting=0)
2026-08-06 15:34:09 DEBUG [EmployeeBankingHikariPool:housekeeper] com.zaxxer.hikari.pool.HikariPool - EmployeeBankingHikariPool - Fill pool skipped, pool has sufficient level or currently being filled.
2026-08-06 15:34:24 DEBUG [EmployeeBankingHikariPool:housekeeper] com.zaxxer.hikari.pool.HikariPool - EmployeeBankingHikariPool - keepalive: connection ConnectionID:15 ClientConnectionId: 09c89294-0566-43f9-8365-44a2f845d99e is alive
2026-08-06 15:34:33 DEBUG [EmployeeBankingHikariPool:housekeeper] com.zaxxer.hikari.pool.HikariPool - EmployeeBankingHikariPool - keepalive: connection ConnectionID:14 ClientConnectionId: 221e5863-b9f1-4454-829e-81e72c2c281a is alive
2026-08-06 15:34:39 DEBUG [EmployeeBankingHikariPool:housekeeper] com.zaxxer.hikari.pool.HikariPool - EmployeeBankingHikariPool - Before cleanup stats (total=5/10, idle=5/5, active=0, waiting=0)
2026-08-06 15:34:39 DEBUG [EmployeeBankingHikariPool:housekeeper] com.zaxxer.hikari.pool.HikariPool - EmployeeBankingHikariPool - After  cleanup stats (total=5/10, idle=5/5, active=0, waiting=0)
2026-08-06 15:34:39 DEBUG [EmployeeBankingHikariPool:housekeeper] com.zaxxer.hikari.pool.HikariPool - EmployeeBankingHikariPool - Fill pool skipped, pool has sufficient level or currently being filled.
2026-08-06 15:35:09 DEBUG [EmployeeBankingHikariPool:housekeeper] com.zaxxer.hikari.pool.HikariPool - EmployeeBankingHikariPool - Before cleanup stats (total=5/10, idle=5/5, active=0, waiting=0)
2026-08-06 15:35:09 DEBUG [EmployeeBankingHikariPool:housekeeper] com.zaxxer.hikari.pool.HikariPool - EmployeeBankingHikariPool - After  cleanup stats (total=5/10, idle=5/5, active=0, waiting=0)
2026-08-06 15:35:09 DEBUG [EmployeeBankingHikariPool:housekeeper] com.zaxxer.hikari.pool.HikariPool - EmployeeBankingHikariPool - Fill pool skipped, pool has sufficient level or currently being filled.
2026-08-06 15:35:18 DEBUG [EmployeeBankingHikariPool:housekeeper] com.zaxxer.hikari.pool.HikariPool - EmployeeBankingHikariPool - keepalive: connection ConnectionID:11 ClientConnectionId: 1f6d81bf-850b-4a8c-b5c8-d2e481828fe4 is alive
2026-08-06 15:35:24 DEBUG [EmployeeBankingHikariPool:housekeeper] com.zaxxer.hikari.pool.HikariPool - EmployeeBankingHikariPool - keepalive: connection ConnectionID:12 ClientConnectionId: f24fc7ce-4abf-42c8-bcc1-06dbedb8877a is alive
2026-08-06 15:35:39 DEBUG [EmployeeBankingHikariPool:housekeeper] com.zaxxer.hikari.pool.HikariPool - EmployeeBankingHikariPool - Before cleanup stats (total=5/10, idle=5/5, active=0, waiting=0)
2026-08-06 15:35:39 DEBUG [EmployeeBankingHikariPool:housekeeper] com.zaxxer.hikari.pool.HikariPool - EmployeeBankingHikariPool - After  cleanup stats (total=5/10, idle=5/5, active=0, waiting=0)
2026-08-06 15:35:39 DEBUG [EmployeeBankingHikariPool:housekeeper] com.zaxxer.hikari.pool.HikariPool - EmployeeBankingHikariPool - Fill pool skipped, pool has sufficient level or currently being filled.
2026-08-06 15:35:43 DEBUG [EmployeeBankingHikariPool:housekeeper] com.zaxxer.hikari.pool.HikariPool - EmployeeBankingHikariPool - keepalive: connection ConnectionID:13 ClientConnectionId: 8730b43a-ceb8-4c10-a32c-292c9409ce91 is alive
2026-08-06 15:36:02 DEBUG [EmployeeBankingHikariPool:housekeeper] com.zaxxer.hikari.pool.HikariPool - EmployeeBankingHikariPool - keepalive: connection ConnectionID:15 ClientConnectionId: 09c89294-0566-43f9-8365-44a2f845d99e is alive
2026-08-06 15:36:09 DEBUG [EmployeeBankingHikariPool:housekeeper] com.zaxxer.hikari.pool.HikariPool - EmployeeBankingHikariPool - Before cleanup stats (total=5/10, idle=5/5, active=0, waiting=0)
2026-08-06 15:36:09 DEBUG [EmployeeBankingHikariPool:housekeeper] com.zaxxer.hikari.pool.HikariPool - EmployeeBankingHikariPool - After  cleanup stats (total=5/10, idle=5/5, active=0, waiting=0)
2026-08-06 15:36:09 DEBUG [EmployeeBankingHikariPool:housekeeper] com.zaxxer.hikari.pool.HikariPool - EmployeeBankingHikariPool - Fill pool skipped, pool has sufficient level or currently being filled.
2026-08-06 15:36:17 DEBUG [EmployeeBankingHikariPool:housekeeper] com.zaxxer.hikari.pool.HikariPool - EmployeeBankingHikariPool - keepalive: connection ConnectionID:14 ClientConnectionId: 221e5863-b9f1-4454-829e-81e72c2c281a is alive
2026-08-06 15:36:39 DEBUG [EmployeeBankingHikariPool:housekeeper] com.zaxxer.hikari.pool.HikariPool - EmployeeBankingHikariPool - Before cleanup stats (total=5/10, idle=5/5, active=0, waiting=0)
2026-08-06 15:36:39 DEBUG [EmployeeBankingHikariPool:housekeeper] com.zaxxer.hikari.pool.HikariPool - EmployeeBankingHikariPool - After  cleanup stats (total=5/10, idle=5/5, active=0, waiting=0)
2026-08-06 15:36:39 DEBUG [EmployeeBankingHikariPool:housekeeper] com.zaxxer.hikari.pool.HikariPool - EmployeeBankingHikariPool - Fill pool skipped, pool has sufficient level or currently being filled.
2026-08-06 15:37:06 DEBUG [EmployeeBankingHikariPool:housekeeper] com.zaxxer.hikari.pool.HikariPool - EmployeeBankingHikariPool - keepalive: connection ConnectionID:11 ClientConnectionId: 1f6d81bf-850b-4a8c-b5c8-d2e481828fe4 is alive
2026-08-06 15:37:06 DEBUG [EmployeeBankingHikariPool:housekeeper] com.zaxxer.hikari.pool.HikariPool - EmployeeBankingHikariPool - keepalive: connection ConnectionID:12 ClientConnectionId: f24fc7ce-4abf-42c8-bcc1-06dbedb8877a is alive
2026-08-06 15:37:09 DEBUG [EmployeeBankingHikariPool:housekeeper] com.zaxxer.hikari.pool.HikariPool - EmployeeBankingHikariPool - Before cleanup stats (total=5/10, idle=5/5, active=0, waiting=0)
2026-08-06 15:37:09 DEBUG [EmployeeBankingHikariPool:housekeeper] com.zaxxer.hikari.pool.HikariPool - EmployeeBankingHikariPool - After  cleanup stats (total=5/10, idle=5/5, active=0, waiting=0)
2026-08-06 15:37:09 DEBUG [EmployeeBankingHikariPool:housekeeper] com.zaxxer.hikari.pool.HikariPool - EmployeeBankingHikariPool - Fill pool skipped, pool has sufficient level or currently being filled.
2026-08-06 15:37:25 DEBUG [EmployeeBankingHikariPool:housekeeper] com.zaxxer.hikari.pool.HikariPool - EmployeeBankingHikariPool - keepalive: connection ConnectionID:13 ClientConnectionId: 8730b43a-ceb8-4c10-a32c-292c9409ce91 is alive
2026-08-06 15:37:39 DEBUG [EmployeeBankingHikariPool:housekeeper] com.zaxxer.hikari.pool.HikariPool - EmployeeBankingHikariPool - Before cleanup stats (total=5/10, idle=5/5, active=0, waiting=0)
2026-08-06 15:37:39 DEBUG [EmployeeBankingHikariPool:housekeeper] com.zaxxer.hikari.pool.HikariPool - EmployeeBankingHikariPool - After  cleanup stats (total=5/10, idle=5/5, active=0, waiting=0)
2026-08-06 15:37:39 DEBUG [EmployeeBankingHikariPool:housekeeper] com.zaxxer.hikari.pool.HikariPool - EmployeeBankingHikariPool - Fill pool skipped, pool has sufficient level or currently being filled.
2026-08-06 15:37:39 DEBUG [EmployeeBankingHikariPool:housekeeper] com.zaxxer.hikari.pool.HikariPool - EmployeeBankingHikariPool - keepalive: connection ConnectionID:15 ClientConnectionId: 09c89294-0566-43f9-8365-44a2f845d99e is alive
2026-08-06 15:37:39 DEBUG [EmployeeBankingHikariPool:connection-closer] com.zaxxer.hikari.pool.PoolBase - EmployeeBankingHikariPool - Closing connection ConnectionID:11 ClientConnectionId: 1f6d81bf-850b-4a8c-b5c8-d2e481828fe4: (connection has passed maxLifetime)
2026-08-06 15:37:39 DEBUG [EmployeeBankingHikariPool:connection-adder] com.zaxxer.hikari.pool.PoolBase - EmployeeBankingHikariPool - Attempting to create/setup new connection (091d9b8d-b172-4d3c-9bb3-c5277890fe69)
2026-08-06 15:37:40 DEBUG [EmployeeBankingHikariPool:connection-adder] com.zaxxer.hikari.pool.PoolBase - EmployeeBankingHikariPool - Established new connection (091d9b8d-b172-4d3c-9bb3-c5277890fe69)
2026-08-06 15:37:40 DEBUG [EmployeeBankingHikariPool:connection-adder] com.zaxxer.hikari.pool.HikariPool - EmployeeBankingHikariPool - Added connection ConnectionID:16 ClientConnectionId: 4c6268e9-d7c4-435f-b4f4-c46c48fd5c08
2026-08-06 15:38:02 DEBUG [EmployeeBankingHikariPool:housekeeper] com.zaxxer.hikari.pool.HikariPool - EmployeeBankingHikariPool - keepalive: connection ConnectionID:14 ClientConnectionId: 221e5863-b9f1-4454-829e-81e72c2c281a is alive
2026-08-06 15:38:09 DEBUG [EmployeeBankingHikariPool:housekeeper] com.zaxxer.hikari.pool.HikariPool - EmployeeBankingHikariPool - Before cleanup stats (total=5/10, idle=5/5, active=0, waiting=0)
2026-08-06 15:38:09 DEBUG [EmployeeBankingHikariPool:housekeeper] com.zaxxer.hikari.pool.HikariPool - EmployeeBankingHikariPool - After  cleanup stats (total=5/10, idle=5/5, active=0, waiting=0)
2026-08-06 15:38:09 DEBUG [EmployeeBankingHikariPool:housekeeper] com.zaxxer.hikari.pool.HikariPool - EmployeeBankingHikariPool - Fill pool skipped, pool has sufficient level or currently being filled.
2026-08-06 15:38:39 DEBUG [EmployeeBankingHikariPool:housekeeper] com.zaxxer.hikari.pool.HikariPool - EmployeeBankingHikariPool - Before cleanup stats (total=5/10, idle=5/5, active=0, waiting=0)
2026-08-06 15:38:39 DEBUG [EmployeeBankingHikariPool:housekeeper] com.zaxxer.hikari.pool.HikariPool - EmployeeBankingHikariPool - After  cleanup stats (total=5/10, idle=5/5, active=0, waiting=0)
2026-08-06 15:38:39 DEBUG [EmployeeBankingHikariPool:housekeeper] com.zaxxer.hikari.pool.HikariPool - EmployeeBankingHikariPool - Fill pool skipped, pool has sufficient level or currently being filled.
2026-08-06 15:38:47 DEBUG [EmployeeBankingHikariPool:housekeeper] com.zaxxer.hikari.pool.HikariPool - EmployeeBankingHikariPool - keepalive: connection ConnectionID:12 ClientConnectionId: f24fc7ce-4abf-42c8-bcc1-06dbedb8877a is alive
2026-08-06 15:39:08 DEBUG [EmployeeBankingHikariPool:housekeeper] com.zaxxer.hikari.pool.HikariPool - EmployeeBankingHikariPool - keepalive: connection ConnectionID:13 ClientConnectionId: 8730b43a-ceb8-4c10-a32c-292c9409ce91 is alive
2026-08-06 15:39:09 DEBUG [EmployeeBankingHikariPool:housekeeper] com.zaxxer.hikari.pool.HikariPool - EmployeeBankingHikariPool - Before cleanup stats (total=5/10, idle=5/5, active=0, waiting=0)
2026-08-06 15:39:09 DEBUG [EmployeeBankingHikariPool:housekeeper] com.zaxxer.hikari.pool.HikariPool - EmployeeBankingHikariPool - After  cleanup stats (total=5/10, idle=5/5, active=0, waiting=0)
2026-08-06 15:39:09 DEBUG [EmployeeBankingHikariPool:housekeeper] com.zaxxer.hikari.pool.HikariPool - EmployeeBankingHikariPool - Fill pool skipped, pool has sufficient level or currently being filled.
2026-08-06 15:39:17 DEBUG [EmployeeBankingHikariPool:housekeeper] com.zaxxer.hikari.pool.HikariPool - EmployeeBankingHikariPool - keepalive: connection ConnectionID:15 ClientConnectionId: 09c89294-0566-43f9-8365-44a2f845d99e is alive
2026-08-06 15:39:26 DEBUG [EmployeeBankingHikariPool:housekeeper] com.zaxxer.hikari.pool.HikariPool - EmployeeBankingHikariPool - keepalive: connection ConnectionID:16 ClientConnectionId: 4c6268e9-d7c4-435f-b4f4-c46c48fd5c08 is alive
2026-08-06 15:39:39 DEBUG [EmployeeBankingHikariPool:housekeeper] com.zaxxer.hikari.pool.HikariPool - EmployeeBankingHikariPool - Before cleanup stats (total=5/10, idle=5/5, active=0, waiting=0)
2026-08-06 15:39:39 DEBUG [EmployeeBankingHikariPool:housekeeper] com.zaxxer.hikari.pool.HikariPool - EmployeeBankingHikariPool - After  cleanup stats (total=5/10, idle=5/5, active=0, waiting=0)
2026-08-06 15:39:39 DEBUG [EmployeeBankingHikariPool:housekeeper] com.zaxxer.hikari.pool.HikariPool - EmployeeBankingHikariPool - Fill pool skipped, pool has sufficient level or currently being filled.
2026-08-06 15:39:46 DEBUG [EmployeeBankingHikariPool:housekeeper] com.zaxxer.hikari.pool.HikariPool - EmployeeBankingHikariPool - keepalive: connection ConnectionID:14 ClientConnectionId: 221e5863-b9f1-4454-829e-81e72c2c281a is alive
2026-08-06 15:40:09 DEBUG [EmployeeBankingHikariPool:housekeeper] com.zaxxer.hikari.pool.HikariPool - EmployeeBankingHikariPool - Before cleanup stats (total=5/10, idle=5/5, active=0, waiting=0)
2026-08-06 15:40:09 DEBUG [EmployeeBankingHikariPool:housekeeper] com.zaxxer.hikari.pool.HikariPool - EmployeeBankingHikariPool - After  cleanup stats (total=5/10, idle=5/5, active=0, waiting=0)
2026-08-06 15:40:09 DEBUG [EmployeeBankingHikariPool:housekeeper] com.zaxxer.hikari.pool.HikariPool - EmployeeBankingHikariPool - Fill pool skipped, pool has sufficient level or currently being filled.
2026-08-06 15:40:29 DEBUG [EmployeeBankingHikariPool:housekeeper] com.zaxxer.hikari.pool.HikariPool - EmployeeBankingHikariPool - keepalive: connection ConnectionID:12 ClientConnectionId: f24fc7ce-4abf-42c8-bcc1-06dbedb8877a is alive
2026-08-06 15:40:39 DEBUG [EmployeeBankingHikariPool:housekeeper] com.zaxxer.hikari.pool.HikariPool - EmployeeBankingHikariPool - Before cleanup stats (total=5/10, idle=5/5, active=0, waiting=0)
2026-08-06 15:40:39 DEBUG [EmployeeBankingHikariPool:housekeeper] com.zaxxer.hikari.pool.HikariPool - EmployeeBankingHikariPool - After  cleanup stats (total=5/10, idle=5/5, active=0, waiting=0)
2026-08-06 15:40:39 DEBUG [EmployeeBankingHikariPool:housekeeper] com.zaxxer.hikari.pool.HikariPool - EmployeeBankingHikariPool - Fill pool skipped, pool has sufficient level or currently being filled.
2026-08-06 15:40:50 DEBUG [EmployeeBankingHikariPool:housekeeper] com.zaxxer.hikari.pool.HikariPool - EmployeeBankingHikariPool - keepalive: connection ConnectionID:13 ClientConnectionId: 8730b43a-ceb8-4c10-a32c-292c9409ce91 is alive
2026-08-06 15:40:54 DEBUG [EmployeeBankingHikariPool:housekeeper] com.zaxxer.hikari.pool.HikariPool - EmployeeBankingHikariPool - keepalive: connection ConnectionID:15 ClientConnectionId: 09c89294-0566-43f9-8365-44a2f845d99e is alive
2026-08-06 15:41:09 DEBUG [EmployeeBankingHikariPool:housekeeper] com.zaxxer.hikari.pool.HikariPool - EmployeeBankingHikariPool - Before cleanup stats (total=5/10, idle=5/5, active=0, waiting=0)
2026-08-06 15:41:09 DEBUG [EmployeeBankingHikariPool:housekeeper] com.zaxxer.hikari.pool.HikariPool - EmployeeBankingHikariPool - After  cleanup stats (total=5/10, idle=5/5, active=0, waiting=0)
2026-08-06 15:41:09 DEBUG [EmployeeBankingHikariPool:housekeeper] com.zaxxer.hikari.pool.HikariPool - EmployeeBankingHikariPool - Fill pool skipped, pool has sufficient level or currently being filled.
2026-08-06 15:41:11 DEBUG [EmployeeBankingHikariPool:housekeeper] com.zaxxer.hikari.pool.HikariPool - EmployeeBankingHikariPool - keepalive: connection ConnectionID:16 ClientConnectionId: 4c6268e9-d7c4-435f-b4f4-c46c48fd5c08 is alive
2026-08-06 15:41:30 DEBUG [EmployeeBankingHikariPool:housekeeper] com.zaxxer.hikari.pool.HikariPool - EmployeeBankingHikariPool - keepalive: connection ConnectionID:14 ClientConnectionId: 221e5863-b9f1-4454-829e-81e72c2c281a is alive
2026-08-06 15:41:39 DEBUG [EmployeeBankingHikariPool:housekeeper] com.zaxxer.hikari.pool.HikariPool - EmployeeBankingHikariPool - Before cleanup stats (total=5/10, idle=5/5, active=0, waiting=0)
2026-08-06 15:41:39 DEBUG [EmployeeBankingHikariPool:housekeeper] com.zaxxer.hikari.pool.HikariPool - EmployeeBankingHikariPool - After  cleanup stats (total=5/10, idle=5/5, active=0, waiting=0)
2026-08-06 15:41:39 DEBUG [EmployeeBankingHikariPool:housekeeper] com.zaxxer.hikari.pool.HikariPool - EmployeeBankingHikariPool - Fill pool skipped, pool has sufficient level or currently being filled.
2026-08-06 15:42:09 DEBUG [EmployeeBankingHikariPool:housekeeper] com.zaxxer.hikari.pool.HikariPool - EmployeeBankingHikariPool - Before cleanup stats (total=5/10, idle=5/5, active=0, waiting=0)
2026-08-06 15:42:09 DEBUG [EmployeeBankingHikariPool:housekeeper] com.zaxxer.hikari.pool.HikariPool - EmployeeBankingHikariPool - After  cleanup stats (total=5/10, idle=5/5, active=0, waiting=0)
2026-08-06 15:42:09 DEBUG [EmployeeBankingHikariPool:housekeeper] com.zaxxer.hikari.pool.HikariPool - EmployeeBankingHikariPool - Fill pool skipped, pool has sufficient level or currently being filled.
2026-08-06 15:42:10 DEBUG [EmployeeBankingHikariPool:housekeeper] com.zaxxer.hikari.pool.HikariPool - EmployeeBankingHikariPool - keepalive: connection ConnectionID:12 ClientConnectionId: f24fc7ce-4abf-42c8-bcc1-06dbedb8877a is alive
2026-08-06 15:42:32 DEBUG [EmployeeBankingHikariPool:housekeeper] com.zaxxer.hikari.pool.HikariPool - EmployeeBankingHikariPool - keepalive: connection ConnectionID:15 ClientConnectionId: 09c89294-0566-43f9-8365-44a2f845d99e is alive
2026-08-06 15:42:33 DEBUG [EmployeeBankingHikariPool:housekeeper] com.zaxxer.hikari.pool.HikariPool - EmployeeBankingHikariPool - keepalive: connection ConnectionID:13 ClientConnectionId: 8730b43a-ceb8-4c10-a32c-292c9409ce91 is alive
2026-08-06 15:42:39 DEBUG [EmployeeBankingHikariPool:housekeeper] com.zaxxer.hikari.pool.HikariPool - EmployeeBankingHikariPool - Before cleanup stats (total=5/10, idle=5/5, active=0, waiting=0)
2026-08-06 15:42:39 DEBUG [EmployeeBankingHikariPool:housekeeper] com.zaxxer.hikari.pool.HikariPool - EmployeeBankingHikariPool - After  cleanup stats (total=5/10, idle=5/5, active=0, waiting=0)
2026-08-06 15:42:39 DEBUG [EmployeeBankingHikariPool:housekeeper] com.zaxxer.hikari.pool.HikariPool - EmployeeBankingHikariPool - Fill pool skipped, pool has sufficient level or currently being filled.
2026-08-06 15:42:50 DEBUG [EmployeeBankingHikariPool:connection-closer] com.zaxxer.hikari.pool.PoolBase - EmployeeBankingHikariPool - Closing connection ConnectionID:12 ClientConnectionId: f24fc7ce-4abf-42c8-bcc1-06dbedb8877a: (connection has passed maxLifetime)
2026-08-06 15:42:50 DEBUG [EmployeeBankingHikariPool:connection-adder] com.zaxxer.hikari.pool.PoolBase - EmployeeBankingHikariPool - Attempting to create/setup new connection (453910a4-c74e-442c-928d-cd2a35ac59a0)
2026-08-06 15:42:50 DEBUG [EmployeeBankingHikariPool:connection-adder] com.zaxxer.hikari.pool.PoolBase - EmployeeBankingHikariPool - Established new connection (453910a4-c74e-442c-928d-cd2a35ac59a0)
2026-08-06 15:42:50 DEBUG [EmployeeBankingHikariPool:connection-adder] com.zaxxer.hikari.pool.HikariPool - EmployeeBankingHikariPool - Added connection ConnectionID:17 ClientConnectionId: de233756-5b8f-4075-aac6-3a888818b5b5
2026-08-06 15:42:56 INFO  [http-nio-8091-exec-5] c.t.e.controller.EmployeeController - Received request to create employee.
2026-08-06 15:42:56 INFO  [http-nio-8091-exec-5] c.t.e.service.EmployeeService - Creating employee with email: kiran@example.com
2026-08-06 15:42:56 DEBUG [http-nio-8091-exec-5] org.hibernate.SQL - 
    select
        top (?) e1_0.id 
    from
        employee_details5 e1_0 
    where
        e1_0.email=?
2026-08-06 15:42:56 TRACE [http-nio-8091-exec-5] org.hibernate.orm.jdbc.bind - binding parameter (1:INTEGER) <- [1]
2026-08-06 15:42:56 TRACE [http-nio-8091-exec-5] org.hibernate.orm.jdbc.bind - binding parameter (2:VARCHAR) <- [kiran@example.com]
2026-08-06 15:42:56 DEBUG [http-nio-8091-exec-5] org.hibernate.SQL - 
    insert 
    into
        employee_details5
        (department, email, name, salary) 
    values
        (?, ?, ?, ?)
2026-08-06 15:42:56 TRACE [http-nio-8091-exec-5] org.hibernate.orm.jdbc.bind - binding parameter (1:VARCHAR) <- [DEV]
2026-08-06 15:42:56 TRACE [http-nio-8091-exec-5] org.hibernate.orm.jdbc.bind - binding parameter (2:VARCHAR) <- [kiran@example.com]
2026-08-06 15:42:56 TRACE [http-nio-8091-exec-5] org.hibernate.orm.jdbc.bind - binding parameter (3:VARCHAR) <- [Kiran das]
2026-08-06 15:42:56 TRACE [http-nio-8091-exec-5] org.hibernate.orm.jdbc.bind - binding parameter (4:DOUBLE) <- [95000.0]
2026-08-06 15:42:57 DEBUG [EmployeeBankingHikariPool:housekeeper] com.zaxxer.hikari.pool.HikariPool - EmployeeBankingHikariPool - keepalive: connection ConnectionID:16 ClientConnectionId: 4c6268e9-d7c4-435f-b4f4-c46c48fd5c08 is alive
2026-08-06 15:43:09 DEBUG [EmployeeBankingHikariPool:housekeeper] com.zaxxer.hikari.pool.HikariPool - EmployeeBankingHikariPool - Before cleanup stats (total=5/10, idle=5/5, active=0, waiting=0)
2026-08-06 15:43:09 DEBUG [EmployeeBankingHikariPool:housekeeper] com.zaxxer.hikari.pool.HikariPool - EmployeeBankingHikariPool - After  cleanup stats (total=5/10, idle=5/5, active=0, waiting=0)
2026-08-06 15:43:09 DEBUG [EmployeeBankingHikariPool:housekeeper] com.zaxxer.hikari.pool.HikariPool - EmployeeBankingHikariPool - Fill pool skipped, pool has sufficient level or currently being filled.
2026-08-06 15:43:14 DEBUG [EmployeeBankingHikariPool:housekeeper] com.zaxxer.hikari.pool.HikariPool - EmployeeBankingHikariPool - keepalive: connection ConnectionID:14 ClientConnectionId: 221e5863-b9f1-4454-829e-81e72c2c281a is alive
2026-08-06 15:43:39 DEBUG [EmployeeBankingHikariPool:housekeeper] com.zaxxer.hikari.pool.HikariPool - EmployeeBankingHikariPool - Before cleanup stats (total=5/10, idle=5/5, active=0, waiting=0)
2026-08-06 15:43:39 DEBUG [EmployeeBankingHikariPool:housekeeper] com.zaxxer.hikari.pool.HikariPool - EmployeeBankingHikariPool - After  cleanup stats (total=5/10, idle=5/5, active=0, waiting=0)
2026-08-06 15:43:39 DEBUG [EmployeeBankingHikariPool:housekeeper] com.zaxxer.hikari.pool.HikariPool - EmployeeBankingHikariPool - Fill pool skipped, pool has sufficient level or currently being filled.
2026-08-06 15:43:56 DEBUG [EmployeeBankingHikariPool:connection-closer] com.zaxxer.hikari.pool.PoolBase - EmployeeBankingHikariPool - Closing connection ConnectionID:14 ClientConnectionId: 221e5863-b9f1-4454-829e-81e72c2c281a: (connection has passed maxLifetime)
2026-08-06 15:43:56 DEBUG [EmployeeBankingHikariPool:connection-adder] com.zaxxer.hikari.pool.PoolBase - EmployeeBankingHikariPool - Attempting to create/setup new connection (2541d4e8-7e1b-4375-bb06-ad644a7c5e28)
2026-08-06 15:43:57 DEBUG [EmployeeBankingHikariPool:connection-adder] com.zaxxer.hikari.pool.PoolBase - EmployeeBankingHikariPool - Established new connection (2541d4e8-7e1b-4375-bb06-ad644a7c5e28)
2026-08-06 15:43:57 DEBUG [EmployeeBankingHikariPool:connection-adder] com.zaxxer.hikari.pool.HikariPool - EmployeeBankingHikariPool - Added connection ConnectionID:18 ClientConnectionId: fd845906-80de-401f-8634-bac2ec1d837b
2026-08-06 15:44:09 DEBUG [EmployeeBankingHikariPool:housekeeper] com.zaxxer.hikari.pool.HikariPool - EmployeeBankingHikariPool - Before cleanup stats (total=5/10, idle=5/5, active=0, waiting=0)
2026-08-06 15:44:09 DEBUG [EmployeeBankingHikariPool:housekeeper] com.zaxxer.hikari.pool.HikariPool - EmployeeBankingHikariPool - After  cleanup stats (total=5/10, idle=5/5, active=0, waiting=0)
2026-08-06 15:44:09 DEBUG [EmployeeBankingHikariPool:housekeeper] com.zaxxer.hikari.pool.HikariPool - EmployeeBankingHikariPool - Fill pool skipped, pool has sufficient level or currently being filled.
2026-08-06 15:44:09 DEBUG [EmployeeBankingHikariPool:housekeeper] com.zaxxer.hikari.pool.HikariPool - EmployeeBankingHikariPool - keepalive: connection ConnectionID:15 ClientConnectionId: 09c89294-0566-43f9-8365-44a2f845d99e is alive
2026-08-06 15:44:13 DEBUG [EmployeeBankingHikariPool:connection-closer] com.zaxxer.hikari.pool.PoolBase - EmployeeBankingHikariPool - Closing connection ConnectionID:13 ClientConnectionId: 8730b43a-ceb8-4c10-a32c-292c9409ce91: (connection has passed maxLifetime)
2026-08-06 15:44:13 DEBUG [EmployeeBankingHikariPool:connection-adder] com.zaxxer.hikari.pool.PoolBase - EmployeeBankingHikariPool - Attempting to create/setup new connection (695b3957-f441-4649-8481-38864b1aebfe)
2026-08-06 15:44:13 DEBUG [EmployeeBankingHikariPool:connection-adder] com.zaxxer.hikari.pool.PoolBase - EmployeeBankingHikariPool - Established new connection (695b3957-f441-4649-8481-38864b1aebfe)
2026-08-06 15:44:13 DEBUG [EmployeeBankingHikariPool:connection-adder] com.zaxxer.hikari.pool.HikariPool - EmployeeBankingHikariPool - Added connection ConnectionID:19 ClientConnectionId: ad0cf9ac-62fe-4918-9040-a40d46b3f212
2026-08-06 15:44:31 DEBUG [EmployeeBankingHikariPool:housekeeper] com.zaxxer.hikari.pool.HikariPool - EmployeeBankingHikariPool - keepalive: connection ConnectionID:17 ClientConnectionId: de233756-5b8f-4075-aac6-3a888818b5b5 is alive
2026-08-06 15:44:39 DEBUG [EmployeeBankingHikariPool:housekeeper] com.zaxxer.hikari.pool.HikariPool - EmployeeBankingHikariPool - Before cleanup stats (total=5/10, idle=5/5, active=0, waiting=0)
2026-08-06 15:44:39 DEBUG [EmployeeBankingHikariPool:housekeeper] com.zaxxer.hikari.pool.HikariPool - EmployeeBankingHikariPool - After  cleanup stats (total=5/10, idle=5/5, active=0, waiting=0)
2026-08-06 15:44:39 DEBUG [EmployeeBankingHikariPool:housekeeper] com.zaxxer.hikari.pool.HikariPool - EmployeeBankingHikariPool - Fill pool skipped, pool has sufficient level or currently being filled.
2026-08-06 15:44:43 DEBUG [EmployeeBankingHikariPool:housekeeper] com.zaxxer.hikari.pool.HikariPool - EmployeeBankingHikariPool - keepalive: connection ConnectionID:16 ClientConnectionId: 4c6268e9-d7c4-435f-b4f4-c46c48fd5c08 is alive
2026-08-06 15:45:09 DEBUG [EmployeeBankingHikariPool:housekeeper] com.zaxxer.hikari.pool.HikariPool - EmployeeBankingHikariPool - Before cleanup stats (total=5/10, idle=5/5, active=0, waiting=0)
2026-08-06 15:45:09 DEBUG [EmployeeBankingHikariPool:housekeeper] com.zaxxer.hikari.pool.HikariPool - EmployeeBankingHikariPool - After  cleanup stats (total=5/10, idle=5/5, active=0, waiting=0)
2026-08-06 15:45:09 DEBUG [EmployeeBankingHikariPool:housekeeper] com.zaxxer.hikari.pool.HikariPool - EmployeeBankingHikariPool - Fill pool skipped, pool has sufficient level or currently being filled.
2026-08-06 15:45:39 DEBUG [EmployeeBankingHikariPool:housekeeper] com.zaxxer.hikari.pool.HikariPool - EmployeeBankingHikariPool - Before cleanup stats (total=5/10, idle=5/5, active=0, waiting=0)
2026-08-06 15:45:39 DEBUG [EmployeeBankingHikariPool:housekeeper] com.zaxxer.hikari.pool.HikariPool - EmployeeBankingHikariPool - After  cleanup stats (total=5/10, idle=5/5, active=0, waiting=0)
2026-08-06 15:45:39 DEBUG [EmployeeBankingHikariPool:housekeeper] com.zaxxer.hikari.pool.HikariPool - EmployeeBankingHikariPool - Fill pool skipped, pool has sufficient level or currently being filled.
2026-08-06 15:45:41 DEBUG [EmployeeBankingHikariPool:housekeeper] com.zaxxer.hikari.pool.HikariPool - EmployeeBankingHikariPool - keepalive: connection ConnectionID:18 ClientConnectionId: fd845906-80de-401f-8634-bac2ec1d837b is alive
2026-08-06 15:45:47 DEBUG [EmployeeBankingHikariPool:housekeeper] com.zaxxer.hikari.pool.HikariPool - EmployeeBankingHikariPool - keepalive: connection ConnectionID:15 ClientConnectionId: 09c89294-0566-43f9-8365-44a2f845d99e is alive
2026-08-06 15:46:00 DEBUG [EmployeeBankingHikariPool:housekeeper] com.zaxxer.hikari.pool.HikariPool - EmployeeBankingHikariPool - keepalive: connection ConnectionID:19 ClientConnectionId: ad0cf9ac-62fe-4918-9040-a40d46b3f212 is alive
2026-08-06 15:46:09 DEBUG [EmployeeBankingHikariPool:housekeeper] com.zaxxer.hikari.pool.HikariPool - EmployeeBankingHikariPool - Before cleanup stats (total=5/10, idle=5/5, active=0, waiting=0)
2026-08-06 15:46:09 DEBUG [EmployeeBankingHikariPool:housekeeper] com.zaxxer.hikari.pool.HikariPool - EmployeeBankingHikariPool - After  cleanup stats (total=5/10, idle=5/5, active=0, waiting=0)
2026-08-06 15:46:09 DEBUG [EmployeeBankingHikariPool:housekeeper] com.zaxxer.hikari.pool.HikariPool - EmployeeBankingHikariPool - Fill pool skipped, pool has sufficient level or currently being filled.
2026-08-06 15:46:12 DEBUG [EmployeeBankingHikariPool:housekeeper] com.zaxxer.hikari.pool.HikariPool - EmployeeBankingHikariPool - keepalive: connection ConnectionID:17 ClientConnectionId: de233756-5b8f-4075-aac6-3a888818b5b5 is alive
2026-08-06 15:46:28 DEBUG [EmployeeBankingHikariPool:housekeeper] com.zaxxer.hikari.pool.HikariPool - EmployeeBankingHikariPool - keepalive: connection ConnectionID:16 ClientConnectionId: 4c6268e9-d7c4-435f-b4f4-c46c48fd5c08 is alive
2026-08-06 15:46:39 DEBUG [EmployeeBankingHikariPool:housekeeper] com.zaxxer.hikari.pool.HikariPool - EmployeeBankingHikariPool - Before cleanup stats (total=5/10, idle=5/5, active=0, waiting=0)
2026-08-06 15:46:39 DEBUG [EmployeeBankingHikariPool:housekeeper] com.zaxxer.hikari.pool.HikariPool - EmployeeBankingHikariPool - After  cleanup stats (total=5/10, idle=5/5, active=0, waiting=0)
2026-08-06 15:46:39 DEBUG [EmployeeBankingHikariPool:housekeeper] com.zaxxer.hikari.pool.HikariPool - EmployeeBankingHikariPool - Fill pool skipped, pool has sufficient level or currently being filled.
2026-08-06 15:47:09 DEBUG [EmployeeBankingHikariPool:housekeeper] com.zaxxer.hikari.pool.HikariPool - EmployeeBankingHikariPool - Before cleanup stats (total=5/10, idle=5/5, active=0, waiting=0)
2026-08-06 15:47:09 DEBUG [EmployeeBankingHikariPool:housekeeper] com.zaxxer.hikari.pool.HikariPool - EmployeeBankingHikariPool - After  cleanup stats (total=5/10, idle=5/5, active=0, waiting=0)
2026-08-06 15:47:09 DEBUG [EmployeeBankingHikariPool:housekeeper] com.zaxxer.hikari.pool.HikariPool - EmployeeBankingHikariPool - Fill pool skipped, pool has sufficient level or currently being filled.
2026-08-06 15:47:25 DEBUG [EmployeeBankingHikariPool:housekeeper] com.zaxxer.hikari.pool.HikariPool - EmployeeBankingHikariPool - keepalive: connection ConnectionID:15 ClientConnectionId: 09c89294-0566-43f9-8365-44a2f845d99e is alive
2026-08-06 15:47:25 DEBUG [EmployeeBankingHikariPool:housekeeper] com.zaxxer.hikari.pool.HikariPool - EmployeeBankingHikariPool - keepalive: connection ConnectionID:18 ClientConnectionId: fd845906-80de-401f-8634-bac2ec1d837b is alive
2026-08-06 15:47:39 DEBUG [EmployeeBankingHikariPool:housekeeper] com.zaxxer.hikari.pool.HikariPool - EmployeeBankingHikariPool - Before cleanup stats (total=5/10, idle=5/5, active=0, waiting=0)
2026-08-06 15:47:39 DEBUG [EmployeeBankingHikariPool:housekeeper] com.zaxxer.hikari.pool.HikariPool - EmployeeBankingHikariPool - After  cleanup stats (total=5/10, idle=5/5, active=0, waiting=0)
2026-08-06 15:47:39 DEBUG [EmployeeBankingHikariPool:housekeeper] com.zaxxer.hikari.pool.HikariPool - EmployeeBankingHikariPool - Fill pool skipped, pool has sufficient level or currently being filled.
2026-08-06 15:47:40 DEBUG [EmployeeBankingHikariPool:connection-closer] com.zaxxer.hikari.pool.PoolBase - EmployeeBankingHikariPool - Closing connection ConnectionID:15 ClientConnectionId: 09c89294-0566-43f9-8365-44a2f845d99e: (connection has passed maxLifetime)
2026-08-06 15:47:40 DEBUG [EmployeeBankingHikariPool:connection-adder] com.zaxxer.hikari.pool.PoolBase - EmployeeBankingHikariPool - Attempting to create/setup new connection (35f5917d-e3a1-4610-8c6f-b728c068a7d1)
2026-08-06 15:47:40 DEBUG [EmployeeBankingHikariPool:connection-adder] com.zaxxer.hikari.pool.PoolBase - EmployeeBankingHikariPool - Established new connection (35f5917d-e3a1-4610-8c6f-b728c068a7d1)
2026-08-06 15:47:40 DEBUG [EmployeeBankingHikariPool:connection-adder] com.zaxxer.hikari.pool.HikariPool - EmployeeBankingHikariPool - Added connection ConnectionID:20 ClientConnectionId: 8eaccd30-7769-435d-9e6e-dc95e554157f
2026-08-06 15:47:47 DEBUG [EmployeeBankingHikariPool:housekeeper] com.zaxxer.hikari.pool.HikariPool - EmployeeBankingHikariPool - keepalive: connection ConnectionID:19 ClientConnectionId: ad0cf9ac-62fe-4918-9040-a40d46b3f212 is alive
2026-08-06 15:47:52 DEBUG [EmployeeBankingHikariPool:housekeeper] com.zaxxer.hikari.pool.HikariPool - EmployeeBankingHikariPool - keepalive: connection ConnectionID:17 ClientConnectionId: de233756-5b8f-4075-aac6-3a888818b5b5 is alive
2026-08-06 15:48:09 DEBUG [EmployeeBankingHikariPool:housekeeper] com.zaxxer.hikari.pool.HikariPool - EmployeeBankingHikariPool - Before cleanup stats (total=5/10, idle=5/5, active=0, waiting=0)
2026-08-06 15:48:09 DEBUG [EmployeeBankingHikariPool:housekeeper] com.zaxxer.hikari.pool.HikariPool - EmployeeBankingHikariPool - After  cleanup stats (total=5/10, idle=5/5, active=0, waiting=0)
2026-08-06 15:48:09 DEBUG [EmployeeBankingHikariPool:housekeeper] com.zaxxer.hikari.pool.HikariPool - EmployeeBankingHikariPool - Fill pool skipped, pool has sufficient level or currently being filled.
2026-08-06 15:48:14 DEBUG [EmployeeBankingHikariPool:housekeeper] com.zaxxer.hikari.pool.HikariPool - EmployeeBankingHikariPool - keepalive: connection ConnectionID:16 ClientConnectionId: 4c6268e9-d7c4-435f-b4f4-c46c48fd5c08 is alive
2026-08-06 15:48:15 INFO  [http-nio-8091-exec-8] c.t.e.controller.AccountController - Received withdraw request for account id: 1
2026-08-06 15:48:15 INFO  [http-nio-8091-exec-8] c.t.e.service.AccountService - Withdrawing 1000.0 from account id: 1
2026-08-06 15:48:15 DEBUG [http-nio-8091-exec-8] org.hibernate.SQL - 
    select
        a1_0.id,
        a1_0.account_holder_name,
        a1_0.account_number,
        a1_0.balance 
    from
        account_details5 a1_0 
    where
        a1_0.id=?
2026-08-06 15:48:15 TRACE [http-nio-8091-exec-8] org.hibernate.orm.jdbc.bind - binding parameter (1:INTEGER) <- [1]
2026-08-06 15:48:15 DEBUG [http-nio-8091-exec-8] org.hibernate.SQL - 
    update
        account_details5 
    set
        account_holder_name=?,
        account_number=?,
        balance=? 
    where
        id=?
2026-08-06 15:48:15 TRACE [http-nio-8091-exec-8] org.hibernate.orm.jdbc.bind - binding parameter (1:VARCHAR) <- [Satya Prakash]
2026-08-06 15:48:15 TRACE [http-nio-8091-exec-8] org.hibernate.orm.jdbc.bind - binding parameter (2:VARCHAR) <- [ACC123456]
2026-08-06 15:48:15 TRACE [http-nio-8091-exec-8] org.hibernate.orm.jdbc.bind - binding parameter (3:DOUBLE) <- [24000.0]
2026-08-06 15:48:15 TRACE [http-nio-8091-exec-8] org.hibernate.orm.jdbc.bind - binding parameter (4:INTEGER) <- [1]
2026-08-06 15:48:39 DEBUG [EmployeeBankingHikariPool:housekeeper] com.zaxxer.hikari.pool.HikariPool - EmployeeBankingHikariPool - Before cleanup stats (total=5/10, idle=5/5, active=0, waiting=0)
2026-08-06 15:48:39 DEBUG [EmployeeBankingHikariPool:housekeeper] com.zaxxer.hikari.pool.HikariPool - EmployeeBankingHikariPool - After  cleanup stats (total=5/10, idle=5/5, active=0, waiting=0)
2026-08-06 15:48:39 DEBUG [EmployeeBankingHikariPool:housekeeper] com.zaxxer.hikari.pool.HikariPool - EmployeeBankingHikariPool - Fill pool skipped, pool has sufficient level or currently being filled.
2026-08-06 15:49:09 DEBUG [EmployeeBankingHikariPool:housekeeper] com.zaxxer.hikari.pool.HikariPool - EmployeeBankingHikariPool - Before cleanup stats (total=5/10, idle=5/5, active=0, waiting=0)
2026-08-06 15:49:09 DEBUG [EmployeeBankingHikariPool:housekeeper] com.zaxxer.hikari.pool.HikariPool - EmployeeBankingHikariPool - After  cleanup stats (total=5/10, idle=5/5, active=0, waiting=0)
2026-08-06 15:49:09 DEBUG [EmployeeBankingHikariPool:housekeeper] com.zaxxer.hikari.pool.HikariPool - EmployeeBankingHikariPool - Fill pool skipped, pool has sufficient level or currently being filled.
2026-08-06 15:49:10 DEBUG [EmployeeBankingHikariPool:housekeeper] com.zaxxer.hikari.pool.HikariPool - EmployeeBankingHikariPool - keepalive: connection ConnectionID:18 ClientConnectionId: fd845906-80de-401f-8634-bac2ec1d837b is alive
2026-08-06 15:49:27 INFO  [http-nio-8091-exec-1] c.t.e.controller.AccountController - Received withdraw request for account id: 1
2026-08-06 15:49:27 INFO  [http-nio-8091-exec-1] c.t.e.service.AccountService - Withdrawing 1000.0 from account id: 1
2026-08-06 15:49:27 DEBUG [http-nio-8091-exec-1] org.hibernate.SQL - 
    select
        a1_0.id,
        a1_0.account_holder_name,
        a1_0.account_number,
        a1_0.balance 
    from
        account_details5 a1_0 
    where
        a1_0.id=?
2026-08-06 15:49:27 TRACE [http-nio-8091-exec-1] org.hibernate.orm.jdbc.bind - binding parameter (1:INTEGER) <- [1]
2026-08-06 15:49:27 DEBUG [http-nio-8091-exec-1] org.hibernate.SQL - 
    update
        account_details5 
    set
        account_holder_name=?,
        account_number=?,
        balance=? 
    where
        id=?
2026-08-06 15:49:27 TRACE [http-nio-8091-exec-1] org.hibernate.orm.jdbc.bind - binding parameter (1:VARCHAR) <- [Satya Prakash]
2026-08-06 15:49:27 TRACE [http-nio-8091-exec-1] org.hibernate.orm.jdbc.bind - binding parameter (2:VARCHAR) <- [ACC123456]
2026-08-06 15:49:27 TRACE [http-nio-8091-exec-1] org.hibernate.orm.jdbc.bind - binding parameter (3:DOUBLE) <- [23000.0]
2026-08-06 15:49:27 TRACE [http-nio-8091-exec-1] org.hibernate.orm.jdbc.bind - binding parameter (4:INTEGER) <- [1]
2026-08-06 15:49:33 DEBUG [EmployeeBankingHikariPool:housekeeper] com.zaxxer.hikari.pool.HikariPool - EmployeeBankingHikariPool - keepalive: connection ConnectionID:17 ClientConnectionId: de233756-5b8f-4075-aac6-3a888818b5b5 is alive
2026-08-06 15:49:34 DEBUG [EmployeeBankingHikariPool:housekeeper] com.zaxxer.hikari.pool.HikariPool - EmployeeBankingHikariPool - keepalive: connection ConnectionID:19 ClientConnectionId: ad0cf9ac-62fe-4918-9040-a40d46b3f212 is alive
2026-08-06 15:49:34 DEBUG [EmployeeBankingHikariPool:housekeeper] com.zaxxer.hikari.pool.HikariPool - EmployeeBankingHikariPool - keepalive: connection ConnectionID:20 ClientConnectionId: 8eaccd30-7769-435d-9e6e-dc95e554157f is alive
2026-08-06 15:49:39 DEBUG [EmployeeBankingHikariPool:housekeeper] com.zaxxer.hikari.pool.HikariPool - EmployeeBankingHikariPool - Before cleanup stats (total=5/10, idle=5/5, active=0, waiting=0)
2026-08-06 15:49:39 DEBUG [EmployeeBankingHikariPool:housekeeper] com.zaxxer.hikari.pool.HikariPool - EmployeeBankingHikariPool - After  cleanup stats (total=5/10, idle=5/5, active=0, waiting=0)
2026-08-06 15:49:39 DEBUG [EmployeeBankingHikariPool:housekeeper] com.zaxxer.hikari.pool.HikariPool - EmployeeBankingHikariPool - Fill pool skipped, pool has sufficient level or currently being filled.
2026-08-06 15:50:00 DEBUG [EmployeeBankingHikariPool:housekeeper] com.zaxxer.hikari.pool.HikariPool - EmployeeBankingHikariPool - keepalive: connection ConnectionID:16 ClientConnectionId: 4c6268e9-d7c4-435f-b4f4-c46c48fd5c08 is alive
2026-08-06 15:50:02 INFO  [http-nio-8091-exec-2] c.t.e.controller.AccountController - Received balance request for account id: 1
2026-08-06 15:50:09 DEBUG [EmployeeBankingHikariPool:housekeeper] com.zaxxer.hikari.pool.HikariPool - EmployeeBankingHikariPool - Before cleanup stats (total=5/10, idle=5/5, active=0, waiting=0)
2026-08-06 15:50:09 DEBUG [EmployeeBankingHikariPool:housekeeper] com.zaxxer.hikari.pool.HikariPool - EmployeeBankingHikariPool - After  cleanup stats (total=5/10, idle=5/5, active=0, waiting=0)
2026-08-06 15:50:09 DEBUG [EmployeeBankingHikariPool:housekeeper] com.zaxxer.hikari.pool.HikariPool - EmployeeBankingHikariPool - Fill pool skipped, pool has sufficient level or currently being filled.
2026-08-06 15:50:39 DEBUG [EmployeeBankingHikariPool:housekeeper] com.zaxxer.hikari.pool.HikariPool - EmployeeBankingHikariPool - Before cleanup stats (total=5/10, idle=5/5, active=0, waiting=0)
2026-08-06 15:50:39 DEBUG [EmployeeBankingHikariPool:housekeeper] com.zaxxer.hikari.pool.HikariPool - EmployeeBankingHikariPool - After  cleanup stats (total=5/10, idle=5/5, active=0, waiting=0)
2026-08-06 15:50:39 DEBUG [EmployeeBankingHikariPool:housekeeper] com.zaxxer.hikari.pool.HikariPool - EmployeeBankingHikariPool - Fill pool skipped, pool has sufficient level or currently being filled.
2026-08-06 15:50:54 DEBUG [EmployeeBankingHikariPool:housekeeper] com.zaxxer.hikari.pool.HikariPool - EmployeeBankingHikariPool - keepalive: connection ConnectionID:18 ClientConnectionId: fd845906-80de-401f-8634-bac2ec1d837b is alive
2026-08-06 15:51:09 DEBUG [EmployeeBankingHikariPool:housekeeper] com.zaxxer.hikari.pool.HikariPool - EmployeeBankingHikariPool - Before cleanup stats (total=5/10, idle=5/5, active=0, waiting=0)
2026-08-06 15:51:09 DEBUG [EmployeeBankingHikariPool:housekeeper] com.zaxxer.hikari.pool.HikariPool - EmployeeBankingHikariPool - After  cleanup stats (total=5/10, idle=5/5, active=0, waiting=0)
2026-08-06 15:51:09 DEBUG [EmployeeBankingHikariPool:housekeeper] com.zaxxer.hikari.pool.HikariPool - EmployeeBankingHikariPool - Fill pool skipped, pool has sufficient level or currently being filled.
2026-08-06 15:51:14 DEBUG [EmployeeBankingHikariPool:housekeeper] com.zaxxer.hikari.pool.HikariPool - EmployeeBankingHikariPool - keepalive: connection ConnectionID:17 ClientConnectionId: de233756-5b8f-4075-aac6-3a888818b5b5 is alive
2026-08-06 15:51:20 DEBUG [EmployeeBankingHikariPool:housekeeper] com.zaxxer.hikari.pool.HikariPool - EmployeeBankingHikariPool - keepalive: connection ConnectionID:19 ClientConnectionId: ad0cf9ac-62fe-4918-9040-a40d46b3f212 is alive
2026-08-06 15:51:29 DEBUG [EmployeeBankingHikariPool:housekeeper] com.zaxxer.hikari.pool.HikariPool - EmployeeBankingHikariPool - keepalive: connection ConnectionID:20 ClientConnectionId: 8eaccd30-7769-435d-9e6e-dc95e554157f is alive
2026-08-06 15:51:39 DEBUG [EmployeeBankingHikariPool:housekeeper] com.zaxxer.hikari.pool.HikariPool - EmployeeBankingHikariPool - Before cleanup stats (total=5/10, idle=5/5, active=0, waiting=0)
2026-08-06 15:51:39 DEBUG [EmployeeBankingHikariPool:housekeeper] com.zaxxer.hikari.pool.HikariPool - EmployeeBankingHikariPool - After  cleanup stats (total=5/10, idle=5/5, active=0, waiting=0)
2026-08-06 15:51:39 DEBUG [EmployeeBankingHikariPool:housekeeper] com.zaxxer.hikari.pool.HikariPool - EmployeeBankingHikariPool - Fill pool skipped, pool has sufficient level or currently being filled.
2026-08-06 15:51:45 DEBUG [EmployeeBankingHikariPool:housekeeper] com.zaxxer.hikari.pool.HikariPool - EmployeeBankingHikariPool - keepalive: connection ConnectionID:16 ClientConnectionId: 4c6268e9-d7c4-435f-b4f4-c46c48fd5c08 is alive
2026-08-06 15:52:09 DEBUG [EmployeeBankingHikariPool:housekeeper] com.zaxxer.hikari.pool.HikariPool - EmployeeBankingHikariPool - Before cleanup stats (total=5/10, idle=5/5, active=0, waiting=0)
2026-08-06 15:52:09 DEBUG [EmployeeBankingHikariPool:housekeeper] com.zaxxer.hikari.pool.HikariPool - EmployeeBankingHikariPool - After  cleanup stats (total=5/10, idle=5/5, active=0, waiting=0)
2026-08-06 15:52:09 DEBUG [EmployeeBankingHikariPool:housekeeper] com.zaxxer.hikari.pool.HikariPool - EmployeeBankingHikariPool - Fill pool skipped, pool has sufficient level or currently being filled.
2026-08-06 15:52:39 DEBUG [EmployeeBankingHikariPool:housekeeper] com.zaxxer.hikari.pool.HikariPool - EmployeeBankingHikariPool - keepalive: connection ConnectionID:18 ClientConnectionId: fd845906-80de-401f-8634-bac2ec1d837b is alive
2026-08-06 15:52:39 DEBUG [EmployeeBankingHikariPool:housekeeper] com.zaxxer.hikari.pool.HikariPool - EmployeeBankingHikariPool - Before cleanup stats (total=5/10, idle=5/5, active=0, waiting=0)
2026-08-06 15:52:39 DEBUG [EmployeeBankingHikariPool:housekeeper] com.zaxxer.hikari.pool.HikariPool - EmployeeBankingHikariPool - After  cleanup stats (total=5/10, idle=5/5, active=0, waiting=0)
2026-08-06 15:52:39 DEBUG [EmployeeBankingHikariPool:housekeeper] com.zaxxer.hikari.pool.HikariPool - EmployeeBankingHikariPool - Fill pool skipped, pool has sufficient level or currently being filled.
2026-08-06 15:52:45 INFO  [http-nio-8091-exec-5] c.t.e.controller.EmployeeController - Received request to create employee.
2026-08-06 15:52:45 INFO  [http-nio-8091-exec-5] c.t.e.service.EmployeeService - Creating employee with email: abinash@example.com
2026-08-06 15:52:45 DEBUG [http-nio-8091-exec-5] org.hibernate.SQL - 
    select
        top (?) e1_0.id 
    from
        employee_details5 e1_0 
    where
        e1_0.email=?
2026-08-06 15:52:45 TRACE [http-nio-8091-exec-5] org.hibernate.orm.jdbc.bind - binding parameter (1:INTEGER) <- [1]
2026-08-06 15:52:45 TRACE [http-nio-8091-exec-5] org.hibernate.orm.jdbc.bind - binding parameter (2:VARCHAR) <- [abinash@example.com]
2026-08-06 15:52:45 DEBUG [http-nio-8091-exec-5] org.hibernate.SQL - 
    insert 
    into
        employee_details5
        (department, email, name, salary) 
    values
        (?, ?, ?, ?)
2026-08-06 15:52:45 TRACE [http-nio-8091-exec-5] org.hibernate.orm.jdbc.bind - binding parameter (1:VARCHAR) <- [DEV]
2026-08-06 15:52:45 TRACE [http-nio-8091-exec-5] org.hibernate.orm.jdbc.bind - binding parameter (2:VARCHAR) <- [abinash@example.com]
2026-08-06 15:52:45 TRACE [http-nio-8091-exec-5] org.hibernate.orm.jdbc.bind - binding parameter (3:VARCHAR) <- [abinash das]
2026-08-06 15:52:45 TRACE [http-nio-8091-exec-5] org.hibernate.orm.jdbc.bind - binding parameter (4:DOUBLE) <- [95000.0]
2026-08-06 15:52:54 DEBUG [EmployeeBankingHikariPool:housekeeper] com.zaxxer.hikari.pool.HikariPool - EmployeeBankingHikariPool - keepalive: connection ConnectionID:17 ClientConnectionId: de233756-5b8f-4075-aac6-3a888818b5b5 is alive
2026-08-06 15:53:07 DEBUG [EmployeeBankingHikariPool:housekeeper] com.zaxxer.hikari.pool.HikariPool - EmployeeBankingHikariPool - keepalive: connection ConnectionID:19 ClientConnectionId: ad0cf9ac-62fe-4918-9040-a40d46b3f212 is alive
2026-08-06 15:53:09 DEBUG [EmployeeBankingHikariPool:housekeeper] com.zaxxer.hikari.pool.HikariPool - EmployeeBankingHikariPool - Before cleanup stats (total=5/10, idle=5/5, active=0, waiting=0)
2026-08-06 15:53:09 DEBUG [EmployeeBankingHikariPool:housekeeper] com.zaxxer.hikari.pool.HikariPool - EmployeeBankingHikariPool - After  cleanup stats (total=5/10, idle=5/5, active=0, waiting=0)
2026-08-06 15:53:09 DEBUG [EmployeeBankingHikariPool:housekeeper] com.zaxxer.hikari.pool.HikariPool - EmployeeBankingHikariPool - Fill pool skipped, pool has sufficient level or currently being filled.
2026-08-06 15:53:24 DEBUG [EmployeeBankingHikariPool:housekeeper] com.zaxxer.hikari.pool.HikariPool - EmployeeBankingHikariPool - keepalive: connection ConnectionID:20 ClientConnectionId: 8eaccd30-7769-435d-9e6e-dc95e554157f is alive
2026-08-06 15:53:31 DEBUG [EmployeeBankingHikariPool:housekeeper] com.zaxxer.hikari.pool.HikariPool - EmployeeBankingHikariPool - keepalive: connection ConnectionID:16 ClientConnectionId: 4c6268e9-d7c4-435f-b4f4-c46c48fd5c08 is alive
2026-08-06 15:53:39 DEBUG [EmployeeBankingHikariPool:housekeeper] com.zaxxer.hikari.pool.HikariPool - EmployeeBankingHikariPool - Before cleanup stats (total=5/10, idle=5/5, active=0, waiting=0)
2026-08-06 15:53:39 DEBUG [EmployeeBankingHikariPool:housekeeper] com.zaxxer.hikari.pool.HikariPool - EmployeeBankingHikariPool - After  cleanup stats (total=5/10, idle=5/5, active=0, waiting=0)
2026-08-06 15:53:39 DEBUG [EmployeeBankingHikariPool:housekeeper] com.zaxxer.hikari.pool.HikariPool - EmployeeBankingHikariPool - Fill pool skipped, pool has sufficient level or currently being filled.
2026-08-06 15:53:51 ERROR [http-nio-8091-exec-8] c.t.e.e.GlobalExceptionHandler - Unexpected exception
org.springframework.http.converter.HttpMessageNotReadableException: JSON parse error: Unrecognized token 's95000': was expecting (JSON String, Number, Array, Object or token 'null', 'true' or 'false')
	at org.springframework.http.converter.json.AbstractJackson2HttpMessageConverter.readJavaType(AbstractJackson2HttpMessageConverter.java:408)
	at org.springframework.http.converter.json.AbstractJackson2HttpMessageConverter.read(AbstractJackson2HttpMessageConverter.java:356)
	at org.springframework.web.servlet.mvc.method.annotation.AbstractMessageConverterMethodArgumentResolver.readWithMessageConverters(AbstractMessageConverterMethodArgumentResolver.java:204)
	at org.springframework.web.servlet.mvc.method.annotation.RequestResponseBodyMethodProcessor.readWithMessageConverters(RequestResponseBodyMethodProcessor.java:176)
	at org.springframework.web.servlet.mvc.method.annotation.RequestResponseBodyMethodProcessor.resolveArgument(RequestResponseBodyMethodProcessor.java:150)
	at org.springframework.web.method.support.HandlerMethodArgumentResolverComposite.resolveArgument(HandlerMethodArgumentResolverComposite.java:122)
	at org.springframework.web.method.support.InvocableHandlerMethod.getMethodArgumentValues(InvocableHandlerMethod.java:227)
	at org.springframework.web.method.support.InvocableHandlerMethod.invokeForRequest(InvocableHandlerMethod.java:181)
	at org.springframework.web.servlet.mvc.method.annotation.ServletInvocableHandlerMethod.invokeAndHandle(ServletInvocableHandlerMethod.java:118)
	at org.springframework.web.servlet.mvc.method.annotation.RequestMappingHandlerAdapter.invokeHandlerMethod(RequestMappingHandlerAdapter.java:991)
	at org.springframework.web.servlet.mvc.method.annotation.RequestMappingHandlerAdapter.handleInternal(RequestMappingHandlerAdapter.java:896)
	at org.springframework.web.servlet.mvc.method.AbstractHandlerMethodAdapter.handle(AbstractHandlerMethodAdapter.java:87)
	at org.springframework.web.servlet.DispatcherServlet.doDispatch(DispatcherServlet.java:1089)
	at org.springframework.web.servlet.DispatcherServlet.doService(DispatcherServlet.java:979)
	at org.springframework.web.servlet.FrameworkServlet.processRequest(FrameworkServlet.java:1014)
	at org.springframework.web.servlet.FrameworkServlet.doPost(FrameworkServlet.java:914)
	at jakarta.servlet.http.HttpServlet.service(HttpServlet.java:590)
	at org.springframework.web.servlet.FrameworkServlet.service(FrameworkServlet.java:885)
	at jakarta.servlet.http.HttpServlet.service(HttpServlet.java:658)
	at org.apache.catalina.core.ApplicationFilterChain.internalDoFilter(ApplicationFilterChain.java:195)
	at org.apache.catalina.core.ApplicationFilterChain.doFilter(ApplicationFilterChain.java:140)
	at org.apache.tomcat.websocket.server.WsFilter.doFilter(WsFilter.java:51)
	at org.apache.catalina.core.ApplicationFilterChain.internalDoFilter(ApplicationFilterChain.java:164)
	at org.apache.catalina.core.ApplicationFilterChain.doFilter(ApplicationFilterChain.java:140)
	at org.springframework.web.filter.RequestContextFilter.doFilterInternal(RequestContextFilter.java:100)
	at org.springframework.web.filter.OncePerRequestFilter.doFilter(OncePerRequestFilter.java:116)
	at org.apache.catalina.core.ApplicationFilterChain.internalDoFilter(ApplicationFilterChain.java:164)
	at org.apache.catalina.core.ApplicationFilterChain.doFilter(ApplicationFilterChain.java:140)
	at org.springframework.web.filter.FormContentFilter.doFilterInternal(FormContentFilter.java:93)
	at org.springframework.web.filter.OncePerRequestFilter.doFilter(OncePerRequestFilter.java:116)
	at org.apache.catalina.core.ApplicationFilterChain.internalDoFilter(ApplicationFilterChain.java:164)
	at org.apache.catalina.core.ApplicationFilterChain.doFilter(ApplicationFilterChain.java:140)
	at org.springframework.web.filter.ServerHttpObservationFilter.doFilterInternal(ServerHttpObservationFilter.java:110)
	at org.springframework.web.filter.OncePerRequestFilter.doFilter(OncePerRequestFilter.java:116)
	at org.apache.catalina.core.ApplicationFilterChain.internalDoFilter(ApplicationFilterChain.java:164)
	at org.apache.catalina.core.ApplicationFilterChain.doFilter(ApplicationFilterChain.java:140)
	at org.springframework.web.filter.CharacterEncodingFilter.doFilterInternal(CharacterEncodingFilter.java:201)
	at org.springframework.web.filter.OncePerRequestFilter.doFilter(OncePerRequestFilter.java:116)
	at org.apache.catalina.core.ApplicationFilterChain.internalDoFilter(ApplicationFilterChain.java:164)
	at org.apache.catalina.core.ApplicationFilterChain.doFilter(ApplicationFilterChain.java:140)
	at org.apache.catalina.core.StandardWrapperValve.invoke(StandardWrapperValve.java:167)
	at org.apache.catalina.core.StandardContextValve.invoke(StandardContextValve.java:90)
	at org.apache.catalina.authenticator.AuthenticatorBase.invoke(AuthenticatorBase.java:483)
	at org.apache.catalina.core.StandardHostValve.invoke(StandardHostValve.java:116)
	at org.apache.catalina.valves.ErrorReportValve.invoke(ErrorReportValve.java:93)
	at org.apache.catalina.core.StandardEngineValve.invoke(StandardEngineValve.java:74)
	at org.apache.catalina.connector.CoyoteAdapter.service(CoyoteAdapter.java:344)
	at org.apache.coyote.http11.Http11Processor.service(Http11Processor.java:398)
	at org.apache.coyote.AbstractProcessorLight.process(AbstractProcessorLight.java:63)
	at org.apache.coyote.AbstractProtocol$ConnectionHandler.process(AbstractProtocol.java:903)
	at org.apache.tomcat.util.net.NioEndpoint$SocketProcessor.doRun(NioEndpoint.java:1769)
	at org.apache.tomcat.util.net.SocketProcessorBase.run(SocketProcessorBase.java:52)
	at org.apache.tomcat.util.threads.ThreadPoolExecutor.runWorker(ThreadPoolExecutor.java:1189)
	at org.apache.tomcat.util.threads.ThreadPoolExecutor$Worker.run(ThreadPoolExecutor.java:658)
	at org.apache.tomcat.util.threads.TaskThread$WrappingRunnable.run(TaskThread.java:63)
	at java.base/java.lang.Thread.run(Thread.java:1583)
Caused by: com.fasterxml.jackson.core.JsonParseException: Unrecognized token 's95000': was expecting (JSON String, Number, Array, Object or token 'null', 'true' or 'false')
 at [Source: REDACTED (`StreamReadFeature.INCLUDE_SOURCE_IN_LOCATION` disabled); line: 5, column: 20]
	at com.fasterxml.jackson.core.JsonParser._constructError(JsonParser.java:2596)
	at com.fasterxml.jackson.core.JsonParser._constructReadException(JsonParser.java:2622)
	at com.fasterxml.jackson.core.JsonParser._constructReadException(JsonParser.java:2630)
	at com.fasterxml.jackson.core.base.ParserMinimalBase._reportError(ParserMinimalBase.java:830)
	at com.fasterxml.jackson.core.json.UTF8StreamJsonParser._reportInvalidToken(UTF8StreamJsonParser.java:3662)
	at com.fasterxml.jackson.core.json.UTF8StreamJsonParser._handleUnexpectedValue(UTF8StreamJsonParser.java:2749)
	at com.fasterxml.jackson.core.json.UTF8StreamJsonParser.nextFieldName(UTF8StreamJsonParser.java:1098)
	at com.fasterxml.jackson.databind.deser.BeanDeserializer.deserializeFromObject(BeanDeserializer.java:399)
	at com.fasterxml.jackson.databind.deser.BeanDeserializer.deserialize(BeanDeserializer.java:177)
	at com.fasterxml.jackson.databind.deser.DefaultDeserializationContext.readRootValue(DefaultDeserializationContext.java:342)
	at com.fasterxml.jackson.databind.ObjectReader._bindAndClose(ObjectReader.java:2130)
	at com.fasterxml.jackson.databind.ObjectReader.readValue(ObjectReader.java:1500)
	at org.springframework.http.converter.json.AbstractJackson2HttpMessageConverter.readJavaType(AbstractJackson2HttpMessageConverter.java:397)
	... 55 common frames omitted
2026-08-06 15:54:09 DEBUG [EmployeeBankingHikariPool:housekeeper] com.zaxxer.hikari.pool.HikariPool - EmployeeBankingHikariPool - Before cleanup stats (total=5/10, idle=5/5, active=0, waiting=0)
2026-08-06 15:54:09 DEBUG [EmployeeBankingHikariPool:housekeeper] com.zaxxer.hikari.pool.HikariPool - EmployeeBankingHikariPool - After  cleanup stats (total=5/10, idle=5/5, active=0, waiting=0)
2026-08-06 15:54:09 DEBUG [EmployeeBankingHikariPool:housekeeper] com.zaxxer.hikari.pool.HikariPool - EmployeeBankingHikariPool - Fill pool skipped, pool has sufficient level or currently being filled.
2026-08-06 15:54:23 DEBUG [EmployeeBankingHikariPool:housekeeper] com.zaxxer.hikari.pool.HikariPool - EmployeeBankingHikariPool - keepalive: connection ConnectionID:18 ClientConnectionId: fd845906-80de-401f-8634-bac2ec1d837b is alive
2026-08-06 15:54:35 DEBUG [EmployeeBankingHikariPool:housekeeper] com.zaxxer.hikari.pool.HikariPool - EmployeeBankingHikariPool - keepalive: connection ConnectionID:17 ClientConnectionId: de233756-5b8f-4075-aac6-3a888818b5b5 is alive
2026-08-06 15:54:39 DEBUG [EmployeeBankingHikariPool:housekeeper] com.zaxxer.hikari.pool.HikariPool - EmployeeBankingHikariPool - Before cleanup stats (total=5/10, idle=5/5, active=0, waiting=0)
2026-08-06 15:54:39 DEBUG [EmployeeBankingHikariPool:housekeeper] com.zaxxer.hikari.pool.HikariPool - EmployeeBankingHikariPool - After  cleanup stats (total=5/10, idle=5/5, active=0, waiting=0)
2026-08-06 15:54:39 DEBUG [EmployeeBankingHikariPool:housekeeper] com.zaxxer.hikari.pool.HikariPool - EmployeeBankingHikariPool - Fill pool skipped, pool has sufficient level or currently being filled.
2026-08-06 15:54:45 INFO  [http-nio-8091-exec-10] c.t.e.controller.EmployeeController - Received request to fetch employee with id: 1
2026-08-06 15:54:45 INFO  [http-nio-8091-exec-10] c.t.e.service.EmployeeService - Fetching employee with id: 1 from Database
2026-08-06 15:54:45 DEBUG [http-nio-8091-exec-10] org.hibernate.SQL - 
    select
        e1_0.id,
        e1_0.department,
        e1_0.email,
        e1_0.name,
        e1_0.salary 
    from
        employee_details5 e1_0 
    where
        e1_0.id=?
2026-08-06 15:54:45 TRACE [http-nio-8091-exec-10] org.hibernate.orm.jdbc.bind - binding parameter (1:INTEGER) <- [1]
2026-08-06 15:54:54 DEBUG [EmployeeBankingHikariPool:housekeeper] com.zaxxer.hikari.pool.HikariPool - EmployeeBankingHikariPool - keepalive: connection ConnectionID:19 ClientConnectionId: ad0cf9ac-62fe-4918-9040-a40d46b3f212 is alive
2026-08-06 15:55:09 DEBUG [EmployeeBankingHikariPool:housekeeper] com.zaxxer.hikari.pool.HikariPool - EmployeeBankingHikariPool - Before cleanup stats (total=5/10, idle=5/5, active=0, waiting=0)
2026-08-06 15:55:09 DEBUG [EmployeeBankingHikariPool:housekeeper] com.zaxxer.hikari.pool.HikariPool - EmployeeBankingHikariPool - After  cleanup stats (total=5/10, idle=5/5, active=0, waiting=0)
2026-08-06 15:55:09 DEBUG [EmployeeBankingHikariPool:housekeeper] com.zaxxer.hikari.pool.HikariPool - EmployeeBankingHikariPool - Fill pool skipped, pool has sufficient level or currently being filled.
2026-08-06 15:55:15 INFO  [http-nio-8091-exec-1] c.t.e.controller.EmployeeController - Received request to fetch employee with id: 2
2026-08-06 15:55:15 INFO  [http-nio-8091-exec-1] c.t.e.service.EmployeeService - Fetching employee with id: 2 from Database
2026-08-06 15:55:15 DEBUG [http-nio-8091-exec-1] org.hibernate.SQL - 
    select
        e1_0.id,
        e1_0.department,
        e1_0.email,
        e1_0.name,
        e1_0.salary 
    from
        employee_details5 e1_0 
    where
        e1_0.id=?
2026-08-06 15:55:15 TRACE [http-nio-8091-exec-1] org.hibernate.orm.jdbc.bind - binding parameter (1:INTEGER) <- [2]
2026-08-06 15:55:17 DEBUG [EmployeeBankingHikariPool:housekeeper] com.zaxxer.hikari.pool.HikariPool - EmployeeBankingHikariPool - keepalive: connection ConnectionID:16 ClientConnectionId: 4c6268e9-d7c4-435f-b4f4-c46c48fd5c08 is alive
2026-08-06 15:55:18 DEBUG [EmployeeBankingHikariPool:housekeeper] com.zaxxer.hikari.pool.HikariPool - EmployeeBankingHikariPool - keepalive: connection ConnectionID:20 ClientConnectionId: 8eaccd30-7769-435d-9e6e-dc95e554157f is alive
2026-08-06 15:55:39 DEBUG [EmployeeBankingHikariPool:housekeeper] com.zaxxer.hikari.pool.HikariPool - EmployeeBankingHikariPool - Before cleanup stats (total=5/10, idle=5/5, active=0, waiting=0)
2026-08-06 15:55:39 DEBUG [EmployeeBankingHikariPool:housekeeper] com.zaxxer.hikari.pool.HikariPool - EmployeeBankingHikariPool - After  cleanup stats (total=5/10, idle=5/5, active=0, waiting=0)
2026-08-06 15:55:39 DEBUG [EmployeeBankingHikariPool:housekeeper] com.zaxxer.hikari.pool.HikariPool - EmployeeBankingHikariPool - Fill pool skipped, pool has sufficient level or currently being filled.
2026-08-06 15:56:03 INFO  [http-nio-8091-exec-2] c.t.e.controller.EmployeeController - Received request to fetch all employees.
2026-08-06 15:56:04 DEBUG [http-nio-8091-exec-2] org.hibernate.SQL - 
    select
        e1_0.id,
        e1_0.department,
        e1_0.email,
        e1_0.name,
        e1_0.salary 
    from
        employee_details5 e1_0 
    order by
        (select
            0) 
    offset
        ? rows 
    fetch
        first ? rows only
2026-08-06 15:56:04 TRACE [http-nio-8091-exec-2] org.hibernate.orm.jdbc.bind - binding parameter (1:INTEGER) <- [0]
2026-08-06 15:56:04 TRACE [http-nio-8091-exec-2] org.hibernate.orm.jdbc.bind - binding parameter (2:INTEGER) <- [20]
2026-08-06 15:56:07 DEBUG [EmployeeBankingHikariPool:housekeeper] com.zaxxer.hikari.pool.HikariPool - EmployeeBankingHikariPool - keepalive: connection ConnectionID:18 ClientConnectionId: fd845906-80de-401f-8634-bac2ec1d837b is alive
2026-08-06 15:56:09 DEBUG [EmployeeBankingHikariPool:housekeeper] com.zaxxer.hikari.pool.HikariPool - EmployeeBankingHikariPool - Before cleanup stats (total=5/10, idle=5/5, active=0, waiting=0)
2026-08-06 15:56:09 DEBUG [EmployeeBankingHikariPool:housekeeper] com.zaxxer.hikari.pool.HikariPool - EmployeeBankingHikariPool - After  cleanup stats (total=5/10, idle=5/5, active=0, waiting=0)
2026-08-06 15:56:09 DEBUG [EmployeeBankingHikariPool:housekeeper] com.zaxxer.hikari.pool.HikariPool - EmployeeBankingHikariPool - Fill pool skipped, pool has sufficient level or currently being filled.
2026-08-06 15:56:16 DEBUG [EmployeeBankingHikariPool:housekeeper] com.zaxxer.hikari.pool.HikariPool - EmployeeBankingHikariPool - keepalive: connection ConnectionID:17 ClientConnectionId: de233756-5b8f-4075-aac6-3a888818b5b5 is alive
2026-08-06 15:56:39 DEBUG [EmployeeBankingHikariPool:housekeeper] com.zaxxer.hikari.pool.HikariPool - EmployeeBankingHikariPool - Before cleanup stats (total=5/10, idle=5/5, active=0, waiting=0)
2026-08-06 15:56:39 DEBUG [EmployeeBankingHikariPool:housekeeper] com.zaxxer.hikari.pool.HikariPool - EmployeeBankingHikariPool - After  cleanup stats (total=5/10, idle=5/5, active=0, waiting=0)
2026-08-06 15:56:39 DEBUG [EmployeeBankingHikariPool:housekeeper] com.zaxxer.hikari.pool.HikariPool - EmployeeBankingHikariPool - Fill pool skipped, pool has sufficient level or currently being filled.
2026-08-06 15:56:41 DEBUG [EmployeeBankingHikariPool:housekeeper] com.zaxxer.hikari.pool.HikariPool - EmployeeBankingHikariPool - keepalive: connection ConnectionID:19 ClientConnectionId: ad0cf9ac-62fe-4918-9040-a40d46b3f212 is alive
2026-08-06 15:57:02 DEBUG [EmployeeBankingHikariPool:housekeeper] com.zaxxer.hikari.pool.HikariPool - EmployeeBankingHikariPool - keepalive: connection ConnectionID:16 ClientConnectionId: 4c6268e9-d7c4-435f-b4f4-c46c48fd5c08 is alive
2026-08-06 15:57:09 DEBUG [EmployeeBankingHikariPool:housekeeper] com.zaxxer.hikari.pool.HikariPool - EmployeeBankingHikariPool - Before cleanup stats (total=5/10, idle=5/5, active=0, waiting=0)
2026-08-06 15:57:09 DEBUG [EmployeeBankingHikariPool:housekeeper] com.zaxxer.hikari.pool.HikariPool - EmployeeBankingHikariPool - After  cleanup stats (total=5/10, idle=5/5, active=0, waiting=0)
2026-08-06 15:57:09 DEBUG [EmployeeBankingHikariPool:housekeeper] com.zaxxer.hikari.pool.HikariPool - EmployeeBankingHikariPool - Fill pool skipped, pool has sufficient level or currently being filled.
2026-08-06 15:57:13 DEBUG [EmployeeBankingHikariPool:housekeeper] com.zaxxer.hikari.pool.HikariPool - EmployeeBankingHikariPool - keepalive: connection ConnectionID:20 ClientConnectionId: 8eaccd30-7769-435d-9e6e-dc95e554157f is alive
2026-08-06 15:57:39 DEBUG [EmployeeBankingHikariPool:housekeeper] com.zaxxer.hikari.pool.HikariPool - EmployeeBankingHikariPool - Before cleanup stats (total=5/10, idle=5/5, active=0, waiting=0)
2026-08-06 15:57:39 DEBUG [EmployeeBankingHikariPool:housekeeper] com.zaxxer.hikari.pool.HikariPool - EmployeeBankingHikariPool - After  cleanup stats (total=5/10, idle=5/5, active=0, waiting=0)
2026-08-06 15:57:39 DEBUG [EmployeeBankingHikariPool:housekeeper] com.zaxxer.hikari.pool.HikariPool - EmployeeBankingHikariPool - Fill pool skipped, pool has sufficient level or currently being filled.
2026-08-06 15:57:39 INFO  [http-nio-8091-exec-5] c.t.e.controller.EmployeeController - Received request to fetch all employees.
2026-08-06 15:57:39 DEBUG [http-nio-8091-exec-5] org.hibernate.SQL - 
    select
        e1_0.id,
        e1_0.department,
        e1_0.email,
        e1_0.name,
        e1_0.salary 
    from
        employee_details5 e1_0 
    order by
        (select
            0) 
    offset
        ? rows 
    fetch
        first ? rows only
2026-08-06 15:57:39 TRACE [http-nio-8091-exec-5] org.hibernate.orm.jdbc.bind - binding parameter (1:INTEGER) <- [0]
2026-08-06 15:57:39 TRACE [http-nio-8091-exec-5] org.hibernate.orm.jdbc.bind - binding parameter (2:INTEGER) <- [20]
2026-08-06 15:57:52 DEBUG [EmployeeBankingHikariPool:housekeeper] com.zaxxer.hikari.pool.HikariPool - EmployeeBankingHikariPool - keepalive: connection ConnectionID:18 ClientConnectionId: fd845906-80de-401f-8634-bac2ec1d837b is alive
2026-08-06 15:57:54 INFO  [http-nio-8091-exec-6] c.t.e.controller.EmployeeController - Received request to fetch all employees.
2026-08-06 15:57:54 DEBUG [http-nio-8091-exec-6] org.hibernate.SQL - 
    select
        e1_0.id,
        e1_0.department,
        e1_0.email,
        e1_0.name,
        e1_0.salary 
    from
        employee_details5 e1_0 
    order by
        (select
            0) 
    offset
        ? rows 
    fetch
        first ? rows only
2026-08-06 15:57:54 TRACE [http-nio-8091-exec-6] org.hibernate.orm.jdbc.bind - binding parameter (1:INTEGER) <- [0]
2026-08-06 15:57:54 TRACE [http-nio-8091-exec-6] org.hibernate.orm.jdbc.bind - binding parameter (2:INTEGER) <- [20]
2026-08-06 15:57:56 DEBUG [EmployeeBankingHikariPool:housekeeper] com.zaxxer.hikari.pool.HikariPool - EmployeeBankingHikariPool - keepalive: connection ConnectionID:17 ClientConnectionId: de233756-5b8f-4075-aac6-3a888818b5b5 is alive
2026-08-06 15:58:09 DEBUG [EmployeeBankingHikariPool:housekeeper] com.zaxxer.hikari.pool.HikariPool - EmployeeBankingHikariPool - Before cleanup stats (total=5/10, idle=5/5, active=0, waiting=0)
2026-08-06 15:58:09 DEBUG [EmployeeBankingHikariPool:housekeeper] com.zaxxer.hikari.pool.HikariPool - EmployeeBankingHikariPool - After  cleanup stats (total=5/10, idle=5/5, active=0, waiting=0)
2026-08-06 15:58:09 DEBUG [EmployeeBankingHikariPool:housekeeper] com.zaxxer.hikari.pool.HikariPool - EmployeeBankingHikariPool - Fill pool skipped, pool has sufficient level or currently being filled.
2026-08-06 15:58:27 INFO  [http-nio-8091-exec-9] c.t.e.controller.AccountController - Received deposit request for account id: 1
2026-08-06 15:58:27 DEBUG [EmployeeBankingHikariPool:housekeeper] com.zaxxer.hikari.pool.HikariPool - EmployeeBankingHikariPool - keepalive: connection ConnectionID:19 ClientConnectionId: ad0cf9ac-62fe-4918-9040-a40d46b3f212 is alive
2026-08-06 15:58:27 INFO  [http-nio-8091-exec-9] c.t.e.service.AccountService - Depositing 1000.0 into account id: 1
2026-08-06 15:58:27 DEBUG [http-nio-8091-exec-9] org.hibernate.SQL - 
    select
        a1_0.id,
        a1_0.account_holder_name,
        a1_0.account_number,
        a1_0.balance 
    from
        account_details5 a1_0 
    where
        a1_0.id=?
2026-08-06 15:58:27 TRACE [http-nio-8091-exec-9] org.hibernate.orm.jdbc.bind - binding parameter (1:INTEGER) <- [1]
2026-08-06 15:58:27 DEBUG [http-nio-8091-exec-9] org.hibernate.SQL - 
    update
        account_details5 
    set
        account_holder_name=?,
        account_number=?,
        balance=? 
    where
        id=?
2026-08-06 15:58:27 TRACE [http-nio-8091-exec-9] org.hibernate.orm.jdbc.bind - binding parameter (1:VARCHAR) <- [Satya Prakash]
2026-08-06 15:58:27 TRACE [http-nio-8091-exec-9] org.hibernate.orm.jdbc.bind - binding parameter (2:VARCHAR) <- [ACC123456]
2026-08-06 15:58:27 TRACE [http-nio-8091-exec-9] org.hibernate.orm.jdbc.bind - binding parameter (3:DOUBLE) <- [24000.0]
2026-08-06 15:58:27 TRACE [http-nio-8091-exec-9] org.hibernate.orm.jdbc.bind - binding parameter (4:INTEGER) <- [1]
2026-08-06 15:58:39 DEBUG [EmployeeBankingHikariPool:housekeeper] com.zaxxer.hikari.pool.HikariPool - EmployeeBankingHikariPool - Before cleanup stats (total=5/10, idle=5/5, active=0, waiting=0)
2026-08-06 15:58:39 DEBUG [EmployeeBankingHikariPool:housekeeper] com.zaxxer.hikari.pool.HikariPool - EmployeeBankingHikariPool - After  cleanup stats (total=5/10, idle=5/5, active=0, waiting=0)
2026-08-06 15:58:39 DEBUG [EmployeeBankingHikariPool:housekeeper] com.zaxxer.hikari.pool.HikariPool - EmployeeBankingHikariPool - Fill pool skipped, pool has sufficient level or currently being filled.
2026-08-06 15:58:48 DEBUG [EmployeeBankingHikariPool:housekeeper] com.zaxxer.hikari.pool.HikariPool - EmployeeBankingHikariPool - keepalive: connection ConnectionID:16 ClientConnectionId: 4c6268e9-d7c4-435f-b4f4-c46c48fd5c08 is alive
2026-08-06 15:59:07 DEBUG [EmployeeBankingHikariPool:housekeeper] com.zaxxer.hikari.pool.HikariPool - EmployeeBankingHikariPool - keepalive: connection ConnectionID:20 ClientConnectionId: 8eaccd30-7769-435d-9e6e-dc95e554157f is alive
2026-08-06 15:59:09 DEBUG [EmployeeBankingHikariPool:housekeeper] com.zaxxer.hikari.pool.HikariPool - EmployeeBankingHikariPool - Before cleanup stats (total=5/10, idle=5/5, active=0, waiting=0)
2026-08-06 15:59:09 DEBUG [EmployeeBankingHikariPool:housekeeper] com.zaxxer.hikari.pool.HikariPool - EmployeeBankingHikariPool - After  cleanup stats (total=5/10, idle=5/5, active=0, waiting=0)
2026-08-06 15:59:09 DEBUG [EmployeeBankingHikariPool:housekeeper] com.zaxxer.hikari.pool.HikariPool - EmployeeBankingHikariPool - Fill pool skipped, pool has sufficient level or currently being filled.
2026-08-06 15:59:13 INFO  [http-nio-8091-exec-8] c.t.e.controller.AccountController - Received deposit request for account id: 1
2026-08-06 15:59:13 INFO  [http-nio-8091-exec-8] c.t.e.service.AccountService - Depositing 1000.0 into account id: 1
2026-08-06 15:59:13 DEBUG [http-nio-8091-exec-8] org.hibernate.SQL - 
    select
        a1_0.id,
        a1_0.account_holder_name,
        a1_0.account_number,
        a1_0.balance 
    from
        account_details5 a1_0 
    where
        a1_0.id=?
2026-08-06 15:59:13 TRACE [http-nio-8091-exec-8] org.hibernate.orm.jdbc.bind - binding parameter (1:INTEGER) <- [1]
2026-08-06 15:59:13 DEBUG [http-nio-8091-exec-8] org.hibernate.SQL - 
    update
        account_details5 
    set
        account_holder_name=?,
        account_number=?,
        balance=? 
    where
        id=?
2026-08-06 15:59:13 TRACE [http-nio-8091-exec-8] org.hibernate.orm.jdbc.bind - binding parameter (1:VARCHAR) <- [Satya Prakash]
2026-08-06 15:59:13 TRACE [http-nio-8091-exec-8] org.hibernate.orm.jdbc.bind - binding parameter (2:VARCHAR) <- [ACC123456]
2026-08-06 15:59:13 TRACE [http-nio-8091-exec-8] org.hibernate.orm.jdbc.bind - binding parameter (3:DOUBLE) <- [25000.0]
2026-08-06 15:59:13 TRACE [http-nio-8091-exec-8] org.hibernate.orm.jdbc.bind - binding parameter (4:INTEGER) <- [1]
2026-08-06 15:59:15 WARN  [EmployeeBankingHikariPool:housekeeper] c.zaxxer.hikari.pool.ProxyLeakTask - Connection leak detection triggered for ConnectionID:16 ClientConnectionId: 4c6268e9-d7c4-435f-b4f4-c46c48fd5c08 on thread http-nio-8091-exec-8, stack trace follows
java.lang.Exception: Apparent connection leak detected
	at com.zaxxer.hikari.HikariDataSource.getConnection(HikariDataSource.java:127)
	at org.hibernate.engine.jdbc.connections.internal.DatasourceConnectionProviderImpl.getConnection(DatasourceConnectionProviderImpl.java:126)
	at org.hibernate.internal.NonContextualJdbcConnectionAccess.obtainConnection(NonContextualJdbcConnectionAccess.java:46)
	at org.hibernate.resource.jdbc.internal.LogicalConnectionManagedImpl.acquireConnectionIfNeeded(LogicalConnectionManagedImpl.java:126)
	at org.hibernate.resource.jdbc.internal.LogicalConnectionManagedImpl.getPhysicalConnection(LogicalConnectionManagedImpl.java:156)
	at org.hibernate.resource.jdbc.internal.LogicalConnectionManagedImpl.getConnectionForTransactionManagement(LogicalConnectionManagedImpl.java:286)
	at org.hibernate.resource.jdbc.internal.LogicalConnectionManagedImpl.begin(LogicalConnectionManagedImpl.java:294)
	at org.hibernate.resource.transaction.backend.jdbc.internal.JdbcResourceLocalTransactionCoordinatorImpl$TransactionDriverControlImpl.begin(JdbcResourceLocalTransactionCoordinatorImpl.java:232)
	at org.hibernate.engine.transaction.internal.TransactionImpl.begin(TransactionImpl.java:83)
	at org.springframework.orm.jpa.vendor.HibernateJpaDialect.beginTransaction(HibernateJpaDialect.java:176)
	at org.springframework.orm.jpa.JpaTransactionManager.doBegin(JpaTransactionManager.java:420)
	at org.springframework.transaction.support.AbstractPlatformTransactionManager.startTransaction(AbstractPlatformTransactionManager.java:532)
	at org.springframework.transaction.support.AbstractPlatformTransactionManager.getTransaction(AbstractPlatformTransactionManager.java:405)
	at org.springframework.transaction.interceptor.TransactionAspectSupport.createTransactionIfNecessary(TransactionAspectSupport.java:639)
	at org.springframework.transaction.interceptor.TransactionAspectSupport.invokeWithinTransaction(TransactionAspectSupport.java:374)
	at org.springframework.transaction.interceptor.TransactionInterceptor.invoke(TransactionInterceptor.java:119)
	at org.springframework.aop.framework.ReflectiveMethodInvocation.proceed(ReflectiveMethodInvocation.java:184)
	at org.springframework.cache.interceptor.CacheInterceptor.lambda$invoke$0(CacheInterceptor.java:55)
	at org.springframework.cache.interceptor.CacheAspectSupport.invokeOperation(CacheAspectSupport.java:431)
	at org.springframework.cache.interceptor.CacheAspectSupport.evaluate(CacheAspectSupport.java:601)
	at org.springframework.cache.interceptor.CacheAspectSupport.execute(CacheAspectSupport.java:448)
	at org.springframework.cache.interceptor.CacheAspectSupport.execute(CacheAspectSupport.java:410)
	at org.springframework.cache.interceptor.CacheInterceptor.invoke(CacheInterceptor.java:65)
	at org.springframework.aop.framework.ReflectiveMethodInvocation.proceed(ReflectiveMethodInvocation.java:184)
	at org.springframework.aop.framework.CglibAopProxy$DynamicAdvisedInterceptor.intercept(CglibAopProxy.java:728)
	at com.tns.employeeapi.service.AccountService$$SpringCGLIB$$0.deposit(<generated>)
	at com.tns.employeeapi.controller.AccountController.deposit(AccountController.java:42)
	at java.base/jdk.internal.reflect.DirectMethodHandleAccessor.invoke(DirectMethodHandleAccessor.java:103)
	at java.base/java.lang.reflect.Method.invoke(Method.java:580)
	at org.springframework.aop.support.AopUtils.invokeJoinpointUsingReflection(AopUtils.java:360)
	at org.springframework.aop.framework.ReflectiveMethodInvocation.invokeJoinpoint(ReflectiveMethodInvocation.java:196)
	at org.springframework.aop.framework.ReflectiveMethodInvocation.proceed(ReflectiveMethodInvocation.java:163)
	at org.springframework.validation.beanvalidation.MethodValidationInterceptor.invoke(MethodValidationInterceptor.java:174)
	at org.springframework.aop.framework.ReflectiveMethodInvocation.proceed(ReflectiveMethodInvocation.java:184)
	at org.springframework.aop.framework.CglibAopProxy$DynamicAdvisedInterceptor.intercept(CglibAopProxy.java:728)
	at com.tns.employeeapi.controller.AccountController$$SpringCGLIB$$0.deposit(<generated>)
	at java.base/jdk.internal.reflect.DirectMethodHandleAccessor.invoke(DirectMethodHandleAccessor.java:103)
	at java.base/java.lang.reflect.Method.invoke(Method.java:580)
	at org.springframework.web.method.support.InvocableHandlerMethod.doInvoke(InvocableHandlerMethod.java:258)
	at org.springframework.web.method.support.InvocableHandlerMethod.invokeForRequest(InvocableHandlerMethod.java:191)
	at org.springframework.web.servlet.mvc.method.annotation.ServletInvocableHandlerMethod.invokeAndHandle(ServletInvocableHandlerMethod.java:118)
	at org.springframework.web.servlet.mvc.method.annotation.RequestMappingHandlerAdapter.invokeHandlerMethod(RequestMappingHandlerAdapter.java:991)
	at org.springframework.web.servlet.mvc.method.annotation.RequestMappingHandlerAdapter.handleInternal(RequestMappingHandlerAdapter.java:896)
	at org.springframework.web.servlet.mvc.method.AbstractHandlerMethodAdapter.handle(AbstractHandlerMethodAdapter.java:87)
	at org.springframework.web.servlet.DispatcherServlet.doDispatch(DispatcherServlet.java:1089)
	at org.springframework.web.servlet.DispatcherServlet.doService(DispatcherServlet.java:979)
	at org.springframework.web.servlet.FrameworkServlet.processRequest(FrameworkServlet.java:1014)
	at org.springframework.web.servlet.FrameworkServlet.doPost(FrameworkServlet.java:914)
	at jakarta.servlet.http.HttpServlet.service(HttpServlet.java:590)
	at org.springframework.web.servlet.FrameworkServlet.service(FrameworkServlet.java:885)
	at jakarta.servlet.http.HttpServlet.service(HttpServlet.java:658)
	at org.apache.catalina.core.ApplicationFilterChain.internalDoFilter(ApplicationFilterChain.java:195)
	at org.apache.catalina.core.ApplicationFilterChain.doFilter(ApplicationFilterChain.java:140)
	at org.apache.tomcat.websocket.server.WsFilter.doFilter(WsFilter.java:51)
	at org.apache.catalina.core.ApplicationFilterChain.internalDoFilter(ApplicationFilterChain.java:164)
	at org.apache.catalina.core.ApplicationFilterChain.doFilter(ApplicationFilterChain.java:140)
	at org.springframework.web.filter.RequestContextFilter.doFilterInternal(RequestContextFilter.java:100)
	at org.springframework.web.filter.OncePerRequestFilter.doFilter(OncePerRequestFilter.java:116)
	at org.apache.catalina.core.ApplicationFilterChain.internalDoFilter(ApplicationFilterChain.java:164)
	at org.apache.catalina.core.ApplicationFilterChain.doFilter(ApplicationFilterChain.java:140)
	at org.springframework.web.filter.FormContentFilter.doFilterInternal(FormContentFilter.java:93)
	at org.springframework.web.filter.OncePerRequestFilter.doFilter(OncePerRequestFilter.java:116)
	at org.apache.catalina.core.ApplicationFilterChain.internalDoFilter(ApplicationFilterChain.java:164)
	at org.apache.catalina.core.ApplicationFilterChain.doFilter(ApplicationFilterChain.java:140)
	at org.springframework.web.filter.ServerHttpObservationFilter.doFilterInternal(ServerHttpObservationFilter.java:110)
	at org.springframework.web.filter.OncePerRequestFilter.doFilter(OncePerRequestFilter.java:116)
	at org.apache.catalina.core.ApplicationFilterChain.internalDoFilter(ApplicationFilterChain.java:164)
	at org.apache.catalina.core.ApplicationFilterChain.doFilter(ApplicationFilterChain.java:140)
	at org.springframework.web.filter.CharacterEncodingFilter.doFilterInternal(CharacterEncodingFilter.java:201)
	at org.springframework.web.filter.OncePerRequestFilter.doFilter(OncePerRequestFilter.java:116)
	at org.apache.catalina.core.ApplicationFilterChain.internalDoFilter(ApplicationFilterChain.java:164)
	at org.apache.catalina.core.ApplicationFilterChain.doFilter(ApplicationFilterChain.java:140)
	at org.apache.catalina.core.StandardWrapperValve.invoke(StandardWrapperValve.java:167)
	at org.apache.catalina.core.StandardContextValve.invoke(StandardContextValve.java:90)
	at org.apache.catalina.authenticator.AuthenticatorBase.invoke(AuthenticatorBase.java:483)
	at org.apache.catalina.core.StandardHostValve.invoke(StandardHostValve.java:116)
	at org.apache.catalina.valves.ErrorReportValve.invoke(ErrorReportValve.java:93)
	at org.apache.catalina.core.StandardEngineValve.invoke(StandardEngineValve.java:74)
	at org.apache.catalina.connector.CoyoteAdapter.service(CoyoteAdapter.java:344)
	at org.apache.coyote.http11.Http11Processor.service(Http11Processor.java:398)
	at org.apache.coyote.AbstractProcessorLight.process(AbstractProcessorLight.java:63)
	at org.apache.coyote.AbstractProtocol$ConnectionHandler.process(AbstractProtocol.java:903)
	at org.apache.tomcat.util.net.NioEndpoint$SocketProcessor.doRun(NioEndpoint.java:1769)
	at org.apache.tomcat.util.net.SocketProcessorBase.run(SocketProcessorBase.java:52)
	at org.apache.tomcat.util.threads.ThreadPoolExecutor.runWorker(ThreadPoolExecutor.java:1189)
	at org.apache.tomcat.util.threads.ThreadPoolExecutor$Worker.run(ThreadPoolExecutor.java:658)
	at org.apache.tomcat.util.threads.TaskThread$WrappingRunnable.run(TaskThread.java:63)
	at java.base/java.lang.Thread.run(Thread.java:1583)
2026-08-06 15:59:36 INFO  [http-nio-8091-exec-8] c.zaxxer.hikari.pool.ProxyLeakTask - Previously reported leaked connection ConnectionID:16 ClientConnectionId: 4c6268e9-d7c4-435f-b4f4-c46c48fd5c08 on thread http-nio-8091-exec-8 was returned to the pool (unleaked)
2026-08-06 15:59:36 DEBUG [EmployeeBankingHikariPool:housekeeper] com.zaxxer.hikari.pool.HikariPool - EmployeeBankingHikariPool - keepalive: connection ConnectionID:18 ClientConnectionId: fd845906-80de-401f-8634-bac2ec1d837b is alive
2026-08-06 15:59:37 DEBUG [EmployeeBankingHikariPool:housekeeper] com.zaxxer.hikari.pool.HikariPool - EmployeeBankingHikariPool - keepalive: connection ConnectionID:17 ClientConnectionId: de233756-5b8f-4075-aac6-3a888818b5b5 is alive
2026-08-06 15:59:39 DEBUG [EmployeeBankingHikariPool:housekeeper] com.zaxxer.hikari.pool.HikariPool - EmployeeBankingHikariPool - Before cleanup stats (total=5/10, idle=5/5, active=0, waiting=0)
2026-08-06 15:59:39 DEBUG [EmployeeBankingHikariPool:housekeeper] com.zaxxer.hikari.pool.HikariPool - EmployeeBankingHikariPool - After  cleanup stats (total=5/10, idle=5/5, active=0, waiting=0)
2026-08-06 15:59:39 DEBUG [EmployeeBankingHikariPool:housekeeper] com.zaxxer.hikari.pool.HikariPool - EmployeeBankingHikariPool - Fill pool skipped, pool has sufficient level or currently being filled.
2026-08-06 16:00:09 DEBUG [EmployeeBankingHikariPool:housekeeper] com.zaxxer.hikari.pool.HikariPool - EmployeeBankingHikariPool - Before cleanup stats (total=5/10, idle=5/5, active=0, waiting=0)
2026-08-06 16:00:09 DEBUG [EmployeeBankingHikariPool:housekeeper] com.zaxxer.hikari.pool.HikariPool - EmployeeBankingHikariPool - After  cleanup stats (total=5/10, idle=5/5, active=0, waiting=0)
2026-08-06 16:00:09 DEBUG [EmployeeBankingHikariPool:housekeeper] com.zaxxer.hikari.pool.HikariPool - EmployeeBankingHikariPool - Fill pool skipped, pool has sufficient level or currently being filled.
2026-08-06 16:00:12 INFO  [http-nio-8091-exec-7] c.t.e.controller.AccountController - Received balance request for account id: 1
2026-08-06 16:00:14 DEBUG [EmployeeBankingHikariPool:housekeeper] com.zaxxer.hikari.pool.HikariPool - EmployeeBankingHikariPool - keepalive: connection ConnectionID:19 ClientConnectionId: ad0cf9ac-62fe-4918-9040-a40d46b3f212 is alive
2026-08-06 16:00:28 INFO  [http-nio-8091-exec-10] c.t.e.controller.AccountController - Received withdraw request for account id: 1
2026-08-06 16:00:28 INFO  [http-nio-8091-exec-10] c.t.e.service.AccountService - Withdrawing 1000.0 from account id: 1
2026-08-06 16:00:28 DEBUG [http-nio-8091-exec-10] org.hibernate.SQL - 
    select
        a1_0.id,
        a1_0.account_holder_name,
        a1_0.account_number,
        a1_0.balance 
    from
        account_details5 a1_0 
    where
        a1_0.id=?
2026-08-06 16:00:28 TRACE [http-nio-8091-exec-10] org.hibernate.orm.jdbc.bind - binding parameter (1:INTEGER) <- [1]
2026-08-06 16:00:28 DEBUG [http-nio-8091-exec-10] org.hibernate.SQL - 
    update
        account_details5 
    set
        account_holder_name=?,
        account_number=?,
        balance=? 
    where
        id=?
2026-08-06 16:00:28 TRACE [http-nio-8091-exec-10] org.hibernate.orm.jdbc.bind - binding parameter (1:VARCHAR) <- [Satya Prakash]
2026-08-06 16:00:28 TRACE [http-nio-8091-exec-10] org.hibernate.orm.jdbc.bind - binding parameter (2:VARCHAR) <- [ACC123456]
2026-08-06 16:00:28 TRACE [http-nio-8091-exec-10] org.hibernate.orm.jdbc.bind - binding parameter (3:DOUBLE) <- [24000.0]
2026-08-06 16:00:28 TRACE [http-nio-8091-exec-10] org.hibernate.orm.jdbc.bind - binding parameter (4:INTEGER) <- [1]
2026-08-06 16:00:34 DEBUG [EmployeeBankingHikariPool:housekeeper] com.zaxxer.hikari.pool.HikariPool - EmployeeBankingHikariPool - keepalive: connection ConnectionID:16 ClientConnectionId: 4c6268e9-d7c4-435f-b4f4-c46c48fd5c08 is alive
2026-08-06 16:00:39 DEBUG [EmployeeBankingHikariPool:housekeeper] com.zaxxer.hikari.pool.HikariPool - EmployeeBankingHikariPool - Before cleanup stats (total=5/10, idle=5/5, active=0, waiting=0)
2026-08-06 16:00:39 DEBUG [EmployeeBankingHikariPool:housekeeper] com.zaxxer.hikari.pool.HikariPool - EmployeeBankingHikariPool - After  cleanup stats (total=5/10, idle=5/5, active=0, waiting=0)
2026-08-06 16:00:39 DEBUG [EmployeeBankingHikariPool:housekeeper] com.zaxxer.hikari.pool.HikariPool - EmployeeBankingHikariPool - Fill pool skipped, pool has sufficient level or currently being filled.
2026-08-06 16:01:02 DEBUG [EmployeeBankingHikariPool:housekeeper] com.zaxxer.hikari.pool.HikariPool - EmployeeBankingHikariPool - keepalive: connection ConnectionID:20 ClientConnectionId: 8eaccd30-7769-435d-9e6e-dc95e554157f is alive
2026-08-06 16:01:09 DEBUG [EmployeeBankingHikariPool:housekeeper] com.zaxxer.hikari.pool.HikariPool - EmployeeBankingHikariPool - Before cleanup stats (total=5/10, idle=5/5, active=0, waiting=0)
2026-08-06 16:01:09 DEBUG [EmployeeBankingHikariPool:housekeeper] com.zaxxer.hikari.pool.HikariPool - EmployeeBankingHikariPool - After  cleanup stats (total=5/10, idle=5/5, active=0, waiting=0)
2026-08-06 16:01:09 DEBUG [EmployeeBankingHikariPool:housekeeper] com.zaxxer.hikari.pool.HikariPool - EmployeeBankingHikariPool - Fill pool skipped, pool has sufficient level or currently being filled.
2026-08-06 16:01:17 DEBUG [EmployeeBankingHikariPool:housekeeper] com.zaxxer.hikari.pool.HikariPool - EmployeeBankingHikariPool - keepalive: connection ConnectionID:17 ClientConnectionId: de233756-5b8f-4075-aac6-3a888818b5b5 is alive
2026-08-06 16:01:21 DEBUG [EmployeeBankingHikariPool:housekeeper] com.zaxxer.hikari.pool.HikariPool - EmployeeBankingHikariPool - keepalive: connection ConnectionID:18 ClientConnectionId: fd845906-80de-401f-8634-bac2ec1d837b is alive
2026-08-06 16:01:39 DEBUG [EmployeeBankingHikariPool:housekeeper] com.zaxxer.hikari.pool.HikariPool - EmployeeBankingHikariPool - Before cleanup stats (total=5/10, idle=5/5, active=0, waiting=0)
2026-08-06 16:01:39 DEBUG [EmployeeBankingHikariPool:housekeeper] com.zaxxer.hikari.pool.HikariPool - EmployeeBankingHikariPool - After  cleanup stats (total=5/10, idle=5/5, active=0, waiting=0)
2026-08-06 16:01:39 DEBUG [EmployeeBankingHikariPool:housekeeper] com.zaxxer.hikari.pool.HikariPool - EmployeeBankingHikariPool - Fill pool skipped, pool has sufficient level or currently being filled.
2026-08-06 16:02:01 DEBUG [EmployeeBankingHikariPool:housekeeper] com.zaxxer.hikari.pool.HikariPool - EmployeeBankingHikariPool - keepalive: connection ConnectionID:19 ClientConnectionId: ad0cf9ac-62fe-4918-9040-a40d46b3f212 is alive
2026-08-06 16:02:09 DEBUG [EmployeeBankingHikariPool:housekeeper] com.zaxxer.hikari.pool.HikariPool - EmployeeBankingHikariPool - Before cleanup stats (total=5/10, idle=5/5, active=0, waiting=0)
2026-08-06 16:02:09 DEBUG [EmployeeBankingHikariPool:housekeeper] com.zaxxer.hikari.pool.HikariPool - EmployeeBankingHikariPool - After  cleanup stats (total=5/10, idle=5/5, active=0, waiting=0)
2026-08-06 16:02:09 DEBUG [EmployeeBankingHikariPool:housekeeper] com.zaxxer.hikari.pool.HikariPool - EmployeeBankingHikariPool - Fill pool skipped, pool has sufficient level or currently being filled.
2026-08-06 16:02:19 DEBUG [EmployeeBankingHikariPool:housekeeper] com.zaxxer.hikari.pool.HikariPool - EmployeeBankingHikariPool - keepalive: connection ConnectionID:16 ClientConnectionId: 4c6268e9-d7c4-435f-b4f4-c46c48fd5c08 is alive
2026-08-06 16:02:39 DEBUG [EmployeeBankingHikariPool:housekeeper] com.zaxxer.hikari.pool.HikariPool - EmployeeBankingHikariPool - Before cleanup stats (total=5/10, idle=5/5, active=0, waiting=0)
2026-08-06 16:02:39 DEBUG [EmployeeBankingHikariPool:housekeeper] com.zaxxer.hikari.pool.HikariPool - EmployeeBankingHikariPool - After  cleanup stats (total=5/10, idle=5/5, active=0, waiting=0)
2026-08-06 16:02:39 DEBUG [EmployeeBankingHikariPool:housekeeper] com.zaxxer.hikari.pool.HikariPool - EmployeeBankingHikariPool - Fill pool skipped, pool has sufficient level or currently being filled.
2026-08-06 16:02:56 DEBUG [EmployeeBankingHikariPool:housekeeper] com.zaxxer.hikari.pool.HikariPool - EmployeeBankingHikariPool - keepalive: connection ConnectionID:20 ClientConnectionId: 8eaccd30-7769-435d-9e6e-dc95e554157f is alive
2026-08-06 16:02:57 INFO  [http-nio-8091-exec-2] c.t.e.controller.EmployeeController - Received request to create employee.
2026-08-06 16:02:58 INFO  [http-nio-8091-exec-2] c.t.e.service.EmployeeService - Creating employee with email: biranchi@example.com
2026-08-06 16:02:58 DEBUG [http-nio-8091-exec-2] org.hibernate.SQL - 
    select
        top (?) e1_0.id 
    from
        employee_details5 e1_0 
    where
        e1_0.email=?
2026-08-06 16:02:58 TRACE [http-nio-8091-exec-2] org.hibernate.orm.jdbc.bind - binding parameter (1:INTEGER) <- [1]
2026-08-06 16:02:58 TRACE [http-nio-8091-exec-2] org.hibernate.orm.jdbc.bind - binding parameter (2:VARCHAR) <- [biranchi@example.com]
2026-08-06 16:02:58 DEBUG [http-nio-8091-exec-2] org.hibernate.SQL - 
    insert 
    into
        employee_details5
        (department, email, name, salary) 
    values
        (?, ?, ?, ?)
2026-08-06 16:02:58 TRACE [http-nio-8091-exec-2] org.hibernate.orm.jdbc.bind - binding parameter (1:VARCHAR) <- [HR]
2026-08-06 16:02:58 TRACE [http-nio-8091-exec-2] org.hibernate.orm.jdbc.bind - binding parameter (2:VARCHAR) <- [biranchi@example.com]
2026-08-06 16:02:58 TRACE [http-nio-8091-exec-2] org.hibernate.orm.jdbc.bind - binding parameter (3:VARCHAR) <- [Biranchi das]
2026-08-06 16:02:58 TRACE [http-nio-8091-exec-2] org.hibernate.orm.jdbc.bind - binding parameter (4:DOUBLE) <- [95000.0]
2026-08-06 16:02:58 DEBUG [EmployeeBankingHikariPool:housekeeper] com.zaxxer.hikari.pool.HikariPool - EmployeeBankingHikariPool - keepalive: connection ConnectionID:17 ClientConnectionId: de233756-5b8f-4075-aac6-3a888818b5b5 is alive
2026-08-06 16:03:05 DEBUG [EmployeeBankingHikariPool:housekeeper] com.zaxxer.hikari.pool.HikariPool - EmployeeBankingHikariPool - keepalive: connection ConnectionID:18 ClientConnectionId: fd845906-80de-401f-8634-bac2ec1d837b is alive
2026-08-06 16:03:09 DEBUG [EmployeeBankingHikariPool:housekeeper] com.zaxxer.hikari.pool.HikariPool - EmployeeBankingHikariPool - Before cleanup stats (total=5/10, idle=5/5, active=0, waiting=0)
2026-08-06 16:03:09 DEBUG [EmployeeBankingHikariPool:housekeeper] com.zaxxer.hikari.pool.HikariPool - EmployeeBankingHikariPool - After  cleanup stats (total=5/10, idle=5/5, active=0, waiting=0)
2026-08-06 16:03:09 DEBUG [EmployeeBankingHikariPool:housekeeper] com.zaxxer.hikari.pool.HikariPool - EmployeeBankingHikariPool - Fill pool skipped, pool has sufficient level or currently being filled.
2026-08-06 16:03:39 DEBUG [EmployeeBankingHikariPool:housekeeper] com.zaxxer.hikari.pool.HikariPool - EmployeeBankingHikariPool - Before cleanup stats (total=5/10, idle=5/5, active=0, waiting=0)
2026-08-06 16:03:39 DEBUG [EmployeeBankingHikariPool:housekeeper] com.zaxxer.hikari.pool.HikariPool - EmployeeBankingHikariPool - After  cleanup stats (total=5/10, idle=5/5, active=0, waiting=0)
2026-08-06 16:03:39 DEBUG [EmployeeBankingHikariPool:housekeeper] com.zaxxer.hikari.pool.HikariPool - EmployeeBankingHikariPool - Fill pool skipped, pool has sufficient level or currently being filled.
2026-08-06 16:03:48 DEBUG [EmployeeBankingHikariPool:housekeeper] com.zaxxer.hikari.pool.HikariPool - EmployeeBankingHikariPool - keepalive: connection ConnectionID:19 ClientConnectionId: ad0cf9ac-62fe-4918-9040-a40d46b3f212 is alive
2026-08-06 16:04:04 INFO  [http-nio-8091-exec-6] c.t.e.controller.EmployeeController - Received request to fetch employee with id: 10
2026-08-06 16:04:04 INFO  [http-nio-8091-exec-6] c.t.e.service.EmployeeService - Fetching employee with id: 10 from Database
2026-08-06 16:04:04 DEBUG [http-nio-8091-exec-6] org.hibernate.SQL - 
    select
        e1_0.id,
        e1_0.department,
        e1_0.email,
        e1_0.name,
        e1_0.salary 
    from
        employee_details5 e1_0 
    where
        e1_0.id=?
2026-08-06 16:04:04 TRACE [http-nio-8091-exec-6] org.hibernate.orm.jdbc.bind - binding parameter (1:INTEGER) <- [10]
2026-08-06 16:04:05 DEBUG [EmployeeBankingHikariPool:housekeeper] com.zaxxer.hikari.pool.HikariPool - EmployeeBankingHikariPool - keepalive: connection ConnectionID:16 ClientConnectionId: 4c6268e9-d7c4-435f-b4f4-c46c48fd5c08 is alive
2026-08-06 16:04:09 DEBUG [EmployeeBankingHikariPool:housekeeper] com.zaxxer.hikari.pool.HikariPool - EmployeeBankingHikariPool - Before cleanup stats (total=5/10, idle=5/5, active=0, waiting=0)
2026-08-06 16:04:09 DEBUG [EmployeeBankingHikariPool:housekeeper] com.zaxxer.hikari.pool.HikariPool - EmployeeBankingHikariPool - After  cleanup stats (total=5/10, idle=5/5, active=0, waiting=0)
2026-08-06 16:04:09 DEBUG [EmployeeBankingHikariPool:housekeeper] com.zaxxer.hikari.pool.HikariPool - EmployeeBankingHikariPool - Fill pool skipped, pool has sufficient level or currently being filled.
2026-08-06 16:04:39 DEBUG [EmployeeBankingHikariPool:housekeeper] com.zaxxer.hikari.pool.HikariPool - EmployeeBankingHikariPool - keepalive: connection ConnectionID:17 ClientConnectionId: de233756-5b8f-4075-aac6-3a888818b5b5 is alive
2026-08-06 16:04:39 DEBUG [EmployeeBankingHikariPool:housekeeper] com.zaxxer.hikari.pool.HikariPool - EmployeeBankingHikariPool - Before cleanup stats (total=5/10, idle=5/5, active=0, waiting=0)
2026-08-06 16:04:39 DEBUG [EmployeeBankingHikariPool:housekeeper] com.zaxxer.hikari.pool.HikariPool - EmployeeBankingHikariPool - After  cleanup stats (total=5/10, idle=5/5, active=0, waiting=0)
2026-08-06 16:04:39 DEBUG [EmployeeBankingHikariPool:housekeeper] com.zaxxer.hikari.pool.HikariPool - EmployeeBankingHikariPool - Fill pool skipped, pool has sufficient level or currently being filled.
2026-08-06 16:04:48 INFO  [http-nio-8091-exec-9] c.t.e.controller.EmployeeController - Received request to fetch employee with id: 10
2026-08-06 16:04:49 DEBUG [EmployeeBankingHikariPool:housekeeper] com.zaxxer.hikari.pool.HikariPool - EmployeeBankingHikariPool - keepalive: connection ConnectionID:18 ClientConnectionId: fd845906-80de-401f-8634-bac2ec1d837b is alive
2026-08-06 16:04:51 DEBUG [EmployeeBankingHikariPool:housekeeper] com.zaxxer.hikari.pool.HikariPool - EmployeeBankingHikariPool - keepalive: connection ConnectionID:20 ClientConnectionId: 8eaccd30-7769-435d-9e6e-dc95e554157f is alive
2026-08-06 16:05:09 DEBUG [EmployeeBankingHikariPool:housekeeper] com.zaxxer.hikari.pool.HikariPool - EmployeeBankingHikariPool - Before cleanup stats (total=5/10, idle=5/5, active=0, waiting=0)
2026-08-06 16:05:09 DEBUG [EmployeeBankingHikariPool:housekeeper] com.zaxxer.hikari.pool.HikariPool - EmployeeBankingHikariPool - After  cleanup stats (total=5/10, idle=5/5, active=0, waiting=0)
2026-08-06 16:05:09 DEBUG [EmployeeBankingHikariPool:housekeeper] com.zaxxer.hikari.pool.HikariPool - EmployeeBankingHikariPool - Fill pool skipped, pool has sufficient level or currently being filled.
2026-08-06 16:05:11 INFO  [http-nio-8091-exec-8] c.t.e.controller.EmployeeController - Received request to delete employee with id: 10
2026-08-06 16:05:11 INFO  [http-nio-8091-exec-8] c.t.e.service.EmployeeService - Deleting employee with id: 10 from Database and Cache
2026-08-06 16:05:11 DEBUG [http-nio-8091-exec-8] org.hibernate.SQL - 
    select
        e1_0.id,
        e1_0.department,
        e1_0.email,
        e1_0.name,
        e1_0.salary 
    from
        employee_details5 e1_0 
    where
        e1_0.id=?
2026-08-06 16:05:11 TRACE [http-nio-8091-exec-8] org.hibernate.orm.jdbc.bind - binding parameter (1:INTEGER) <- [10]
2026-08-06 16:05:11 DEBUG [http-nio-8091-exec-8] org.hibernate.SQL - 
    delete 
    from
        employee_details5 
    where
        id=?
2026-08-06 16:05:11 TRACE [http-nio-8091-exec-8] org.hibernate.orm.jdbc.bind - binding parameter (1:INTEGER) <- [10]
2026-08-06 16:05:19 INFO  [http-nio-8091-exec-7] c.t.e.controller.EmployeeController - Received request to fetch all employees.
2026-08-06 16:05:19 DEBUG [http-nio-8091-exec-7] org.hibernate.SQL - 
    select
        e1_0.id,
        e1_0.department,
        e1_0.email,
        e1_0.name,
        e1_0.salary 
    from
        employee_details5 e1_0 
    order by
        (select
            0) 
    offset
        ? rows 
    fetch
        first ? rows only
2026-08-06 16:05:19 TRACE [http-nio-8091-exec-7] org.hibernate.orm.jdbc.bind - binding parameter (1:INTEGER) <- [0]
2026-08-06 16:05:19 TRACE [http-nio-8091-exec-7] org.hibernate.orm.jdbc.bind - binding parameter (2:INTEGER) <- [20]
2026-08-06 16:05:35 DEBUG [EmployeeBankingHikariPool:housekeeper] com.zaxxer.hikari.pool.HikariPool - EmployeeBankingHikariPool - keepalive: connection ConnectionID:19 ClientConnectionId: ad0cf9ac-62fe-4918-9040-a40d46b3f212 is alive
2026-08-06 16:05:39 DEBUG [EmployeeBankingHikariPool:housekeeper] com.zaxxer.hikari.pool.HikariPool - EmployeeBankingHikariPool - Before cleanup stats (total=5/10, idle=5/5, active=0, waiting=0)
2026-08-06 16:05:39 DEBUG [EmployeeBankingHikariPool:housekeeper] com.zaxxer.hikari.pool.HikariPool - EmployeeBankingHikariPool - After  cleanup stats (total=5/10, idle=5/5, active=0, waiting=0)
2026-08-06 16:05:39 DEBUG [EmployeeBankingHikariPool:housekeeper] com.zaxxer.hikari.pool.HikariPool - EmployeeBankingHikariPool - Fill pool skipped, pool has sufficient level or currently being filled.
2026-08-06 16:05:50 DEBUG [EmployeeBankingHikariPool:housekeeper] com.zaxxer.hikari.pool.HikariPool - EmployeeBankingHikariPool - keepalive: connection ConnectionID:16 ClientConnectionId: 4c6268e9-d7c4-435f-b4f4-c46c48fd5c08 is alive
2026-08-06 16:06:09 DEBUG [EmployeeBankingHikariPool:housekeeper] com.zaxxer.hikari.pool.HikariPool - EmployeeBankingHikariPool - Before cleanup stats (total=5/10, idle=5/5, active=0, waiting=0)
2026-08-06 16:06:09 DEBUG [EmployeeBankingHikariPool:housekeeper] com.zaxxer.hikari.pool.HikariPool - EmployeeBankingHikariPool - After  cleanup stats (total=5/10, idle=5/5, active=0, waiting=0)
2026-08-06 16:06:09 DEBUG [EmployeeBankingHikariPool:housekeeper] com.zaxxer.hikari.pool.HikariPool - EmployeeBankingHikariPool - Fill pool skipped, pool has sufficient level or currently being filled.
2026-08-06 16:06:19 DEBUG [EmployeeBankingHikariPool:housekeeper] com.zaxxer.hikari.pool.HikariPool - EmployeeBankingHikariPool - keepalive: connection ConnectionID:17 ClientConnectionId: de233756-5b8f-4075-aac6-3a888818b5b5 is alive
2026-08-06 16:06:34 DEBUG [EmployeeBankingHikariPool:housekeeper] com.zaxxer.hikari.pool.HikariPool - EmployeeBankingHikariPool - keepalive: connection ConnectionID:18 ClientConnectionId: fd845906-80de-401f-8634-bac2ec1d837b is alive
2026-08-06 16:06:39 DEBUG [EmployeeBankingHikariPool:housekeeper] com.zaxxer.hikari.pool.HikariPool - EmployeeBankingHikariPool - Before cleanup stats (total=5/10, idle=5/5, active=0, waiting=0)
2026-08-06 16:06:39 DEBUG [EmployeeBankingHikariPool:housekeeper] com.zaxxer.hikari.pool.HikariPool - EmployeeBankingHikariPool - After  cleanup stats (total=5/10, idle=5/5, active=0, waiting=0)
2026-08-06 16:06:39 DEBUG [EmployeeBankingHikariPool:housekeeper] com.zaxxer.hikari.pool.HikariPool - EmployeeBankingHikariPool - Fill pool skipped, pool has sufficient level or currently being filled.
2026-08-06 16:06:45 DEBUG [EmployeeBankingHikariPool:housekeeper] com.zaxxer.hikari.pool.HikariPool - EmployeeBankingHikariPool - keepalive: connection ConnectionID:20 ClientConnectionId: 8eaccd30-7769-435d-9e6e-dc95e554157f is alive
2026-08-06 16:07:09 DEBUG [EmployeeBankingHikariPool:housekeeper] com.zaxxer.hikari.pool.HikariPool - EmployeeBankingHikariPool - Before cleanup stats (total=5/10, idle=5/5, active=0, waiting=0)
2026-08-06 16:07:09 DEBUG [EmployeeBankingHikariPool:housekeeper] com.zaxxer.hikari.pool.HikariPool - EmployeeBankingHikariPool - After  cleanup stats (total=5/10, idle=5/5, active=0, waiting=0)
2026-08-06 16:07:09 DEBUG [EmployeeBankingHikariPool:housekeeper] com.zaxxer.hikari.pool.HikariPool - EmployeeBankingHikariPool - Fill pool skipped, pool has sufficient level or currently being filled.
2026-08-06 16:07:21 DEBUG [EmployeeBankingHikariPool:housekeeper] com.zaxxer.hikari.pool.HikariPool - EmployeeBankingHikariPool - keepalive: connection ConnectionID:19 ClientConnectionId: ad0cf9ac-62fe-4918-9040-a40d46b3f212 is alive
2026-08-06 16:07:22 DEBUG [EmployeeBankingHikariPool:connection-closer] com.zaxxer.hikari.pool.PoolBase - EmployeeBankingHikariPool - Closing connection ConnectionID:18 ClientConnectionId: fd845906-80de-401f-8634-bac2ec1d837b: (connection has passed maxLifetime)
2026-08-06 16:07:22 DEBUG [EmployeeBankingHikariPool:connection-adder] com.zaxxer.hikari.pool.PoolBase - EmployeeBankingHikariPool - Attempting to create/setup new connection (1660ec10-781c-4f7e-bd0d-a2afa21af345)
2026-08-06 16:07:22 DEBUG [EmployeeBankingHikariPool:connection-adder] com.zaxxer.hikari.pool.PoolBase - EmployeeBankingHikariPool - Established new connection (1660ec10-781c-4f7e-bd0d-a2afa21af345)
2026-08-06 16:07:22 DEBUG [EmployeeBankingHikariPool:connection-adder] com.zaxxer.hikari.pool.HikariPool - EmployeeBankingHikariPool - Added connection ConnectionID:21 ClientConnectionId: d6801c1d-15fd-4eed-991b-cdaca6e9f26e
2026-08-06 16:07:36 DEBUG [EmployeeBankingHikariPool:housekeeper] com.zaxxer.hikari.pool.HikariPool - EmployeeBankingHikariPool - keepalive: connection ConnectionID:16 ClientConnectionId: 4c6268e9-d7c4-435f-b4f4-c46c48fd5c08 is alive
2026-08-06 16:07:36 DEBUG [EmployeeBankingHikariPool:connection-closer] com.zaxxer.hikari.pool.PoolBase - EmployeeBankingHikariPool - Closing connection ConnectionID:16 ClientConnectionId: 4c6268e9-d7c4-435f-b4f4-c46c48fd5c08: (connection has passed maxLifetime)
2026-08-06 16:07:36 DEBUG [EmployeeBankingHikariPool:connection-adder] com.zaxxer.hikari.pool.PoolBase - EmployeeBankingHikariPool - Attempting to create/setup new connection (2fad1fe7-26ee-4ba4-935e-108a2b1e46a9)
2026-08-06 16:07:37 DEBUG [EmployeeBankingHikariPool:connection-adder] com.zaxxer.hikari.pool.PoolBase - EmployeeBankingHikariPool - Established new connection (2fad1fe7-26ee-4ba4-935e-108a2b1e46a9)
2026-08-06 16:07:37 DEBUG [EmployeeBankingHikariPool:connection-adder] com.zaxxer.hikari.pool.HikariPool - EmployeeBankingHikariPool - Added connection ConnectionID:22 ClientConnectionId: bf70f1e5-0268-4c2a-864c-1827498d5559
2026-08-06 16:07:39 DEBUG [EmployeeBankingHikariPool:housekeeper] com.zaxxer.hikari.pool.HikariPool - EmployeeBankingHikariPool - Before cleanup stats (total=5/10, idle=5/5, active=0, waiting=0)
2026-08-06 16:07:39 DEBUG [EmployeeBankingHikariPool:housekeeper] com.zaxxer.hikari.pool.HikariPool - EmployeeBankingHikariPool - After  cleanup stats (total=5/10, idle=5/5, active=0, waiting=0)
2026-08-06 16:07:39 DEBUG [EmployeeBankingHikariPool:housekeeper] com.zaxxer.hikari.pool.HikariPool - EmployeeBankingHikariPool - Fill pool skipped, pool has sufficient level or currently being filled.
2026-08-06 16:08:00 DEBUG [EmployeeBankingHikariPool:housekeeper] com.zaxxer.hikari.pool.HikariPool - EmployeeBankingHikariPool - keepalive: connection ConnectionID:17 ClientConnectionId: de233756-5b8f-4075-aac6-3a888818b5b5 is alive
2026-08-06 16:08:09 DEBUG [EmployeeBankingHikariPool:connection-closer] com.zaxxer.hikari.pool.PoolBase - EmployeeBankingHikariPool - Closing connection ConnectionID:19 ClientConnectionId: ad0cf9ac-62fe-4918-9040-a40d46b3f212: (connection has passed maxLifetime)
2026-08-06 16:08:09 DEBUG [EmployeeBankingHikariPool:connection-adder] com.zaxxer.hikari.pool.PoolBase - EmployeeBankingHikariPool - Attempting to create/setup new connection (122a3b4d-d671-4045-9732-154b1eae9167)
2026-08-06 16:08:09 DEBUG [EmployeeBankingHikariPool:connection-adder] com.zaxxer.hikari.pool.PoolBase - EmployeeBankingHikariPool - Established new connection (122a3b4d-d671-4045-9732-154b1eae9167)
2026-08-06 16:08:09 DEBUG [EmployeeBankingHikariPool:connection-adder] com.zaxxer.hikari.pool.HikariPool - EmployeeBankingHikariPool - Added connection ConnectionID:23 ClientConnectionId: 29377336-b32f-4dea-9d78-981eb2801f30
2026-08-06 16:08:09 DEBUG [EmployeeBankingHikariPool:housekeeper] com.zaxxer.hikari.pool.HikariPool - EmployeeBankingHikariPool - Before cleanup stats (total=5/10, idle=5/5, active=0, waiting=0)
2026-08-06 16:08:09 DEBUG [EmployeeBankingHikariPool:housekeeper] com.zaxxer.hikari.pool.HikariPool - EmployeeBankingHikariPool - After  cleanup stats (total=5/10, idle=5/5, active=0, waiting=0)
2026-08-06 16:08:09 DEBUG [EmployeeBankingHikariPool:housekeeper] com.zaxxer.hikari.pool.HikariPool - EmployeeBankingHikariPool - Fill pool skipped, pool has sufficient level or currently being filled.
2026-08-06 16:08:32 DEBUG [EmployeeBankingHikariPool:connection-closer] com.zaxxer.hikari.pool.PoolBase - EmployeeBankingHikariPool - Closing connection ConnectionID:17 ClientConnectionId: de233756-5b8f-4075-aac6-3a888818b5b5: (connection has passed maxLifetime)
2026-08-06 16:08:32 DEBUG [EmployeeBankingHikariPool:connection-adder] com.zaxxer.hikari.pool.PoolBase - EmployeeBankingHikariPool - Attempting to create/setup new connection (1b036dd3-335c-49ed-9ad5-aaa8492a1598)
2026-08-06 16:08:32 DEBUG [EmployeeBankingHikariPool:connection-adder] com.zaxxer.hikari.pool.PoolBase - EmployeeBankingHikariPool - Established new connection (1b036dd3-335c-49ed-9ad5-aaa8492a1598)
2026-08-06 16:08:32 DEBUG [EmployeeBankingHikariPool:connection-adder] com.zaxxer.hikari.pool.HikariPool - EmployeeBankingHikariPool - Added connection ConnectionID:24 ClientConnectionId: 6c1564bd-4ac0-46fe-a41f-a864bdd2a258
2026-08-06 16:08:39 DEBUG [EmployeeBankingHikariPool:housekeeper] com.zaxxer.hikari.pool.HikariPool - EmployeeBankingHikariPool - Before cleanup stats (total=5/10, idle=5/5, active=0, waiting=0)
2026-08-06 16:08:39 DEBUG [EmployeeBankingHikariPool:housekeeper] com.zaxxer.hikari.pool.HikariPool - EmployeeBankingHikariPool - After  cleanup stats (total=5/10, idle=5/5, active=0, waiting=0)
2026-08-06 16:08:39 DEBUG [EmployeeBankingHikariPool:housekeeper] com.zaxxer.hikari.pool.HikariPool - EmployeeBankingHikariPool - Fill pool skipped, pool has sufficient level or currently being filled.
2026-08-06 16:08:40 DEBUG [EmployeeBankingHikariPool:housekeeper] com.zaxxer.hikari.pool.HikariPool - EmployeeBankingHikariPool - keepalive: connection ConnectionID:20 ClientConnectionId: 8eaccd30-7769-435d-9e6e-dc95e554157f is alive
2026-08-06 16:09:09 DEBUG [EmployeeBankingHikariPool:housekeeper] com.zaxxer.hikari.pool.HikariPool - EmployeeBankingHikariPool - Before cleanup stats (total=5/10, idle=5/5, active=0, waiting=0)
2026-08-06 16:09:09 DEBUG [EmployeeBankingHikariPool:housekeeper] com.zaxxer.hikari.pool.HikariPool - EmployeeBankingHikariPool - After  cleanup stats (total=5/10, idle=5/5, active=0, waiting=0)
2026-08-06 16:09:09 DEBUG [EmployeeBankingHikariPool:housekeeper] com.zaxxer.hikari.pool.HikariPool - EmployeeBankingHikariPool - Fill pool skipped, pool has sufficient level or currently being filled.
2026-08-06 16:09:15 DEBUG [EmployeeBankingHikariPool:housekeeper] com.zaxxer.hikari.pool.HikariPool - EmployeeBankingHikariPool - keepalive: connection ConnectionID:21 ClientConnectionId: d6801c1d-15fd-4eed-991b-cdaca6e9f26e is alive
2026-08-06 16:09:30 DEBUG [EmployeeBankingHikariPool:housekeeper] com.zaxxer.hikari.pool.HikariPool - EmployeeBankingHikariPool - keepalive: connection ConnectionID:22 ClientConnectionId: bf70f1e5-0268-4c2a-864c-1827498d5559 is alive
2026-08-06 16:09:39 DEBUG [EmployeeBankingHikariPool:housekeeper] com.zaxxer.hikari.pool.HikariPool - EmployeeBankingHikariPool - Before cleanup stats (total=5/10, idle=5/5, active=0, waiting=0)
2026-08-06 16:09:39 DEBUG [EmployeeBankingHikariPool:housekeeper] com.zaxxer.hikari.pool.HikariPool - EmployeeBankingHikariPool - After  cleanup stats (total=5/10, idle=5/5, active=0, waiting=0)
2026-08-06 16:09:39 DEBUG [EmployeeBankingHikariPool:housekeeper] com.zaxxer.hikari.pool.HikariPool - EmployeeBankingHikariPool - Fill pool skipped, pool has sufficient level or currently being filled.
2026-08-06 16:10:04 DEBUG [EmployeeBankingHikariPool:housekeeper] com.zaxxer.hikari.pool.HikariPool - EmployeeBankingHikariPool - keepalive: connection ConnectionID:23 ClientConnectionId: 29377336-b32f-4dea-9d78-981eb2801f30 is alive
2026-08-06 16:10:09 DEBUG [EmployeeBankingHikariPool:housekeeper] com.zaxxer.hikari.pool.HikariPool - EmployeeBankingHikariPool - Before cleanup stats (total=5/10, idle=5/5, active=0, waiting=0)
2026-08-06 16:10:09 DEBUG [EmployeeBankingHikariPool:housekeeper] com.zaxxer.hikari.pool.HikariPool - EmployeeBankingHikariPool - After  cleanup stats (total=5/10, idle=5/5, active=0, waiting=0)
2026-08-06 16:10:09 DEBUG [EmployeeBankingHikariPool:housekeeper] com.zaxxer.hikari.pool.HikariPool - EmployeeBankingHikariPool - Fill pool skipped, pool has sufficient level or currently being filled.
2026-08-06 16:10:19 DEBUG [EmployeeBankingHikariPool:housekeeper] com.zaxxer.hikari.pool.HikariPool - EmployeeBankingHikariPool - keepalive: connection ConnectionID:24 ClientConnectionId: 6c1564bd-4ac0-46fe-a41f-a864bdd2a258 is alive
2026-08-06 16:10:30 DEBUG [EmployeeBankingHikariPool:connection-closer] com.zaxxer.hikari.pool.PoolBase - EmployeeBankingHikariPool - Closing connection ConnectionID:20 ClientConnectionId: 8eaccd30-7769-435d-9e6e-dc95e554157f: (connection has passed maxLifetime)
2026-08-06 16:10:30 DEBUG [EmployeeBankingHikariPool:connection-adder] com.zaxxer.hikari.pool.PoolBase - EmployeeBankingHikariPool - Attempting to create/setup new connection (ac1326b5-f6dd-4c79-a93b-988d00a2ab38)
2026-08-06 16:10:30 DEBUG [EmployeeBankingHikariPool:connection-adder] com.zaxxer.hikari.pool.PoolBase - EmployeeBankingHikariPool - Established new connection (ac1326b5-f6dd-4c79-a93b-988d00a2ab38)
2026-08-06 16:10:30 DEBUG [EmployeeBankingHikariPool:connection-adder] com.zaxxer.hikari.pool.HikariPool - EmployeeBankingHikariPool - Added connection ConnectionID:25 ClientConnectionId: f3057b64-984a-4c44-9069-cb50dfcc25f1
2026-08-06 16:10:39 DEBUG [EmployeeBankingHikariPool:housekeeper] com.zaxxer.hikari.pool.HikariPool - EmployeeBankingHikariPool - Before cleanup stats (total=5/10, idle=5/5, active=0, waiting=0)
2026-08-06 16:10:39 DEBUG [EmployeeBankingHikariPool:housekeeper] com.zaxxer.hikari.pool.HikariPool - EmployeeBankingHikariPool - After  cleanup stats (total=5/10, idle=5/5, active=0, waiting=0)
2026-08-06 16:10:39 DEBUG [EmployeeBankingHikariPool:housekeeper] com.zaxxer.hikari.pool.HikariPool - EmployeeBankingHikariPool - Fill pool skipped, pool has sufficient level or currently being filled.
2026-08-06 16:11:07 DEBUG [EmployeeBankingHikariPool:housekeeper] com.zaxxer.hikari.pool.HikariPool - EmployeeBankingHikariPool - keepalive: connection ConnectionID:21 ClientConnectionId: d6801c1d-15fd-4eed-991b-cdaca6e9f26e is alive
2026-08-06 16:11:09 DEBUG [EmployeeBankingHikariPool:housekeeper] com.zaxxer.hikari.pool.HikariPool - EmployeeBankingHikariPool - Before cleanup stats (total=5/10, idle=5/5, active=0, waiting=0)
2026-08-06 16:11:09 DEBUG [EmployeeBankingHikariPool:housekeeper] com.zaxxer.hikari.pool.HikariPool - EmployeeBankingHikariPool - After  cleanup stats (total=5/10, idle=5/5, active=0, waiting=0)
2026-08-06 16:11:09 DEBUG [EmployeeBankingHikariPool:housekeeper] com.zaxxer.hikari.pool.HikariPool - EmployeeBankingHikariPool - Fill pool skipped, pool has sufficient level or currently being filled.
2026-08-06 16:11:24 DEBUG [EmployeeBankingHikariPool:housekeeper] com.zaxxer.hikari.pool.HikariPool - EmployeeBankingHikariPool - keepalive: connection ConnectionID:22 ClientConnectionId: bf70f1e5-0268-4c2a-864c-1827498d5559 is alive
2026-08-06 16:11:39 DEBUG [EmployeeBankingHikariPool:housekeeper] com.zaxxer.hikari.pool.HikariPool - EmployeeBankingHikariPool - Before cleanup stats (total=5/10, idle=5/5, active=0, waiting=0)
2026-08-06 16:11:39 DEBUG [EmployeeBankingHikariPool:housekeeper] com.zaxxer.hikari.pool.HikariPool - EmployeeBankingHikariPool - After  cleanup stats (total=5/10, idle=5/5, active=0, waiting=0)
2026-08-06 16:11:39 DEBUG [EmployeeBankingHikariPool:housekeeper] com.zaxxer.hikari.pool.HikariPool - EmployeeBankingHikariPool - Fill pool skipped, pool has sufficient level or currently being filled.
2026-08-06 16:11:59 DEBUG [EmployeeBankingHikariPool:housekeeper] com.zaxxer.hikari.pool.HikariPool - EmployeeBankingHikariPool - keepalive: connection ConnectionID:23 ClientConnectionId: 29377336-b32f-4dea-9d78-981eb2801f30 is alive
2026-08-06 16:12:05 DEBUG [EmployeeBankingHikariPool:housekeeper] com.zaxxer.hikari.pool.HikariPool - EmployeeBankingHikariPool - keepalive: connection ConnectionID:24 ClientConnectionId: 6c1564bd-4ac0-46fe-a41f-a864bdd2a258 is alive
2026-08-06 16:12:09 DEBUG [EmployeeBankingHikariPool:housekeeper] com.zaxxer.hikari.pool.HikariPool - EmployeeBankingHikariPool - Before cleanup stats (total=5/10, idle=5/5, active=0, waiting=0)
2026-08-06 16:12:09 DEBUG [EmployeeBankingHikariPool:housekeeper] com.zaxxer.hikari.pool.HikariPool - EmployeeBankingHikariPool - After  cleanup stats (total=5/10, idle=5/5, active=0, waiting=0)
2026-08-06 16:12:09 DEBUG [EmployeeBankingHikariPool:housekeeper] com.zaxxer.hikari.pool.HikariPool - EmployeeBankingHikariPool - Fill pool skipped, pool has sufficient level or currently being filled.
2026-08-06 16:12:17 DEBUG [EmployeeBankingHikariPool:housekeeper] com.zaxxer.hikari.pool.HikariPool - EmployeeBankingHikariPool - keepalive: connection ConnectionID:25 ClientConnectionId: f3057b64-984a-4c44-9069-cb50dfcc25f1 is alive
2026-08-06 16:12:39 DEBUG [EmployeeBankingHikariPool:housekeeper] com.zaxxer.hikari.pool.HikariPool - EmployeeBankingHikariPool - Before cleanup stats (total=5/10, idle=5/5, active=0, waiting=0)
2026-08-06 16:12:39 DEBUG [EmployeeBankingHikariPool:housekeeper] com.zaxxer.hikari.pool.HikariPool - EmployeeBankingHikariPool - After  cleanup stats (total=5/10, idle=5/5, active=0, waiting=0)
2026-08-06 16:12:39 DEBUG [EmployeeBankingHikariPool:housekeeper] com.zaxxer.hikari.pool.HikariPool - EmployeeBankingHikariPool - Fill pool skipped, pool has sufficient level or currently being filled.
2026-08-06 16:12:59 DEBUG [EmployeeBankingHikariPool:housekeeper] com.zaxxer.hikari.pool.HikariPool - EmployeeBankingHikariPool - keepalive: connection ConnectionID:21 ClientConnectionId: d6801c1d-15fd-4eed-991b-cdaca6e9f26e is alive
2026-08-06 16:13:09 DEBUG [EmployeeBankingHikariPool:housekeeper] com.zaxxer.hikari.pool.HikariPool - EmployeeBankingHikariPool - Before cleanup stats (total=5/10, idle=5/5, active=0, waiting=0)
2026-08-06 16:13:09 DEBUG [EmployeeBankingHikariPool:housekeeper] com.zaxxer.hikari.pool.HikariPool - EmployeeBankingHikariPool - After  cleanup stats (total=5/10, idle=5/5, active=0, waiting=0)
2026-08-06 16:13:09 DEBUG [EmployeeBankingHikariPool:housekeeper] com.zaxxer.hikari.pool.HikariPool - EmployeeBankingHikariPool - Fill pool skipped, pool has sufficient level or currently being filled.
2026-08-06 16:13:17 DEBUG [EmployeeBankingHikariPool:housekeeper] com.zaxxer.hikari.pool.HikariPool - EmployeeBankingHikariPool - keepalive: connection ConnectionID:22 ClientConnectionId: bf70f1e5-0268-4c2a-864c-1827498d5559 is alive
2026-08-06 16:13:39 DEBUG [EmployeeBankingHikariPool:housekeeper] com.zaxxer.hikari.pool.HikariPool - EmployeeBankingHikariPool - Before cleanup stats (total=5/10, idle=5/5, active=0, waiting=0)
2026-08-06 16:13:39 DEBUG [EmployeeBankingHikariPool:housekeeper] com.zaxxer.hikari.pool.HikariPool - EmployeeBankingHikariPool - After  cleanup stats (total=5/10, idle=5/5, active=0, waiting=0)
2026-08-06 16:13:39 DEBUG [EmployeeBankingHikariPool:housekeeper] com.zaxxer.hikari.pool.HikariPool - EmployeeBankingHikariPool - Fill pool skipped, pool has sufficient level or currently being filled.
2026-08-06 16:13:52 DEBUG [EmployeeBankingHikariPool:housekeeper] com.zaxxer.hikari.pool.HikariPool - EmployeeBankingHikariPool - keepalive: connection ConnectionID:24 ClientConnectionId: 6c1564bd-4ac0-46fe-a41f-a864bdd2a258 is alive
2026-08-06 16:13:54 DEBUG [EmployeeBankingHikariPool:housekeeper] com.zaxxer.hikari.pool.HikariPool - EmployeeBankingHikariPool - keepalive: connection ConnectionID:23 ClientConnectionId: 29377336-b32f-4dea-9d78-981eb2801f30 is alive
2026-08-06 16:14:04 DEBUG [EmployeeBankingHikariPool:housekeeper] com.zaxxer.hikari.pool.HikariPool - EmployeeBankingHikariPool - keepalive: connection ConnectionID:25 ClientConnectionId: f3057b64-984a-4c44-9069-cb50dfcc25f1 is alive
2026-08-06 16:14:09 DEBUG [EmployeeBankingHikariPool:housekeeper] com.zaxxer.hikari.pool.HikariPool - EmployeeBankingHikariPool - Before cleanup stats (total=5/10, idle=5/5, active=0, waiting=0)
2026-08-06 16:14:09 DEBUG [EmployeeBankingHikariPool:housekeeper] com.zaxxer.hikari.pool.HikariPool - EmployeeBankingHikariPool - After  cleanup stats (total=5/10, idle=5/5, active=0, waiting=0)
2026-08-06 16:14:09 DEBUG [EmployeeBankingHikariPool:housekeeper] com.zaxxer.hikari.pool.HikariPool - EmployeeBankingHikariPool - Fill pool skipped, pool has sufficient level or currently being filled.
2026-08-06 16:14:39 DEBUG [EmployeeBankingHikariPool:housekeeper] com.zaxxer.hikari.pool.HikariPool - EmployeeBankingHikariPool - Before cleanup stats (total=5/10, idle=5/5, active=0, waiting=0)
2026-08-06 16:14:39 DEBUG [EmployeeBankingHikariPool:housekeeper] com.zaxxer.hikari.pool.HikariPool - EmployeeBankingHikariPool - After  cleanup stats (total=5/10, idle=5/5, active=0, waiting=0)
2026-08-06 16:14:39 DEBUG [EmployeeBankingHikariPool:housekeeper] com.zaxxer.hikari.pool.HikariPool - EmployeeBankingHikariPool - Fill pool skipped, pool has sufficient level or currently being filled.
2026-08-06 16:14:51 DEBUG [EmployeeBankingHikariPool:housekeeper] com.zaxxer.hikari.pool.HikariPool - EmployeeBankingHikariPool - keepalive: connection ConnectionID:21 ClientConnectionId: d6801c1d-15fd-4eed-991b-cdaca6e9f26e is alive
2026-08-06 16:15:09 DEBUG [EmployeeBankingHikariPool:housekeeper] com.zaxxer.hikari.pool.HikariPool - EmployeeBankingHikariPool - Before cleanup stats (total=5/10, idle=5/5, active=0, waiting=0)
2026-08-06 16:15:09 DEBUG [EmployeeBankingHikariPool:housekeeper] com.zaxxer.hikari.pool.HikariPool - EmployeeBankingHikariPool - After  cleanup stats (total=5/10, idle=5/5, active=0, waiting=0)
2026-08-06 16:15:09 DEBUG [EmployeeBankingHikariPool:housekeeper] com.zaxxer.hikari.pool.HikariPool - EmployeeBankingHikariPool - Fill pool skipped, pool has sufficient level or currently being filled.
2026-08-06 16:15:11 DEBUG [EmployeeBankingHikariPool:housekeeper] com.zaxxer.hikari.pool.HikariPool - EmployeeBankingHikariPool - keepalive: connection ConnectionID:22 ClientConnectionId: bf70f1e5-0268-4c2a-864c-1827498d5559 is alive
2026-08-06 16:15:39 DEBUG [EmployeeBankingHikariPool:housekeeper] com.zaxxer.hikari.pool.HikariPool - EmployeeBankingHikariPool - keepalive: connection ConnectionID:24 ClientConnectionId: 6c1564bd-4ac0-46fe-a41f-a864bdd2a258 is alive
2026-08-06 16:15:39 DEBUG [EmployeeBankingHikariPool:housekeeper] com.zaxxer.hikari.pool.HikariPool - EmployeeBankingHikariPool - Before cleanup stats (total=5/10, idle=5/5, active=0, waiting=0)
2026-08-06 16:15:39 DEBUG [EmployeeBankingHikariPool:housekeeper] com.zaxxer.hikari.pool.HikariPool - EmployeeBankingHikariPool - After  cleanup stats (total=5/10, idle=5/5, active=0, waiting=0)
2026-08-06 16:15:39 DEBUG [EmployeeBankingHikariPool:housekeeper] com.zaxxer.hikari.pool.HikariPool - EmployeeBankingHikariPool - Fill pool skipped, pool has sufficient level or currently being filled.
2026-08-06 16:15:50 DEBUG [EmployeeBankingHikariPool:housekeeper] com.zaxxer.hikari.pool.HikariPool - EmployeeBankingHikariPool - keepalive: connection ConnectionID:23 ClientConnectionId: 29377336-b32f-4dea-9d78-981eb2801f30 is alive
2026-08-06 16:15:51 DEBUG [EmployeeBankingHikariPool:housekeeper] com.zaxxer.hikari.pool.HikariPool - EmployeeBankingHikariPool - keepalive: connection ConnectionID:25 ClientConnectionId: f3057b64-984a-4c44-9069-cb50dfcc25f1 is alive
2026-08-06 16:16:09 DEBUG [EmployeeBankingHikariPool:housekeeper] com.zaxxer.hikari.pool.HikariPool - EmployeeBankingHikariPool - Before cleanup stats (total=5/10, idle=5/5, active=0, waiting=0)
2026-08-06 16:16:09 DEBUG [EmployeeBankingHikariPool:housekeeper] com.zaxxer.hikari.pool.HikariPool - EmployeeBankingHikariPool - After  cleanup stats (total=5/10, idle=5/5, active=0, waiting=0)
2026-08-06 16:16:09 DEBUG [EmployeeBankingHikariPool:housekeeper] com.zaxxer.hikari.pool.HikariPool - EmployeeBankingHikariPool - Fill pool skipped, pool has sufficient level or currently being filled.
2026-08-06 16:16:39 DEBUG [EmployeeBankingHikariPool:housekeeper] com.zaxxer.hikari.pool.HikariPool - EmployeeBankingHikariPool - Before cleanup stats (total=5/10, idle=5/5, active=0, waiting=0)
2026-08-06 16:16:39 DEBUG [EmployeeBankingHikariPool:housekeeper] com.zaxxer.hikari.pool.HikariPool - EmployeeBankingHikariPool - After  cleanup stats (total=5/10, idle=5/5, active=0, waiting=0)
2026-08-06 16:16:39 DEBUG [EmployeeBankingHikariPool:housekeeper] com.zaxxer.hikari.pool.HikariPool - EmployeeBankingHikariPool - Fill pool skipped, pool has sufficient level or currently being filled.
2026-08-06 16:16:44 DEBUG [EmployeeBankingHikariPool:housekeeper] com.zaxxer.hikari.pool.HikariPool - EmployeeBankingHikariPool - keepalive: connection ConnectionID:21 ClientConnectionId: d6801c1d-15fd-4eed-991b-cdaca6e9f26e is alive
2026-08-06 16:17:04 DEBUG [EmployeeBankingHikariPool:housekeeper] com.zaxxer.hikari.pool.HikariPool - EmployeeBankingHikariPool - keepalive: connection ConnectionID:22 ClientConnectionId: bf70f1e5-0268-4c2a-864c-1827498d5559 is alive
2026-08-06 16:17:09 DEBUG [EmployeeBankingHikariPool:housekeeper] com.zaxxer.hikari.pool.HikariPool - EmployeeBankingHikariPool - Before cleanup stats (total=5/10, idle=5/5, active=0, waiting=0)
2026-08-06 16:17:09 DEBUG [EmployeeBankingHikariPool:housekeeper] com.zaxxer.hikari.pool.HikariPool - EmployeeBankingHikariPool - After  cleanup stats (total=5/10, idle=5/5, active=0, waiting=0)
2026-08-06 16:17:09 DEBUG [EmployeeBankingHikariPool:housekeeper] com.zaxxer.hikari.pool.HikariPool - EmployeeBankingHikariPool - Fill pool skipped, pool has sufficient level or currently being filled.
2026-08-06 16:17:25 DEBUG [EmployeeBankingHikariPool:housekeeper] com.zaxxer.hikari.pool.HikariPool - EmployeeBankingHikariPool - keepalive: connection ConnectionID:24 ClientConnectionId: 6c1564bd-4ac0-46fe-a41f-a864bdd2a258 is alive
2026-08-06 16:17:38 DEBUG [EmployeeBankingHikariPool:housekeeper] com.zaxxer.hikari.pool.HikariPool - EmployeeBankingHikariPool - keepalive: connection ConnectionID:25 ClientConnectionId: f3057b64-984a-4c44-9069-cb50dfcc25f1 is alive
2026-08-06 16:17:39 DEBUG [EmployeeBankingHikariPool:housekeeper] com.zaxxer.hikari.pool.HikariPool - EmployeeBankingHikariPool - Before cleanup stats (total=5/10, idle=5/5, active=0, waiting=0)
2026-08-06 16:17:39 DEBUG [EmployeeBankingHikariPool:housekeeper] com.zaxxer.hikari.pool.HikariPool - EmployeeBankingHikariPool - After  cleanup stats (total=5/10, idle=5/5, active=0, waiting=0)
2026-08-06 16:17:39 DEBUG [EmployeeBankingHikariPool:housekeeper] com.zaxxer.hikari.pool.HikariPool - EmployeeBankingHikariPool - Fill pool skipped, pool has sufficient level or currently being filled.
2026-08-06 16:17:45 DEBUG [EmployeeBankingHikariPool:housekeeper] com.zaxxer.hikari.pool.HikariPool - EmployeeBankingHikariPool - keepalive: connection ConnectionID:23 ClientConnectionId: 29377336-b32f-4dea-9d78-981eb2801f30 is alive
2026-08-06 16:18:10 DEBUG [EmployeeBankingHikariPool:housekeeper] com.zaxxer.hikari.pool.HikariPool - EmployeeBankingHikariPool - Before cleanup stats (total=5/10, idle=5/5, active=0, waiting=0)
2026-08-06 16:18:10 DEBUG [EmployeeBankingHikariPool:housekeeper] com.zaxxer.hikari.pool.HikariPool - EmployeeBankingHikariPool - After  cleanup stats (total=5/10, idle=5/5, active=0, waiting=0)
2026-08-06 16:18:10 DEBUG [EmployeeBankingHikariPool:housekeeper] com.zaxxer.hikari.pool.HikariPool - EmployeeBankingHikariPool - Fill pool skipped, pool has sufficient level or currently being filled.
2026-08-06 16:18:36 DEBUG [EmployeeBankingHikariPool:housekeeper] com.zaxxer.hikari.pool.HikariPool - EmployeeBankingHikariPool - keepalive: connection ConnectionID:21 ClientConnectionId: d6801c1d-15fd-4eed-991b-cdaca6e9f26e is alive
2026-08-06 16:18:40 DEBUG [EmployeeBankingHikariPool:housekeeper] com.zaxxer.hikari.pool.HikariPool - EmployeeBankingHikariPool - Before cleanup stats (total=5/10, idle=5/5, active=0, waiting=0)
2026-08-06 16:18:40 DEBUG [EmployeeBankingHikariPool:housekeeper] com.zaxxer.hikari.pool.HikariPool - EmployeeBankingHikariPool - After  cleanup stats (total=5/10, idle=5/5, active=0, waiting=0)
2026-08-06 16:18:40 DEBUG [EmployeeBankingHikariPool:housekeeper] com.zaxxer.hikari.pool.HikariPool - EmployeeBankingHikariPool - Fill pool skipped, pool has sufficient level or currently being filled.
2026-08-06 16:18:58 DEBUG [EmployeeBankingHikariPool:housekeeper] com.zaxxer.hikari.pool.HikariPool - EmployeeBankingHikariPool - keepalive: connection ConnectionID:22 ClientConnectionId: bf70f1e5-0268-4c2a-864c-1827498d5559 is alive
2026-08-06 16:19:10 DEBUG [EmployeeBankingHikariPool:housekeeper] com.zaxxer.hikari.pool.HikariPool - EmployeeBankingHikariPool - Before cleanup stats (total=5/10, idle=5/5, active=0, waiting=0)
2026-08-06 16:19:10 DEBUG [EmployeeBankingHikariPool:housekeeper] com.zaxxer.hikari.pool.HikariPool - EmployeeBankingHikariPool - After  cleanup stats (total=5/10, idle=5/5, active=0, waiting=0)
2026-08-06 16:19:10 DEBUG [EmployeeBankingHikariPool:housekeeper] com.zaxxer.hikari.pool.HikariPool - EmployeeBankingHikariPool - Fill pool skipped, pool has sufficient level or currently being filled.
2026-08-06 16:19:12 DEBUG [EmployeeBankingHikariPool:housekeeper] com.zaxxer.hikari.pool.HikariPool - EmployeeBankingHikariPool - keepalive: connection ConnectionID:24 ClientConnectionId: 6c1564bd-4ac0-46fe-a41f-a864bdd2a258 is alive
2026-08-06 16:19:24 DEBUG [EmployeeBankingHikariPool:housekeeper] com.zaxxer.hikari.pool.HikariPool - EmployeeBankingHikariPool - keepalive: connection ConnectionID:25 ClientConnectionId: f3057b64-984a-4c44-9069-cb50dfcc25f1 is alive
2026-08-06 16:19:40 DEBUG [EmployeeBankingHikariPool:housekeeper] com.zaxxer.hikari.pool.HikariPool - EmployeeBankingHikariPool - Before cleanup stats (total=5/10, idle=5/5, active=0, waiting=0)
2026-08-06 16:19:40 DEBUG [EmployeeBankingHikariPool:housekeeper] com.zaxxer.hikari.pool.HikariPool - EmployeeBankingHikariPool - After  cleanup stats (total=5/10, idle=5/5, active=0, waiting=0)
2026-08-06 16:19:40 DEBUG [EmployeeBankingHikariPool:housekeeper] com.zaxxer.hikari.pool.HikariPool - EmployeeBankingHikariPool - Fill pool skipped, pool has sufficient level or currently being filled.
2026-08-06 16:19:40 DEBUG [EmployeeBankingHikariPool:housekeeper] com.zaxxer.hikari.pool.HikariPool - EmployeeBankingHikariPool - keepalive: connection ConnectionID:23 ClientConnectionId: 29377336-b32f-4dea-9d78-981eb2801f30 is alive
2026-08-06 16:20:10 DEBUG [EmployeeBankingHikariPool:housekeeper] com.zaxxer.hikari.pool.HikariPool - EmployeeBankingHikariPool - Before cleanup stats (total=5/10, idle=5/5, active=0, waiting=0)
2026-08-06 16:20:10 DEBUG [EmployeeBankingHikariPool:housekeeper] com.zaxxer.hikari.pool.HikariPool - EmployeeBankingHikariPool - After  cleanup stats (total=5/10, idle=5/5, active=0, waiting=0)
2026-08-06 16:20:10 DEBUG [EmployeeBankingHikariPool:housekeeper] com.zaxxer.hikari.pool.HikariPool - EmployeeBankingHikariPool - Fill pool skipped, pool has sufficient level or currently being filled.
2026-08-06 16:20:28 DEBUG [EmployeeBankingHikariPool:housekeeper] com.zaxxer.hikari.pool.HikariPool - EmployeeBankingHikariPool - keepalive: connection ConnectionID:21 ClientConnectionId: d6801c1d-15fd-4eed-991b-cdaca6e9f26e is alive
2026-08-06 16:20:40 DEBUG [EmployeeBankingHikariPool:housekeeper] com.zaxxer.hikari.pool.HikariPool - EmployeeBankingHikariPool - Before cleanup stats (total=5/10, idle=5/5, active=0, waiting=0)
2026-08-06 16:20:40 DEBUG [EmployeeBankingHikariPool:housekeeper] com.zaxxer.hikari.pool.HikariPool - EmployeeBankingHikariPool - After  cleanup stats (total=5/10, idle=5/5, active=0, waiting=0)
2026-08-06 16:20:40 DEBUG [EmployeeBankingHikariPool:housekeeper] com.zaxxer.hikari.pool.HikariPool - EmployeeBankingHikariPool - Fill pool skipped, pool has sufficient level or currently being filled.
2026-08-06 16:20:51 DEBUG [EmployeeBankingHikariPool:housekeeper] com.zaxxer.hikari.pool.HikariPool - EmployeeBankingHikariPool - keepalive: connection ConnectionID:22 ClientConnectionId: bf70f1e5-0268-4c2a-864c-1827498d5559 is alive
2026-08-06 16:20:59 DEBUG [EmployeeBankingHikariPool:housekeeper] com.zaxxer.hikari.pool.HikariPool - EmployeeBankingHikariPool - keepalive: connection ConnectionID:24 ClientConnectionId: 6c1564bd-4ac0-46fe-a41f-a864bdd2a258 is alive
2026-08-06 16:21:10 DEBUG [EmployeeBankingHikariPool:housekeeper] com.zaxxer.hikari.pool.HikariPool - EmployeeBankingHikariPool - Before cleanup stats (total=5/10, idle=5/5, active=0, waiting=0)
2026-08-06 16:21:10 DEBUG [EmployeeBankingHikariPool:housekeeper] com.zaxxer.hikari.pool.HikariPool - EmployeeBankingHikariPool - After  cleanup stats (total=5/10, idle=5/5, active=0, waiting=0)
2026-08-06 16:21:10 DEBUG [EmployeeBankingHikariPool:housekeeper] com.zaxxer.hikari.pool.HikariPool - EmployeeBankingHikariPool - Fill pool skipped, pool has sufficient level or currently being filled.
2026-08-06 16:21:11 DEBUG [EmployeeBankingHikariPool:housekeeper] com.zaxxer.hikari.pool.HikariPool - EmployeeBankingHikariPool - keepalive: connection ConnectionID:25 ClientConnectionId: f3057b64-984a-4c44-9069-cb50dfcc25f1 is alive
2026-08-06 16:21:35 DEBUG [EmployeeBankingHikariPool:housekeeper] com.zaxxer.hikari.pool.HikariPool - EmployeeBankingHikariPool - keepalive: connection ConnectionID:23 ClientConnectionId: 29377336-b32f-4dea-9d78-981eb2801f30 is alive
2026-08-06 16:21:40 DEBUG [EmployeeBankingHikariPool:housekeeper] com.zaxxer.hikari.pool.HikariPool - EmployeeBankingHikariPool - Before cleanup stats (total=5/10, idle=5/5, active=0, waiting=0)
2026-08-06 16:21:40 DEBUG [EmployeeBankingHikariPool:housekeeper] com.zaxxer.hikari.pool.HikariPool - EmployeeBankingHikariPool - After  cleanup stats (total=5/10, idle=5/5, active=0, waiting=0)
2026-08-06 16:21:40 DEBUG [EmployeeBankingHikariPool:housekeeper] com.zaxxer.hikari.pool.HikariPool - EmployeeBankingHikariPool - Fill pool skipped, pool has sufficient level or currently being filled.
2026-08-06 16:22:10 DEBUG [EmployeeBankingHikariPool:housekeeper] com.zaxxer.hikari.pool.HikariPool - EmployeeBankingHikariPool - Before cleanup stats (total=5/10, idle=5/5, active=0, waiting=0)
2026-08-06 16:22:10 DEBUG [EmployeeBankingHikariPool:housekeeper] com.zaxxer.hikari.pool.HikariPool - EmployeeBankingHikariPool - After  cleanup stats (total=5/10, idle=5/5, active=0, waiting=0)
2026-08-06 16:22:10 DEBUG [EmployeeBankingHikariPool:housekeeper] com.zaxxer.hikari.pool.HikariPool - EmployeeBankingHikariPool - Fill pool skipped, pool has sufficient level or currently being filled.
2026-08-06 16:22:20 DEBUG [EmployeeBankingHikariPool:housekeeper] com.zaxxer.hikari.pool.HikariPool - EmployeeBankingHikariPool - keepalive: connection ConnectionID:21 ClientConnectionId: d6801c1d-15fd-4eed-991b-cdaca6e9f26e is alive
2026-08-06 16:22:40 DEBUG [EmployeeBankingHikariPool:housekeeper] com.zaxxer.hikari.pool.HikariPool - EmployeeBankingHikariPool - Before cleanup stats (total=5/10, idle=5/5, active=0, waiting=0)
2026-08-06 16:22:40 DEBUG [EmployeeBankingHikariPool:housekeeper] com.zaxxer.hikari.pool.HikariPool - EmployeeBankingHikariPool - After  cleanup stats (total=5/10, idle=5/5, active=0, waiting=0)
2026-08-06 16:22:40 DEBUG [EmployeeBankingHikariPool:housekeeper] com.zaxxer.hikari.pool.HikariPool - EmployeeBankingHikariPool - Fill pool skipped, pool has sufficient level or currently being filled.
2026-08-06 16:22:44 DEBUG [EmployeeBankingHikariPool:housekeeper] com.zaxxer.hikari.pool.HikariPool - EmployeeBankingHikariPool - keepalive: connection ConnectionID:22 ClientConnectionId: bf70f1e5-0268-4c2a-864c-1827498d5559 is alive
2026-08-06 16:22:45 DEBUG [EmployeeBankingHikariPool:housekeeper] com.zaxxer.hikari.pool.HikariPool - EmployeeBankingHikariPool - keepalive: connection ConnectionID:24 ClientConnectionId: 6c1564bd-4ac0-46fe-a41f-a864bdd2a258 is alive
2026-08-06 16:22:58 DEBUG [EmployeeBankingHikariPool:housekeeper] com.zaxxer.hikari.pool.HikariPool - EmployeeBankingHikariPool - keepalive: connection ConnectionID:25 ClientConnectionId: f3057b64-984a-4c44-9069-cb50dfcc25f1 is alive
2026-08-06 16:23:10 DEBUG [EmployeeBankingHikariPool:housekeeper] com.zaxxer.hikari.pool.HikariPool - EmployeeBankingHikariPool - Before cleanup stats (total=5/10, idle=5/5, active=0, waiting=0)
2026-08-06 16:23:10 DEBUG [EmployeeBankingHikariPool:housekeeper] com.zaxxer.hikari.pool.HikariPool - EmployeeBankingHikariPool - After  cleanup stats (total=5/10, idle=5/5, active=0, waiting=0)
2026-08-06 16:23:10 DEBUG [EmployeeBankingHikariPool:housekeeper] com.zaxxer.hikari.pool.HikariPool - EmployeeBankingHikariPool - Fill pool skipped, pool has sufficient level or currently being filled.
2026-08-06 16:23:30 DEBUG [EmployeeBankingHikariPool:housekeeper] com.zaxxer.hikari.pool.HikariPool - EmployeeBankingHikariPool - keepalive: connection ConnectionID:23 ClientConnectionId: 29377336-b32f-4dea-9d78-981eb2801f30 is alive
2026-08-06 16:23:40 DEBUG [EmployeeBankingHikariPool:housekeeper] com.zaxxer.hikari.pool.HikariPool - EmployeeBankingHikariPool - Before cleanup stats (total=5/10, idle=5/5, active=0, waiting=0)
2026-08-06 16:23:40 DEBUG [EmployeeBankingHikariPool:housekeeper] com.zaxxer.hikari.pool.HikariPool - EmployeeBankingHikariPool - After  cleanup stats (total=5/10, idle=5/5, active=0, waiting=0)
2026-08-06 16:23:40 DEBUG [EmployeeBankingHikariPool:housekeeper] com.zaxxer.hikari.pool.HikariPool - EmployeeBankingHikariPool - Fill pool skipped, pool has sufficient level or currently being filled.
2026-08-06 16:24:10 DEBUG [EmployeeBankingHikariPool:housekeeper] com.zaxxer.hikari.pool.HikariPool - EmployeeBankingHikariPool - Before cleanup stats (total=5/10, idle=5/5, active=0, waiting=0)
2026-08-06 16:24:10 DEBUG [EmployeeBankingHikariPool:housekeeper] com.zaxxer.hikari.pool.HikariPool - EmployeeBankingHikariPool - After  cleanup stats (total=5/10, idle=5/5, active=0, waiting=0)
2026-08-06 16:24:10 DEBUG [EmployeeBankingHikariPool:housekeeper] com.zaxxer.hikari.pool.HikariPool - EmployeeBankingHikariPool - Fill pool skipped, pool has sufficient level or currently being filled.
2026-08-06 16:24:12 DEBUG [EmployeeBankingHikariPool:housekeeper] com.zaxxer.hikari.pool.HikariPool - EmployeeBankingHikariPool - keepalive: connection ConnectionID:21 ClientConnectionId: d6801c1d-15fd-4eed-991b-cdaca6e9f26e is alive
2026-08-06 16:24:32 DEBUG [EmployeeBankingHikariPool:housekeeper] com.zaxxer.hikari.pool.HikariPool - EmployeeBankingHikariPool - keepalive: connection ConnectionID:24 ClientConnectionId: 6c1564bd-4ac0-46fe-a41f-a864bdd2a258 is alive
2026-08-06 16:24:38 DEBUG [EmployeeBankingHikariPool:housekeeper] com.zaxxer.hikari.pool.HikariPool - EmployeeBankingHikariPool - keepalive: connection ConnectionID:22 ClientConnectionId: bf70f1e5-0268-4c2a-864c-1827498d5559 is alive
2026-08-06 16:24:40 DEBUG [EmployeeBankingHikariPool:housekeeper] com.zaxxer.hikari.pool.HikariPool - EmployeeBankingHikariPool - Before cleanup stats (total=5/10, idle=5/5, active=0, waiting=0)
2026-08-06 16:24:40 DEBUG [EmployeeBankingHikariPool:housekeeper] com.zaxxer.hikari.pool.HikariPool - EmployeeBankingHikariPool - After  cleanup stats (total=5/10, idle=5/5, active=0, waiting=0)
2026-08-06 16:24:40 DEBUG [EmployeeBankingHikariPool:housekeeper] com.zaxxer.hikari.pool.HikariPool - EmployeeBankingHikariPool - Fill pool skipped, pool has sufficient level or currently being filled.
2026-08-06 16:24:45 DEBUG [EmployeeBankingHikariPool:housekeeper] com.zaxxer.hikari.pool.HikariPool - EmployeeBankingHikariPool - keepalive: connection ConnectionID:25 ClientConnectionId: f3057b64-984a-4c44-9069-cb50dfcc25f1 is alive
2026-08-06 16:25:10 DEBUG [EmployeeBankingHikariPool:housekeeper] com.zaxxer.hikari.pool.HikariPool - EmployeeBankingHikariPool - Before cleanup stats (total=5/10, idle=5/5, active=0, waiting=0)
2026-08-06 16:25:10 DEBUG [EmployeeBankingHikariPool:housekeeper] com.zaxxer.hikari.pool.HikariPool - EmployeeBankingHikariPool - After  cleanup stats (total=5/10, idle=5/5, active=0, waiting=0)
2026-08-06 16:25:10 DEBUG [EmployeeBankingHikariPool:housekeeper] com.zaxxer.hikari.pool.HikariPool - EmployeeBankingHikariPool - Fill pool skipped, pool has sufficient level or currently being filled.
2026-08-06 16:25:25 DEBUG [EmployeeBankingHikariPool:housekeeper] com.zaxxer.hikari.pool.HikariPool - EmployeeBankingHikariPool - keepalive: connection ConnectionID:23 ClientConnectionId: 29377336-b32f-4dea-9d78-981eb2801f30 is alive
2026-08-06 16:25:40 DEBUG [EmployeeBankingHikariPool:housekeeper] com.zaxxer.hikari.pool.HikariPool - EmployeeBankingHikariPool - Before cleanup stats (total=5/10, idle=5/5, active=0, waiting=0)
2026-08-06 16:25:40 DEBUG [EmployeeBankingHikariPool:housekeeper] com.zaxxer.hikari.pool.HikariPool - EmployeeBankingHikariPool - After  cleanup stats (total=5/10, idle=5/5, active=0, waiting=0)
2026-08-06 16:25:40 DEBUG [EmployeeBankingHikariPool:housekeeper] com.zaxxer.hikari.pool.HikariPool - EmployeeBankingHikariPool - Fill pool skipped, pool has sufficient level or currently being filled.
2026-08-06 16:26:05 DEBUG [EmployeeBankingHikariPool:housekeeper] com.zaxxer.hikari.pool.HikariPool - EmployeeBankingHikariPool - keepalive: connection ConnectionID:21 ClientConnectionId: d6801c1d-15fd-4eed-991b-cdaca6e9f26e is alive
2026-08-06 16:26:10 DEBUG [EmployeeBankingHikariPool:housekeeper] com.zaxxer.hikari.pool.HikariPool - EmployeeBankingHikariPool - Before cleanup stats (total=5/10, idle=5/5, active=0, waiting=0)
2026-08-06 16:26:10 DEBUG [EmployeeBankingHikariPool:housekeeper] com.zaxxer.hikari.pool.HikariPool - EmployeeBankingHikariPool - After  cleanup stats (total=5/10, idle=5/5, active=0, waiting=0)
2026-08-06 16:26:10 DEBUG [EmployeeBankingHikariPool:housekeeper] com.zaxxer.hikari.pool.HikariPool - EmployeeBankingHikariPool - Fill pool skipped, pool has sufficient level or currently being filled.
2026-08-06 16:26:18 DEBUG [EmployeeBankingHikariPool:housekeeper] com.zaxxer.hikari.pool.HikariPool - EmployeeBankingHikariPool - keepalive: connection ConnectionID:24 ClientConnectionId: 6c1564bd-4ac0-46fe-a41f-a864bdd2a258 is alive
2026-08-06 16:26:31 DEBUG [EmployeeBankingHikariPool:housekeeper] com.zaxxer.hikari.pool.HikariPool - EmployeeBankingHikariPool - keepalive: connection ConnectionID:22 ClientConnectionId: bf70f1e5-0268-4c2a-864c-1827498d5559 is alive
2026-08-06 16:26:32 DEBUG [EmployeeBankingHikariPool:housekeeper] com.zaxxer.hikari.pool.HikariPool - EmployeeBankingHikariPool - keepalive: connection ConnectionID:25 ClientConnectionId: f3057b64-984a-4c44-9069-cb50dfcc25f1 is alive
2026-08-06 16:26:40 DEBUG [EmployeeBankingHikariPool:housekeeper] com.zaxxer.hikari.pool.HikariPool - EmployeeBankingHikariPool - Before cleanup stats (total=5/10, idle=5/5, active=0, waiting=0)
2026-08-06 16:26:40 DEBUG [EmployeeBankingHikariPool:housekeeper] com.zaxxer.hikari.pool.HikariPool - EmployeeBankingHikariPool - After  cleanup stats (total=5/10, idle=5/5, active=0, waiting=0)
2026-08-06 16:26:40 DEBUG [EmployeeBankingHikariPool:housekeeper] com.zaxxer.hikari.pool.HikariPool - EmployeeBankingHikariPool - Fill pool skipped, pool has sufficient level or currently being filled.
2026-08-06 16:27:10 DEBUG [EmployeeBankingHikariPool:housekeeper] com.zaxxer.hikari.pool.HikariPool - EmployeeBankingHikariPool - Before cleanup stats (total=5/10, idle=5/5, active=0, waiting=0)
2026-08-06 16:27:10 DEBUG [EmployeeBankingHikariPool:housekeeper] com.zaxxer.hikari.pool.HikariPool - EmployeeBankingHikariPool - After  cleanup stats (total=5/10, idle=5/5, active=0, waiting=0)
2026-08-06 16:27:10 DEBUG [EmployeeBankingHikariPool:housekeeper] com.zaxxer.hikari.pool.HikariPool - EmployeeBankingHikariPool - Fill pool skipped, pool has sufficient level or currently being filled.
2026-08-06 16:27:20 DEBUG [EmployeeBankingHikariPool:housekeeper] com.zaxxer.hikari.pool.HikariPool - EmployeeBankingHikariPool - keepalive: connection ConnectionID:23 ClientConnectionId: 29377336-b32f-4dea-9d78-981eb2801f30 is alive
2026-08-06 16:27:40 DEBUG [EmployeeBankingHikariPool:housekeeper] com.zaxxer.hikari.pool.HikariPool - EmployeeBankingHikariPool - Before cleanup stats (total=5/10, idle=5/5, active=0, waiting=0)
2026-08-06 16:27:40 DEBUG [EmployeeBankingHikariPool:housekeeper] com.zaxxer.hikari.pool.HikariPool - EmployeeBankingHikariPool - After  cleanup stats (total=5/10, idle=5/5, active=0, waiting=0)
2026-08-06 16:27:40 DEBUG [EmployeeBankingHikariPool:housekeeper] com.zaxxer.hikari.pool.HikariPool - EmployeeBankingHikariPool - Fill pool skipped, pool has sufficient level or currently being filled.
2026-08-06 16:27:57 DEBUG [EmployeeBankingHikariPool:housekeeper] com.zaxxer.hikari.pool.HikariPool - EmployeeBankingHikariPool - keepalive: connection ConnectionID:21 ClientConnectionId: d6801c1d-15fd-4eed-991b-cdaca6e9f26e is alive
2026-08-06 16:28:05 DEBUG [EmployeeBankingHikariPool:housekeeper] com.zaxxer.hikari.pool.HikariPool - EmployeeBankingHikariPool - keepalive: connection ConnectionID:24 ClientConnectionId: 6c1564bd-4ac0-46fe-a41f-a864bdd2a258 is alive
2026-08-06 16:28:10 DEBUG [EmployeeBankingHikariPool:housekeeper] com.zaxxer.hikari.pool.HikariPool - EmployeeBankingHikariPool - Before cleanup stats (total=5/10, idle=5/5, active=0, waiting=0)
2026-08-06 16:28:10 DEBUG [EmployeeBankingHikariPool:housekeeper] com.zaxxer.hikari.pool.HikariPool - EmployeeBankingHikariPool - After  cleanup stats (total=5/10, idle=5/5, active=0, waiting=0)
2026-08-06 16:28:10 DEBUG [EmployeeBankingHikariPool:housekeeper] com.zaxxer.hikari.pool.HikariPool - EmployeeBankingHikariPool - Fill pool skipped, pool has sufficient level or currently being filled.
2026-08-06 16:28:19 DEBUG [EmployeeBankingHikariPool:housekeeper] com.zaxxer.hikari.pool.HikariPool - EmployeeBankingHikariPool - keepalive: connection ConnectionID:25 ClientConnectionId: f3057b64-984a-4c44-9069-cb50dfcc25f1 is alive
2026-08-06 16:28:25 DEBUG [EmployeeBankingHikariPool:housekeeper] com.zaxxer.hikari.pool.HikariPool - EmployeeBankingHikariPool - keepalive: connection ConnectionID:22 ClientConnectionId: bf70f1e5-0268-4c2a-864c-1827498d5559 is alive
2026-08-06 16:28:40 DEBUG [EmployeeBankingHikariPool:housekeeper] com.zaxxer.hikari.pool.HikariPool - EmployeeBankingHikariPool - Before cleanup stats (total=5/10, idle=5/5, active=0, waiting=0)
2026-08-06 16:28:40 DEBUG [EmployeeBankingHikariPool:housekeeper] com.zaxxer.hikari.pool.HikariPool - EmployeeBankingHikariPool - After  cleanup stats (total=5/10, idle=5/5, active=0, waiting=0)
2026-08-06 16:28:40 DEBUG [EmployeeBankingHikariPool:housekeeper] com.zaxxer.hikari.pool.HikariPool - EmployeeBankingHikariPool - Fill pool skipped, pool has sufficient level or currently being filled.
2026-08-06 16:29:10 DEBUG [EmployeeBankingHikariPool:housekeeper] com.zaxxer.hikari.pool.HikariPool - EmployeeBankingHikariPool - Before cleanup stats (total=5/10, idle=5/5, active=0, waiting=0)
2026-08-06 16:29:10 DEBUG [EmployeeBankingHikariPool:housekeeper] com.zaxxer.hikari.pool.HikariPool - EmployeeBankingHikariPool - After  cleanup stats (total=5/10, idle=5/5, active=0, waiting=0)
2026-08-06 16:29:10 DEBUG [EmployeeBankingHikariPool:housekeeper] com.zaxxer.hikari.pool.HikariPool - EmployeeBankingHikariPool - Fill pool skipped, pool has sufficient level or currently being filled.
2026-08-06 16:29:15 DEBUG [EmployeeBankingHikariPool:housekeeper] com.zaxxer.hikari.pool.HikariPool - EmployeeBankingHikariPool - keepalive: connection ConnectionID:23 ClientConnectionId: 29377336-b32f-4dea-9d78-981eb2801f30 is alive
2026-08-06 16:29:40 DEBUG [EmployeeBankingHikariPool:housekeeper] com.zaxxer.hikari.pool.HikariPool - EmployeeBankingHikariPool - Before cleanup stats (total=5/10, idle=5/5, active=0, waiting=0)
2026-08-06 16:29:40 DEBUG [EmployeeBankingHikariPool:housekeeper] com.zaxxer.hikari.pool.HikariPool - EmployeeBankingHikariPool - After  cleanup stats (total=5/10, idle=5/5, active=0, waiting=0)
2026-08-06 16:29:40 DEBUG [EmployeeBankingHikariPool:housekeeper] com.zaxxer.hikari.pool.HikariPool - EmployeeBankingHikariPool - Fill pool skipped, pool has sufficient level or currently being filled.
2026-08-06 16:29:49 DEBUG [EmployeeBankingHikariPool:housekeeper] com.zaxxer.hikari.pool.HikariPool - EmployeeBankingHikariPool - keepalive: connection ConnectionID:21 ClientConnectionId: d6801c1d-15fd-4eed-991b-cdaca6e9f26e is alive
2026-08-06 16:29:52 DEBUG [EmployeeBankingHikariPool:housekeeper] com.zaxxer.hikari.pool.HikariPool - EmployeeBankingHikariPool - keepalive: connection ConnectionID:24 ClientConnectionId: 6c1564bd-4ac0-46fe-a41f-a864bdd2a258 is alive
2026-08-06 16:30:06 DEBUG [EmployeeBankingHikariPool:housekeeper] com.zaxxer.hikari.pool.HikariPool - EmployeeBankingHikariPool - keepalive: connection ConnectionID:25 ClientConnectionId: f3057b64-984a-4c44-9069-cb50dfcc25f1 is alive
2026-08-06 16:30:10 DEBUG [EmployeeBankingHikariPool:housekeeper] com.zaxxer.hikari.pool.HikariPool - EmployeeBankingHikariPool - Before cleanup stats (total=5/10, idle=5/5, active=0, waiting=0)
2026-08-06 16:30:10 DEBUG [EmployeeBankingHikariPool:housekeeper] com.zaxxer.hikari.pool.HikariPool - EmployeeBankingHikariPool - After  cleanup stats (total=5/10, idle=5/5, active=0, waiting=0)
2026-08-06 16:30:10 DEBUG [EmployeeBankingHikariPool:housekeeper] com.zaxxer.hikari.pool.HikariPool - EmployeeBankingHikariPool - Fill pool skipped, pool has sufficient level or currently being filled.
2026-08-06 16:30:18 DEBUG [EmployeeBankingHikariPool:housekeeper] com.zaxxer.hikari.pool.HikariPool - EmployeeBankingHikariPool - keepalive: connection ConnectionID:22 ClientConnectionId: bf70f1e5-0268-4c2a-864c-1827498d5559 is alive
2026-08-06 16:30:40 DEBUG [EmployeeBankingHikariPool:housekeeper] com.zaxxer.hikari.pool.HikariPool - EmployeeBankingHikariPool - Before cleanup stats (total=5/10, idle=5/5, active=0, waiting=0)
2026-08-06 16:30:40 DEBUG [EmployeeBankingHikariPool:housekeeper] com.zaxxer.hikari.pool.HikariPool - EmployeeBankingHikariPool - After  cleanup stats (total=5/10, idle=5/5, active=0, waiting=0)
2026-08-06 16:30:40 DEBUG [EmployeeBankingHikariPool:housekeeper] com.zaxxer.hikari.pool.HikariPool - EmployeeBankingHikariPool - Fill pool skipped, pool has sufficient level or currently being filled.
2026-08-06 16:31:10 DEBUG [EmployeeBankingHikariPool:housekeeper] com.zaxxer.hikari.pool.HikariPool - EmployeeBankingHikariPool - Before cleanup stats (total=5/10, idle=5/5, active=0, waiting=0)
2026-08-06 16:31:10 DEBUG [EmployeeBankingHikariPool:housekeeper] com.zaxxer.hikari.pool.HikariPool - EmployeeBankingHikariPool - After  cleanup stats (total=5/10, idle=5/5, active=0, waiting=0)
2026-08-06 16:31:10 DEBUG [EmployeeBankingHikariPool:housekeeper] com.zaxxer.hikari.pool.HikariPool - EmployeeBankingHikariPool - Fill pool skipped, pool has sufficient level or currently being filled.
2026-08-06 16:31:11 DEBUG [EmployeeBankingHikariPool:housekeeper] com.zaxxer.hikari.pool.HikariPool - EmployeeBankingHikariPool - keepalive: connection ConnectionID:23 ClientConnectionId: 29377336-b32f-4dea-9d78-981eb2801f30 is alive
2026-08-06 16:31:38 DEBUG [EmployeeBankingHikariPool:housekeeper] com.zaxxer.hikari.pool.HikariPool - EmployeeBankingHikariPool - keepalive: connection ConnectionID:24 ClientConnectionId: 6c1564bd-4ac0-46fe-a41f-a864bdd2a258 is alive
2026-08-06 16:31:40 DEBUG [EmployeeBankingHikariPool:housekeeper] com.zaxxer.hikari.pool.HikariPool - EmployeeBankingHikariPool - Before cleanup stats (total=5/10, idle=5/5, active=0, waiting=0)
2026-08-06 16:31:40 DEBUG [EmployeeBankingHikariPool:housekeeper] com.zaxxer.hikari.pool.HikariPool - EmployeeBankingHikariPool - After  cleanup stats (total=5/10, idle=5/5, active=0, waiting=0)
2026-08-06 16:31:40 DEBUG [EmployeeBankingHikariPool:housekeeper] com.zaxxer.hikari.pool.HikariPool - EmployeeBankingHikariPool - Fill pool skipped, pool has sufficient level or currently being filled.
2026-08-06 16:31:41 DEBUG [EmployeeBankingHikariPool:housekeeper] com.zaxxer.hikari.pool.HikariPool - EmployeeBankingHikariPool - keepalive: connection ConnectionID:21 ClientConnectionId: d6801c1d-15fd-4eed-991b-cdaca6e9f26e is alive
2026-08-06 16:31:53 DEBUG [EmployeeBankingHikariPool:housekeeper] com.zaxxer.hikari.pool.HikariPool - EmployeeBankingHikariPool - keepalive: connection ConnectionID:25 ClientConnectionId: f3057b64-984a-4c44-9069-cb50dfcc25f1 is alive
2026-08-06 16:32:10 DEBUG [EmployeeBankingHikariPool:housekeeper] com.zaxxer.hikari.pool.HikariPool - EmployeeBankingHikariPool - Before cleanup stats (total=5/10, idle=5/5, active=0, waiting=0)
2026-08-06 16:32:10 DEBUG [EmployeeBankingHikariPool:housekeeper] com.zaxxer.hikari.pool.HikariPool - EmployeeBankingHikariPool - After  cleanup stats (total=5/10, idle=5/5, active=0, waiting=0)
2026-08-06 16:32:10 DEBUG [EmployeeBankingHikariPool:housekeeper] com.zaxxer.hikari.pool.HikariPool - EmployeeBankingHikariPool - Fill pool skipped, pool has sufficient level or currently being filled.
2026-08-06 16:32:12 DEBUG [EmployeeBankingHikariPool:housekeeper] com.zaxxer.hikari.pool.HikariPool - EmployeeBankingHikariPool - keepalive: connection ConnectionID:22 ClientConnectionId: bf70f1e5-0268-4c2a-864c-1827498d5559 is alive
2026-08-06 16:32:40 DEBUG [EmployeeBankingHikariPool:housekeeper] com.zaxxer.hikari.pool.HikariPool - EmployeeBankingHikariPool - Before cleanup stats (total=5/10, idle=5/5, active=0, waiting=0)
2026-08-06 16:32:40 DEBUG [EmployeeBankingHikariPool:housekeeper] com.zaxxer.hikari.pool.HikariPool - EmployeeBankingHikariPool - After  cleanup stats (total=5/10, idle=5/5, active=0, waiting=0)
2026-08-06 16:32:40 DEBUG [EmployeeBankingHikariPool:housekeeper] com.zaxxer.hikari.pool.HikariPool - EmployeeBankingHikariPool - Fill pool skipped, pool has sufficient level or currently being filled.
2026-08-06 16:33:06 DEBUG [EmployeeBankingHikariPool:housekeeper] com.zaxxer.hikari.pool.HikariPool - EmployeeBankingHikariPool - keepalive: connection ConnectionID:23 ClientConnectionId: 29377336-b32f-4dea-9d78-981eb2801f30 is alive
2026-08-06 16:33:10 DEBUG [EmployeeBankingHikariPool:housekeeper] com.zaxxer.hikari.pool.HikariPool - EmployeeBankingHikariPool - Before cleanup stats (total=5/10, idle=5/5, active=0, waiting=0)
2026-08-06 16:33:10 DEBUG [EmployeeBankingHikariPool:housekeeper] com.zaxxer.hikari.pool.HikariPool - EmployeeBankingHikariPool - After  cleanup stats (total=5/10, idle=5/5, active=0, waiting=0)
2026-08-06 16:33:10 DEBUG [EmployeeBankingHikariPool:housekeeper] com.zaxxer.hikari.pool.HikariPool - EmployeeBankingHikariPool - Fill pool skipped, pool has sufficient level or currently being filled.
2026-08-06 16:33:10 DEBUG [EmployeeBankingHikariPool:connection-closer] com.zaxxer.hikari.pool.PoolBase - EmployeeBankingHikariPool - Closing connection ConnectionID:21 ClientConnectionId: d6801c1d-15fd-4eed-991b-cdaca6e9f26e: (connection has passed maxLifetime)
2026-08-06 16:33:10 DEBUG [EmployeeBankingHikariPool:connection-adder] com.zaxxer.hikari.pool.PoolBase - EmployeeBankingHikariPool - Attempting to create/setup new connection (bba357ff-2c77-4da6-b5ba-f878e9c29e17)
2026-08-06 16:33:11 DEBUG [EmployeeBankingHikariPool:connection-adder] com.zaxxer.hikari.pool.PoolBase - EmployeeBankingHikariPool - Established new connection (bba357ff-2c77-4da6-b5ba-f878e9c29e17)
2026-08-06 16:33:11 DEBUG [EmployeeBankingHikariPool:connection-adder] com.zaxxer.hikari.pool.HikariPool - EmployeeBankingHikariPool - Added connection ConnectionID:26 ClientConnectionId: cf883788-9161-4b1b-9e09-563d3390611b
2026-08-06 16:33:25 DEBUG [EmployeeBankingHikariPool:housekeeper] com.zaxxer.hikari.pool.HikariPool - EmployeeBankingHikariPool - keepalive: connection ConnectionID:24 ClientConnectionId: 6c1564bd-4ac0-46fe-a41f-a864bdd2a258 is alive
2026-08-06 16:33:40 DEBUG [EmployeeBankingHikariPool:housekeeper] com.zaxxer.hikari.pool.HikariPool - EmployeeBankingHikariPool - keepalive: connection ConnectionID:25 ClientConnectionId: f3057b64-984a-4c44-9069-cb50dfcc25f1 is alive
2026-08-06 16:33:40 DEBUG [EmployeeBankingHikariPool:housekeeper] com.zaxxer.hikari.pool.HikariPool - EmployeeBankingHikariPool - Before cleanup stats (total=5/10, idle=5/5, active=0, waiting=0)
2026-08-06 16:33:40 DEBUG [EmployeeBankingHikariPool:housekeeper] com.zaxxer.hikari.pool.HikariPool - EmployeeBankingHikariPool - After  cleanup stats (total=5/10, idle=5/5, active=0, waiting=0)
2026-08-06 16:33:40 DEBUG [EmployeeBankingHikariPool:housekeeper] com.zaxxer.hikari.pool.HikariPool - EmployeeBankingHikariPool - Fill pool skipped, pool has sufficient level or currently being filled.
2026-08-06 16:33:40 DEBUG [EmployeeBankingHikariPool:connection-closer] com.zaxxer.hikari.pool.PoolBase - EmployeeBankingHikariPool - Closing connection ConnectionID:25 ClientConnectionId: f3057b64-984a-4c44-9069-cb50dfcc25f1: (connection has passed maxLifetime)
2026-08-06 16:33:40 DEBUG [EmployeeBankingHikariPool:connection-adder] com.zaxxer.hikari.pool.PoolBase - EmployeeBankingHikariPool - Attempting to create/setup new connection (dc21ccf2-870d-446c-8b18-77525315265b)
2026-08-06 16:33:41 DEBUG [EmployeeBankingHikariPool:connection-adder] com.zaxxer.hikari.pool.PoolBase - EmployeeBankingHikariPool - Established new connection (dc21ccf2-870d-446c-8b18-77525315265b)
2026-08-06 16:33:41 DEBUG [EmployeeBankingHikariPool:connection-adder] com.zaxxer.hikari.pool.HikariPool - EmployeeBankingHikariPool - Added connection ConnectionID:27 ClientConnectionId: 7f418496-9e05-4912-b8ed-9ac8a842f55a
2026-08-06 16:34:05 DEBUG [EmployeeBankingHikariPool:housekeeper] com.zaxxer.hikari.pool.HikariPool - EmployeeBankingHikariPool - keepalive: connection ConnectionID:22 ClientConnectionId: bf70f1e5-0268-4c2a-864c-1827498d5559 is alive
2026-08-06 16:34:10 DEBUG [EmployeeBankingHikariPool:housekeeper] com.zaxxer.hikari.pool.HikariPool - EmployeeBankingHikariPool - Before cleanup stats (total=5/10, idle=5/5, active=0, waiting=0)
2026-08-06 16:34:10 DEBUG [EmployeeBankingHikariPool:housekeeper] com.zaxxer.hikari.pool.HikariPool - EmployeeBankingHikariPool - After  cleanup stats (total=5/10, idle=5/5, active=0, waiting=0)
2026-08-06 16:34:10 DEBUG [EmployeeBankingHikariPool:housekeeper] com.zaxxer.hikari.pool.HikariPool - EmployeeBankingHikariPool - Fill pool skipped, pool has sufficient level or currently being filled.
2026-08-06 16:34:40 DEBUG [EmployeeBankingHikariPool:housekeeper] com.zaxxer.hikari.pool.HikariPool - EmployeeBankingHikariPool - Before cleanup stats (total=5/10, idle=5/5, active=0, waiting=0)
2026-08-06 16:34:40 DEBUG [EmployeeBankingHikariPool:housekeeper] com.zaxxer.hikari.pool.HikariPool - EmployeeBankingHikariPool - After  cleanup stats (total=5/10, idle=5/5, active=0, waiting=0)
2026-08-06 16:34:40 DEBUG [EmployeeBankingHikariPool:housekeeper] com.zaxxer.hikari.pool.HikariPool - EmployeeBankingHikariPool - Fill pool skipped, pool has sufficient level or currently being filled.
2026-08-06 16:34:53 DEBUG [EmployeeBankingHikariPool:connection-closer] com.zaxxer.hikari.pool.PoolBase - EmployeeBankingHikariPool - Closing connection ConnectionID:23 ClientConnectionId: 29377336-b32f-4dea-9d78-981eb2801f30: (connection has passed maxLifetime)
2026-08-06 16:34:53 DEBUG [EmployeeBankingHikariPool:connection-adder] com.zaxxer.hikari.pool.PoolBase - EmployeeBankingHikariPool - Attempting to create/setup new connection (9a014b2f-bfab-441f-885c-e41dbfde1bf1)
2026-08-06 16:34:53 DEBUG [EmployeeBankingHikariPool:connection-adder] com.zaxxer.hikari.pool.PoolBase - EmployeeBankingHikariPool - Established new connection (9a014b2f-bfab-441f-885c-e41dbfde1bf1)
2026-08-06 16:34:53 DEBUG [EmployeeBankingHikariPool:connection-adder] com.zaxxer.hikari.pool.HikariPool - EmployeeBankingHikariPool - Added connection ConnectionID:28 ClientConnectionId: a413035d-1220-4be1-80a4-e6f968a7ce8b
2026-08-06 16:35:05 DEBUG [EmployeeBankingHikariPool:connection-closer] com.zaxxer.hikari.pool.PoolBase - EmployeeBankingHikariPool - Closing connection ConnectionID:24 ClientConnectionId: 6c1564bd-4ac0-46fe-a41f-a864bdd2a258: (connection has passed maxLifetime)
2026-08-06 16:35:05 DEBUG [EmployeeBankingHikariPool:connection-adder] com.zaxxer.hikari.pool.PoolBase - EmployeeBankingHikariPool - Attempting to create/setup new connection (41fcda38-a5aa-4780-8a01-cded3f98b475)
2026-08-06 16:35:06 DEBUG [EmployeeBankingHikariPool:connection-adder] com.zaxxer.hikari.pool.PoolBase - EmployeeBankingHikariPool - Established new connection (41fcda38-a5aa-4780-8a01-cded3f98b475)
2026-08-06 16:35:06 DEBUG [EmployeeBankingHikariPool:connection-adder] com.zaxxer.hikari.pool.HikariPool - EmployeeBankingHikariPool - Added connection ConnectionID:29 ClientConnectionId: 1749f910-3ae8-4b32-a7aa-6ae3e2e63c05
2026-08-06 16:35:06 DEBUG [EmployeeBankingHikariPool:housekeeper] com.zaxxer.hikari.pool.HikariPool - EmployeeBankingHikariPool - keepalive: connection ConnectionID:26 ClientConnectionId: cf883788-9161-4b1b-9e09-563d3390611b is alive
2026-08-06 16:35:10 DEBUG [EmployeeBankingHikariPool:housekeeper] com.zaxxer.hikari.pool.HikariPool - EmployeeBankingHikariPool - Before cleanup stats (total=5/10, idle=5/5, active=0, waiting=0)
2026-08-06 16:35:10 DEBUG [EmployeeBankingHikariPool:housekeeper] com.zaxxer.hikari.pool.HikariPool - EmployeeBankingHikariPool - After  cleanup stats (total=5/10, idle=5/5, active=0, waiting=0)
2026-08-06 16:35:10 DEBUG [EmployeeBankingHikariPool:housekeeper] com.zaxxer.hikari.pool.HikariPool - EmployeeBankingHikariPool - Fill pool skipped, pool has sufficient level or currently being filled.
2026-08-06 16:35:22 DEBUG [EmployeeBankingHikariPool:housekeeper] com.zaxxer.hikari.pool.HikariPool - EmployeeBankingHikariPool - keepalive: connection ConnectionID:27 ClientConnectionId: 7f418496-9e05-4912-b8ed-9ac8a842f55a is alive
2026-08-06 16:35:40 DEBUG [EmployeeBankingHikariPool:housekeeper] com.zaxxer.hikari.pool.HikariPool - EmployeeBankingHikariPool - Before cleanup stats (total=5/10, idle=5/5, active=0, waiting=0)
2026-08-06 16:35:40 DEBUG [EmployeeBankingHikariPool:housekeeper] com.zaxxer.hikari.pool.HikariPool - EmployeeBankingHikariPool - After  cleanup stats (total=5/10, idle=5/5, active=0, waiting=0)
2026-08-06 16:35:40 DEBUG [EmployeeBankingHikariPool:housekeeper] com.zaxxer.hikari.pool.HikariPool - EmployeeBankingHikariPool - Fill pool skipped, pool has sufficient level or currently being filled.
2026-08-06 16:35:59 DEBUG [EmployeeBankingHikariPool:housekeeper] com.zaxxer.hikari.pool.HikariPool - EmployeeBankingHikariPool - keepalive: connection ConnectionID:22 ClientConnectionId: bf70f1e5-0268-4c2a-864c-1827498d5559 is alive
2026-08-06 16:36:10 DEBUG [EmployeeBankingHikariPool:housekeeper] com.zaxxer.hikari.pool.HikariPool - EmployeeBankingHikariPool - Before cleanup stats (total=5/10, idle=5/5, active=0, waiting=0)
2026-08-06 16:36:10 DEBUG [EmployeeBankingHikariPool:housekeeper] com.zaxxer.hikari.pool.HikariPool - EmployeeBankingHikariPool - After  cleanup stats (total=5/10, idle=5/5, active=0, waiting=0)
2026-08-06 16:36:10 DEBUG [EmployeeBankingHikariPool:housekeeper] com.zaxxer.hikari.pool.HikariPool - EmployeeBankingHikariPool - Fill pool skipped, pool has sufficient level or currently being filled.
2026-08-06 16:36:36 DEBUG [EmployeeBankingHikariPool:connection-closer] com.zaxxer.hikari.pool.PoolBase - EmployeeBankingHikariPool - Closing connection ConnectionID:22 ClientConnectionId: bf70f1e5-0268-4c2a-864c-1827498d5559: (connection has passed maxLifetime)
2026-08-06 16:36:36 DEBUG [EmployeeBankingHikariPool:connection-adder] com.zaxxer.hikari.pool.PoolBase - EmployeeBankingHikariPool - Attempting to create/setup new connection (a0c8e38a-7397-42a3-8477-1909ac4e3f2f)
2026-08-06 16:36:36 DEBUG [EmployeeBankingHikariPool:connection-adder] com.zaxxer.hikari.pool.PoolBase - EmployeeBankingHikariPool - Established new connection (a0c8e38a-7397-42a3-8477-1909ac4e3f2f)
2026-08-06 16:36:36 DEBUG [EmployeeBankingHikariPool:connection-adder] com.zaxxer.hikari.pool.HikariPool - EmployeeBankingHikariPool - Added connection ConnectionID:30 ClientConnectionId: b7de0ebe-7acd-42a2-af5b-5e29b303595e
2026-08-06 16:36:40 DEBUG [EmployeeBankingHikariPool:housekeeper] com.zaxxer.hikari.pool.HikariPool - EmployeeBankingHikariPool - Before cleanup stats (total=5/10, idle=5/5, active=0, waiting=0)
2026-08-06 16:36:40 DEBUG [EmployeeBankingHikariPool:housekeeper] com.zaxxer.hikari.pool.HikariPool - EmployeeBankingHikariPool - After  cleanup stats (total=5/10, idle=5/5, active=0, waiting=0)
2026-08-06 16:36:40 DEBUG [EmployeeBankingHikariPool:housekeeper] com.zaxxer.hikari.pool.HikariPool - EmployeeBankingHikariPool - Fill pool skipped, pool has sufficient level or currently being filled.
2026-08-06 16:36:41 DEBUG [EmployeeBankingHikariPool:housekeeper] com.zaxxer.hikari.pool.HikariPool - EmployeeBankingHikariPool - keepalive: connection ConnectionID:28 ClientConnectionId: a413035d-1220-4be1-80a4-e6f968a7ce8b is alive
2026-08-06 16:37:01 DEBUG [EmployeeBankingHikariPool:housekeeper] com.zaxxer.hikari.pool.HikariPool - EmployeeBankingHikariPool - keepalive: connection ConnectionID:26 ClientConnectionId: cf883788-9161-4b1b-9e09-563d3390611b is alive
2026-08-06 16:37:04 DEBUG [EmployeeBankingHikariPool:housekeeper] com.zaxxer.hikari.pool.HikariPool - EmployeeBankingHikariPool - keepalive: connection ConnectionID:27 ClientConnectionId: 7f418496-9e05-4912-b8ed-9ac8a842f55a is alive
2026-08-06 16:37:06 DEBUG [EmployeeBankingHikariPool:housekeeper] com.zaxxer.hikari.pool.HikariPool - EmployeeBankingHikariPool - keepalive: connection ConnectionID:29 ClientConnectionId: 1749f910-3ae8-4b32-a7aa-6ae3e2e63c05 is alive
2026-08-06 16:37:10 DEBUG [EmployeeBankingHikariPool:housekeeper] com.zaxxer.hikari.pool.HikariPool - EmployeeBankingHikariPool - Before cleanup stats (total=5/10, idle=5/5, active=0, waiting=0)
2026-08-06 16:37:10 DEBUG [EmployeeBankingHikariPool:housekeeper] com.zaxxer.hikari.pool.HikariPool - EmployeeBankingHikariPool - After  cleanup stats (total=5/10, idle=5/5, active=0, waiting=0)
2026-08-06 16:37:10 DEBUG [EmployeeBankingHikariPool:housekeeper] com.zaxxer.hikari.pool.HikariPool - EmployeeBankingHikariPool - Fill pool skipped, pool has sufficient level or currently being filled.
2026-08-06 16:37:40 DEBUG [EmployeeBankingHikariPool:housekeeper] com.zaxxer.hikari.pool.HikariPool - EmployeeBankingHikariPool - Before cleanup stats (total=5/10, idle=5/5, active=0, waiting=0)
2026-08-06 16:37:40 DEBUG [EmployeeBankingHikariPool:housekeeper] com.zaxxer.hikari.pool.HikariPool - EmployeeBankingHikariPool - After  cleanup stats (total=5/10, idle=5/5, active=0, waiting=0)
2026-08-06 16:37:40 DEBUG [EmployeeBankingHikariPool:housekeeper] com.zaxxer.hikari.pool.HikariPool - EmployeeBankingHikariPool - Fill pool skipped, pool has sufficient level or currently being filled.
2026-08-06 16:38:10 DEBUG [EmployeeBankingHikariPool:housekeeper] com.zaxxer.hikari.pool.HikariPool - EmployeeBankingHikariPool - Before cleanup stats (total=5/10, idle=5/5, active=0, waiting=0)
2026-08-06 16:38:10 DEBUG [EmployeeBankingHikariPool:housekeeper] com.zaxxer.hikari.pool.HikariPool - EmployeeBankingHikariPool - After  cleanup stats (total=5/10, idle=5/5, active=0, waiting=0)
2026-08-06 16:38:10 DEBUG [EmployeeBankingHikariPool:housekeeper] com.zaxxer.hikari.pool.HikariPool - EmployeeBankingHikariPool - Fill pool skipped, pool has sufficient level or currently being filled.
2026-08-06 16:38:15 DEBUG [EmployeeBankingHikariPool:housekeeper] com.zaxxer.hikari.pool.HikariPool - EmployeeBankingHikariPool - keepalive: connection ConnectionID:30 ClientConnectionId: b7de0ebe-7acd-42a2-af5b-5e29b303595e is alive
2026-08-06 16:38:28 DEBUG [EmployeeBankingHikariPool:housekeeper] com.zaxxer.hikari.pool.HikariPool - EmployeeBankingHikariPool - keepalive: connection ConnectionID:28 ClientConnectionId: a413035d-1220-4be1-80a4-e6f968a7ce8b is alive
2026-08-06 16:38:40 DEBUG [EmployeeBankingHikariPool:housekeeper] com.zaxxer.hikari.pool.HikariPool - EmployeeBankingHikariPool - Before cleanup stats (total=5/10, idle=5/5, active=0, waiting=0)
2026-08-06 16:38:40 DEBUG [EmployeeBankingHikariPool:housekeeper] com.zaxxer.hikari.pool.HikariPool - EmployeeBankingHikariPool - After  cleanup stats (total=5/10, idle=5/5, active=0, waiting=0)
2026-08-06 16:38:40 DEBUG [EmployeeBankingHikariPool:housekeeper] com.zaxxer.hikari.pool.HikariPool - EmployeeBankingHikariPool - Fill pool skipped, pool has sufficient level or currently being filled.
2026-08-06 16:38:45 DEBUG [EmployeeBankingHikariPool:housekeeper] com.zaxxer.hikari.pool.HikariPool - EmployeeBankingHikariPool - keepalive: connection ConnectionID:27 ClientConnectionId: 7f418496-9e05-4912-b8ed-9ac8a842f55a is alive
2026-08-06 16:38:56 DEBUG [EmployeeBankingHikariPool:housekeeper] com.zaxxer.hikari.pool.HikariPool - EmployeeBankingHikariPool - keepalive: connection ConnectionID:26 ClientConnectionId: cf883788-9161-4b1b-9e09-563d3390611b is alive
2026-08-06 16:39:06 DEBUG [EmployeeBankingHikariPool:housekeeper] com.zaxxer.hikari.pool.HikariPool - EmployeeBankingHikariPool - keepalive: connection ConnectionID:29 ClientConnectionId: 1749f910-3ae8-4b32-a7aa-6ae3e2e63c05 is alive
2026-08-06 16:39:10 DEBUG [EmployeeBankingHikariPool:housekeeper] com.zaxxer.hikari.pool.HikariPool - EmployeeBankingHikariPool - Before cleanup stats (total=5/10, idle=5/5, active=0, waiting=0)
2026-08-06 16:39:10 DEBUG [EmployeeBankingHikariPool:housekeeper] com.zaxxer.hikari.pool.HikariPool - EmployeeBankingHikariPool - After  cleanup stats (total=5/10, idle=5/5, active=0, waiting=0)
2026-08-06 16:39:10 DEBUG [EmployeeBankingHikariPool:housekeeper] com.zaxxer.hikari.pool.HikariPool - EmployeeBankingHikariPool - Fill pool skipped, pool has sufficient level or currently being filled.
2026-08-06 16:39:40 DEBUG [EmployeeBankingHikariPool:housekeeper] com.zaxxer.hikari.pool.HikariPool - EmployeeBankingHikariPool - Before cleanup stats (total=5/10, idle=5/5, active=0, waiting=0)
2026-08-06 16:39:40 DEBUG [EmployeeBankingHikariPool:housekeeper] com.zaxxer.hikari.pool.HikariPool - EmployeeBankingHikariPool - After  cleanup stats (total=5/10, idle=5/5, active=0, waiting=0)
2026-08-06 16:39:40 DEBUG [EmployeeBankingHikariPool:housekeeper] com.zaxxer.hikari.pool.HikariPool - EmployeeBankingHikariPool - Fill pool skipped, pool has sufficient level or currently being filled.
2026-08-06 16:39:53 DEBUG [EmployeeBankingHikariPool:housekeeper] com.zaxxer.hikari.pool.HikariPool - EmployeeBankingHikariPool - keepalive: connection ConnectionID:30 ClientConnectionId: b7de0ebe-7acd-42a2-af5b-5e29b303595e is alive
2026-08-06 16:40:10 DEBUG [EmployeeBankingHikariPool:housekeeper] com.zaxxer.hikari.pool.HikariPool - EmployeeBankingHikariPool - Before cleanup stats (total=5/10, idle=5/5, active=0, waiting=0)
2026-08-06 16:40:10 DEBUG [EmployeeBankingHikariPool:housekeeper] com.zaxxer.hikari.pool.HikariPool - EmployeeBankingHikariPool - After  cleanup stats (total=5/10, idle=5/5, active=0, waiting=0)
2026-08-06 16:40:10 DEBUG [EmployeeBankingHikariPool:housekeeper] com.zaxxer.hikari.pool.HikariPool - EmployeeBankingHikariPool - Fill pool skipped, pool has sufficient level or currently being filled.
2026-08-06 16:40:16 DEBUG [EmployeeBankingHikariPool:housekeeper] com.zaxxer.hikari.pool.HikariPool - EmployeeBankingHikariPool - keepalive: connection ConnectionID:28 ClientConnectionId: a413035d-1220-4be1-80a4-e6f968a7ce8b is alive
2026-08-06 16:40:27 DEBUG [EmployeeBankingHikariPool:housekeeper] com.zaxxer.hikari.pool.HikariPool - EmployeeBankingHikariPool - keepalive: connection ConnectionID:27 ClientConnectionId: 7f418496-9e05-4912-b8ed-9ac8a842f55a is alive
2026-08-06 16:40:40 DEBUG [EmployeeBankingHikariPool:housekeeper] com.zaxxer.hikari.pool.HikariPool - EmployeeBankingHikariPool - Before cleanup stats (total=5/10, idle=5/5, active=0, waiting=0)
2026-08-06 16:40:40 DEBUG [EmployeeBankingHikariPool:housekeeper] com.zaxxer.hikari.pool.HikariPool - EmployeeBankingHikariPool - After  cleanup stats (total=5/10, idle=5/5, active=0, waiting=0)
2026-08-06 16:40:40 DEBUG [EmployeeBankingHikariPool:housekeeper] com.zaxxer.hikari.pool.HikariPool - EmployeeBankingHikariPool - Fill pool skipped, pool has sufficient level or currently being filled.
2026-08-06 16:40:51 DEBUG [EmployeeBankingHikariPool:housekeeper] com.zaxxer.hikari.pool.HikariPool - EmployeeBankingHikariPool - keepalive: connection ConnectionID:26 ClientConnectionId: cf883788-9161-4b1b-9e09-563d3390611b is alive
2026-08-06 16:41:06 DEBUG [EmployeeBankingHikariPool:housekeeper] com.zaxxer.hikari.pool.HikariPool - EmployeeBankingHikariPool - keepalive: connection ConnectionID:29 ClientConnectionId: 1749f910-3ae8-4b32-a7aa-6ae3e2e63c05 is alive
2026-08-06 16:41:10 DEBUG [EmployeeBankingHikariPool:housekeeper] com.zaxxer.hikari.pool.HikariPool - EmployeeBankingHikariPool - Before cleanup stats (total=5/10, idle=5/5, active=0, waiting=0)
2026-08-06 16:41:10 DEBUG [EmployeeBankingHikariPool:housekeeper] com.zaxxer.hikari.pool.HikariPool - EmployeeBankingHikariPool - After  cleanup stats (total=5/10, idle=5/5, active=0, waiting=0)
2026-08-06 16:41:10 DEBUG [EmployeeBankingHikariPool:housekeeper] com.zaxxer.hikari.pool.HikariPool - EmployeeBankingHikariPool - Fill pool skipped, pool has sufficient level or currently being filled.
2026-08-06 16:41:31 DEBUG [EmployeeBankingHikariPool:housekeeper] com.zaxxer.hikari.pool.HikariPool - EmployeeBankingHikariPool - keepalive: connection ConnectionID:30 ClientConnectionId: b7de0ebe-7acd-42a2-af5b-5e29b303595e is alive
2026-08-06 16:41:40 DEBUG [EmployeeBankingHikariPool:housekeeper] com.zaxxer.hikari.pool.HikariPool - EmployeeBankingHikariPool - Before cleanup stats (total=5/10, idle=5/5, active=0, waiting=0)
2026-08-06 16:41:40 DEBUG [EmployeeBankingHikariPool:housekeeper] com.zaxxer.hikari.pool.HikariPool - EmployeeBankingHikariPool - After  cleanup stats (total=5/10, idle=5/5, active=0, waiting=0)
2026-08-06 16:41:40 DEBUG [EmployeeBankingHikariPool:housekeeper] com.zaxxer.hikari.pool.HikariPool - EmployeeBankingHikariPool - Fill pool skipped, pool has sufficient level or currently being filled.
2026-08-06 16:42:03 DEBUG [EmployeeBankingHikariPool:housekeeper] com.zaxxer.hikari.pool.HikariPool - EmployeeBankingHikariPool - keepalive: connection ConnectionID:28 ClientConnectionId: a413035d-1220-4be1-80a4-e6f968a7ce8b is alive
2026-08-06 16:42:09 DEBUG [EmployeeBankingHikariPool:housekeeper] com.zaxxer.hikari.pool.HikariPool - EmployeeBankingHikariPool - keepalive: connection ConnectionID:27 ClientConnectionId: 7f418496-9e05-4912-b8ed-9ac8a842f55a is alive
2026-08-06 16:42:10 DEBUG [EmployeeBankingHikariPool:housekeeper] com.zaxxer.hikari.pool.HikariPool - EmployeeBankingHikariPool - Before cleanup stats (total=5/10, idle=5/5, active=0, waiting=0)
2026-08-06 16:42:10 DEBUG [EmployeeBankingHikariPool:housekeeper] com.zaxxer.hikari.pool.HikariPool - EmployeeBankingHikariPool - After  cleanup stats (total=5/10, idle=5/5, active=0, waiting=0)
2026-08-06 16:42:10 DEBUG [EmployeeBankingHikariPool:housekeeper] com.zaxxer.hikari.pool.HikariPool - EmployeeBankingHikariPool - Fill pool skipped, pool has sufficient level or currently being filled.
2026-08-06 16:42:40 DEBUG [EmployeeBankingHikariPool:housekeeper] com.zaxxer.hikari.pool.HikariPool - EmployeeBankingHikariPool - Before cleanup stats (total=5/10, idle=5/5, active=0, waiting=0)
2026-08-06 16:42:40 DEBUG [EmployeeBankingHikariPool:housekeeper] com.zaxxer.hikari.pool.HikariPool - EmployeeBankingHikariPool - After  cleanup stats (total=5/10, idle=5/5, active=0, waiting=0)
2026-08-06 16:42:40 DEBUG [EmployeeBankingHikariPool:housekeeper] com.zaxxer.hikari.pool.HikariPool - EmployeeBankingHikariPool - Fill pool skipped, pool has sufficient level or currently being filled.
2026-08-06 16:42:46 DEBUG [EmployeeBankingHikariPool:housekeeper] com.zaxxer.hikari.pool.HikariPool - EmployeeBankingHikariPool - keepalive: connection ConnectionID:26 ClientConnectionId: cf883788-9161-4b1b-9e09-563d3390611b is alive
2026-08-06 16:43:06 DEBUG [EmployeeBankingHikariPool:housekeeper] com.zaxxer.hikari.pool.HikariPool - EmployeeBankingHikariPool - keepalive: connection ConnectionID:29 ClientConnectionId: 1749f910-3ae8-4b32-a7aa-6ae3e2e63c05 is alive
2026-08-06 16:43:09 DEBUG [EmployeeBankingHikariPool:housekeeper] com.zaxxer.hikari.pool.HikariPool - EmployeeBankingHikariPool - keepalive: connection ConnectionID:30 ClientConnectionId: b7de0ebe-7acd-42a2-af5b-5e29b303595e is alive
2026-08-06 16:43:10 DEBUG [EmployeeBankingHikariPool:housekeeper] com.zaxxer.hikari.pool.HikariPool - EmployeeBankingHikariPool - Before cleanup stats (total=5/10, idle=5/5, active=0, waiting=0)
2026-08-06 16:43:10 DEBUG [EmployeeBankingHikariPool:housekeeper] com.zaxxer.hikari.pool.HikariPool - EmployeeBankingHikariPool - After  cleanup stats (total=5/10, idle=5/5, active=0, waiting=0)
2026-08-06 16:43:10 DEBUG [EmployeeBankingHikariPool:housekeeper] com.zaxxer.hikari.pool.HikariPool - EmployeeBankingHikariPool - Fill pool skipped, pool has sufficient level or currently being filled.
2026-08-06 16:43:40 DEBUG [EmployeeBankingHikariPool:housekeeper] com.zaxxer.hikari.pool.HikariPool - EmployeeBankingHikariPool - Before cleanup stats (total=5/10, idle=5/5, active=0, waiting=0)
2026-08-06 16:43:40 DEBUG [EmployeeBankingHikariPool:housekeeper] com.zaxxer.hikari.pool.HikariPool - EmployeeBankingHikariPool - After  cleanup stats (total=5/10, idle=5/5, active=0, waiting=0)
2026-08-06 16:43:40 DEBUG [EmployeeBankingHikariPool:housekeeper] com.zaxxer.hikari.pool.HikariPool - EmployeeBankingHikariPool - Fill pool skipped, pool has sufficient level or currently being filled.
2026-08-06 16:43:50 DEBUG [EmployeeBankingHikariPool:housekeeper] com.zaxxer.hikari.pool.HikariPool - EmployeeBankingHikariPool - keepalive: connection ConnectionID:27 ClientConnectionId: 7f418496-9e05-4912-b8ed-9ac8a842f55a is alive
2026-08-06 16:43:51 DEBUG [EmployeeBankingHikariPool:housekeeper] com.zaxxer.hikari.pool.HikariPool - EmployeeBankingHikariPool - keepalive: connection ConnectionID:28 ClientConnectionId: a413035d-1220-4be1-80a4-e6f968a7ce8b is alive
2026-08-06 16:44:10 DEBUG [EmployeeBankingHikariPool:housekeeper] com.zaxxer.hikari.pool.HikariPool - EmployeeBankingHikariPool - Before cleanup stats (total=5/10, idle=5/5, active=0, waiting=0)
2026-08-06 16:44:10 DEBUG [EmployeeBankingHikariPool:housekeeper] com.zaxxer.hikari.pool.HikariPool - EmployeeBankingHikariPool - After  cleanup stats (total=5/10, idle=5/5, active=0, waiting=0)
2026-08-06 16:44:10 DEBUG [EmployeeBankingHikariPool:housekeeper] com.zaxxer.hikari.pool.HikariPool - EmployeeBankingHikariPool - Fill pool skipped, pool has sufficient level or currently being filled.
2026-08-06 16:44:40 DEBUG [EmployeeBankingHikariPool:housekeeper] com.zaxxer.hikari.pool.HikariPool - EmployeeBankingHikariPool - Before cleanup stats (total=5/10, idle=5/5, active=0, waiting=0)
2026-08-06 16:44:40 DEBUG [EmployeeBankingHikariPool:housekeeper] com.zaxxer.hikari.pool.HikariPool - EmployeeBankingHikariPool - After  cleanup stats (total=5/10, idle=5/5, active=0, waiting=0)
2026-08-06 16:44:40 DEBUG [EmployeeBankingHikariPool:housekeeper] com.zaxxer.hikari.pool.HikariPool - EmployeeBankingHikariPool - Fill pool skipped, pool has sufficient level or currently being filled.
2026-08-06 16:44:41 DEBUG [EmployeeBankingHikariPool:housekeeper] com.zaxxer.hikari.pool.HikariPool - EmployeeBankingHikariPool - keepalive: connection ConnectionID:26 ClientConnectionId: cf883788-9161-4b1b-9e09-563d3390611b is alive
2026-08-06 16:44:47 DEBUG [EmployeeBankingHikariPool:housekeeper] com.zaxxer.hikari.pool.HikariPool - EmployeeBankingHikariPool - keepalive: connection ConnectionID:30 ClientConnectionId: b7de0ebe-7acd-42a2-af5b-5e29b303595e is alive
2026-08-06 16:45:06 DEBUG [EmployeeBankingHikariPool:housekeeper] com.zaxxer.hikari.pool.HikariPool - EmployeeBankingHikariPool - keepalive: connection ConnectionID:29 ClientConnectionId: 1749f910-3ae8-4b32-a7aa-6ae3e2e63c05 is alive
2026-08-06 16:45:10 DEBUG [EmployeeBankingHikariPool:housekeeper] com.zaxxer.hikari.pool.HikariPool - EmployeeBankingHikariPool - Before cleanup stats (total=5/10, idle=5/5, active=0, waiting=0)
2026-08-06 16:45:10 DEBUG [EmployeeBankingHikariPool:housekeeper] com.zaxxer.hikari.pool.HikariPool - EmployeeBankingHikariPool - After  cleanup stats (total=5/10, idle=5/5, active=0, waiting=0)
2026-08-06 16:45:10 DEBUG [EmployeeBankingHikariPool:housekeeper] com.zaxxer.hikari.pool.HikariPool - EmployeeBankingHikariPool - Fill pool skipped, pool has sufficient level or currently being filled.
2026-08-06 16:45:32 DEBUG [EmployeeBankingHikariPool:housekeeper] com.zaxxer.hikari.pool.HikariPool - EmployeeBankingHikariPool - keepalive: connection ConnectionID:27 ClientConnectionId: 7f418496-9e05-4912-b8ed-9ac8a842f55a is alive
2026-08-06 16:45:38 DEBUG [EmployeeBankingHikariPool:housekeeper] com.zaxxer.hikari.pool.HikariPool - EmployeeBankingHikariPool - keepalive: connection ConnectionID:28 ClientConnectionId: a413035d-1220-4be1-80a4-e6f968a7ce8b is alive
2026-08-06 16:45:40 DEBUG [EmployeeBankingHikariPool:housekeeper] com.zaxxer.hikari.pool.HikariPool - EmployeeBankingHikariPool - Before cleanup stats (total=5/10, idle=5/5, active=0, waiting=0)
2026-08-06 16:45:40 DEBUG [EmployeeBankingHikariPool:housekeeper] com.zaxxer.hikari.pool.HikariPool - EmployeeBankingHikariPool - After  cleanup stats (total=5/10, idle=5/5, active=0, waiting=0)
2026-08-06 16:45:40 DEBUG [EmployeeBankingHikariPool:housekeeper] com.zaxxer.hikari.pool.HikariPool - EmployeeBankingHikariPool - Fill pool skipped, pool has sufficient level or currently being filled.
2026-08-06 16:46:10 DEBUG [EmployeeBankingHikariPool:housekeeper] com.zaxxer.hikari.pool.HikariPool - EmployeeBankingHikariPool - Before cleanup stats (total=5/10, idle=5/5, active=0, waiting=0)
2026-08-06 16:46:10 DEBUG [EmployeeBankingHikariPool:housekeeper] com.zaxxer.hikari.pool.HikariPool - EmployeeBankingHikariPool - After  cleanup stats (total=5/10, idle=5/5, active=0, waiting=0)
2026-08-06 16:46:10 DEBUG [EmployeeBankingHikariPool:housekeeper] com.zaxxer.hikari.pool.HikariPool - EmployeeBankingHikariPool - Fill pool skipped, pool has sufficient level or currently being filled.
2026-08-06 16:46:25 DEBUG [EmployeeBankingHikariPool:housekeeper] com.zaxxer.hikari.pool.HikariPool - EmployeeBankingHikariPool - keepalive: connection ConnectionID:30 ClientConnectionId: b7de0ebe-7acd-42a2-af5b-5e29b303595e is alive
2026-08-06 16:46:36 DEBUG [EmployeeBankingHikariPool:housekeeper] com.zaxxer.hikari.pool.HikariPool - EmployeeBankingHikariPool - keepalive: connection ConnectionID:26 ClientConnectionId: cf883788-9161-4b1b-9e09-563d3390611b is alive
2026-08-06 16:46:40 DEBUG [EmployeeBankingHikariPool:housekeeper] com.zaxxer.hikari.pool.HikariPool - EmployeeBankingHikariPool - Before cleanup stats (total=5/10, idle=5/5, active=0, waiting=0)
2026-08-06 16:46:40 DEBUG [EmployeeBankingHikariPool:housekeeper] com.zaxxer.hikari.pool.HikariPool - EmployeeBankingHikariPool - After  cleanup stats (total=5/10, idle=5/5, active=0, waiting=0)
2026-08-06 16:46:40 DEBUG [EmployeeBankingHikariPool:housekeeper] com.zaxxer.hikari.pool.HikariPool - EmployeeBankingHikariPool - Fill pool skipped, pool has sufficient level or currently being filled.
2026-08-06 16:47:06 DEBUG [EmployeeBankingHikariPool:housekeeper] com.zaxxer.hikari.pool.HikariPool - EmployeeBankingHikariPool - keepalive: connection ConnectionID:29 ClientConnectionId: 1749f910-3ae8-4b32-a7aa-6ae3e2e63c05 is alive
2026-08-06 16:47:10 DEBUG [EmployeeBankingHikariPool:housekeeper] com.zaxxer.hikari.pool.HikariPool - EmployeeBankingHikariPool - Before cleanup stats (total=5/10, idle=5/5, active=0, waiting=0)
2026-08-06 16:47:10 DEBUG [EmployeeBankingHikariPool:housekeeper] com.zaxxer.hikari.pool.HikariPool - EmployeeBankingHikariPool - After  cleanup stats (total=5/10, idle=5/5, active=0, waiting=0)
2026-08-06 16:47:10 DEBUG [EmployeeBankingHikariPool:housekeeper] com.zaxxer.hikari.pool.HikariPool - EmployeeBankingHikariPool - Fill pool skipped, pool has sufficient level or currently being filled.
2026-08-06 16:47:13 DEBUG [EmployeeBankingHikariPool:housekeeper] com.zaxxer.hikari.pool.HikariPool - EmployeeBankingHikariPool - keepalive: connection ConnectionID:27 ClientConnectionId: 7f418496-9e05-4912-b8ed-9ac8a842f55a is alive
2026-08-06 16:47:26 DEBUG [EmployeeBankingHikariPool:housekeeper] com.zaxxer.hikari.pool.HikariPool - EmployeeBankingHikariPool - keepalive: connection ConnectionID:28 ClientConnectionId: a413035d-1220-4be1-80a4-e6f968a7ce8b is alive
2026-08-06 16:47:40 DEBUG [EmployeeBankingHikariPool:housekeeper] com.zaxxer.hikari.pool.HikariPool - EmployeeBankingHikariPool - Before cleanup stats (total=5/10, idle=5/5, active=0, waiting=0)
2026-08-06 16:47:40 DEBUG [EmployeeBankingHikariPool:housekeeper] com.zaxxer.hikari.pool.HikariPool - EmployeeBankingHikariPool - After  cleanup stats (total=5/10, idle=5/5, active=0, waiting=0)
2026-08-06 16:47:40 DEBUG [EmployeeBankingHikariPool:housekeeper] com.zaxxer.hikari.pool.HikariPool - EmployeeBankingHikariPool - Fill pool skipped, pool has sufficient level or currently being filled.
2026-08-06 16:48:04 DEBUG [EmployeeBankingHikariPool:housekeeper] com.zaxxer.hikari.pool.HikariPool - EmployeeBankingHikariPool - keepalive: connection ConnectionID:30 ClientConnectionId: b7de0ebe-7acd-42a2-af5b-5e29b303595e is alive
